core   0: 0x00001000 (0x00000297) auipc   x5, 0x0
core   0: 3 0x00001000 (0x00000297) x5  0x00001000
core   1: 0x00001000 (0x00000297) auipc   x5, 0x0
core   1: 3 0x00001000 (0x00000297) x5  0x00001000
core   2: 0x00001000 (0x00000297) auipc   x5, 0x0
core   2: 3 0x00001000 (0x00000297) x5  0x00001000
core   3: 0x00001000 (0x00000297) auipc   x5, 0x0
core   3: 3 0x00001000 (0x00000297) x5  0x00001000
core   4: 0x00001000 (0x00000297) auipc   x5, 0x0
core   4: 3 0x00001000 (0x00000297) x5  0x00001000
core   5: 0x00001000 (0x00000297) auipc   x5, 0x0
core   5: 3 0x00001000 (0x00000297) x5  0x00001000
core   6: 0x00001000 (0x00000297) auipc   x5, 0x0
core   6: 3 0x00001000 (0x00000297) x5  0x00001000
core   7: 0x00001000 (0x00000297) auipc   x5, 0x0
core   7: 3 0x00001000 (0x00000297) x5  0x00001000
core   8: 0x00001000 (0x00000297) auipc   x5, 0x0
core   8: 3 0x00001000 (0x00000297) x5  0x00001000
core   9: 0x00001000 (0x00000297) auipc   x5, 0x0
core   9: 3 0x00001000 (0x00000297) x5  0x00001000
core  10: 0x00001000 (0x00000297) auipc   x5, 0x0
core  10: 3 0x00001000 (0x00000297) x5  0x00001000
core  11: 0x00001000 (0x00000297) auipc   x5, 0x0
core  11: 3 0x00001000 (0x00000297) x5  0x00001000
core  12: 0x00001000 (0x00000297) auipc   x5, 0x0
core  12: 3 0x00001000 (0x00000297) x5  0x00001000
core  13: 0x00001000 (0x00000297) auipc   x5, 0x0
core  13: 3 0x00001000 (0x00000297) x5  0x00001000
core  14: 0x00001000 (0x00000297) auipc   x5, 0x0
core  14: 3 0x00001000 (0x00000297) x5  0x00001000
core  15: 0x00001000 (0x00000297) auipc   x5, 0x0
core  15: 3 0x00001000 (0x00000297) x5  0x00001000
core   0: 0x00001004 (0x02028593) addi    x11, x5, 32
core   0: 3 0x00001004 (0x02028593) x11 0x00001020
core   1: 0x00001004 (0x02028593) addi    x11, x5, 32
core   1: 3 0x00001004 (0x02028593) x11 0x00001020
core   2: 0x00001004 (0x02028593) addi    x11, x5, 32
core   2: 3 0x00001004 (0x02028593) x11 0x00001020
core   3: 0x00001004 (0x02028593) addi    x11, x5, 32
core   3: 3 0x00001004 (0x02028593) x11 0x00001020
core   4: 0x00001004 (0x02028593) addi    x11, x5, 32
core   4: 3 0x00001004 (0x02028593) x11 0x00001020
core   5: 0x00001004 (0x02028593) addi    x11, x5, 32
core   5: 3 0x00001004 (0x02028593) x11 0x00001020
core   6: 0x00001004 (0x02028593) addi    x11, x5, 32
core   6: 3 0x00001004 (0x02028593) x11 0x00001020
core   7: 0x00001004 (0x02028593) addi    x11, x5, 32
core   7: 3 0x00001004 (0x02028593) x11 0x00001020
core   8: 0x00001004 (0x02028593) addi    x11, x5, 32
core   8: 3 0x00001004 (0x02028593) x11 0x00001020
core   9: 0x00001004 (0x02028593) addi    x11, x5, 32
core   9: 3 0x00001004 (0x02028593) x11 0x00001020
core  10: 0x00001004 (0x02028593) addi    x11, x5, 32
core  10: 3 0x00001004 (0x02028593) x11 0x00001020
core  11: 0x00001004 (0x02028593) addi    x11, x5, 32
core  11: 3 0x00001004 (0x02028593) x11 0x00001020
core  12: 0x00001004 (0x02028593) addi    x11, x5, 32
core  12: 3 0x00001004 (0x02028593) x11 0x00001020
core  13: 0x00001004 (0x02028593) addi    x11, x5, 32
core  13: 3 0x00001004 (0x02028593) x11 0x00001020
core  14: 0x00001004 (0x02028593) addi    x11, x5, 32
core  14: 3 0x00001004 (0x02028593) x11 0x00001020
core  15: 0x00001004 (0x02028593) addi    x11, x5, 32
core  15: 3 0x00001004 (0x02028593) x11 0x00001020
core   0: 0x00001008 (0xf1402573) csrr    x10, mhartid
core   0: 3 0x00001008 (0xf1402573) x10 0x00000000
core   1: 0x00001008 (0xf1402573) csrr    x10, mhartid
core   1: 3 0x00001008 (0xf1402573) x10 0x00000001
core   2: 0x00001008 (0xf1402573) csrr    x10, mhartid
core   2: 3 0x00001008 (0xf1402573) x10 0x00000002
core   3: 0x00001008 (0xf1402573) csrr    x10, mhartid
core   3: 3 0x00001008 (0xf1402573) x10 0x00000003
core   4: 0x00001008 (0xf1402573) csrr    x10, mhartid
core   4: 3 0x00001008 (0xf1402573) x10 0x00000004
core   5: 0x00001008 (0xf1402573) csrr    x10, mhartid
core   5: 3 0x00001008 (0xf1402573) x10 0x00000005
core   6: 0x00001008 (0xf1402573) csrr    x10, mhartid
core   6: 3 0x00001008 (0xf1402573) x10 0x00000006
core   7: 0x00001008 (0xf1402573) csrr    x10, mhartid
core   7: 3 0x00001008 (0xf1402573) x10 0x00000007
core   8: 0x00001008 (0xf1402573) csrr    x10, mhartid
core   8: 3 0x00001008 (0xf1402573) x10 0x00000008
core   9: 0x00001008 (0xf1402573) csrr    x10, mhartid
core   9: 3 0x00001008 (0xf1402573) x10 0x00000009
core  10: 0x00001008 (0xf1402573) csrr    x10, mhartid
core  10: 3 0x00001008 (0xf1402573) x10 0x0000000a
core  11: 0x00001008 (0xf1402573) csrr    x10, mhartid
core  11: 3 0x00001008 (0xf1402573) x10 0x0000000b
core  12: 0x00001008 (0xf1402573) csrr    x10, mhartid
core  12: 3 0x00001008 (0xf1402573) x10 0x0000000c
core  13: 0x00001008 (0xf1402573) csrr    x10, mhartid
core  13: 3 0x00001008 (0xf1402573) x10 0x0000000d
core  14: 0x00001008 (0xf1402573) csrr    x10, mhartid
core  14: 3 0x00001008 (0xf1402573) x10 0x0000000e
core  15: 0x00001008 (0xf1402573) csrr    x10, mhartid
core  15: 3 0x00001008 (0xf1402573) x10 0x0000000f
core   0: 0x0000100c (0x0182a283) lw      x5, 24(x5)
core   0: 3 0x0000100c (0x0182a283) x5  0x80000000 mem 0x00001018
core   1: 0x0000100c (0x0182a283) lw      x5, 24(x5)
core   1: 3 0x0000100c (0x0182a283) x5  0x80000000 mem 0x00001018
core   2: 0x0000100c (0x0182a283) lw      x5, 24(x5)
core   2: 3 0x0000100c (0x0182a283) x5  0x80000000 mem 0x00001018
core   3: 0x0000100c (0x0182a283) lw      x5, 24(x5)
core   3: 3 0x0000100c (0x0182a283) x5  0x80000000 mem 0x00001018
core   4: 0x0000100c (0x0182a283) lw      x5, 24(x5)
core   4: 3 0x0000100c (0x0182a283) x5  0x80000000 mem 0x00001018
core   5: 0x0000100c (0x0182a283) lw      x5, 24(x5)
core   5: 3 0x0000100c (0x0182a283) x5  0x80000000 mem 0x00001018
core   6: 0x0000100c (0x0182a283) lw      x5, 24(x5)
core   6: 3 0x0000100c (0x0182a283) x5  0x80000000 mem 0x00001018
core   7: 0x0000100c (0x0182a283) lw      x5, 24(x5)
core   7: 3 0x0000100c (0x0182a283) x5  0x80000000 mem 0x00001018
core   8: 0x0000100c (0x0182a283) lw      x5, 24(x5)
core   8: 3 0x0000100c (0x0182a283) x5  0x80000000 mem 0x00001018
core   9: 0x0000100c (0x0182a283) lw      x5, 24(x5)
core   9: 3 0x0000100c (0x0182a283) x5  0x80000000 mem 0x00001018
core  10: 0x0000100c (0x0182a283) lw      x5, 24(x5)
core  10: 3 0x0000100c (0x0182a283) x5  0x80000000 mem 0x00001018
core  11: 0x0000100c (0x0182a283) lw      x5, 24(x5)
core  11: 3 0x0000100c (0x0182a283) x5  0x80000000 mem 0x00001018
core  12: 0x0000100c (0x0182a283) lw      x5, 24(x5)
core  12: 3 0x0000100c (0x0182a283) x5  0x80000000 mem 0x00001018
core  13: 0x0000100c (0x0182a283) lw      x5, 24(x5)
core  13: 3 0x0000100c (0x0182a283) x5  0x80000000 mem 0x00001018
core  14: 0x0000100c (0x0182a283) lw      x5, 24(x5)
core  14: 3 0x0000100c (0x0182a283) x5  0x80000000 mem 0x00001018
core  15: 0x0000100c (0x0182a283) lw      x5, 24(x5)
core  15: 3 0x0000100c (0x0182a283) x5  0x80000000 mem 0x00001018
core   0: 0x00001010 (0x00028067) jr      x5
core   0: 3 0x00001010 (0x00028067)
core   1: 0x00001010 (0x00028067) jr      x5
core   1: 3 0x00001010 (0x00028067)
core   2: 0x00001010 (0x00028067) jr      x5
core   2: 3 0x00001010 (0x00028067)
core   3: 0x00001010 (0x00028067) jr      x5
core   3: 3 0x00001010 (0x00028067)
core   4: 0x00001010 (0x00028067) jr      x5
core   4: 3 0x00001010 (0x00028067)
core   5: 0x00001010 (0x00028067) jr      x5
core   5: 3 0x00001010 (0x00028067)
core   6: 0x00001010 (0x00028067) jr      x5
core   6: 3 0x00001010 (0x00028067)
core   7: 0x00001010 (0x00028067) jr      x5
core   7: 3 0x00001010 (0x00028067)
core   8: 0x00001010 (0x00028067) jr      x5
core   8: 3 0x00001010 (0x00028067)
core   9: 0x00001010 (0x00028067) jr      x5
core   9: 3 0x00001010 (0x00028067)
core  10: 0x00001010 (0x00028067) jr      x5
core  10: 3 0x00001010 (0x00028067)
core  11: 0x00001010 (0x00028067) jr      x5
core  11: 3 0x00001010 (0x00028067)
core  12: 0x00001010 (0x00028067) jr      x5
core  12: 3 0x00001010 (0x00028067)
core  13: 0x00001010 (0x00028067) jr      x5
core  13: 3 0x00001010 (0x00028067)
core  14: 0x00001010 (0x00028067) jr      x5
core  14: 3 0x00001010 (0x00028067)
core  15: 0x00001010 (0x00028067) jr      x5
core  15: 3 0x00001010 (0x00028067)
core   0: 0x80000000 (0x00004197) auipc   x3, 0x4
core   0: 3 0x80000000 (0x00004197) x3  0x80004000
core   1: 0x80000000 (0x00004197) auipc   x3, 0x4
core   1: 3 0x80000000 (0x00004197) x3  0x80004000
core   2: 0x80000000 (0x00004197) auipc   x3, 0x4
core   2: 3 0x80000000 (0x00004197) x3  0x80004000
core   3: 0x80000000 (0x00004197) auipc   x3, 0x4
core   3: 3 0x80000000 (0x00004197) x3  0x80004000
core   4: 0x80000000 (0x00004197) auipc   x3, 0x4
core   4: 3 0x80000000 (0x00004197) x3  0x80004000
core   5: 0x80000000 (0x00004197) auipc   x3, 0x4
core   5: 3 0x80000000 (0x00004197) x3  0x80004000
core   6: 0x80000000 (0x00004197) auipc   x3, 0x4
core   6: 3 0x80000000 (0x00004197) x3  0x80004000
core   7: 0x80000000 (0x00004197) auipc   x3, 0x4
core   7: 3 0x80000000 (0x00004197) x3  0x80004000
core   8: 0x80000000 (0x00004197) auipc   x3, 0x4
core   8: 3 0x80000000 (0x00004197) x3  0x80004000
core   9: 0x80000000 (0x00004197) auipc   x3, 0x4
core   9: 3 0x80000000 (0x00004197) x3  0x80004000
core  10: 0x80000000 (0x00004197) auipc   x3, 0x4
core  10: 3 0x80000000 (0x00004197) x3  0x80004000
core  11: 0x80000000 (0x00004197) auipc   x3, 0x4
core  11: 3 0x80000000 (0x00004197) x3  0x80004000
core  12: 0x80000000 (0x00004197) auipc   x3, 0x4
core  12: 3 0x80000000 (0x00004197) x3  0x80004000
core  13: 0x80000000 (0x00004197) auipc   x3, 0x4
core  13: 3 0x80000000 (0x00004197) x3  0x80004000
core  14: 0x80000000 (0x00004197) auipc   x3, 0x4
core  14: 3 0x80000000 (0x00004197) x3  0x80004000
core  15: 0x80000000 (0x00004197) auipc   x3, 0x4
core  15: 3 0x80000000 (0x00004197) x3  0x80004000
core   0: 0x80000004 (0x80818193) addi    x3, x3, -2040
core   0: 3 0x80000004 (0x80818193) x3  0x80003808
core   1: 0x80000004 (0x80818193) addi    x3, x3, -2040
core   1: 3 0x80000004 (0x80818193) x3  0x80003808
core   2: 0x80000004 (0x80818193) addi    x3, x3, -2040
core   2: 3 0x80000004 (0x80818193) x3  0x80003808
core   3: 0x80000004 (0x80818193) addi    x3, x3, -2040
core   3: 3 0x80000004 (0x80818193) x3  0x80003808
core   4: 0x80000004 (0x80818193) addi    x3, x3, -2040
core   4: 3 0x80000004 (0x80818193) x3  0x80003808
core   5: 0x80000004 (0x80818193) addi    x3, x3, -2040
core   5: 3 0x80000004 (0x80818193) x3  0x80003808
core   6: 0x80000004 (0x80818193) addi    x3, x3, -2040
core   6: 3 0x80000004 (0x80818193) x3  0x80003808
core   7: 0x80000004 (0x80818193) addi    x3, x3, -2040
core   7: 3 0x80000004 (0x80818193) x3  0x80003808
core   8: 0x80000004 (0x80818193) addi    x3, x3, -2040
core   8: 3 0x80000004 (0x80818193) x3  0x80003808
core   9: 0x80000004 (0x80818193) addi    x3, x3, -2040
core   9: 3 0x80000004 (0x80818193) x3  0x80003808
core  10: 0x80000004 (0x80818193) addi    x3, x3, -2040
core  10: 3 0x80000004 (0x80818193) x3  0x80003808
core  11: 0x80000004 (0x80818193) addi    x3, x3, -2040
core  11: 3 0x80000004 (0x80818193) x3  0x80003808
core  12: 0x80000004 (0x80818193) addi    x3, x3, -2040
core  12: 3 0x80000004 (0x80818193) x3  0x80003808
core  13: 0x80000004 (0x80818193) addi    x3, x3, -2040
core  13: 3 0x80000004 (0x80818193) x3  0x80003808
core  14: 0x80000004 (0x80818193) addi    x3, x3, -2040
core  14: 3 0x80000004 (0x80818193) x3  0x80003808
core  15: 0x80000004 (0x80818193) addi    x3, x3, -2040
core  15: 3 0x80000004 (0x80818193) x3  0x80003808
core   0: 0x80000008 (0x02000e93) li      x29, 32
core   0: 3 0x80000008 (0x02000e93) x29 0x00000020
core   1: 0x80000008 (0x02000e93) li      x29, 32
core   1: 3 0x80000008 (0x02000e93) x29 0x00000020
core   2: 0x80000008 (0x02000e93) li      x29, 32
core   2: 3 0x80000008 (0x02000e93) x29 0x00000020
core   3: 0x80000008 (0x02000e93) li      x29, 32
core   3: 3 0x80000008 (0x02000e93) x29 0x00000020
core   4: 0x80000008 (0x02000e93) li      x29, 32
core   4: 3 0x80000008 (0x02000e93) x29 0x00000020
core   5: 0x80000008 (0x02000e93) li      x29, 32
core   5: 3 0x80000008 (0x02000e93) x29 0x00000020
core   6: 0x80000008 (0x02000e93) li      x29, 32
core   6: 3 0x80000008 (0x02000e93) x29 0x00000020
core   7: 0x80000008 (0x02000e93) li      x29, 32
core   7: 3 0x80000008 (0x02000e93) x29 0x00000020
core   8: 0x80000008 (0x02000e93) li      x29, 32
core   8: 3 0x80000008 (0x02000e93) x29 0x00000020
core   9: 0x80000008 (0x02000e93) li      x29, 32
core   9: 3 0x80000008 (0x02000e93) x29 0x00000020
core  10: 0x80000008 (0x02000e93) li      x29, 32
core  10: 3 0x80000008 (0x02000e93) x29 0x00000020
core  11: 0x80000008 (0x02000e93) li      x29, 32
core  11: 3 0x80000008 (0x02000e93) x29 0x00000020
core  12: 0x80000008 (0x02000e93) li      x29, 32
core  12: 3 0x80000008 (0x02000e93) x29 0x00000020
core  13: 0x80000008 (0x02000e93) li      x29, 32
core  13: 3 0x80000008 (0x02000e93) x29 0x00000020
core  14: 0x80000008 (0x02000e93) li      x29, 32
core  14: 3 0x80000008 (0x02000e93) x29 0x00000020
core  15: 0x80000008 (0x02000e93) li      x29, 32
core  15: 3 0x80000008 (0x02000e93) x29 0x00000020
core   0: 0x8000000c (0x0d0efed7) vsetvli x29, x29, e32, m1, ta, ma
core   0: 3 0x8000000c (0x0d0efed7) x29 0x00000004 c8_vstart 0x00000000 c3104_vl 0x00000004 c3105_vtype 0x000000d0 c768_mstatus 0x80000600
core   1: 0x8000000c (0x0d0efed7) vsetvli x29, x29, e32, m1, ta, ma
core   1: 3 0x8000000c (0x0d0efed7) x29 0x00000004 c8_vstart 0x00000000 c3104_vl 0x00000004 c3105_vtype 0x000000d0 c768_mstatus 0x80000600
core   2: 0x8000000c (0x0d0efed7) vsetvli x29, x29, e32, m1, ta, ma
core   2: 3 0x8000000c (0x0d0efed7) x29 0x00000004 c8_vstart 0x00000000 c3104_vl 0x00000004 c3105_vtype 0x000000d0 c768_mstatus 0x80000600
core   3: 0x8000000c (0x0d0efed7) vsetvli x29, x29, e32, m1, ta, ma
core   3: 3 0x8000000c (0x0d0efed7) x29 0x00000004 c8_vstart 0x00000000 c3104_vl 0x00000004 c3105_vtype 0x000000d0 c768_mstatus 0x80000600
core   4: 0x8000000c (0x0d0efed7) vsetvli x29, x29, e32, m1, ta, ma
core   4: 3 0x8000000c (0x0d0efed7) x29 0x00000004 c8_vstart 0x00000000 c3104_vl 0x00000004 c3105_vtype 0x000000d0 c768_mstatus 0x80000600
core   5: 0x8000000c (0x0d0efed7) vsetvli x29, x29, e32, m1, ta, ma
core   5: 3 0x8000000c (0x0d0efed7) x29 0x00000004 c8_vstart 0x00000000 c3104_vl 0x00000004 c3105_vtype 0x000000d0 c768_mstatus 0x80000600
core   6: 0x8000000c (0x0d0efed7) vsetvli x29, x29, e32, m1, ta, ma
core   6: 3 0x8000000c (0x0d0efed7) x29 0x00000004 c8_vstart 0x00000000 c3104_vl 0x00000004 c3105_vtype 0x000000d0 c768_mstatus 0x80000600
core   7: 0x8000000c (0x0d0efed7) vsetvli x29, x29, e32, m1, ta, ma
core   7: 3 0x8000000c (0x0d0efed7) x29 0x00000004 c8_vstart 0x00000000 c3104_vl 0x00000004 c3105_vtype 0x000000d0 c768_mstatus 0x80000600
core   8: 0x8000000c (0x0d0efed7) vsetvli x29, x29, e32, m1, ta, ma
core   8: 3 0x8000000c (0x0d0efed7) x29 0x00000004 c8_vstart 0x00000000 c3104_vl 0x00000004 c3105_vtype 0x000000d0 c768_mstatus 0x80000600
core   9: 0x8000000c (0x0d0efed7) vsetvli x29, x29, e32, m1, ta, ma
core   9: 3 0x8000000c (0x0d0efed7) x29 0x00000004 c8_vstart 0x00000000 c3104_vl 0x00000004 c3105_vtype 0x000000d0 c768_mstatus 0x80000600
core  10: 0x8000000c (0x0d0efed7) vsetvli x29, x29, e32, m1, ta, ma
core  10: 3 0x8000000c (0x0d0efed7) x29 0x00000004 c8_vstart 0x00000000 c3104_vl 0x00000004 c3105_vtype 0x000000d0 c768_mstatus 0x80000600
core  11: 0x8000000c (0x0d0efed7) vsetvli x29, x29, e32, m1, ta, ma
core  11: 3 0x8000000c (0x0d0efed7) x29 0x00000004 c8_vstart 0x00000000 c3104_vl 0x00000004 c3105_vtype 0x000000d0 c768_mstatus 0x80000600
core  12: 0x8000000c (0x0d0efed7) vsetvli x29, x29, e32, m1, ta, ma
core  12: 3 0x8000000c (0x0d0efed7) x29 0x00000004 c8_vstart 0x00000000 c3104_vl 0x00000004 c3105_vtype 0x000000d0 c768_mstatus 0x80000600
core  13: 0x8000000c (0x0d0efed7) vsetvli x29, x29, e32, m1, ta, ma
core  13: 3 0x8000000c (0x0d0efed7) x29 0x00000004 c8_vstart 0x00000000 c3104_vl 0x00000004 c3105_vtype 0x000000d0 c768_mstatus 0x80000600
core  14: 0x8000000c (0x0d0efed7) vsetvli x29, x29, e32, m1, ta, ma
core  14: 3 0x8000000c (0x0d0efed7) x29 0x00000004 c8_vstart 0x00000000 c3104_vl 0x00000004 c3105_vtype 0x000000d0 c768_mstatus 0x80000600
core  15: 0x8000000c (0x0d0efed7) vsetvli x29, x29, e32, m1, ta, ma
core  15: 3 0x8000000c (0x0d0efed7) x29 0x00000004 c8_vstart 0x00000000 c3104_vl 0x00000004 c3105_vtype 0x000000d0 c768_mstatus 0x80000600
core   0: 0x80000010 (0x00002eb7) lui     x29, 0x2
core   0: 3 0x80000010 (0x00002eb7) x29 0x00002000
core   1: 0x80000010 (0x00002eb7) lui     x29, 0x2
core   1: 3 0x80000010 (0x00002eb7) x29 0x00002000
core   2: 0x80000010 (0x00002eb7) lui     x29, 0x2
core   2: 3 0x80000010 (0x00002eb7) x29 0x00002000
core   3: 0x80000010 (0x00002eb7) lui     x29, 0x2
core   3: 3 0x80000010 (0x00002eb7) x29 0x00002000
core   4: 0x80000010 (0x00002eb7) lui     x29, 0x2
core   4: 3 0x80000010 (0x00002eb7) x29 0x00002000
core   5: 0x80000010 (0x00002eb7) lui     x29, 0x2
core   5: 3 0x80000010 (0x00002eb7) x29 0x00002000
core   6: 0x80000010 (0x00002eb7) lui     x29, 0x2
core   6: 3 0x80000010 (0x00002eb7) x29 0x00002000
core   7: 0x80000010 (0x00002eb7) lui     x29, 0x2
core   7: 3 0x80000010 (0x00002eb7) x29 0x00002000
core   8: 0x80000010 (0x00002eb7) lui     x29, 0x2
core   8: 3 0x80000010 (0x00002eb7) x29 0x00002000
core   9: 0x80000010 (0x00002eb7) lui     x29, 0x2
core   9: 3 0x80000010 (0x00002eb7) x29 0x00002000
core  10: 0x80000010 (0x00002eb7) lui     x29, 0x2
core  10: 3 0x80000010 (0x00002eb7) x29 0x00002000
core  11: 0x80000010 (0x00002eb7) lui     x29, 0x2
core  11: 3 0x80000010 (0x00002eb7) x29 0x00002000
core  12: 0x80000010 (0x00002eb7) lui     x29, 0x2
core  12: 3 0x80000010 (0x00002eb7) x29 0x00002000
core  13: 0x80000010 (0x00002eb7) lui     x29, 0x2
core  13: 3 0x80000010 (0x00002eb7) x29 0x00002000
core  14: 0x80000010 (0x00002eb7) lui     x29, 0x2
core  14: 3 0x80000010 (0x00002eb7) x29 0x00002000
core  15: 0x80000010 (0x00002eb7) lui     x29, 0x2
core  15: 3 0x80000010 (0x00002eb7) x29 0x00002000
core   0: 0x80000014 (0x300eaef3) csrrs   x29, mstatus, x29
core   0: 3 0x80000014 (0x300eaef3) x29 0x80000600 c768_mstatus 0x80006600
core   1: 0x80000014 (0x300eaef3) csrrs   x29, mstatus, x29
core   1: 3 0x80000014 (0x300eaef3) x29 0x80000600 c768_mstatus 0x80006600
core   2: 0x80000014 (0x300eaef3) csrrs   x29, mstatus, x29
core   2: 3 0x80000014 (0x300eaef3) x29 0x80000600 c768_mstatus 0x80006600
core   3: 0x80000014 (0x300eaef3) csrrs   x29, mstatus, x29
core   3: 3 0x80000014 (0x300eaef3) x29 0x80000600 c768_mstatus 0x80006600
core   4: 0x80000014 (0x300eaef3) csrrs   x29, mstatus, x29
core   4: 3 0x80000014 (0x300eaef3) x29 0x80000600 c768_mstatus 0x80006600
core   5: 0x80000014 (0x300eaef3) csrrs   x29, mstatus, x29
core   5: 3 0x80000014 (0x300eaef3) x29 0x80000600 c768_mstatus 0x80006600
core   6: 0x80000014 (0x300eaef3) csrrs   x29, mstatus, x29
core   6: 3 0x80000014 (0x300eaef3) x29 0x80000600 c768_mstatus 0x80006600
core   7: 0x80000014 (0x300eaef3) csrrs   x29, mstatus, x29
core   7: 3 0x80000014 (0x300eaef3) x29 0x80000600 c768_mstatus 0x80006600
core   8: 0x80000014 (0x300eaef3) csrrs   x29, mstatus, x29
core   8: 3 0x80000014 (0x300eaef3) x29 0x80000600 c768_mstatus 0x80006600
core   9: 0x80000014 (0x300eaef3) csrrs   x29, mstatus, x29
core   9: 3 0x80000014 (0x300eaef3) x29 0x80000600 c768_mstatus 0x80006600
core  10: 0x80000014 (0x300eaef3) csrrs   x29, mstatus, x29
core  10: 3 0x80000014 (0x300eaef3) x29 0x80000600 c768_mstatus 0x80006600
core  11: 0x80000014 (0x300eaef3) csrrs   x29, mstatus, x29
core  11: 3 0x80000014 (0x300eaef3) x29 0x80000600 c768_mstatus 0x80006600
core  12: 0x80000014 (0x300eaef3) csrrs   x29, mstatus, x29
core  12: 3 0x80000014 (0x300eaef3) x29 0x80000600 c768_mstatus 0x80006600
core  13: 0x80000014 (0x300eaef3) csrrs   x29, mstatus, x29
core  13: 3 0x80000014 (0x300eaef3) x29 0x80000600 c768_mstatus 0x80006600
core  14: 0x80000014 (0x300eaef3) csrrs   x29, mstatus, x29
core  14: 3 0x80000014 (0x300eaef3) x29 0x80000600 c768_mstatus 0x80006600
core  15: 0x80000014 (0x300eaef3) csrrs   x29, mstatus, x29
core  15: 3 0x80000014 (0x300eaef3) x29 0x80000600 c768_mstatus 0x80006600
core   0: 0x80000018 (0x00000e93) li      x29, 0
core   0: 3 0x80000018 (0x00000e93) x29 0x00000000
core   1: 0x80000018 (0x00000e93) li      x29, 0
core   1: 3 0x80000018 (0x00000e93) x29 0x00000000
core   2: 0x80000018 (0x00000e93) li      x29, 0
core   2: 3 0x80000018 (0x00000e93) x29 0x00000000
core   3: 0x80000018 (0x00000e93) li      x29, 0
core   3: 3 0x80000018 (0x00000e93) x29 0x00000000
core   4: 0x80000018 (0x00000e93) li      x29, 0
core   4: 3 0x80000018 (0x00000e93) x29 0x00000000
core   5: 0x80000018 (0x00000e93) li      x29, 0
core   5: 3 0x80000018 (0x00000e93) x29 0x00000000
core   6: 0x80000018 (0x00000e93) li      x29, 0
core   6: 3 0x80000018 (0x00000e93) x29 0x00000000
core   7: 0x80000018 (0x00000e93) li      x29, 0
core   7: 3 0x80000018 (0x00000e93) x29 0x00000000
core   8: 0x80000018 (0x00000e93) li      x29, 0
core   8: 3 0x80000018 (0x00000e93) x29 0x00000000
core   9: 0x80000018 (0x00000e93) li      x29, 0
core   9: 3 0x80000018 (0x00000e93) x29 0x00000000
core  10: 0x80000018 (0x00000e93) li      x29, 0
core  10: 3 0x80000018 (0x00000e93) x29 0x00000000
core  11: 0x80000018 (0x00000e93) li      x29, 0
core  11: 3 0x80000018 (0x00000e93) x29 0x00000000
core  12: 0x80000018 (0x00000e93) li      x29, 0
core  12: 3 0x80000018 (0x00000e93) x29 0x00000000
core  13: 0x80000018 (0x00000e93) li      x29, 0
core  13: 3 0x80000018 (0x00000e93) x29 0x00000000
core  14: 0x80000018 (0x00000e93) li      x29, 0
core  14: 3 0x80000018 (0x00000e93) x29 0x00000000
core  15: 0x80000018 (0x00000e93) li      x29, 0
core  15: 3 0x80000018 (0x00000e93) x29 0x00000000
core   0: 0x8000001c (0x80502373) csrr    x6, wid
core   0: 3 0x8000001c (0x80502373) x6  0x00000000
core   1: 0x8000001c (0x80502373) csrr    x6, wid
core   1: 3 0x8000001c (0x80502373) x6  0x00000001
core   2: 0x8000001c (0x80502373) csrr    x6, wid
core   2: 3 0x8000001c (0x80502373) x6  0x00000002
core   3: 0x8000001c (0x80502373) csrr    x6, wid
core   3: 3 0x8000001c (0x80502373) x6  0x00000003
core   4: 0x8000001c (0x80502373) csrr    x6, wid
core   4: 3 0x8000001c (0x80502373) x6  0x00000004
core   5: 0x8000001c (0x80502373) csrr    x6, wid
core   5: 3 0x8000001c (0x80502373) x6  0x00000005
core   6: 0x8000001c (0x80502373) csrr    x6, wid
core   6: 3 0x8000001c (0x80502373) x6  0x00000006
core   7: 0x8000001c (0x80502373) csrr    x6, wid
core   7: 3 0x8000001c (0x80502373) x6  0x00000007
core   8: 0x8000001c (0x80502373) csrr    x6, wid
core   8: 3 0x8000001c (0x80502373) x6  0x00000008
core   9: 0x8000001c (0x80502373) csrr    x6, wid
core   9: 3 0x8000001c (0x80502373) x6  0x00000009
core  10: 0x8000001c (0x80502373) csrr    x6, wid
core  10: 3 0x8000001c (0x80502373) x6  0x0000000a
core  11: 0x8000001c (0x80502373) csrr    x6, wid
core  11: 3 0x8000001c (0x80502373) x6  0x0000000b
core  12: 0x8000001c (0x80502373) csrr    x6, wid
core  12: 3 0x8000001c (0x80502373) x6  0x0000000c
core  13: 0x8000001c (0x80502373) csrr    x6, wid
core  13: 3 0x8000001c (0x80502373) x6  0x0000000d
core  14: 0x8000001c (0x80502373) csrr    x6, wid
core  14: 3 0x8000001c (0x80502373) x6  0x0000000e
core  15: 0x8000001c (0x80502373) csrr    x6, wid
core  15: 3 0x8000001c (0x80502373) x6  0x0000000f
core   0: 0x80000020 (0x806023f3) csrr    x7, lds
core   0: 3 0x80000020 (0x806023f3) x7  0x70000000
core   1: 0x80000020 (0x806023f3) csrr    x7, lds
core   1: 3 0x80000020 (0x806023f3) x7  0x70000000
core   2: 0x80000020 (0x806023f3) csrr    x7, lds
core   2: 3 0x80000020 (0x806023f3) x7  0x70000000
core   3: 0x80000020 (0x806023f3) csrr    x7, lds
core   3: 3 0x80000020 (0x806023f3) x7  0x70000000
core   4: 0x80000020 (0x806023f3) csrr    x7, lds
core   4: 3 0x80000020 (0x806023f3) x7  0x70000000
core   5: 0x80000020 (0x806023f3) csrr    x7, lds
core   5: 3 0x80000020 (0x806023f3) x7  0x70000000
core   6: 0x80000020 (0x806023f3) csrr    x7, lds
core   6: 3 0x80000020 (0x806023f3) x7  0x70000000
core   7: 0x80000020 (0x806023f3) csrr    x7, lds
core   7: 3 0x80000020 (0x806023f3) x7  0x70000000
core   8: 0x80000020 (0x806023f3) csrr    x7, lds
core   8: 3 0x80000020 (0x806023f3) x7  0x70000000
core   9: 0x80000020 (0x806023f3) csrr    x7, lds
core   9: 3 0x80000020 (0x806023f3) x7  0x70000000
core  10: 0x80000020 (0x806023f3) csrr    x7, lds
core  10: 3 0x80000020 (0x806023f3) x7  0x70000000
core  11: 0x80000020 (0x806023f3) csrr    x7, lds
core  11: 3 0x80000020 (0x806023f3) x7  0x70000000
core  12: 0x80000020 (0x806023f3) csrr    x7, lds
core  12: 3 0x80000020 (0x806023f3) x7  0x70000000
core  13: 0x80000020 (0x806023f3) csrr    x7, lds
core  13: 3 0x80000020 (0x806023f3) x7  0x70000000
core  14: 0x80000020 (0x806023f3) csrr    x7, lds
core  14: 3 0x80000020 (0x806023f3) x7  0x70000000
core  15: 0x80000020 (0x806023f3) csrr    x7, lds
core  15: 3 0x80000020 (0x806023f3) x7  0x70000000
core   0: 0x80000024 (0x40000e13) li      x28, 1024
core   0: 3 0x80000024 (0x40000e13) x28 0x00000400
core   1: 0x80000024 (0x40000e13) li      x28, 1024
core   1: 3 0x80000024 (0x40000e13) x28 0x00000400
core   2: 0x80000024 (0x40000e13) li      x28, 1024
core   2: 3 0x80000024 (0x40000e13) x28 0x00000400
core   3: 0x80000024 (0x40000e13) li      x28, 1024
core   3: 3 0x80000024 (0x40000e13) x28 0x00000400
core   4: 0x80000024 (0x40000e13) li      x28, 1024
core   4: 3 0x80000024 (0x40000e13) x28 0x00000400
core   5: 0x80000024 (0x40000e13) li      x28, 1024
core   5: 3 0x80000024 (0x40000e13) x28 0x00000400
core   6: 0x80000024 (0x40000e13) li      x28, 1024
core   6: 3 0x80000024 (0x40000e13) x28 0x00000400
core   7: 0x80000024 (0x40000e13) li      x28, 1024
core   7: 3 0x80000024 (0x40000e13) x28 0x00000400
core   8: 0x80000024 (0x40000e13) li      x28, 1024
core   8: 3 0x80000024 (0x40000e13) x28 0x00000400
core   9: 0x80000024 (0x40000e13) li      x28, 1024
core   9: 3 0x80000024 (0x40000e13) x28 0x00000400
core  10: 0x80000024 (0x40000e13) li      x28, 1024
core  10: 3 0x80000024 (0x40000e13) x28 0x00000400
core  11: 0x80000024 (0x40000e13) li      x28, 1024
core  11: 3 0x80000024 (0x40000e13) x28 0x00000400
core  12: 0x80000024 (0x40000e13) li      x28, 1024
core  12: 3 0x80000024 (0x40000e13) x28 0x00000400
core  13: 0x80000024 (0x40000e13) li      x28, 1024
core  13: 3 0x80000024 (0x40000e13) x28 0x00000400
core  14: 0x80000024 (0x40000e13) li      x28, 1024
core  14: 3 0x80000024 (0x40000e13) x28 0x00000400
core  15: 0x80000024 (0x40000e13) li      x28, 1024
core  15: 3 0x80000024 (0x40000e13) x28 0x00000400
core   0: 0x80000028 (0x03c30333) mul     x6, x6, x28
core   0: 3 0x80000028 (0x03c30333) x6  0x00000000
core   1: 0x80000028 (0x03c30333) mul     x6, x6, x28
core   1: 3 0x80000028 (0x03c30333) x6  0x00000400
core   2: 0x80000028 (0x03c30333) mul     x6, x6, x28
core   2: 3 0x80000028 (0x03c30333) x6  0x00000800
core   3: 0x80000028 (0x03c30333) mul     x6, x6, x28
core   3: 3 0x80000028 (0x03c30333) x6  0x00000c00
core   4: 0x80000028 (0x03c30333) mul     x6, x6, x28
core   4: 3 0x80000028 (0x03c30333) x6  0x00001000
core   5: 0x80000028 (0x03c30333) mul     x6, x6, x28
core   5: 3 0x80000028 (0x03c30333) x6  0x00001400
core   6: 0x80000028 (0x03c30333) mul     x6, x6, x28
core   6: 3 0x80000028 (0x03c30333) x6  0x00001800
core   7: 0x80000028 (0x03c30333) mul     x6, x6, x28
core   7: 3 0x80000028 (0x03c30333) x6  0x00001c00
core   8: 0x80000028 (0x03c30333) mul     x6, x6, x28
core   8: 3 0x80000028 (0x03c30333) x6  0x00002000
core   9: 0x80000028 (0x03c30333) mul     x6, x6, x28
core   9: 3 0x80000028 (0x03c30333) x6  0x00002400
core  10: 0x80000028 (0x03c30333) mul     x6, x6, x28
core  10: 3 0x80000028 (0x03c30333) x6  0x00002800
core  11: 0x80000028 (0x03c30333) mul     x6, x6, x28
core  11: 3 0x80000028 (0x03c30333) x6  0x00002c00
core  12: 0x80000028 (0x03c30333) mul     x6, x6, x28
core  12: 3 0x80000028 (0x03c30333) x6  0x00003000
core  13: 0x80000028 (0x03c30333) mul     x6, x6, x28
core  13: 3 0x80000028 (0x03c30333) x6  0x00003400
core  14: 0x80000028 (0x03c30333) mul     x6, x6, x28
core  14: 3 0x80000028 (0x03c30333) x6  0x00003800
core  15: 0x80000028 (0x03c30333) mul     x6, x6, x28
core  15: 3 0x80000028 (0x03c30333) x6  0x00003c00
core   0: 0x8000002c (0x00730133) add     x2, x6, x7
core   0: 3 0x8000002c (0x00730133) x2  0x70000000
core   1: 0x8000002c (0x00730133) add     x2, x6, x7
core   1: 3 0x8000002c (0x00730133) x2  0x70000400
core   2: 0x8000002c (0x00730133) add     x2, x6, x7
core   2: 3 0x8000002c (0x00730133) x2  0x70000800
core   3: 0x8000002c (0x00730133) add     x2, x6, x7
core   3: 3 0x8000002c (0x00730133) x2  0x70000c00
core   4: 0x8000002c (0x00730133) add     x2, x6, x7
core   4: 3 0x8000002c (0x00730133) x2  0x70001000
core   5: 0x8000002c (0x00730133) add     x2, x6, x7
core   5: 3 0x8000002c (0x00730133) x2  0x70001400
core   6: 0x8000002c (0x00730133) add     x2, x6, x7
core   6: 3 0x8000002c (0x00730133) x2  0x70001800
core   7: 0x8000002c (0x00730133) add     x2, x6, x7
core   7: 3 0x8000002c (0x00730133) x2  0x70001c00
core   8: 0x8000002c (0x00730133) add     x2, x6, x7
core   8: 3 0x8000002c (0x00730133) x2  0x70002000
core   9: 0x8000002c (0x00730133) add     x2, x6, x7
core   9: 3 0x8000002c (0x00730133) x2  0x70002400
core  10: 0x8000002c (0x00730133) add     x2, x6, x7
core  10: 3 0x8000002c (0x00730133) x2  0x70002800
core  11: 0x8000002c (0x00730133) add     x2, x6, x7
core  11: 3 0x8000002c (0x00730133) x2  0x70002c00
core  12: 0x8000002c (0x00730133) add     x2, x6, x7
core  12: 3 0x8000002c (0x00730133) x2  0x70003000
core  13: 0x8000002c (0x00730133) add     x2, x6, x7
core  13: 3 0x8000002c (0x00730133) x2  0x70003400
core  14: 0x8000002c (0x00730133) add     x2, x6, x7
core  14: 3 0x8000002c (0x00730133) x2  0x70003800
core  15: 0x8000002c (0x00730133) add     x2, x6, x7
core  15: 3 0x8000002c (0x00730133) x2  0x70003c00
core   0: 0x80000030 (0x00000213) li      x4, 0
core   0: 3 0x80000030 (0x00000213) x4  0x00000000
core   1: 0x80000030 (0x00000213) li      x4, 0
core   1: 3 0x80000030 (0x00000213) x4  0x00000000
core   2: 0x80000030 (0x00000213) li      x4, 0
core   2: 3 0x80000030 (0x00000213) x4  0x00000000
core   3: 0x80000030 (0x00000213) li      x4, 0
core   3: 3 0x80000030 (0x00000213) x4  0x00000000
core   4: 0x80000030 (0x00000213) li      x4, 0
core   4: 3 0x80000030 (0x00000213) x4  0x00000000
core   5: 0x80000030 (0x00000213) li      x4, 0
core   5: 3 0x80000030 (0x00000213) x4  0x00000000
core   6: 0x80000030 (0x00000213) li      x4, 0
core   6: 3 0x80000030 (0x00000213) x4  0x00000000
core   7: 0x80000030 (0x00000213) li      x4, 0
core   7: 3 0x80000030 (0x00000213) x4  0x00000000
core   8: 0x80000030 (0x00000213) li      x4, 0
core   8: 3 0x80000030 (0x00000213) x4  0x00000000
core   9: 0x80000030 (0x00000213) li      x4, 0
core   9: 3 0x80000030 (0x00000213) x4  0x00000000
core  10: 0x80000030 (0x00000213) li      x4, 0
core  10: 3 0x80000030 (0x00000213) x4  0x00000000
core  11: 0x80000030 (0x00000213) li      x4, 0
core  11: 3 0x80000030 (0x00000213) x4  0x00000000
core  12: 0x80000030 (0x00000213) li      x4, 0
core  12: 3 0x80000030 (0x00000213) x4  0x00000000
core  13: 0x80000030 (0x00000213) li      x4, 0
core  13: 3 0x80000030 (0x00000213) x4  0x00000000
core  14: 0x80000030 (0x00000213) li      x4, 0
core  14: 3 0x80000030 (0x00000213) x4  0x00000000
core  15: 0x80000030 (0x00000213) li      x4, 0
core  15: 3 0x80000030 (0x00000213) x4  0x00000000
core   0: 0x80000034 (0x80102f73) csrr    x30, numw
core   0: 3 0x80000034 (0x80102f73) x30 0x00000010
core   1: 0x80000034 (0x80102f73) csrr    x30, numw
core   1: 3 0x80000034 (0x80102f73) x30 0x00000010
core   2: 0x80000034 (0x80102f73) csrr    x30, numw
core   2: 3 0x80000034 (0x80102f73) x30 0x00000010
core   3: 0x80000034 (0x80102f73) csrr    x30, numw
core   3: 3 0x80000034 (0x80102f73) x30 0x00000010
core   4: 0x80000034 (0x80102f73) csrr    x30, numw
core   4: 3 0x80000034 (0x80102f73) x30 0x00000010
core   5: 0x80000034 (0x80102f73) csrr    x30, numw
core   5: 3 0x80000034 (0x80102f73) x30 0x00000010
core   6: 0x80000034 (0x80102f73) csrr    x30, numw
core   6: 3 0x80000034 (0x80102f73) x30 0x00000010
core   7: 0x80000034 (0x80102f73) csrr    x30, numw
core   7: 3 0x80000034 (0x80102f73) x30 0x00000010
core   8: 0x80000034 (0x80102f73) csrr    x30, numw
core   8: 3 0x80000034 (0x80102f73) x30 0x00000010
core   9: 0x80000034 (0x80102f73) csrr    x30, numw
core   9: 3 0x80000034 (0x80102f73) x30 0x00000010
core  10: 0x80000034 (0x80102f73) csrr    x30, numw
core  10: 3 0x80000034 (0x80102f73) x30 0x00000010
core  11: 0x80000034 (0x80102f73) csrr    x30, numw
core  11: 3 0x80000034 (0x80102f73) x30 0x00000010
core  12: 0x80000034 (0x80102f73) csrr    x30, numw
core  12: 3 0x80000034 (0x80102f73) x30 0x00000010
core  13: 0x80000034 (0x80102f73) csrr    x30, numw
core  13: 3 0x80000034 (0x80102f73) x30 0x00000010
core  14: 0x80000034 (0x80102f73) csrr    x30, numw
core  14: 3 0x80000034 (0x80102f73) x30 0x00000010
core  15: 0x80000034 (0x80102f73) csrr    x30, numw
core  15: 3 0x80000034 (0x80102f73) x30 0x00000010
core   0: 0x80000038 (0x40000e13) li      x28, 1024
core   0: 3 0x80000038 (0x40000e13) x28 0x00000400
core   1: 0x80000038 (0x40000e13) li      x28, 1024
core   1: 3 0x80000038 (0x40000e13) x28 0x00000400
core   2: 0x80000038 (0x40000e13) li      x28, 1024
core   2: 3 0x80000038 (0x40000e13) x28 0x00000400
core   3: 0x80000038 (0x40000e13) li      x28, 1024
core   3: 3 0x80000038 (0x40000e13) x28 0x00000400
core   4: 0x80000038 (0x40000e13) li      x28, 1024
core   4: 3 0x80000038 (0x40000e13) x28 0x00000400
core   5: 0x80000038 (0x40000e13) li      x28, 1024
core   5: 3 0x80000038 (0x40000e13) x28 0x00000400
core   6: 0x80000038 (0x40000e13) li      x28, 1024
core   6: 3 0x80000038 (0x40000e13) x28 0x00000400
core   7: 0x80000038 (0x40000e13) li      x28, 1024
core   7: 3 0x80000038 (0x40000e13) x28 0x00000400
core   8: 0x80000038 (0x40000e13) li      x28, 1024
core   8: 3 0x80000038 (0x40000e13) x28 0x00000400
core   9: 0x80000038 (0x40000e13) li      x28, 1024
core   9: 3 0x80000038 (0x40000e13) x28 0x00000400
core  10: 0x80000038 (0x40000e13) li      x28, 1024
core  10: 3 0x80000038 (0x40000e13) x28 0x00000400
core  11: 0x80000038 (0x40000e13) li      x28, 1024
core  11: 3 0x80000038 (0x40000e13) x28 0x00000400
core  12: 0x80000038 (0x40000e13) li      x28, 1024
core  12: 3 0x80000038 (0x40000e13) x28 0x00000400
core  13: 0x80000038 (0x40000e13) li      x28, 1024
core  13: 3 0x80000038 (0x40000e13) x28 0x00000400
core  14: 0x80000038 (0x40000e13) li      x28, 1024
core  14: 3 0x80000038 (0x40000e13) x28 0x00000400
core  15: 0x80000038 (0x40000e13) li      x28, 1024
core  15: 3 0x80000038 (0x40000e13) x28 0x00000400
core   0: 0x8000003c (0x03cf0f33) mul     x30, x30, x28
core   0: 3 0x8000003c (0x03cf0f33) x30 0x00004000
core   1: 0x8000003c (0x03cf0f33) mul     x30, x30, x28
core   1: 3 0x8000003c (0x03cf0f33) x30 0x00004000
core   2: 0x8000003c (0x03cf0f33) mul     x30, x30, x28
core   2: 3 0x8000003c (0x03cf0f33) x30 0x00004000
core   3: 0x8000003c (0x03cf0f33) mul     x30, x30, x28
core   3: 3 0x8000003c (0x03cf0f33) x30 0x00004000
core   4: 0x8000003c (0x03cf0f33) mul     x30, x30, x28
core   4: 3 0x8000003c (0x03cf0f33) x30 0x00004000
core   5: 0x8000003c (0x03cf0f33) mul     x30, x30, x28
core   5: 3 0x8000003c (0x03cf0f33) x30 0x00004000
core   6: 0x8000003c (0x03cf0f33) mul     x30, x30, x28
core   6: 3 0x8000003c (0x03cf0f33) x30 0x00004000
core   7: 0x8000003c (0x03cf0f33) mul     x30, x30, x28
core   7: 3 0x8000003c (0x03cf0f33) x30 0x00004000
core   8: 0x8000003c (0x03cf0f33) mul     x30, x30, x28
core   8: 3 0x8000003c (0x03cf0f33) x30 0x00004000
core   9: 0x8000003c (0x03cf0f33) mul     x30, x30, x28
core   9: 3 0x8000003c (0x03cf0f33) x30 0x00004000
core  10: 0x8000003c (0x03cf0f33) mul     x30, x30, x28
core  10: 3 0x8000003c (0x03cf0f33) x30 0x00004000
core  11: 0x8000003c (0x03cf0f33) mul     x30, x30, x28
core  11: 3 0x8000003c (0x03cf0f33) x30 0x00004000
core  12: 0x8000003c (0x03cf0f33) mul     x30, x30, x28
core  12: 3 0x8000003c (0x03cf0f33) x30 0x00004000
core  13: 0x8000003c (0x03cf0f33) mul     x30, x30, x28
core  13: 3 0x8000003c (0x03cf0f33) x30 0x00004000
core  14: 0x8000003c (0x03cf0f33) mul     x30, x30, x28
core  14: 3 0x8000003c (0x03cf0f33) x30 0x00004000
core  15: 0x8000003c (0x03cf0f33) mul     x30, x30, x28
core  15: 3 0x8000003c (0x03cf0f33) x30 0x00004000
core   0: 0x80000040 (0x01e38433) add     x8, x7, x30
core   0: 3 0x80000040 (0x01e38433) x8  0x70004000
core   1: 0x80000040 (0x01e38433) add     x8, x7, x30
core   1: 3 0x80000040 (0x01e38433) x8  0x70004000
core   2: 0x80000040 (0x01e38433) add     x8, x7, x30
core   2: 3 0x80000040 (0x01e38433) x8  0x70004000
core   3: 0x80000040 (0x01e38433) add     x8, x7, x30
core   3: 3 0x80000040 (0x01e38433) x8  0x70004000
core   4: 0x80000040 (0x01e38433) add     x8, x7, x30
core   4: 3 0x80000040 (0x01e38433) x8  0x70004000
core   5: 0x80000040 (0x01e38433) add     x8, x7, x30
core   5: 3 0x80000040 (0x01e38433) x8  0x70004000
core   6: 0x80000040 (0x01e38433) add     x8, x7, x30
core   6: 3 0x80000040 (0x01e38433) x8  0x70004000
core   7: 0x80000040 (0x01e38433) add     x8, x7, x30
core   7: 3 0x80000040 (0x01e38433) x8  0x70004000
core   8: 0x80000040 (0x01e38433) add     x8, x7, x30
core   8: 3 0x80000040 (0x01e38433) x8  0x70004000
core   9: 0x80000040 (0x01e38433) add     x8, x7, x30
core   9: 3 0x80000040 (0x01e38433) x8  0x70004000
core  10: 0x80000040 (0x01e38433) add     x8, x7, x30
core  10: 3 0x80000040 (0x01e38433) x8  0x70004000
core  11: 0x80000040 (0x01e38433) add     x8, x7, x30
core  11: 3 0x80000040 (0x01e38433) x8  0x70004000
core  12: 0x80000040 (0x01e38433) add     x8, x7, x30
core  12: 3 0x80000040 (0x01e38433) x8  0x70004000
core  13: 0x80000040 (0x01e38433) add     x8, x7, x30
core  13: 3 0x80000040 (0x01e38433) x8  0x70004000
core  14: 0x80000040 (0x01e38433) add     x8, x7, x30
core  14: 3 0x80000040 (0x01e38433) x8  0x70004000
core  15: 0x80000040 (0x01e38433) add     x8, x7, x30
core  15: 3 0x80000040 (0x01e38433) x8  0x70004000
core   0: 0x80000044 (0x00003517) auipc   x10, 0x3
core   0: 3 0x80000044 (0x00003517) x10 0x80003044
core   1: 0x80000044 (0x00003517) auipc   x10, 0x3
core   1: 3 0x80000044 (0x00003517) x10 0x80003044
core   2: 0x80000044 (0x00003517) auipc   x10, 0x3
core   2: 3 0x80000044 (0x00003517) x10 0x80003044
core   3: 0x80000044 (0x00003517) auipc   x10, 0x3
core   3: 3 0x80000044 (0x00003517) x10 0x80003044
core   4: 0x80000044 (0x00003517) auipc   x10, 0x3
core   4: 3 0x80000044 (0x00003517) x10 0x80003044
core   5: 0x80000044 (0x00003517) auipc   x10, 0x3
core   5: 3 0x80000044 (0x00003517) x10 0x80003044
core   6: 0x80000044 (0x00003517) auipc   x10, 0x3
core   6: 3 0x80000044 (0x00003517) x10 0x80003044
core   7: 0x80000044 (0x00003517) auipc   x10, 0x3
core   7: 3 0x80000044 (0x00003517) x10 0x80003044
core   8: 0x80000044 (0x00003517) auipc   x10, 0x3
core   8: 3 0x80000044 (0x00003517) x10 0x80003044
core   9: 0x80000044 (0x00003517) auipc   x10, 0x3
core   9: 3 0x80000044 (0x00003517) x10 0x80003044
core  10: 0x80000044 (0x00003517) auipc   x10, 0x3
core  10: 3 0x80000044 (0x00003517) x10 0x80003044
core  11: 0x80000044 (0x00003517) auipc   x10, 0x3
core  11: 3 0x80000044 (0x00003517) x10 0x80003044
core  12: 0x80000044 (0x00003517) auipc   x10, 0x3
core  12: 3 0x80000044 (0x00003517) x10 0x80003044
core  13: 0x80000044 (0x00003517) auipc   x10, 0x3
core  13: 3 0x80000044 (0x00003517) x10 0x80003044
core  14: 0x80000044 (0x00003517) auipc   x10, 0x3
core  14: 3 0x80000044 (0x00003517) x10 0x80003044
core  15: 0x80000044 (0x00003517) auipc   x10, 0x3
core  15: 3 0x80000044 (0x00003517) x10 0x80003044
core   0: 0x80000048 (0xfc450513) addi    x10, x10, -60
core   0: 3 0x80000048 (0xfc450513) x10 0x80003008
core   1: 0x80000048 (0xfc450513) addi    x10, x10, -60
core   1: 3 0x80000048 (0xfc450513) x10 0x80003008
core   2: 0x80000048 (0xfc450513) addi    x10, x10, -60
core   2: 3 0x80000048 (0xfc450513) x10 0x80003008
core   3: 0x80000048 (0xfc450513) addi    x10, x10, -60
core   3: 3 0x80000048 (0xfc450513) x10 0x80003008
core   4: 0x80000048 (0xfc450513) addi    x10, x10, -60
core   4: 3 0x80000048 (0xfc450513) x10 0x80003008
core   5: 0x80000048 (0xfc450513) addi    x10, x10, -60
core   5: 3 0x80000048 (0xfc450513) x10 0x80003008
core   6: 0x80000048 (0xfc450513) addi    x10, x10, -60
core   6: 3 0x80000048 (0xfc450513) x10 0x80003008
core   7: 0x80000048 (0xfc450513) addi    x10, x10, -60
core   7: 3 0x80000048 (0xfc450513) x10 0x80003008
core   8: 0x80000048 (0xfc450513) addi    x10, x10, -60
core   8: 3 0x80000048 (0xfc450513) x10 0x80003008
core   9: 0x80000048 (0xfc450513) addi    x10, x10, -60
core   9: 3 0x80000048 (0xfc450513) x10 0x80003008
core  10: 0x80000048 (0xfc450513) addi    x10, x10, -60
core  10: 3 0x80000048 (0xfc450513) x10 0x80003008
core  11: 0x80000048 (0xfc450513) addi    x10, x10, -60
core  11: 3 0x80000048 (0xfc450513) x10 0x80003008
core  12: 0x80000048 (0xfc450513) addi    x10, x10, -60
core  12: 3 0x80000048 (0xfc450513) x10 0x80003008
core  13: 0x80000048 (0xfc450513) addi    x10, x10, -60
core  13: 3 0x80000048 (0xfc450513) x10 0x80003008
core  14: 0x80000048 (0xfc450513) addi    x10, x10, -60
core  14: 3 0x80000048 (0xfc450513) x10 0x80003008
core  15: 0x80000048 (0xfc450513) addi    x10, x10, -60
core  15: 3 0x80000048 (0xfc450513) x10 0x80003008
core   0: 0x8000004c (0x00003617) auipc   x12, 0x3
core   0: 3 0x8000004c (0x00003617) x12 0x8000304c
core   1: 0x8000004c (0x00003617) auipc   x12, 0x3
core   1: 3 0x8000004c (0x00003617) x12 0x8000304c
core   2: 0x8000004c (0x00003617) auipc   x12, 0x3
core   2: 3 0x8000004c (0x00003617) x12 0x8000304c
core   3: 0x8000004c (0x00003617) auipc   x12, 0x3
core   3: 3 0x8000004c (0x00003617) x12 0x8000304c
core   4: 0x8000004c (0x00003617) auipc   x12, 0x3
core   4: 3 0x8000004c (0x00003617) x12 0x8000304c
core   5: 0x8000004c (0x00003617) auipc   x12, 0x3
core   5: 3 0x8000004c (0x00003617) x12 0x8000304c
core   6: 0x8000004c (0x00003617) auipc   x12, 0x3
core   6: 3 0x8000004c (0x00003617) x12 0x8000304c
core   7: 0x8000004c (0x00003617) auipc   x12, 0x3
core   7: 3 0x8000004c (0x00003617) x12 0x8000304c
core   8: 0x8000004c (0x00003617) auipc   x12, 0x3
core   8: 3 0x8000004c (0x00003617) x12 0x8000304c
core   9: 0x8000004c (0x00003617) auipc   x12, 0x3
core   9: 3 0x8000004c (0x00003617) x12 0x8000304c
core  10: 0x8000004c (0x00003617) auipc   x12, 0x3
core  10: 3 0x8000004c (0x00003617) x12 0x8000304c
core  11: 0x8000004c (0x00003617) auipc   x12, 0x3
core  11: 3 0x8000004c (0x00003617) x12 0x8000304c
core  12: 0x8000004c (0x00003617) auipc   x12, 0x3
core  12: 3 0x8000004c (0x00003617) x12 0x8000304c
core  13: 0x8000004c (0x00003617) auipc   x12, 0x3
core  13: 3 0x8000004c (0x00003617) x12 0x8000304c
core  14: 0x8000004c (0x00003617) auipc   x12, 0x3
core  14: 3 0x8000004c (0x00003617) x12 0x8000304c
core  15: 0x8000004c (0x00003617) auipc   x12, 0x3
core  15: 3 0x8000004c (0x00003617) x12 0x8000304c
core   0: 0x80000050 (0xfbc60613) addi    x12, x12, -68
core   0: 3 0x80000050 (0xfbc60613) x12 0x80003008
core   1: 0x80000050 (0xfbc60613) addi    x12, x12, -68
core   1: 3 0x80000050 (0xfbc60613) x12 0x80003008
core   2: 0x80000050 (0xfbc60613) addi    x12, x12, -68
core   2: 3 0x80000050 (0xfbc60613) x12 0x80003008
core   3: 0x80000050 (0xfbc60613) addi    x12, x12, -68
core   3: 3 0x80000050 (0xfbc60613) x12 0x80003008
core   4: 0x80000050 (0xfbc60613) addi    x12, x12, -68
core   4: 3 0x80000050 (0xfbc60613) x12 0x80003008
core   5: 0x80000050 (0xfbc60613) addi    x12, x12, -68
core   5: 3 0x80000050 (0xfbc60613) x12 0x80003008
core   6: 0x80000050 (0xfbc60613) addi    x12, x12, -68
core   6: 3 0x80000050 (0xfbc60613) x12 0x80003008
core   7: 0x80000050 (0xfbc60613) addi    x12, x12, -68
core   7: 3 0x80000050 (0xfbc60613) x12 0x80003008
core   8: 0x80000050 (0xfbc60613) addi    x12, x12, -68
core   8: 3 0x80000050 (0xfbc60613) x12 0x80003008
core   9: 0x80000050 (0xfbc60613) addi    x12, x12, -68
core   9: 3 0x80000050 (0xfbc60613) x12 0x80003008
core  10: 0x80000050 (0xfbc60613) addi    x12, x12, -68
core  10: 3 0x80000050 (0xfbc60613) x12 0x80003008
core  11: 0x80000050 (0xfbc60613) addi    x12, x12, -68
core  11: 3 0x80000050 (0xfbc60613) x12 0x80003008
core  12: 0x80000050 (0xfbc60613) addi    x12, x12, -68
core  12: 3 0x80000050 (0xfbc60613) x12 0x80003008
core  13: 0x80000050 (0xfbc60613) addi    x12, x12, -68
core  13: 3 0x80000050 (0xfbc60613) x12 0x80003008
core  14: 0x80000050 (0xfbc60613) addi    x12, x12, -68
core  14: 3 0x80000050 (0xfbc60613) x12 0x80003008
core  15: 0x80000050 (0xfbc60613) addi    x12, x12, -68
core  15: 3 0x80000050 (0xfbc60613) x12 0x80003008
core   0: 0x80000054 (0x00c50863) beq     x10, x12, pc + 16
core   0: 3 0x80000054 (0x00c50863)
core   1: 0x80000054 (0x00c50863) beq     x10, x12, pc + 16
core   1: 3 0x80000054 (0x00c50863)
core   2: 0x80000054 (0x00c50863) beq     x10, x12, pc + 16
core   2: 3 0x80000054 (0x00c50863)
core   3: 0x80000054 (0x00c50863) beq     x10, x12, pc + 16
core   3: 3 0x80000054 (0x00c50863)
core   4: 0x80000054 (0x00c50863) beq     x10, x12, pc + 16
core   4: 3 0x80000054 (0x00c50863)
core   5: 0x80000054 (0x00c50863) beq     x10, x12, pc + 16
core   5: 3 0x80000054 (0x00c50863)
core   6: 0x80000054 (0x00c50863) beq     x10, x12, pc + 16
core   6: 3 0x80000054 (0x00c50863)
core   7: 0x80000054 (0x00c50863) beq     x10, x12, pc + 16
core   7: 3 0x80000054 (0x00c50863)
core   8: 0x80000054 (0x00c50863) beq     x10, x12, pc + 16
core   8: 3 0x80000054 (0x00c50863)
core   9: 0x80000054 (0x00c50863) beq     x10, x12, pc + 16
core   9: 3 0x80000054 (0x00c50863)
core  10: 0x80000054 (0x00c50863) beq     x10, x12, pc + 16
core  10: 3 0x80000054 (0x00c50863)
core  11: 0x80000054 (0x00c50863) beq     x10, x12, pc + 16
core  11: 3 0x80000054 (0x00c50863)
core  12: 0x80000054 (0x00c50863) beq     x10, x12, pc + 16
core  12: 3 0x80000054 (0x00c50863)
core  13: 0x80000054 (0x00c50863) beq     x10, x12, pc + 16
core  13: 3 0x80000054 (0x00c50863)
core  14: 0x80000054 (0x00c50863) beq     x10, x12, pc + 16
core  14: 3 0x80000054 (0x00c50863)
core  15: 0x80000054 (0x00c50863) beq     x10, x12, pc + 16
core  15: 3 0x80000054 (0x00c50863)
core   0: 0x80000064 (0x803022f3) csrr    x5, knl
core   0: 3 0x80000064 (0x803022f3) x5  0x90043000
core   1: 0x80000064 (0x803022f3) csrr    x5, knl
core   1: 3 0x80000064 (0x803022f3) x5  0x90043000
core   2: 0x80000064 (0x803022f3) csrr    x5, knl
core   2: 3 0x80000064 (0x803022f3) x5  0x90043000
core   3: 0x80000064 (0x803022f3) csrr    x5, knl
core   3: 3 0x80000064 (0x803022f3) x5  0x90043000
core   4: 0x80000064 (0x803022f3) csrr    x5, knl
core   4: 3 0x80000064 (0x803022f3) x5  0x90043000
core   5: 0x80000064 (0x803022f3) csrr    x5, knl
core   5: 3 0x80000064 (0x803022f3) x5  0x90043000
core   6: 0x80000064 (0x803022f3) csrr    x5, knl
core   6: 3 0x80000064 (0x803022f3) x5  0x90043000
core   7: 0x80000064 (0x803022f3) csrr    x5, knl
core   7: 3 0x80000064 (0x803022f3) x5  0x90043000
core   8: 0x80000064 (0x803022f3) csrr    x5, knl
core   8: 3 0x80000064 (0x803022f3) x5  0x90043000
core   9: 0x80000064 (0x803022f3) csrr    x5, knl
core   9: 3 0x80000064 (0x803022f3) x5  0x90043000
core  10: 0x80000064 (0x803022f3) csrr    x5, knl
core  10: 3 0x80000064 (0x803022f3) x5  0x90043000
core  11: 0x80000064 (0x803022f3) csrr    x5, knl
core  11: 3 0x80000064 (0x803022f3) x5  0x90043000
core  12: 0x80000064 (0x803022f3) csrr    x5, knl
core  12: 3 0x80000064 (0x803022f3) x5  0x90043000
core  13: 0x80000064 (0x803022f3) csrr    x5, knl
core  13: 3 0x80000064 (0x803022f3) x5  0x90043000
core  14: 0x80000064 (0x803022f3) csrr    x5, knl
core  14: 3 0x80000064 (0x803022f3) x5  0x90043000
core  15: 0x80000064 (0x803022f3) csrr    x5, knl
core  15: 3 0x80000064 (0x803022f3) x5  0x90043000
core   0: 0x80000068 (0x0002a303) lw      x6, 0(x5)
core   0: 3 0x80000068 (0x0002a303) x6  0x800000b8 mem 0x90043000
core   1: 0x80000068 (0x0002a303) lw      x6, 0(x5)
core   1: 3 0x80000068 (0x0002a303) x6  0x800000b8 mem 0x90043000
core   2: 0x80000068 (0x0002a303) lw      x6, 0(x5)
core   2: 3 0x80000068 (0x0002a303) x6  0x800000b8 mem 0x90043000
core   3: 0x80000068 (0x0002a303) lw      x6, 0(x5)
core   3: 3 0x80000068 (0x0002a303) x6  0x800000b8 mem 0x90043000
core   4: 0x80000068 (0x0002a303) lw      x6, 0(x5)
core   4: 3 0x80000068 (0x0002a303) x6  0x800000b8 mem 0x90043000
core   5: 0x80000068 (0x0002a303) lw      x6, 0(x5)
core   5: 3 0x80000068 (0x0002a303) x6  0x800000b8 mem 0x90043000
core   6: 0x80000068 (0x0002a303) lw      x6, 0(x5)
core   6: 3 0x80000068 (0x0002a303) x6  0x800000b8 mem 0x90043000
core   7: 0x80000068 (0x0002a303) lw      x6, 0(x5)
core   7: 3 0x80000068 (0x0002a303) x6  0x800000b8 mem 0x90043000
core   8: 0x80000068 (0x0002a303) lw      x6, 0(x5)
core   8: 3 0x80000068 (0x0002a303) x6  0x800000b8 mem 0x90043000
core   9: 0x80000068 (0x0002a303) lw      x6, 0(x5)
core   9: 3 0x80000068 (0x0002a303) x6  0x800000b8 mem 0x90043000
core  10: 0x80000068 (0x0002a303) lw      x6, 0(x5)
core  10: 3 0x80000068 (0x0002a303) x6  0x800000b8 mem 0x90043000
core  11: 0x80000068 (0x0002a303) lw      x6, 0(x5)
core  11: 3 0x80000068 (0x0002a303) x6  0x800000b8 mem 0x90043000
core  12: 0x80000068 (0x0002a303) lw      x6, 0(x5)
core  12: 3 0x80000068 (0x0002a303) x6  0x800000b8 mem 0x90043000
core  13: 0x80000068 (0x0002a303) lw      x6, 0(x5)
core  13: 3 0x80000068 (0x0002a303) x6  0x800000b8 mem 0x90043000
core  14: 0x80000068 (0x0002a303) lw      x6, 0(x5)
core  14: 3 0x80000068 (0x0002a303) x6  0x800000b8 mem 0x90043000
core  15: 0x80000068 (0x0002a303) lw      x6, 0(x5)
core  15: 3 0x80000068 (0x0002a303) x6  0x800000b8 mem 0x90043000
core   0: 0x8000006c (0x0042a503) lw      x10, 4(x5)
core   0: 3 0x8000006c (0x0042a503) x10 0x90002000 mem 0x90043004
core   1: 0x8000006c (0x0042a503) lw      x10, 4(x5)
core   1: 3 0x8000006c (0x0042a503) x10 0x90002000 mem 0x90043004
core   2: 0x8000006c (0x0042a503) lw      x10, 4(x5)
core   2: 3 0x8000006c (0x0042a503) x10 0x90002000 mem 0x90043004
core   3: 0x8000006c (0x0042a503) lw      x10, 4(x5)
core   3: 3 0x8000006c (0x0042a503) x10 0x90002000 mem 0x90043004
core   4: 0x8000006c (0x0042a503) lw      x10, 4(x5)
core   4: 3 0x8000006c (0x0042a503) x10 0x90002000 mem 0x90043004
core   5: 0x8000006c (0x0042a503) lw      x10, 4(x5)
core   5: 3 0x8000006c (0x0042a503) x10 0x90002000 mem 0x90043004
core   6: 0x8000006c (0x0042a503) lw      x10, 4(x5)
core   6: 3 0x8000006c (0x0042a503) x10 0x90002000 mem 0x90043004
core   7: 0x8000006c (0x0042a503) lw      x10, 4(x5)
core   7: 3 0x8000006c (0x0042a503) x10 0x90002000 mem 0x90043004
core   8: 0x8000006c (0x0042a503) lw      x10, 4(x5)
core   8: 3 0x8000006c (0x0042a503) x10 0x90002000 mem 0x90043004
core   9: 0x8000006c (0x0042a503) lw      x10, 4(x5)
core   9: 3 0x8000006c (0x0042a503) x10 0x90002000 mem 0x90043004
core  10: 0x8000006c (0x0042a503) lw      x10, 4(x5)
core  10: 3 0x8000006c (0x0042a503) x10 0x90002000 mem 0x90043004
core  11: 0x8000006c (0x0042a503) lw      x10, 4(x5)
core  11: 3 0x8000006c (0x0042a503) x10 0x90002000 mem 0x90043004
core  12: 0x8000006c (0x0042a503) lw      x10, 4(x5)
core  12: 3 0x8000006c (0x0042a503) x10 0x90002000 mem 0x90043004
core  13: 0x8000006c (0x0042a503) lw      x10, 4(x5)
core  13: 3 0x8000006c (0x0042a503) x10 0x90002000 mem 0x90043004
core  14: 0x8000006c (0x0042a503) lw      x10, 4(x5)
core  14: 3 0x8000006c (0x0042a503) x10 0x90002000 mem 0x90043004
core  15: 0x8000006c (0x0042a503) lw      x10, 4(x5)
core  15: 3 0x8000006c (0x0042a503) x10 0x90002000 mem 0x90043004
core   0: 0x80000070 (0x0302a383) lw      x7, 48(x5)
core   0: 3 0x80000070 (0x0302a383) x7  0x00000000 mem 0x90043030
core   1: 0x80000070 (0x0302a383) lw      x7, 48(x5)
core   1: 3 0x80000070 (0x0302a383) x7  0x00000000 mem 0x90043030
core   2: 0x80000070 (0x0302a383) lw      x7, 48(x5)
core   2: 3 0x80000070 (0x0302a383) x7  0x00000000 mem 0x90043030
core   3: 0x80000070 (0x0302a383) lw      x7, 48(x5)
core   3: 3 0x80000070 (0x0302a383) x7  0x00000000 mem 0x90043030
core   4: 0x80000070 (0x0302a383) lw      x7, 48(x5)
core   4: 3 0x80000070 (0x0302a383) x7  0x00000000 mem 0x90043030
core   5: 0x80000070 (0x0302a383) lw      x7, 48(x5)
core   5: 3 0x80000070 (0x0302a383) x7  0x00000000 mem 0x90043030
core   6: 0x80000070 (0x0302a383) lw      x7, 48(x5)
core   6: 3 0x80000070 (0x0302a383) x7  0x00000000 mem 0x90043030
core   7: 0x80000070 (0x0302a383) lw      x7, 48(x5)
core   7: 3 0x80000070 (0x0302a383) x7  0x00000000 mem 0x90043030
core   8: 0x80000070 (0x0302a383) lw      x7, 48(x5)
core   8: 3 0x80000070 (0x0302a383) x7  0x00000000 mem 0x90043030
core   9: 0x80000070 (0x0302a383) lw      x7, 48(x5)
core   9: 3 0x80000070 (0x0302a383) x7  0x00000000 mem 0x90043030
core  10: 0x80000070 (0x0302a383) lw      x7, 48(x5)
core  10: 3 0x80000070 (0x0302a383) x7  0x00000000 mem 0x90043030
core  11: 0x80000070 (0x0302a383) lw      x7, 48(x5)
core  11: 3 0x80000070 (0x0302a383) x7  0x00000000 mem 0x90043030
core  12: 0x80000070 (0x0302a383) lw      x7, 48(x5)
core  12: 3 0x80000070 (0x0302a383) x7  0x00000000 mem 0x90043030
core  13: 0x80000070 (0x0302a383) lw      x7, 48(x5)
core  13: 3 0x80000070 (0x0302a383) x7  0x00000000 mem 0x90043030
core  14: 0x80000070 (0x0302a383) lw      x7, 48(x5)
core  14: 3 0x80000070 (0x0302a383) x7  0x00000000 mem 0x90043030
core  15: 0x80000070 (0x0302a383) lw      x7, 48(x5)
core  15: 3 0x80000070 (0x0302a383) x7  0x00000000 mem 0x90043030
core   0: 0x80000074 (0x0342ae03) lw      x28, 52(x5)
core   0: 3 0x80000074 (0x0342ae03) x28 0x00000000 mem 0x90043034
core   1: 0x80000074 (0x0342ae03) lw      x28, 52(x5)
core   1: 3 0x80000074 (0x0342ae03) x28 0x00000000 mem 0x90043034
core   2: 0x80000074 (0x0342ae03) lw      x28, 52(x5)
core   2: 3 0x80000074 (0x0342ae03) x28 0x00000000 mem 0x90043034
core   3: 0x80000074 (0x0342ae03) lw      x28, 52(x5)
core   3: 3 0x80000074 (0x0342ae03) x28 0x00000000 mem 0x90043034
core   4: 0x80000074 (0x0342ae03) lw      x28, 52(x5)
core   4: 3 0x80000074 (0x0342ae03) x28 0x00000000 mem 0x90043034
core   5: 0x80000074 (0x0342ae03) lw      x28, 52(x5)
core   5: 3 0x80000074 (0x0342ae03) x28 0x00000000 mem 0x90043034
core   6: 0x80000074 (0x0342ae03) lw      x28, 52(x5)
core   6: 3 0x80000074 (0x0342ae03) x28 0x00000000 mem 0x90043034
core   7: 0x80000074 (0x0342ae03) lw      x28, 52(x5)
core   7: 3 0x80000074 (0x0342ae03) x28 0x00000000 mem 0x90043034
core   8: 0x80000074 (0x0342ae03) lw      x28, 52(x5)
core   8: 3 0x80000074 (0x0342ae03) x28 0x00000000 mem 0x90043034
core   9: 0x80000074 (0x0342ae03) lw      x28, 52(x5)
core   9: 3 0x80000074 (0x0342ae03) x28 0x00000000 mem 0x90043034
core  10: 0x80000074 (0x0342ae03) lw      x28, 52(x5)
core  10: 3 0x80000074 (0x0342ae03) x28 0x00000000 mem 0x90043034
core  11: 0x80000074 (0x0342ae03) lw      x28, 52(x5)
core  11: 3 0x80000074 (0x0342ae03) x28 0x00000000 mem 0x90043034
core  12: 0x80000074 (0x0342ae03) lw      x28, 52(x5)
core  12: 3 0x80000074 (0x0342ae03) x28 0x00000000 mem 0x90043034
core  13: 0x80000074 (0x0342ae03) lw      x28, 52(x5)
core  13: 3 0x80000074 (0x0342ae03) x28 0x00000000 mem 0x90043034
core  14: 0x80000074 (0x0342ae03) lw      x28, 52(x5)
core  14: 3 0x80000074 (0x0342ae03) x28 0x00000000 mem 0x90043034
core  15: 0x80000074 (0x0342ae03) lw      x28, 52(x5)
core  15: 3 0x80000074 (0x0342ae03) x28 0x00000000 mem 0x90043034
core   0: 0x80000078 (0x00003e97) auipc   x29, 0x3
core   0: 3 0x80000078 (0x00003e97) x29 0x80003078
core   1: 0x80000078 (0x00003e97) auipc   x29, 0x3
core   1: 3 0x80000078 (0x00003e97) x29 0x80003078
core   2: 0x80000078 (0x00003e97) auipc   x29, 0x3
core   2: 3 0x80000078 (0x00003e97) x29 0x80003078
core   3: 0x80000078 (0x00003e97) auipc   x29, 0x3
core   3: 3 0x80000078 (0x00003e97) x29 0x80003078
core   4: 0x80000078 (0x00003e97) auipc   x29, 0x3
core   4: 3 0x80000078 (0x00003e97) x29 0x80003078
core   5: 0x80000078 (0x00003e97) auipc   x29, 0x3
core   5: 3 0x80000078 (0x00003e97) x29 0x80003078
core   6: 0x80000078 (0x00003e97) auipc   x29, 0x3
core   6: 3 0x80000078 (0x00003e97) x29 0x80003078
core   7: 0x80000078 (0x00003e97) auipc   x29, 0x3
core   7: 3 0x80000078 (0x00003e97) x29 0x80003078
core   8: 0x80000078 (0x00003e97) auipc   x29, 0x3
core   8: 3 0x80000078 (0x00003e97) x29 0x80003078
core   9: 0x80000078 (0x00003e97) auipc   x29, 0x3
core   9: 3 0x80000078 (0x00003e97) x29 0x80003078
core  10: 0x80000078 (0x00003e97) auipc   x29, 0x3
core  10: 3 0x80000078 (0x00003e97) x29 0x80003078
core  11: 0x80000078 (0x00003e97) auipc   x29, 0x3
core  11: 3 0x80000078 (0x00003e97) x29 0x80003078
core  12: 0x80000078 (0x00003e97) auipc   x29, 0x3
core  12: 3 0x80000078 (0x00003e97) x29 0x80003078
core  13: 0x80000078 (0x00003e97) auipc   x29, 0x3
core  13: 3 0x80000078 (0x00003e97) x29 0x80003078
core  14: 0x80000078 (0x00003e97) auipc   x29, 0x3
core  14: 3 0x80000078 (0x00003e97) x29 0x80003078
core  15: 0x80000078 (0x00003e97) auipc   x29, 0x3
core  15: 3 0x80000078 (0x00003e97) x29 0x80003078
core   0: 0x8000007c (0xf88e8e93) addi    x29, x29, -120
core   0: 3 0x8000007c (0xf88e8e93) x29 0x80003000
core   1: 0x8000007c (0xf88e8e93) addi    x29, x29, -120
core   1: 3 0x8000007c (0xf88e8e93) x29 0x80003000
core   2: 0x8000007c (0xf88e8e93) addi    x29, x29, -120
core   2: 3 0x8000007c (0xf88e8e93) x29 0x80003000
core   3: 0x8000007c (0xf88e8e93) addi    x29, x29, -120
core   3: 3 0x8000007c (0xf88e8e93) x29 0x80003000
core   4: 0x8000007c (0xf88e8e93) addi    x29, x29, -120
core   4: 3 0x8000007c (0xf88e8e93) x29 0x80003000
core   5: 0x8000007c (0xf88e8e93) addi    x29, x29, -120
core   5: 3 0x8000007c (0xf88e8e93) x29 0x80003000
core   6: 0x8000007c (0xf88e8e93) addi    x29, x29, -120
core   6: 3 0x8000007c (0xf88e8e93) x29 0x80003000
core   7: 0x8000007c (0xf88e8e93) addi    x29, x29, -120
core   7: 3 0x8000007c (0xf88e8e93) x29 0x80003000
core   8: 0x8000007c (0xf88e8e93) addi    x29, x29, -120
core   8: 3 0x8000007c (0xf88e8e93) x29 0x80003000
core   9: 0x8000007c (0xf88e8e93) addi    x29, x29, -120
core   9: 3 0x8000007c (0xf88e8e93) x29 0x80003000
core  10: 0x8000007c (0xf88e8e93) addi    x29, x29, -120
core  10: 3 0x8000007c (0xf88e8e93) x29 0x80003000
core  11: 0x8000007c (0xf88e8e93) addi    x29, x29, -120
core  11: 3 0x8000007c (0xf88e8e93) x29 0x80003000
core  12: 0x8000007c (0xf88e8e93) addi    x29, x29, -120
core  12: 3 0x8000007c (0xf88e8e93) x29 0x80003000
core  13: 0x8000007c (0xf88e8e93) addi    x29, x29, -120
core  13: 3 0x8000007c (0xf88e8e93) x29 0x80003000
core  14: 0x8000007c (0xf88e8e93) addi    x29, x29, -120
core  14: 3 0x8000007c (0xf88e8e93) x29 0x80003000
core  15: 0x8000007c (0xf88e8e93) addi    x29, x29, -120
core  15: 3 0x8000007c (0xf88e8e93) x29 0x80003000
core   0: 0x80000080 (0x00003f17) auipc   x30, 0x3
core   0: 3 0x80000080 (0x00003f17) x30 0x80003080
core   1: 0x80000080 (0x00003f17) auipc   x30, 0x3
core   1: 3 0x80000080 (0x00003f17) x30 0x80003080
core   2: 0x80000080 (0x00003f17) auipc   x30, 0x3
core   2: 3 0x80000080 (0x00003f17) x30 0x80003080
core   3: 0x80000080 (0x00003f17) auipc   x30, 0x3
core   3: 3 0x80000080 (0x00003f17) x30 0x80003080
core   4: 0x80000080 (0x00003f17) auipc   x30, 0x3
core   4: 3 0x80000080 (0x00003f17) x30 0x80003080
core   5: 0x80000080 (0x00003f17) auipc   x30, 0x3
core   5: 3 0x80000080 (0x00003f17) x30 0x80003080
core   6: 0x80000080 (0x00003f17) auipc   x30, 0x3
core   6: 3 0x80000080 (0x00003f17) x30 0x80003080
core   7: 0x80000080 (0x00003f17) auipc   x30, 0x3
core   7: 3 0x80000080 (0x00003f17) x30 0x80003080
core   8: 0x80000080 (0x00003f17) auipc   x30, 0x3
core   8: 3 0x80000080 (0x00003f17) x30 0x80003080
core   9: 0x80000080 (0x00003f17) auipc   x30, 0x3
core   9: 3 0x80000080 (0x00003f17) x30 0x80003080
core  10: 0x80000080 (0x00003f17) auipc   x30, 0x3
core  10: 3 0x80000080 (0x00003f17) x30 0x80003080
core  11: 0x80000080 (0x00003f17) auipc   x30, 0x3
core  11: 3 0x80000080 (0x00003f17) x30 0x80003080
core  12: 0x80000080 (0x00003f17) auipc   x30, 0x3
core  12: 3 0x80000080 (0x00003f17) x30 0x80003080
core  13: 0x80000080 (0x00003f17) auipc   x30, 0x3
core  13: 3 0x80000080 (0x00003f17) x30 0x80003080
core  14: 0x80000080 (0x00003f17) auipc   x30, 0x3
core  14: 3 0x80000080 (0x00003f17) x30 0x80003080
core  15: 0x80000080 (0x00003f17) auipc   x30, 0x3
core  15: 3 0x80000080 (0x00003f17) x30 0x80003080
core   0: 0x80000084 (0xf84f0f13) addi    x30, x30, -124
core   0: 3 0x80000084 (0xf84f0f13) x30 0x80003004
core   1: 0x80000084 (0xf84f0f13) addi    x30, x30, -124
core   1: 3 0x80000084 (0xf84f0f13) x30 0x80003004
core   2: 0x80000084 (0xf84f0f13) addi    x30, x30, -124
core   2: 3 0x80000084 (0xf84f0f13) x30 0x80003004
core   3: 0x80000084 (0xf84f0f13) addi    x30, x30, -124
core   3: 3 0x80000084 (0xf84f0f13) x30 0x80003004
core   4: 0x80000084 (0xf84f0f13) addi    x30, x30, -124
core   4: 3 0x80000084 (0xf84f0f13) x30 0x80003004
core   5: 0x80000084 (0xf84f0f13) addi    x30, x30, -124
core   5: 3 0x80000084 (0xf84f0f13) x30 0x80003004
core   6: 0x80000084 (0xf84f0f13) addi    x30, x30, -124
core   6: 3 0x80000084 (0xf84f0f13) x30 0x80003004
core   7: 0x80000084 (0xf84f0f13) addi    x30, x30, -124
core   7: 3 0x80000084 (0xf84f0f13) x30 0x80003004
core   8: 0x80000084 (0xf84f0f13) addi    x30, x30, -124
core   8: 3 0x80000084 (0xf84f0f13) x30 0x80003004
core   9: 0x80000084 (0xf84f0f13) addi    x30, x30, -124
core   9: 3 0x80000084 (0xf84f0f13) x30 0x80003004
core  10: 0x80000084 (0xf84f0f13) addi    x30, x30, -124
core  10: 3 0x80000084 (0xf84f0f13) x30 0x80003004
core  11: 0x80000084 (0xf84f0f13) addi    x30, x30, -124
core  11: 3 0x80000084 (0xf84f0f13) x30 0x80003004
core  12: 0x80000084 (0xf84f0f13) addi    x30, x30, -124
core  12: 3 0x80000084 (0xf84f0f13) x30 0x80003004
core  13: 0x80000084 (0xf84f0f13) addi    x30, x30, -124
core  13: 3 0x80000084 (0xf84f0f13) x30 0x80003004
core  14: 0x80000084 (0xf84f0f13) addi    x30, x30, -124
core  14: 3 0x80000084 (0xf84f0f13) x30 0x80003004
core  15: 0x80000084 (0xf84f0f13) addi    x30, x30, -124
core  15: 3 0x80000084 (0xf84f0f13) x30 0x80003004
core   0: 0x80000088 (0x007ea023) sw      x7, 0(x29)
core   0: 3 0x80000088 (0x007ea023) mem 0x80003000 0x00000000
core   1: 0x80000088 (0x007ea023) sw      x7, 0(x29)
core   1: 3 0x80000088 (0x007ea023) mem 0x80003000 0x00000000
core   2: 0x80000088 (0x007ea023) sw      x7, 0(x29)
core   2: 3 0x80000088 (0x007ea023) mem 0x80003000 0x00000000
core   3: 0x80000088 (0x007ea023) sw      x7, 0(x29)
core   3: 3 0x80000088 (0x007ea023) mem 0x80003000 0x00000000
core   4: 0x80000088 (0x007ea023) sw      x7, 0(x29)
core   4: 3 0x80000088 (0x007ea023) mem 0x80003000 0x00000000
core   5: 0x80000088 (0x007ea023) sw      x7, 0(x29)
core   5: 3 0x80000088 (0x007ea023) mem 0x80003000 0x00000000
core   6: 0x80000088 (0x007ea023) sw      x7, 0(x29)
core   6: 3 0x80000088 (0x007ea023) mem 0x80003000 0x00000000
core   7: 0x80000088 (0x007ea023) sw      x7, 0(x29)
core   7: 3 0x80000088 (0x007ea023) mem 0x80003000 0x00000000
core   8: 0x80000088 (0x007ea023) sw      x7, 0(x29)
core   8: 3 0x80000088 (0x007ea023) mem 0x80003000 0x00000000
core   9: 0x80000088 (0x007ea023) sw      x7, 0(x29)
core   9: 3 0x80000088 (0x007ea023) mem 0x80003000 0x00000000
core  10: 0x80000088 (0x007ea023) sw      x7, 0(x29)
core  10: 3 0x80000088 (0x007ea023) mem 0x80003000 0x00000000
core  11: 0x80000088 (0x007ea023) sw      x7, 0(x29)
core  11: 3 0x80000088 (0x007ea023) mem 0x80003000 0x00000000
core  12: 0x80000088 (0x007ea023) sw      x7, 0(x29)
core  12: 3 0x80000088 (0x007ea023) mem 0x80003000 0x00000000
core  13: 0x80000088 (0x007ea023) sw      x7, 0(x29)
core  13: 3 0x80000088 (0x007ea023) mem 0x80003000 0x00000000
core  14: 0x80000088 (0x007ea023) sw      x7, 0(x29)
core  14: 3 0x80000088 (0x007ea023) mem 0x80003000 0x00000000
core  15: 0x80000088 (0x007ea023) sw      x7, 0(x29)
core  15: 3 0x80000088 (0x007ea023) mem 0x80003000 0x00000000
core   0: 0x8000008c (0x01cf2023) sw      x28, 0(x30)
core   0: 3 0x8000008c (0x01cf2023) mem 0x80003004 0x00000000
core   1: 0x8000008c (0x01cf2023) sw      x28, 0(x30)
core   1: 3 0x8000008c (0x01cf2023) mem 0x80003004 0x00000000
core   2: 0x8000008c (0x01cf2023) sw      x28, 0(x30)
core   2: 3 0x8000008c (0x01cf2023) mem 0x80003004 0x00000000
core   3: 0x8000008c (0x01cf2023) sw      x28, 0(x30)
core   3: 3 0x8000008c (0x01cf2023) mem 0x80003004 0x00000000
core   4: 0x8000008c (0x01cf2023) sw      x28, 0(x30)
core   4: 3 0x8000008c (0x01cf2023) mem 0x80003004 0x00000000
core   5: 0x8000008c (0x01cf2023) sw      x28, 0(x30)
core   5: 3 0x8000008c (0x01cf2023) mem 0x80003004 0x00000000
core   6: 0x8000008c (0x01cf2023) sw      x28, 0(x30)
core   6: 3 0x8000008c (0x01cf2023) mem 0x80003004 0x00000000
core   7: 0x8000008c (0x01cf2023) sw      x28, 0(x30)
core   7: 3 0x8000008c (0x01cf2023) mem 0x80003004 0x00000000
core   8: 0x8000008c (0x01cf2023) sw      x28, 0(x30)
core   8: 3 0x8000008c (0x01cf2023) mem 0x80003004 0x00000000
core   9: 0x8000008c (0x01cf2023) sw      x28, 0(x30)
core   9: 3 0x8000008c (0x01cf2023) mem 0x80003004 0x00000000
core  10: 0x8000008c (0x01cf2023) sw      x28, 0(x30)
core  10: 3 0x8000008c (0x01cf2023) mem 0x80003004 0x00000000
core  11: 0x8000008c (0x01cf2023) sw      x28, 0(x30)
core  11: 3 0x8000008c (0x01cf2023) mem 0x80003004 0x00000000
core  12: 0x8000008c (0x01cf2023) sw      x28, 0(x30)
core  12: 3 0x8000008c (0x01cf2023) mem 0x80003004 0x00000000
core  13: 0x8000008c (0x01cf2023) sw      x28, 0(x30)
core  13: 3 0x8000008c (0x01cf2023) mem 0x80003004 0x00000000
core  14: 0x8000008c (0x01cf2023) sw      x28, 0(x30)
core  14: 3 0x8000008c (0x01cf2023) mem 0x80003004 0x00000000
core  15: 0x8000008c (0x01cf2023) sw      x28, 0(x30)
core  15: 3 0x8000008c (0x01cf2023) mem 0x80003004 0x00000000
core   0: 0x80000090 (0x00000f97) auipc   x31, 0x0
core   0: 3 0x80000090 (0x00000f97) x31 0x80000090
core   1: 0x80000090 (0x00000f97) auipc   x31, 0x0
core   1: 3 0x80000090 (0x00000f97) x31 0x80000090
core   2: 0x80000090 (0x00000f97) auipc   x31, 0x0
core   2: 3 0x80000090 (0x00000f97) x31 0x80000090
core   3: 0x80000090 (0x00000f97) auipc   x31, 0x0
core   3: 3 0x80000090 (0x00000f97) x31 0x80000090
core   4: 0x80000090 (0x00000f97) auipc   x31, 0x0
core   4: 3 0x80000090 (0x00000f97) x31 0x80000090
core   5: 0x80000090 (0x00000f97) auipc   x31, 0x0
core   5: 3 0x80000090 (0x00000f97) x31 0x80000090
core   6: 0x80000090 (0x00000f97) auipc   x31, 0x0
core   6: 3 0x80000090 (0x00000f97) x31 0x80000090
core   7: 0x80000090 (0x00000f97) auipc   x31, 0x0
core   7: 3 0x80000090 (0x00000f97) x31 0x80000090
core   8: 0x80000090 (0x00000f97) auipc   x31, 0x0
core   8: 3 0x80000090 (0x00000f97) x31 0x80000090
core   9: 0x80000090 (0x00000f97) auipc   x31, 0x0
core   9: 3 0x80000090 (0x00000f97) x31 0x80000090
core  10: 0x80000090 (0x00000f97) auipc   x31, 0x0
core  10: 3 0x80000090 (0x00000f97) x31 0x80000090
core  11: 0x80000090 (0x00000f97) auipc   x31, 0x0
core  11: 3 0x80000090 (0x00000f97) x31 0x80000090
core  12: 0x80000090 (0x00000f97) auipc   x31, 0x0
core  12: 3 0x80000090 (0x00000f97) x31 0x80000090
core  13: 0x80000090 (0x00000f97) auipc   x31, 0x0
core  13: 3 0x80000090 (0x00000f97) x31 0x80000090
core  14: 0x80000090 (0x00000f97) auipc   x31, 0x0
core  14: 3 0x80000090 (0x00000f97) x31 0x80000090
core  15: 0x80000090 (0x00000f97) auipc   x31, 0x0
core  15: 3 0x80000090 (0x00000f97) x31 0x80000090
core   0: 0x80000094 (0x018f8f93) addi    x31, x31, 24
core   0: 3 0x80000094 (0x018f8f93) x31 0x800000a8
core   1: 0x80000094 (0x018f8f93) addi    x31, x31, 24
core   1: 3 0x80000094 (0x018f8f93) x31 0x800000a8
core   2: 0x80000094 (0x018f8f93) addi    x31, x31, 24
core   2: 3 0x80000094 (0x018f8f93) x31 0x800000a8
core   3: 0x80000094 (0x018f8f93) addi    x31, x31, 24
core   3: 3 0x80000094 (0x018f8f93) x31 0x800000a8
core   4: 0x80000094 (0x018f8f93) addi    x31, x31, 24
core   4: 3 0x80000094 (0x018f8f93) x31 0x800000a8
core   5: 0x80000094 (0x018f8f93) addi    x31, x31, 24
core   5: 3 0x80000094 (0x018f8f93) x31 0x800000a8
core   6: 0x80000094 (0x018f8f93) addi    x31, x31, 24
core   6: 3 0x80000094 (0x018f8f93) x31 0x800000a8
core   7: 0x80000094 (0x018f8f93) addi    x31, x31, 24
core   7: 3 0x80000094 (0x018f8f93) x31 0x800000a8
core   8: 0x80000094 (0x018f8f93) addi    x31, x31, 24
core   8: 3 0x80000094 (0x018f8f93) x31 0x800000a8
core   9: 0x80000094 (0x018f8f93) addi    x31, x31, 24
core   9: 3 0x80000094 (0x018f8f93) x31 0x800000a8
core  10: 0x80000094 (0x018f8f93) addi    x31, x31, 24
core  10: 3 0x80000094 (0x018f8f93) x31 0x800000a8
core  11: 0x80000094 (0x018f8f93) addi    x31, x31, 24
core  11: 3 0x80000094 (0x018f8f93) x31 0x800000a8
core  12: 0x80000094 (0x018f8f93) addi    x31, x31, 24
core  12: 3 0x80000094 (0x018f8f93) x31 0x800000a8
core  13: 0x80000094 (0x018f8f93) addi    x31, x31, 24
core  13: 3 0x80000094 (0x018f8f93) x31 0x800000a8
core  14: 0x80000094 (0x018f8f93) addi    x31, x31, 24
core  14: 3 0x80000094 (0x018f8f93) x31 0x800000a8
core  15: 0x80000094 (0x018f8f93) addi    x31, x31, 24
core  15: 3 0x80000094 (0x018f8f93) x31 0x800000a8
core   0: 0x80000098 (0x305f9073) csrw    mtvec, x31
core   0: 3 0x80000098 (0x305f9073) c773_mtvec 0x800000a8
core   1: 0x80000098 (0x305f9073) csrw    mtvec, x31
core   1: 3 0x80000098 (0x305f9073) c773_mtvec 0x800000a8
core   2: 0x80000098 (0x305f9073) csrw    mtvec, x31
core   2: 3 0x80000098 (0x305f9073) c773_mtvec 0x800000a8
core   3: 0x80000098 (0x305f9073) csrw    mtvec, x31
core   3: 3 0x80000098 (0x305f9073) c773_mtvec 0x800000a8
core   4: 0x80000098 (0x305f9073) csrw    mtvec, x31
core   4: 3 0x80000098 (0x305f9073) c773_mtvec 0x800000a8
core   5: 0x80000098 (0x305f9073) csrw    mtvec, x31
core   5: 3 0x80000098 (0x305f9073) c773_mtvec 0x800000a8
core   6: 0x80000098 (0x305f9073) csrw    mtvec, x31
core   6: 3 0x80000098 (0x305f9073) c773_mtvec 0x800000a8
core   7: 0x80000098 (0x305f9073) csrw    mtvec, x31
core   7: 3 0x80000098 (0x305f9073) c773_mtvec 0x800000a8
core   8: 0x80000098 (0x305f9073) csrw    mtvec, x31
core   8: 3 0x80000098 (0x305f9073) c773_mtvec 0x800000a8
core   9: 0x80000098 (0x305f9073) csrw    mtvec, x31
core   9: 3 0x80000098 (0x305f9073) c773_mtvec 0x800000a8
core  10: 0x80000098 (0x305f9073) csrw    mtvec, x31
core  10: 3 0x80000098 (0x305f9073) c773_mtvec 0x800000a8
core  11: 0x80000098 (0x305f9073) csrw    mtvec, x31
core  11: 3 0x80000098 (0x305f9073) c773_mtvec 0x800000a8
core  12: 0x80000098 (0x305f9073) csrw    mtvec, x31
core  12: 3 0x80000098 (0x305f9073) c773_mtvec 0x800000a8
core  13: 0x80000098 (0x305f9073) csrw    mtvec, x31
core  13: 3 0x80000098 (0x305f9073) c773_mtvec 0x800000a8
core  14: 0x80000098 (0x305f9073) csrw    mtvec, x31
core  14: 3 0x80000098 (0x305f9073) c773_mtvec 0x800000a8
core  15: 0x80000098 (0x305f9073) csrw    mtvec, x31
core  15: 3 0x80000098 (0x305f9073) c773_mtvec 0x800000a8
core   0: 0x8000009c (0x000300e7) jalr    x6
core   0: 3 0x8000009c (0x000300e7) x1  0x800000a0
core   1: 0x8000009c (0x000300e7) jalr    x6
core   1: 3 0x8000009c (0x000300e7) x1  0x800000a0
core   2: 0x8000009c (0x000300e7) jalr    x6
core   2: 3 0x8000009c (0x000300e7) x1  0x800000a0
core   3: 0x8000009c (0x000300e7) jalr    x6
core   3: 3 0x8000009c (0x000300e7) x1  0x800000a0
core   4: 0x8000009c (0x000300e7) jalr    x6
core   4: 3 0x8000009c (0x000300e7) x1  0x800000a0
core   5: 0x8000009c (0x000300e7) jalr    x6
core   5: 3 0x8000009c (0x000300e7) x1  0x800000a0
core   6: 0x8000009c (0x000300e7) jalr    x6
core   6: 3 0x8000009c (0x000300e7) x1  0x800000a0
core   7: 0x8000009c (0x000300e7) jalr    x6
core   7: 3 0x8000009c (0x000300e7) x1  0x800000a0
core   8: 0x8000009c (0x000300e7) jalr    x6
core   8: 3 0x8000009c (0x000300e7) x1  0x800000a0
core   9: 0x8000009c (0x000300e7) jalr    x6
core   9: 3 0x8000009c (0x000300e7) x1  0x800000a0
core  10: 0x8000009c (0x000300e7) jalr    x6
core  10: 3 0x8000009c (0x000300e7) x1  0x800000a0
core  11: 0x8000009c (0x000300e7) jalr    x6
core  11: 3 0x8000009c (0x000300e7) x1  0x800000a0
core  12: 0x8000009c (0x000300e7) jalr    x6
core  12: 3 0x8000009c (0x000300e7) x1  0x800000a0
core  13: 0x8000009c (0x000300e7) jalr    x6
core  13: 3 0x8000009c (0x000300e7) x1  0x800000a0
core  14: 0x8000009c (0x000300e7) jalr    x6
core  14: 3 0x8000009c (0x000300e7) x1  0x800000a0
core  15: 0x8000009c (0x000300e7) jalr    x6
core  15: 3 0x8000009c (0x000300e7) x1  0x800000a0
core   0: 0x800000b8 (0x01010113) addi    x2, x2, 16
core   0: 3 0x800000b8 (0x01010113) x2  0x70000010
core   1: 0x800000b8 (0x01010113) addi    x2, x2, 16
core   1: 3 0x800000b8 (0x01010113) x2  0x70000410
core   2: 0x800000b8 (0x01010113) addi    x2, x2, 16
core   2: 3 0x800000b8 (0x01010113) x2  0x70000810
core   3: 0x800000b8 (0x01010113) addi    x2, x2, 16
core   3: 3 0x800000b8 (0x01010113) x2  0x70000c10
core   4: 0x800000b8 (0x01010113) addi    x2, x2, 16
core   4: 3 0x800000b8 (0x01010113) x2  0x70001010
core   5: 0x800000b8 (0x01010113) addi    x2, x2, 16
core   5: 3 0x800000b8 (0x01010113) x2  0x70001410
core   6: 0x800000b8 (0x01010113) addi    x2, x2, 16
core   6: 3 0x800000b8 (0x01010113) x2  0x70001810
core   7: 0x800000b8 (0x01010113) addi    x2, x2, 16
core   7: 3 0x800000b8 (0x01010113) x2  0x70001c10
core   8: 0x800000b8 (0x01010113) addi    x2, x2, 16
core   8: 3 0x800000b8 (0x01010113) x2  0x70002010
core   9: 0x800000b8 (0x01010113) addi    x2, x2, 16
core   9: 3 0x800000b8 (0x01010113) x2  0x70002410
core  10: 0x800000b8 (0x01010113) addi    x2, x2, 16
core  10: 3 0x800000b8 (0x01010113) x2  0x70002810
core  11: 0x800000b8 (0x01010113) addi    x2, x2, 16
core  11: 3 0x800000b8 (0x01010113) x2  0x70002c10
core  12: 0x800000b8 (0x01010113) addi    x2, x2, 16
core  12: 3 0x800000b8 (0x01010113) x2  0x70003010
core  13: 0x800000b8 (0x01010113) addi    x2, x2, 16
core  13: 3 0x800000b8 (0x01010113) x2  0x70003410
core  14: 0x800000b8 (0x01010113) addi    x2, x2, 16
core  14: 3 0x800000b8 (0x01010113) x2  0x70003810
core  15: 0x800000b8 (0x01010113) addi    x2, x2, 16
core  15: 3 0x800000b8 (0x01010113) x2  0x70003c10
core   0: 0x800000bc (0xfe112823) sw      x1, -16(x2)
core   0: 3 0x800000bc (0xfe112823) mem 0x70000000 0x800000a0
core   1: 0x800000bc (0xfe112823) sw      x1, -16(x2)
core   1: 3 0x800000bc (0xfe112823) mem 0x70000400 0x800000a0
core   2: 0x800000bc (0xfe112823) sw      x1, -16(x2)
core   2: 3 0x800000bc (0xfe112823) mem 0x70000800 0x800000a0
core   3: 0x800000bc (0xfe112823) sw      x1, -16(x2)
core   3: 3 0x800000bc (0xfe112823) mem 0x70000c00 0x800000a0
core   4: 0x800000bc (0xfe112823) sw      x1, -16(x2)
core   4: 3 0x800000bc (0xfe112823) mem 0x70001000 0x800000a0
core   5: 0x800000bc (0xfe112823) sw      x1, -16(x2)
core   5: 3 0x800000bc (0xfe112823) mem 0x70001400 0x800000a0
core   6: 0x800000bc (0xfe112823) sw      x1, -16(x2)
core   6: 3 0x800000bc (0xfe112823) mem 0x70001800 0x800000a0
core   7: 0x800000bc (0xfe112823) sw      x1, -16(x2)
core   7: 3 0x800000bc (0xfe112823) mem 0x70001c00 0x800000a0
core   8: 0x800000bc (0xfe112823) sw      x1, -16(x2)
core   8: 3 0x800000bc (0xfe112823) mem 0x70002000 0x800000a0
core   9: 0x800000bc (0xfe112823) sw      x1, -16(x2)
core   9: 3 0x800000bc (0xfe112823) mem 0x70002400 0x800000a0
core  10: 0x800000bc (0xfe112823) sw      x1, -16(x2)
core  10: 3 0x800000bc (0xfe112823) mem 0x70002800 0x800000a0
core  11: 0x800000bc (0xfe112823) sw      x1, -16(x2)
core  11: 3 0x800000bc (0xfe112823) mem 0x70002c00 0x800000a0
core  12: 0x800000bc (0xfe112823) sw      x1, -16(x2)
core  12: 3 0x800000bc (0xfe112823) mem 0x70003000 0x800000a0
core  13: 0x800000bc (0xfe112823) sw      x1, -16(x2)
core  13: 3 0x800000bc (0xfe112823) mem 0x70003400 0x800000a0
core  14: 0x800000bc (0xfe112823) sw      x1, -16(x2)
core  14: 3 0x800000bc (0xfe112823) mem 0x70003800 0x800000a0
core  15: 0x800000bc (0xfe112823) sw      x1, -16(x2)
core  15: 3 0x800000bc (0xfe112823) mem 0x70003c00 0x800000a0
core   0: 0x800000c0 (0x00852283) lw      x5, 8(x10)
core   0: 3 0x800000c0 (0x00852283) x5  0x4225e2e9 mem 0x90002008
core   1: 0x800000c0 (0x00852283) lw      x5, 8(x10)
core   1: 3 0x800000c0 (0x00852283) x5  0x4225e2e9 mem 0x90002008
core   2: 0x800000c0 (0x00852283) lw      x5, 8(x10)
core   2: 3 0x800000c0 (0x00852283) x5  0x4225e2e9 mem 0x90002008
core   3: 0x800000c0 (0x00852283) lw      x5, 8(x10)
core   3: 3 0x800000c0 (0x00852283) x5  0x4225e2e9 mem 0x90002008
core   4: 0x800000c0 (0x00852283) lw      x5, 8(x10)
core   4: 3 0x800000c0 (0x00852283) x5  0x4225e2e9 mem 0x90002008
core   5: 0x800000c0 (0x00852283) lw      x5, 8(x10)
core   5: 3 0x800000c0 (0x00852283) x5  0x4225e2e9 mem 0x90002008
core   6: 0x800000c0 (0x00852283) lw      x5, 8(x10)
core   6: 3 0x800000c0 (0x00852283) x5  0x4225e2e9 mem 0x90002008
core   7: 0x800000c0 (0x00852283) lw      x5, 8(x10)
core   7: 3 0x800000c0 (0x00852283) x5  0x4225e2e9 mem 0x90002008
core   8: 0x800000c0 (0x00852283) lw      x5, 8(x10)
core   8: 3 0x800000c0 (0x00852283) x5  0x4225e2e9 mem 0x90002008
core   9: 0x800000c0 (0x00852283) lw      x5, 8(x10)
core   9: 3 0x800000c0 (0x00852283) x5  0x4225e2e9 mem 0x90002008
core  10: 0x800000c0 (0x00852283) lw      x5, 8(x10)
core  10: 3 0x800000c0 (0x00852283) x5  0x4225e2e9 mem 0x90002008
core  11: 0x800000c0 (0x00852283) lw      x5, 8(x10)
core  11: 3 0x800000c0 (0x00852283) x5  0x4225e2e9 mem 0x90002008
core  12: 0x800000c0 (0x00852283) lw      x5, 8(x10)
core  12: 3 0x800000c0 (0x00852283) x5  0x4225e2e9 mem 0x90002008
core  13: 0x800000c0 (0x00852283) lw      x5, 8(x10)
core  13: 3 0x800000c0 (0x00852283) x5  0x4225e2e9 mem 0x90002008
core  14: 0x800000c0 (0x00852283) lw      x5, 8(x10)
core  14: 3 0x800000c0 (0x00852283) x5  0x4225e2e9 mem 0x90002008
core  15: 0x800000c0 (0x00852283) lw      x5, 8(x10)
core  15: 3 0x800000c0 (0x00852283) x5  0x4225e2e9 mem 0x90002008
core   0: 0x800000c4 (0xfe512e23) sw      x5, -4(x2)
core   0: 3 0x800000c4 (0xfe512e23) mem 0x7000000c 0x4225e2e9
core   1: 0x800000c4 (0xfe512e23) sw      x5, -4(x2)
core   1: 3 0x800000c4 (0xfe512e23) mem 0x7000040c 0x4225e2e9
core   2: 0x800000c4 (0xfe512e23) sw      x5, -4(x2)
core   2: 3 0x800000c4 (0xfe512e23) mem 0x7000080c 0x4225e2e9
core   3: 0x800000c4 (0xfe512e23) sw      x5, -4(x2)
core   3: 3 0x800000c4 (0xfe512e23) mem 0x70000c0c 0x4225e2e9
core   4: 0x800000c4 (0xfe512e23) sw      x5, -4(x2)
core   4: 3 0x800000c4 (0xfe512e23) mem 0x7000100c 0x4225e2e9
core   5: 0x800000c4 (0xfe512e23) sw      x5, -4(x2)
core   5: 3 0x800000c4 (0xfe512e23) mem 0x7000140c 0x4225e2e9
core   6: 0x800000c4 (0xfe512e23) sw      x5, -4(x2)
core   6: 3 0x800000c4 (0xfe512e23) mem 0x7000180c 0x4225e2e9
core   7: 0x800000c4 (0xfe512e23) sw      x5, -4(x2)
core   7: 3 0x800000c4 (0xfe512e23) mem 0x70001c0c 0x4225e2e9
core   8: 0x800000c4 (0xfe512e23) sw      x5, -4(x2)
core   8: 3 0x800000c4 (0xfe512e23) mem 0x7000200c 0x4225e2e9
core   9: 0x800000c4 (0xfe512e23) sw      x5, -4(x2)
core   9: 3 0x800000c4 (0xfe512e23) mem 0x7000240c 0x4225e2e9
core  10: 0x800000c4 (0xfe512e23) sw      x5, -4(x2)
core  10: 3 0x800000c4 (0xfe512e23) mem 0x7000280c 0x4225e2e9
core  11: 0x800000c4 (0xfe512e23) sw      x5, -4(x2)
core  11: 3 0x800000c4 (0xfe512e23) mem 0x70002c0c 0x4225e2e9
core  12: 0x800000c4 (0xfe512e23) sw      x5, -4(x2)
core  12: 3 0x800000c4 (0xfe512e23) mem 0x7000300c 0x4225e2e9
core  13: 0x800000c4 (0xfe512e23) sw      x5, -4(x2)
core  13: 3 0x800000c4 (0xfe512e23) mem 0x7000340c 0x4225e2e9
core  14: 0x800000c4 (0xfe512e23) sw      x5, -4(x2)
core  14: 3 0x800000c4 (0xfe512e23) mem 0x7000380c 0x4225e2e9
core  15: 0x800000c4 (0xfe512e23) sw      x5, -4(x2)
core  15: 3 0x800000c4 (0xfe512e23) mem 0x70003c0c 0x4225e2e9
core   0: 0x800000c8 (0x00452283) lw      x5, 4(x10)
core   0: 3 0x800000c8 (0x00452283) x5  0x90001000 mem 0x90002004
core   1: 0x800000c8 (0x00452283) lw      x5, 4(x10)
core   1: 3 0x800000c8 (0x00452283) x5  0x90001000 mem 0x90002004
core   2: 0x800000c8 (0x00452283) lw      x5, 4(x10)
core   2: 3 0x800000c8 (0x00452283) x5  0x90001000 mem 0x90002004
core   3: 0x800000c8 (0x00452283) lw      x5, 4(x10)
core   3: 3 0x800000c8 (0x00452283) x5  0x90001000 mem 0x90002004
core   4: 0x800000c8 (0x00452283) lw      x5, 4(x10)
core   4: 3 0x800000c8 (0x00452283) x5  0x90001000 mem 0x90002004
core   5: 0x800000c8 (0x00452283) lw      x5, 4(x10)
core   5: 3 0x800000c8 (0x00452283) x5  0x90001000 mem 0x90002004
core   6: 0x800000c8 (0x00452283) lw      x5, 4(x10)
core   6: 3 0x800000c8 (0x00452283) x5  0x90001000 mem 0x90002004
core   7: 0x800000c8 (0x00452283) lw      x5, 4(x10)
core   7: 3 0x800000c8 (0x00452283) x5  0x90001000 mem 0x90002004
core   8: 0x800000c8 (0x00452283) lw      x5, 4(x10)
core   8: 3 0x800000c8 (0x00452283) x5  0x90001000 mem 0x90002004
core   9: 0x800000c8 (0x00452283) lw      x5, 4(x10)
core   9: 3 0x800000c8 (0x00452283) x5  0x90001000 mem 0x90002004
core  10: 0x800000c8 (0x00452283) lw      x5, 4(x10)
core  10: 3 0x800000c8 (0x00452283) x5  0x90001000 mem 0x90002004
core  11: 0x800000c8 (0x00452283) lw      x5, 4(x10)
core  11: 3 0x800000c8 (0x00452283) x5  0x90001000 mem 0x90002004
core  12: 0x800000c8 (0x00452283) lw      x5, 4(x10)
core  12: 3 0x800000c8 (0x00452283) x5  0x90001000 mem 0x90002004
core  13: 0x800000c8 (0x00452283) lw      x5, 4(x10)
core  13: 3 0x800000c8 (0x00452283) x5  0x90001000 mem 0x90002004
core  14: 0x800000c8 (0x00452283) lw      x5, 4(x10)
core  14: 3 0x800000c8 (0x00452283) x5  0x90001000 mem 0x90002004
core  15: 0x800000c8 (0x00452283) lw      x5, 4(x10)
core  15: 3 0x800000c8 (0x00452283) x5  0x90001000 mem 0x90002004
core   0: 0x800000cc (0xfe512c23) sw      x5, -8(x2)
core   0: 3 0x800000cc (0xfe512c23) mem 0x70000008 0x90001000
core   1: 0x800000cc (0xfe512c23) sw      x5, -8(x2)
core   1: 3 0x800000cc (0xfe512c23) mem 0x70000408 0x90001000
core   2: 0x800000cc (0xfe512c23) sw      x5, -8(x2)
core   2: 3 0x800000cc (0xfe512c23) mem 0x70000808 0x90001000
core   3: 0x800000cc (0xfe512c23) sw      x5, -8(x2)
core   3: 3 0x800000cc (0xfe512c23) mem 0x70000c08 0x90001000
core   4: 0x800000cc (0xfe512c23) sw      x5, -8(x2)
core   4: 3 0x800000cc (0xfe512c23) mem 0x70001008 0x90001000
core   5: 0x800000cc (0xfe512c23) sw      x5, -8(x2)
core   5: 3 0x800000cc (0xfe512c23) mem 0x70001408 0x90001000
core   6: 0x800000cc (0xfe512c23) sw      x5, -8(x2)
core   6: 3 0x800000cc (0xfe512c23) mem 0x70001808 0x90001000
core   7: 0x800000cc (0xfe512c23) sw      x5, -8(x2)
core   7: 3 0x800000cc (0xfe512c23) mem 0x70001c08 0x90001000
core   8: 0x800000cc (0xfe512c23) sw      x5, -8(x2)
core   8: 3 0x800000cc (0xfe512c23) mem 0x70002008 0x90001000
core   9: 0x800000cc (0xfe512c23) sw      x5, -8(x2)
core   9: 3 0x800000cc (0xfe512c23) mem 0x70002408 0x90001000
core  10: 0x800000cc (0xfe512c23) sw      x5, -8(x2)
core  10: 3 0x800000cc (0xfe512c23) mem 0x70002808 0x90001000
core  11: 0x800000cc (0xfe512c23) sw      x5, -8(x2)
core  11: 3 0x800000cc (0xfe512c23) mem 0x70002c08 0x90001000
core  12: 0x800000cc (0xfe512c23) sw      x5, -8(x2)
core  12: 3 0x800000cc (0xfe512c23) mem 0x70003008 0x90001000
core  13: 0x800000cc (0xfe512c23) sw      x5, -8(x2)
core  13: 3 0x800000cc (0xfe512c23) mem 0x70003408 0x90001000
core  14: 0x800000cc (0xfe512c23) sw      x5, -8(x2)
core  14: 3 0x800000cc (0xfe512c23) mem 0x70003808 0x90001000
core  15: 0x800000cc (0xfe512c23) sw      x5, -8(x2)
core  15: 3 0x800000cc (0xfe512c23) mem 0x70003c08 0x90001000
core   0: 0x800000d0 (0x00052283) lw      x5, 0(x10)
core   0: 3 0x800000d0 (0x00052283) x5  0x90000000 mem 0x90002000
core   1: 0x800000d0 (0x00052283) lw      x5, 0(x10)
core   1: 3 0x800000d0 (0x00052283) x5  0x90000000 mem 0x90002000
core   2: 0x800000d0 (0x00052283) lw      x5, 0(x10)
core   2: 3 0x800000d0 (0x00052283) x5  0x90000000 mem 0x90002000
core   3: 0x800000d0 (0x00052283) lw      x5, 0(x10)
core   3: 3 0x800000d0 (0x00052283) x5  0x90000000 mem 0x90002000
core   4: 0x800000d0 (0x00052283) lw      x5, 0(x10)
core   4: 3 0x800000d0 (0x00052283) x5  0x90000000 mem 0x90002000
core   5: 0x800000d0 (0x00052283) lw      x5, 0(x10)
core   5: 3 0x800000d0 (0x00052283) x5  0x90000000 mem 0x90002000
core   6: 0x800000d0 (0x00052283) lw      x5, 0(x10)
core   6: 3 0x800000d0 (0x00052283) x5  0x90000000 mem 0x90002000
core   7: 0x800000d0 (0x00052283) lw      x5, 0(x10)
core   7: 3 0x800000d0 (0x00052283) x5  0x90000000 mem 0x90002000
core   8: 0x800000d0 (0x00052283) lw      x5, 0(x10)
core   8: 3 0x800000d0 (0x00052283) x5  0x90000000 mem 0x90002000
core   9: 0x800000d0 (0x00052283) lw      x5, 0(x10)
core   9: 3 0x800000d0 (0x00052283) x5  0x90000000 mem 0x90002000
core  10: 0x800000d0 (0x00052283) lw      x5, 0(x10)
core  10: 3 0x800000d0 (0x00052283) x5  0x90000000 mem 0x90002000
core  11: 0x800000d0 (0x00052283) lw      x5, 0(x10)
core  11: 3 0x800000d0 (0x00052283) x5  0x90000000 mem 0x90002000
core  12: 0x800000d0 (0x00052283) lw      x5, 0(x10)
core  12: 3 0x800000d0 (0x00052283) x5  0x90000000 mem 0x90002000
core  13: 0x800000d0 (0x00052283) lw      x5, 0(x10)
core  13: 3 0x800000d0 (0x00052283) x5  0x90000000 mem 0x90002000
core  14: 0x800000d0 (0x00052283) lw      x5, 0(x10)
core  14: 3 0x800000d0 (0x00052283) x5  0x90000000 mem 0x90002000
core  15: 0x800000d0 (0x00052283) lw      x5, 0(x10)
core  15: 3 0x800000d0 (0x00052283) x5  0x90000000 mem 0x90002000
core   0: 0x800000d4 (0xfe512a23) sw      x5, -12(x2)
core   0: 3 0x800000d4 (0xfe512a23) mem 0x70000004 0x90000000
core   1: 0x800000d4 (0xfe512a23) sw      x5, -12(x2)
core   1: 3 0x800000d4 (0xfe512a23) mem 0x70000404 0x90000000
core   2: 0x800000d4 (0xfe512a23) sw      x5, -12(x2)
core   2: 3 0x800000d4 (0xfe512a23) mem 0x70000804 0x90000000
core   3: 0x800000d4 (0xfe512a23) sw      x5, -12(x2)
core   3: 3 0x800000d4 (0xfe512a23) mem 0x70000c04 0x90000000
core   4: 0x800000d4 (0xfe512a23) sw      x5, -12(x2)
core   4: 3 0x800000d4 (0xfe512a23) mem 0x70001004 0x90000000
core   5: 0x800000d4 (0xfe512a23) sw      x5, -12(x2)
core   5: 3 0x800000d4 (0xfe512a23) mem 0x70001404 0x90000000
core   6: 0x800000d4 (0xfe512a23) sw      x5, -12(x2)
core   6: 3 0x800000d4 (0xfe512a23) mem 0x70001804 0x90000000
core   7: 0x800000d4 (0xfe512a23) sw      x5, -12(x2)
core   7: 3 0x800000d4 (0xfe512a23) mem 0x70001c04 0x90000000
core   8: 0x800000d4 (0xfe512a23) sw      x5, -12(x2)
core   8: 3 0x800000d4 (0xfe512a23) mem 0x70002004 0x90000000
core   9: 0x800000d4 (0xfe512a23) sw      x5, -12(x2)
core   9: 3 0x800000d4 (0xfe512a23) mem 0x70002404 0x90000000
core  10: 0x800000d4 (0xfe512a23) sw      x5, -12(x2)
core  10: 3 0x800000d4 (0xfe512a23) mem 0x70002804 0x90000000
core  11: 0x800000d4 (0xfe512a23) sw      x5, -12(x2)
core  11: 3 0x800000d4 (0xfe512a23) mem 0x70002c04 0x90000000
core  12: 0x800000d4 (0xfe512a23) sw      x5, -12(x2)
core  12: 3 0x800000d4 (0xfe512a23) mem 0x70003004 0x90000000
core  13: 0x800000d4 (0xfe512a23) sw      x5, -12(x2)
core  13: 3 0x800000d4 (0xfe512a23) mem 0x70003404 0x90000000
core  14: 0x800000d4 (0xfe512a23) sw      x5, -12(x2)
core  14: 3 0x800000d4 (0xfe512a23) mem 0x70003804 0x90000000
core  15: 0x800000d4 (0xfe512a23) sw      x5, -12(x2)
core  15: 3 0x800000d4 (0xfe512a23) mem 0x70003c04 0x90000000
core   0: 0x800000d8 (0x5e004057) vmv.v.x v0, x0
core   0: 3 0x800000d8 (0x5e004057) c8_vstart 0x00000000 e32 m1 l4 v0  0000000f 0x00000000 00000000 00000000 00000000 
core   1: 0x800000d8 (0x5e004057) vmv.v.x v0, x0
core   1: 3 0x800000d8 (0x5e004057) c8_vstart 0x00000000 e32 m1 l4 v0  0000000f 0x00000000 00000000 00000000 00000000 
core   2: 0x800000d8 (0x5e004057) vmv.v.x v0, x0
core   2: 3 0x800000d8 (0x5e004057) c8_vstart 0x00000000 e32 m1 l4 v0  0000000f 0x00000000 00000000 00000000 00000000 
core   3: 0x800000d8 (0x5e004057) vmv.v.x v0, x0
core   3: 3 0x800000d8 (0x5e004057) c8_vstart 0x00000000 e32 m1 l4 v0  0000000f 0x00000000 00000000 00000000 00000000 
core   4: 0x800000d8 (0x5e004057) vmv.v.x v0, x0
core   4: 3 0x800000d8 (0x5e004057) c8_vstart 0x00000000 e32 m1 l4 v0  0000000f 0x00000000 00000000 00000000 00000000 
core   5: 0x800000d8 (0x5e004057) vmv.v.x v0, x0
core   5: 3 0x800000d8 (0x5e004057) c8_vstart 0x00000000 e32 m1 l4 v0  0000000f 0x00000000 00000000 00000000 00000000 
core   6: 0x800000d8 (0x5e004057) vmv.v.x v0, x0
core   6: 3 0x800000d8 (0x5e004057) c8_vstart 0x00000000 e32 m1 l4 v0  0000000f 0x00000000 00000000 00000000 00000000 
core   7: 0x800000d8 (0x5e004057) vmv.v.x v0, x0
core   7: 3 0x800000d8 (0x5e004057) c8_vstart 0x00000000 e32 m1 l4 v0  0000000f 0x00000000 00000000 00000000 00000000 
core   8: 0x800000d8 (0x5e004057) vmv.v.x v0, x0
core   8: 3 0x800000d8 (0x5e004057) c8_vstart 0x00000000 e32 m1 l4 v0  0000000f 0x00000000 00000000 00000000 00000000 
core   9: 0x800000d8 (0x5e004057) vmv.v.x v0, x0
core   9: 3 0x800000d8 (0x5e004057) c8_vstart 0x00000000 e32 m1 l4 v0  0000000f 0x00000000 00000000 00000000 00000000 
core  10: 0x800000d8 (0x5e004057) vmv.v.x v0, x0
core  10: 3 0x800000d8 (0x5e004057) c8_vstart 0x00000000 e32 m1 l4 v0  0000000f 0x00000000 00000000 00000000 00000000 
core  11: 0x800000d8 (0x5e004057) vmv.v.x v0, x0
core  11: 3 0x800000d8 (0x5e004057) c8_vstart 0x00000000 e32 m1 l4 v0  0000000f 0x00000000 00000000 00000000 00000000 
core  12: 0x800000d8 (0x5e004057) vmv.v.x v0, x0
core  12: 3 0x800000d8 (0x5e004057) c8_vstart 0x00000000 e32 m1 l4 v0  0000000f 0x00000000 00000000 00000000 00000000 
core  13: 0x800000d8 (0x5e004057) vmv.v.x v0, x0
core  13: 3 0x800000d8 (0x5e004057) c8_vstart 0x00000000 e32 m1 l4 v0  0000000f 0x00000000 00000000 00000000 00000000 
core  14: 0x800000d8 (0x5e004057) vmv.v.x v0, x0
core  14: 3 0x800000d8 (0x5e004057) c8_vstart 0x00000000 e32 m1 l4 v0  0000000f 0x00000000 00000000 00000000 00000000 
core  15: 0x800000d8 (0x5e004057) vmv.v.x v0, x0
core  15: 3 0x800000d8 (0x5e004057) c8_vstart 0x00000000 e32 m1 l4 v0  0000000f 0x00000000 00000000 00000000 00000000 
core   0: 0x800000dc (0x03c000ef) jal     pc + 0x3c
core   0: 3 0x800000dc (0x03c000ef) x1  0x800000e0
core   1: 0x800000dc (0x03c000ef) jal     pc + 0x3c
core   1: 3 0x800000dc (0x03c000ef) x1  0x800000e0
core   2: 0x800000dc (0x03c000ef) jal     pc + 0x3c
core   2: 3 0x800000dc (0x03c000ef) x1  0x800000e0
core   3: 0x800000dc (0x03c000ef) jal     pc + 0x3c
core   3: 3 0x800000dc (0x03c000ef) x1  0x800000e0
core   4: 0x800000dc (0x03c000ef) jal     pc + 0x3c
core   4: 3 0x800000dc (0x03c000ef) x1  0x800000e0
core   5: 0x800000dc (0x03c000ef) jal     pc + 0x3c
core   5: 3 0x800000dc (0x03c000ef) x1  0x800000e0
core   6: 0x800000dc (0x03c000ef) jal     pc + 0x3c
core   6: 3 0x800000dc (0x03c000ef) x1  0x800000e0
core   7: 0x800000dc (0x03c000ef) jal     pc + 0x3c
core   7: 3 0x800000dc (0x03c000ef) x1  0x800000e0
core   8: 0x800000dc (0x03c000ef) jal     pc + 0x3c
core   8: 3 0x800000dc (0x03c000ef) x1  0x800000e0
core   9: 0x800000dc (0x03c000ef) jal     pc + 0x3c
core   9: 3 0x800000dc (0x03c000ef) x1  0x800000e0
core  10: 0x800000dc (0x03c000ef) jal     pc + 0x3c
core  10: 3 0x800000dc (0x03c000ef) x1  0x800000e0
core  11: 0x800000dc (0x03c000ef) jal     pc + 0x3c
core  11: 3 0x800000dc (0x03c000ef) x1  0x800000e0
core  12: 0x800000dc (0x03c000ef) jal     pc + 0x3c
core  12: 3 0x800000dc (0x03c000ef) x1  0x800000e0
core  13: 0x800000dc (0x03c000ef) jal     pc + 0x3c
core  13: 3 0x800000dc (0x03c000ef) x1  0x800000e0
core  14: 0x800000dc (0x03c000ef) jal     pc + 0x3c
core  14: 3 0x800000dc (0x03c000ef) x1  0x800000e0
core  15: 0x800000dc (0x03c000ef) jal     pc + 0x3c
core  15: 3 0x800000dc (0x03c000ef) x1  0x800000e0
core   0: 0x80000118 (0x00410113) addi    x2, x2, 4
core   0: 3 0x80000118 (0x00410113) x2  0x70000014
core   1: 0x80000118 (0x00410113) addi    x2, x2, 4
core   1: 3 0x80000118 (0x00410113) x2  0x70000414
core   2: 0x80000118 (0x00410113) addi    x2, x2, 4
core   2: 3 0x80000118 (0x00410113) x2  0x70000814
core   3: 0x80000118 (0x00410113) addi    x2, x2, 4
core   3: 3 0x80000118 (0x00410113) x2  0x70000c14
core   4: 0x80000118 (0x00410113) addi    x2, x2, 4
core   4: 3 0x80000118 (0x00410113) x2  0x70001014
core   5: 0x80000118 (0x00410113) addi    x2, x2, 4
core   5: 3 0x80000118 (0x00410113) x2  0x70001414
core   6: 0x80000118 (0x00410113) addi    x2, x2, 4
core   6: 3 0x80000118 (0x00410113) x2  0x70001814
core   7: 0x80000118 (0x00410113) addi    x2, x2, 4
core   7: 3 0x80000118 (0x00410113) x2  0x70001c14
core   8: 0x80000118 (0x00410113) addi    x2, x2, 4
core   8: 3 0x80000118 (0x00410113) x2  0x70002014
core   9: 0x80000118 (0x00410113) addi    x2, x2, 4
core   9: 3 0x80000118 (0x00410113) x2  0x70002414
core  10: 0x80000118 (0x00410113) addi    x2, x2, 4
core  10: 3 0x80000118 (0x00410113) x2  0x70002814
core  11: 0x80000118 (0x00410113) addi    x2, x2, 4
core  11: 3 0x80000118 (0x00410113) x2  0x70002c14
core  12: 0x80000118 (0x00410113) addi    x2, x2, 4
core  12: 3 0x80000118 (0x00410113) x2  0x70003014
core  13: 0x80000118 (0x00410113) addi    x2, x2, 4
core  13: 3 0x80000118 (0x00410113) x2  0x70003414
core  14: 0x80000118 (0x00410113) addi    x2, x2, 4
core  14: 3 0x80000118 (0x00410113) x2  0x70003814
core  15: 0x80000118 (0x00410113) addi    x2, x2, 4
core  15: 3 0x80000118 (0x00410113) x2  0x70003c14
core   0: 0x8000011c (0xfe112e23) sw      x1, -4(x2)
core   0: 3 0x8000011c (0xfe112e23) mem 0x70000010 0x800000e0
core   1: 0x8000011c (0xfe112e23) sw      x1, -4(x2)
core   1: 3 0x8000011c (0xfe112e23) mem 0x70000410 0x800000e0
core   2: 0x8000011c (0xfe112e23) sw      x1, -4(x2)
core   2: 3 0x8000011c (0xfe112e23) mem 0x70000810 0x800000e0
core   3: 0x8000011c (0xfe112e23) sw      x1, -4(x2)
core   3: 3 0x8000011c (0xfe112e23) mem 0x70000c10 0x800000e0
core   4: 0x8000011c (0xfe112e23) sw      x1, -4(x2)
core   4: 3 0x8000011c (0xfe112e23) mem 0x70001010 0x800000e0
core   5: 0x8000011c (0xfe112e23) sw      x1, -4(x2)
core   5: 3 0x8000011c (0xfe112e23) mem 0x70001410 0x800000e0
core   6: 0x8000011c (0xfe112e23) sw      x1, -4(x2)
core   6: 3 0x8000011c (0xfe112e23) mem 0x70001810 0x800000e0
core   7: 0x8000011c (0xfe112e23) sw      x1, -4(x2)
core   7: 3 0x8000011c (0xfe112e23) mem 0x70001c10 0x800000e0
core   8: 0x8000011c (0xfe112e23) sw      x1, -4(x2)
core   8: 3 0x8000011c (0xfe112e23) mem 0x70002010 0x800000e0
core   9: 0x8000011c (0xfe112e23) sw      x1, -4(x2)
core   9: 3 0x8000011c (0xfe112e23) mem 0x70002410 0x800000e0
core  10: 0x8000011c (0xfe112e23) sw      x1, -4(x2)
core  10: 3 0x8000011c (0xfe112e23) mem 0x70002810 0x800000e0
core  11: 0x8000011c (0xfe112e23) sw      x1, -4(x2)
core  11: 3 0x8000011c (0xfe112e23) mem 0x70002c10 0x800000e0
core  12: 0x8000011c (0xfe112e23) sw      x1, -4(x2)
core  12: 3 0x8000011c (0xfe112e23) mem 0x70003010 0x800000e0
core  13: 0x8000011c (0xfe112e23) sw      x1, -4(x2)
core  13: 3 0x8000011c (0xfe112e23) mem 0x70003410 0x800000e0
core  14: 0x8000011c (0xfe112e23) sw      x1, -4(x2)
core  14: 3 0x8000011c (0xfe112e23) mem 0x70003810 0x800000e0
core  15: 0x8000011c (0xfe112e23) sw      x1, -4(x2)
core  15: 3 0x8000011c (0xfe112e23) mem 0x70003c10 0x800000e0
core   0: 0x80000120 (0x00200293) li      x5, 2
core   0: 3 0x80000120 (0x00200293) x5  0x00000002
core   1: 0x80000120 (0x00200293) li      x5, 2
core   1: 3 0x80000120 (0x00200293) x5  0x00000002
core   2: 0x80000120 (0x00200293) li      x5, 2
core   2: 3 0x80000120 (0x00200293) x5  0x00000002
core   3: 0x80000120 (0x00200293) li      x5, 2
core   3: 3 0x80000120 (0x00200293) x5  0x00000002
core   4: 0x80000120 (0x00200293) li      x5, 2
core   4: 3 0x80000120 (0x00200293) x5  0x00000002
core   5: 0x80000120 (0x00200293) li      x5, 2
core   5: 3 0x80000120 (0x00200293) x5  0x00000002
core   6: 0x80000120 (0x00200293) li      x5, 2
core   6: 3 0x80000120 (0x00200293) x5  0x00000002
core   7: 0x80000120 (0x00200293) li      x5, 2
core   7: 3 0x80000120 (0x00200293) x5  0x00000002
core   8: 0x80000120 (0x00200293) li      x5, 2
core   8: 3 0x80000120 (0x00200293) x5  0x00000002
core   9: 0x80000120 (0x00200293) li      x5, 2
core   9: 3 0x80000120 (0x00200293) x5  0x00000002
core  10: 0x80000120 (0x00200293) li      x5, 2
core  10: 3 0x80000120 (0x00200293) x5  0x00000002
core  11: 0x80000120 (0x00200293) li      x5, 2
core  11: 3 0x80000120 (0x00200293) x5  0x00000002
core  12: 0x80000120 (0x00200293) li      x5, 2
core  12: 3 0x80000120 (0x00200293) x5  0x00000002
core  13: 0x80000120 (0x00200293) li      x5, 2
core  13: 3 0x80000120 (0x00200293) x5  0x00000002
core  14: 0x80000120 (0x00200293) li      x5, 2
core  14: 3 0x80000120 (0x00200293) x5  0x00000002
core  15: 0x80000120 (0x00200293) li      x5, 2
core  15: 3 0x80000120 (0x00200293) x5  0x00000002
core   0: 0x80000124 (0x5e02c0d7) vmv.v.x v1, x5
core   0: 3 0x80000124 (0x5e02c0d7) c8_vstart 0x00000000 e32 m1 l4 v1  0000000f 0x00000002 00000002 00000002 00000002 
core   1: 0x80000124 (0x5e02c0d7) vmv.v.x v1, x5
core   1: 3 0x80000124 (0x5e02c0d7) c8_vstart 0x00000000 e32 m1 l4 v1  0000000f 0x00000002 00000002 00000002 00000002 
core   2: 0x80000124 (0x5e02c0d7) vmv.v.x v1, x5
core   2: 3 0x80000124 (0x5e02c0d7) c8_vstart 0x00000000 e32 m1 l4 v1  0000000f 0x00000002 00000002 00000002 00000002 
core   3: 0x80000124 (0x5e02c0d7) vmv.v.x v1, x5
core   3: 3 0x80000124 (0x5e02c0d7) c8_vstart 0x00000000 e32 m1 l4 v1  0000000f 0x00000002 00000002 00000002 00000002 
core   4: 0x80000124 (0x5e02c0d7) vmv.v.x v1, x5
core   4: 3 0x80000124 (0x5e02c0d7) c8_vstart 0x00000000 e32 m1 l4 v1  0000000f 0x00000002 00000002 00000002 00000002 
core   5: 0x80000124 (0x5e02c0d7) vmv.v.x v1, x5
core   5: 3 0x80000124 (0x5e02c0d7) c8_vstart 0x00000000 e32 m1 l4 v1  0000000f 0x00000002 00000002 00000002 00000002 
core   6: 0x80000124 (0x5e02c0d7) vmv.v.x v1, x5
core   6: 3 0x80000124 (0x5e02c0d7) c8_vstart 0x00000000 e32 m1 l4 v1  0000000f 0x00000002 00000002 00000002 00000002 
core   7: 0x80000124 (0x5e02c0d7) vmv.v.x v1, x5
core   7: 3 0x80000124 (0x5e02c0d7) c8_vstart 0x00000000 e32 m1 l4 v1  0000000f 0x00000002 00000002 00000002 00000002 
core   8: 0x80000124 (0x5e02c0d7) vmv.v.x v1, x5
core   8: 3 0x80000124 (0x5e02c0d7) c8_vstart 0x00000000 e32 m1 l4 v1  0000000f 0x00000002 00000002 00000002 00000002 
core   9: 0x80000124 (0x5e02c0d7) vmv.v.x v1, x5
core   9: 3 0x80000124 (0x5e02c0d7) c8_vstart 0x00000000 e32 m1 l4 v1  0000000f 0x00000002 00000002 00000002 00000002 
core  10: 0x80000124 (0x5e02c0d7) vmv.v.x v1, x5
core  10: 3 0x80000124 (0x5e02c0d7) c8_vstart 0x00000000 e32 m1 l4 v1  0000000f 0x00000002 00000002 00000002 00000002 
core  11: 0x80000124 (0x5e02c0d7) vmv.v.x v1, x5
core  11: 3 0x80000124 (0x5e02c0d7) c8_vstart 0x00000000 e32 m1 l4 v1  0000000f 0x00000002 00000002 00000002 00000002 
core  12: 0x80000124 (0x5e02c0d7) vmv.v.x v1, x5
core  12: 3 0x80000124 (0x5e02c0d7) c8_vstart 0x00000000 e32 m1 l4 v1  0000000f 0x00000002 00000002 00000002 00000002 
core  13: 0x80000124 (0x5e02c0d7) vmv.v.x v1, x5
core  13: 3 0x80000124 (0x5e02c0d7) c8_vstart 0x00000000 e32 m1 l4 v1  0000000f 0x00000002 00000002 00000002 00000002 
core  14: 0x80000124 (0x5e02c0d7) vmv.v.x v1, x5
core  14: 3 0x80000124 (0x5e02c0d7) c8_vstart 0x00000000 e32 m1 l4 v1  0000000f 0x00000002 00000002 00000002 00000002 
core  15: 0x80000124 (0x5e02c0d7) vmv.v.x v1, x5
core  15: 3 0x80000124 (0x5e02c0d7) c8_vstart 0x00000000 e32 m1 l4 v1  0000000f 0x00000002 00000002 00000002 00000002 
core   0: 0x80000128 (0x00000317) auipc   x6, 0x0
core   0: 3 0x80000128 (0x00000317) x6  0x80000128
core   1: 0x80000128 (0x00000317) auipc   x6, 0x0
core   1: 3 0x80000128 (0x00000317) x6  0x80000128
core   2: 0x80000128 (0x00000317) auipc   x6, 0x0
core   2: 3 0x80000128 (0x00000317) x6  0x80000128
core   3: 0x80000128 (0x00000317) auipc   x6, 0x0
core   3: 3 0x80000128 (0x00000317) x6  0x80000128
core   4: 0x80000128 (0x00000317) auipc   x6, 0x0
core   4: 3 0x80000128 (0x00000317) x6  0x80000128
core   5: 0x80000128 (0x00000317) auipc   x6, 0x0
core   5: 3 0x80000128 (0x00000317) x6  0x80000128
core   6: 0x80000128 (0x00000317) auipc   x6, 0x0
core   6: 3 0x80000128 (0x00000317) x6  0x80000128
core   7: 0x80000128 (0x00000317) auipc   x6, 0x0
core   7: 3 0x80000128 (0x00000317) x6  0x80000128
core   8: 0x80000128 (0x00000317) auipc   x6, 0x0
core   8: 3 0x80000128 (0x00000317) x6  0x80000128
core   9: 0x80000128 (0x00000317) auipc   x6, 0x0
core   9: 3 0x80000128 (0x00000317) x6  0x80000128
core  10: 0x80000128 (0x00000317) auipc   x6, 0x0
core  10: 3 0x80000128 (0x00000317) x6  0x80000128
core  11: 0x80000128 (0x00000317) auipc   x6, 0x0
core  11: 3 0x80000128 (0x00000317) x6  0x80000128
core  12: 0x80000128 (0x00000317) auipc   x6, 0x0
core  12: 3 0x80000128 (0x00000317) x6  0x80000128
core  13: 0x80000128 (0x00000317) auipc   x6, 0x0
core  13: 3 0x80000128 (0x00000317) x6  0x80000128
core  14: 0x80000128 (0x00000317) auipc   x6, 0x0
core  14: 3 0x80000128 (0x00000317) x6  0x80000128
core  15: 0x80000128 (0x00000317) auipc   x6, 0x0
core  15: 3 0x80000128 (0x00000317) x6  0x80000128
core   0: 0x8000012c (0x04c3305b) setrpc  x0, x6, 76
core   0: 3 0x8000012c (0x04c3305b) c2060_rpc 0x80000174 current mask:	0000000f current npc:	00000000 stack size: 0
core   1: 0x8000012c (0x04c3305b) setrpc  x0, x6, 76
core   1: 3 0x8000012c (0x04c3305b) c2060_rpc 0x80000174 current mask:	0000000f current npc:	00000000 stack size: 0
core   2: 0x8000012c (0x04c3305b) setrpc  x0, x6, 76
core   2: 3 0x8000012c (0x04c3305b) c2060_rpc 0x80000174 current mask:	0000000f current npc:	00000000 stack size: 0
core   3: 0x8000012c (0x04c3305b) setrpc  x0, x6, 76
core   3: 3 0x8000012c (0x04c3305b) c2060_rpc 0x80000174 current mask:	0000000f current npc:	00000000 stack size: 0
core   4: 0x8000012c (0x04c3305b) setrpc  x0, x6, 76
core   4: 3 0x8000012c (0x04c3305b) c2060_rpc 0x80000174 current mask:	0000000f current npc:	00000000 stack size: 0
core   5: 0x8000012c (0x04c3305b) setrpc  x0, x6, 76
core   5: 3 0x8000012c (0x04c3305b) c2060_rpc 0x80000174 current mask:	0000000f current npc:	00000000 stack size: 0
core   6: 0x8000012c (0x04c3305b) setrpc  x0, x6, 76
core   6: 3 0x8000012c (0x04c3305b) c2060_rpc 0x80000174 current mask:	0000000f current npc:	00000000 stack size: 0
core   7: 0x8000012c (0x04c3305b) setrpc  x0, x6, 76
core   7: 3 0x8000012c (0x04c3305b) c2060_rpc 0x80000174 current mask:	0000000f current npc:	00000000 stack size: 0
core   8: 0x8000012c (0x04c3305b) setrpc  x0, x6, 76
core   8: 3 0x8000012c (0x04c3305b) c2060_rpc 0x80000174 current mask:	0000000f current npc:	00000000 stack size: 0
core   9: 0x8000012c (0x04c3305b) setrpc  x0, x6, 76
core   9: 3 0x8000012c (0x04c3305b) c2060_rpc 0x80000174 current mask:	0000000f current npc:	00000000 stack size: 0
core  10: 0x8000012c (0x04c3305b) setrpc  x0, x6, 76
core  10: 3 0x8000012c (0x04c3305b) c2060_rpc 0x80000174 current mask:	0000000f current npc:	00000000 stack size: 0
core  11: 0x8000012c (0x04c3305b) setrpc  x0, x6, 76
core  11: 3 0x8000012c (0x04c3305b) c2060_rpc 0x80000174 current mask:	0000000f current npc:	00000000 stack size: 0
core  12: 0x8000012c (0x04c3305b) setrpc  x0, x6, 76
core  12: 3 0x8000012c (0x04c3305b) c2060_rpc 0x80000174 current mask:	0000000f current npc:	00000000 stack size: 0
core  13: 0x8000012c (0x04c3305b) setrpc  x0, x6, 76
core  13: 3 0x8000012c (0x04c3305b) c2060_rpc 0x80000174 current mask:	0000000f current npc:	00000000 stack size: 0
core  14: 0x8000012c (0x04c3305b) setrpc  x0, x6, 76
core  14: 3 0x8000012c (0x04c3305b) c2060_rpc 0x80000174 current mask:	0000000f current npc:	00000000 stack size: 0
core  15: 0x8000012c (0x04c3305b) setrpc  x0, x6, 76
core  15: 3 0x8000012c (0x04c3305b) c2060_rpc 0x80000174 current mask:	0000000f current npc:	00000000 stack size: 0
core   0: 0x80000130 (0x0200885b) vbeq    v0, v1, pc + 48
core   0: 3 0x80000130 (0x0200885b) c8_vstart 0x00000000 e32 m1 l4 current mask:	0000000f current npc:	80000134 stack size: 0
core   1: 0x80000130 (0x0200885b) vbeq    v0, v1, pc + 48
core   1: 3 0x80000130 (0x0200885b) c8_vstart 0x00000000 e32 m1 l4 current mask:	0000000f current npc:	80000134 stack size: 0
core   2: 0x80000130 (0x0200885b) vbeq    v0, v1, pc + 48
core   2: 3 0x80000130 (0x0200885b) c8_vstart 0x00000000 e32 m1 l4 current mask:	0000000f current npc:	80000134 stack size: 0
core   3: 0x80000130 (0x0200885b) vbeq    v0, v1, pc + 48
core   3: 3 0x80000130 (0x0200885b) c8_vstart 0x00000000 e32 m1 l4 current mask:	0000000f current npc:	80000134 stack size: 0
core   4: 0x80000130 (0x0200885b) vbeq    v0, v1, pc + 48
core   4: 3 0x80000130 (0x0200885b) c8_vstart 0x00000000 e32 m1 l4 current mask:	0000000f current npc:	80000134 stack size: 0
core   5: 0x80000130 (0x0200885b) vbeq    v0, v1, pc + 48
core   5: 3 0x80000130 (0x0200885b) c8_vstart 0x00000000 e32 m1 l4 current mask:	0000000f current npc:	80000134 stack size: 0
core   6: 0x80000130 (0x0200885b) vbeq    v0, v1, pc + 48
core   6: 3 0x80000130 (0x0200885b) c8_vstart 0x00000000 e32 m1 l4 current mask:	0000000f current npc:	80000134 stack size: 0
core   7: 0x80000130 (0x0200885b) vbeq    v0, v1, pc + 48
core   7: 3 0x80000130 (0x0200885b) c8_vstart 0x00000000 e32 m1 l4 current mask:	0000000f current npc:	80000134 stack size: 0
core   8: 0x80000130 (0x0200885b) vbeq    v0, v1, pc + 48
core   8: 3 0x80000130 (0x0200885b) c8_vstart 0x00000000 e32 m1 l4 current mask:	0000000f current npc:	80000134 stack size: 0
core   9: 0x80000130 (0x0200885b) vbeq    v0, v1, pc + 48
core   9: 3 0x80000130 (0x0200885b) c8_vstart 0x00000000 e32 m1 l4 current mask:	0000000f current npc:	80000134 stack size: 0
core  10: 0x80000130 (0x0200885b) vbeq    v0, v1, pc + 48
core  10: 3 0x80000130 (0x0200885b) c8_vstart 0x00000000 e32 m1 l4 current mask:	0000000f current npc:	80000134 stack size: 0
core  11: 0x80000130 (0x0200885b) vbeq    v0, v1, pc + 48
core  11: 3 0x80000130 (0x0200885b) c8_vstart 0x00000000 e32 m1 l4 current mask:	0000000f current npc:	80000134 stack size: 0
core  12: 0x80000130 (0x0200885b) vbeq    v0, v1, pc + 48
core  12: 3 0x80000130 (0x0200885b) c8_vstart 0x00000000 e32 m1 l4 current mask:	0000000f current npc:	80000134 stack size: 0
core  13: 0x80000130 (0x0200885b) vbeq    v0, v1, pc + 48
core  13: 3 0x80000130 (0x0200885b) c8_vstart 0x00000000 e32 m1 l4 current mask:	0000000f current npc:	80000134 stack size: 0
core  14: 0x80000130 (0x0200885b) vbeq    v0, v1, pc + 48
core  14: 3 0x80000130 (0x0200885b) c8_vstart 0x00000000 e32 m1 l4 current mask:	0000000f current npc:	80000134 stack size: 0
core  15: 0x80000130 (0x0200885b) vbeq    v0, v1, pc + 48
core  15: 3 0x80000130 (0x0200885b) c8_vstart 0x00000000 e32 m1 l4 current mask:	0000000f current npc:	80000134 stack size: 0
core   0: 0x80000134 (0x00100293) li      x5, 1
core   0: 3 0x80000134 (0x00100293) x5  0x00000001
core   1: 0x80000134 (0x00100293) li      x5, 1
core   1: 3 0x80000134 (0x00100293) x5  0x00000001
core   2: 0x80000134 (0x00100293) li      x5, 1
core   2: 3 0x80000134 (0x00100293) x5  0x00000001
core   3: 0x80000134 (0x00100293) li      x5, 1
core   3: 3 0x80000134 (0x00100293) x5  0x00000001
core   4: 0x80000134 (0x00100293) li      x5, 1
core   4: 3 0x80000134 (0x00100293) x5  0x00000001
core   5: 0x80000134 (0x00100293) li      x5, 1
core   5: 3 0x80000134 (0x00100293) x5  0x00000001
core   6: 0x80000134 (0x00100293) li      x5, 1
core   6: 3 0x80000134 (0x00100293) x5  0x00000001
core   7: 0x80000134 (0x00100293) li      x5, 1
core   7: 3 0x80000134 (0x00100293) x5  0x00000001
core   8: 0x80000134 (0x00100293) li      x5, 1
core   8: 3 0x80000134 (0x00100293) x5  0x00000001
core   9: 0x80000134 (0x00100293) li      x5, 1
core   9: 3 0x80000134 (0x00100293) x5  0x00000001
core  10: 0x80000134 (0x00100293) li      x5, 1
core  10: 3 0x80000134 (0x00100293) x5  0x00000001
core  11: 0x80000134 (0x00100293) li      x5, 1
core  11: 3 0x80000134 (0x00100293) x5  0x00000001
core  12: 0x80000134 (0x00100293) li      x5, 1
core  12: 3 0x80000134 (0x00100293) x5  0x00000001
core  13: 0x80000134 (0x00100293) li      x5, 1
core  13: 3 0x80000134 (0x00100293) x5  0x00000001
core  14: 0x80000134 (0x00100293) li      x5, 1
core  14: 3 0x80000134 (0x00100293) x5  0x00000001
core  15: 0x80000134 (0x00100293) li      x5, 1
core  15: 3 0x80000134 (0x00100293) x5  0x00000001
core   0: 0x80000138 (0x5e02c0d7) vmv.v.x v1, x5
core   0: 3 0x80000138 (0x5e02c0d7) c8_vstart 0x00000000 e32 m1 l4 v1  0000000f 0x00000001 00000001 00000001 00000001 
core   1: 0x80000138 (0x5e02c0d7) vmv.v.x v1, x5
core   1: 3 0x80000138 (0x5e02c0d7) c8_vstart 0x00000000 e32 m1 l4 v1  0000000f 0x00000001 00000001 00000001 00000001 
core   2: 0x80000138 (0x5e02c0d7) vmv.v.x v1, x5
core   2: 3 0x80000138 (0x5e02c0d7) c8_vstart 0x00000000 e32 m1 l4 v1  0000000f 0x00000001 00000001 00000001 00000001 
core   3: 0x80000138 (0x5e02c0d7) vmv.v.x v1, x5
core   3: 3 0x80000138 (0x5e02c0d7) c8_vstart 0x00000000 e32 m1 l4 v1  0000000f 0x00000001 00000001 00000001 00000001 
core   4: 0x80000138 (0x5e02c0d7) vmv.v.x v1, x5
core   4: 3 0x80000138 (0x5e02c0d7) c8_vstart 0x00000000 e32 m1 l4 v1  0000000f 0x00000001 00000001 00000001 00000001 
core   5: 0x80000138 (0x5e02c0d7) vmv.v.x v1, x5
core   5: 3 0x80000138 (0x5e02c0d7) c8_vstart 0x00000000 e32 m1 l4 v1  0000000f 0x00000001 00000001 00000001 00000001 
core   6: 0x80000138 (0x5e02c0d7) vmv.v.x v1, x5
core   6: 3 0x80000138 (0x5e02c0d7) c8_vstart 0x00000000 e32 m1 l4 v1  0000000f 0x00000001 00000001 00000001 00000001 
core   7: 0x80000138 (0x5e02c0d7) vmv.v.x v1, x5
core   7: 3 0x80000138 (0x5e02c0d7) c8_vstart 0x00000000 e32 m1 l4 v1  0000000f 0x00000001 00000001 00000001 00000001 
core   8: 0x80000138 (0x5e02c0d7) vmv.v.x v1, x5
core   8: 3 0x80000138 (0x5e02c0d7) c8_vstart 0x00000000 e32 m1 l4 v1  0000000f 0x00000001 00000001 00000001 00000001 
core   9: 0x80000138 (0x5e02c0d7) vmv.v.x v1, x5
core   9: 3 0x80000138 (0x5e02c0d7) c8_vstart 0x00000000 e32 m1 l4 v1  0000000f 0x00000001 00000001 00000001 00000001 
core  10: 0x80000138 (0x5e02c0d7) vmv.v.x v1, x5
core  10: 3 0x80000138 (0x5e02c0d7) c8_vstart 0x00000000 e32 m1 l4 v1  0000000f 0x00000001 00000001 00000001 00000001 
core  11: 0x80000138 (0x5e02c0d7) vmv.v.x v1, x5
core  11: 3 0x80000138 (0x5e02c0d7) c8_vstart 0x00000000 e32 m1 l4 v1  0000000f 0x00000001 00000001 00000001 00000001 
core  12: 0x80000138 (0x5e02c0d7) vmv.v.x v1, x5
core  12: 3 0x80000138 (0x5e02c0d7) c8_vstart 0x00000000 e32 m1 l4 v1  0000000f 0x00000001 00000001 00000001 00000001 
core  13: 0x80000138 (0x5e02c0d7) vmv.v.x v1, x5
core  13: 3 0x80000138 (0x5e02c0d7) c8_vstart 0x00000000 e32 m1 l4 v1  0000000f 0x00000001 00000001 00000001 00000001 
core  14: 0x80000138 (0x5e02c0d7) vmv.v.x v1, x5
core  14: 3 0x80000138 (0x5e02c0d7) c8_vstart 0x00000000 e32 m1 l4 v1  0000000f 0x00000001 00000001 00000001 00000001 
core  15: 0x80000138 (0x5e02c0d7) vmv.v.x v1, x5
core  15: 3 0x80000138 (0x5e02c0d7) c8_vstart 0x00000000 e32 m1 l4 v1  0000000f 0x00000001 00000001 00000001 00000001 
core   0: 0x8000013c (0x00000317) auipc   x6, 0x0
core   0: 3 0x8000013c (0x00000317) x6  0x8000013c
core   1: 0x8000013c (0x00000317) auipc   x6, 0x0
core   1: 3 0x8000013c (0x00000317) x6  0x8000013c
core   2: 0x8000013c (0x00000317) auipc   x6, 0x0
core   2: 3 0x8000013c (0x00000317) x6  0x8000013c
core   3: 0x8000013c (0x00000317) auipc   x6, 0x0
core   3: 3 0x8000013c (0x00000317) x6  0x8000013c
core   4: 0x8000013c (0x00000317) auipc   x6, 0x0
core   4: 3 0x8000013c (0x00000317) x6  0x8000013c
core   5: 0x8000013c (0x00000317) auipc   x6, 0x0
core   5: 3 0x8000013c (0x00000317) x6  0x8000013c
core   6: 0x8000013c (0x00000317) auipc   x6, 0x0
core   6: 3 0x8000013c (0x00000317) x6  0x8000013c
core   7: 0x8000013c (0x00000317) auipc   x6, 0x0
core   7: 3 0x8000013c (0x00000317) x6  0x8000013c
core   8: 0x8000013c (0x00000317) auipc   x6, 0x0
core   8: 3 0x8000013c (0x00000317) x6  0x8000013c
core   9: 0x8000013c (0x00000317) auipc   x6, 0x0
core   9: 3 0x8000013c (0x00000317) x6  0x8000013c
core  10: 0x8000013c (0x00000317) auipc   x6, 0x0
core  10: 3 0x8000013c (0x00000317) x6  0x8000013c
core  11: 0x8000013c (0x00000317) auipc   x6, 0x0
core  11: 3 0x8000013c (0x00000317) x6  0x8000013c
core  12: 0x8000013c (0x00000317) auipc   x6, 0x0
core  12: 3 0x8000013c (0x00000317) x6  0x8000013c
core  13: 0x8000013c (0x00000317) auipc   x6, 0x0
core  13: 3 0x8000013c (0x00000317) x6  0x8000013c
core  14: 0x8000013c (0x00000317) auipc   x6, 0x0
core  14: 3 0x8000013c (0x00000317) x6  0x8000013c
core  15: 0x8000013c (0x00000317) auipc   x6, 0x0
core  15: 3 0x8000013c (0x00000317) x6  0x8000013c
core   0: 0x80000140 (0x0383305b) setrpc  x0, x6, 56
core   0: 3 0x80000140 (0x0383305b) c2060_rpc 0x80000174 current mask:	0000000f current npc:	80000134 stack size: 0
core   1: 0x80000140 (0x0383305b) setrpc  x0, x6, 56
core   1: 3 0x80000140 (0x0383305b) c2060_rpc 0x80000174 current mask:	0000000f current npc:	80000134 stack size: 0
core   2: 0x80000140 (0x0383305b) setrpc  x0, x6, 56
core   2: 3 0x80000140 (0x0383305b) c2060_rpc 0x80000174 current mask:	0000000f current npc:	80000134 stack size: 0
core   3: 0x80000140 (0x0383305b) setrpc  x0, x6, 56
core   3: 3 0x80000140 (0x0383305b) c2060_rpc 0x80000174 current mask:	0000000f current npc:	80000134 stack size: 0
core   4: 0x80000140 (0x0383305b) setrpc  x0, x6, 56
core   4: 3 0x80000140 (0x0383305b) c2060_rpc 0x80000174 current mask:	0000000f current npc:	80000134 stack size: 0
core   5: 0x80000140 (0x0383305b) setrpc  x0, x6, 56
core   5: 3 0x80000140 (0x0383305b) c2060_rpc 0x80000174 current mask:	0000000f current npc:	80000134 stack size: 0
core   6: 0x80000140 (0x0383305b) setrpc  x0, x6, 56
core   6: 3 0x80000140 (0x0383305b) c2060_rpc 0x80000174 current mask:	0000000f current npc:	80000134 stack size: 0
core   7: 0x80000140 (0x0383305b) setrpc  x0, x6, 56
core   7: 3 0x80000140 (0x0383305b) c2060_rpc 0x80000174 current mask:	0000000f current npc:	80000134 stack size: 0
core   8: 0x80000140 (0x0383305b) setrpc  x0, x6, 56
core   8: 3 0x80000140 (0x0383305b) c2060_rpc 0x80000174 current mask:	0000000f current npc:	80000134 stack size: 0
core   9: 0x80000140 (0x0383305b) setrpc  x0, x6, 56
core   9: 3 0x80000140 (0x0383305b) c2060_rpc 0x80000174 current mask:	0000000f current npc:	80000134 stack size: 0
core  10: 0x80000140 (0x0383305b) setrpc  x0, x6, 56
core  10: 3 0x80000140 (0x0383305b) c2060_rpc 0x80000174 current mask:	0000000f current npc:	80000134 stack size: 0
core  11: 0x80000140 (0x0383305b) setrpc  x0, x6, 56
core  11: 3 0x80000140 (0x0383305b) c2060_rpc 0x80000174 current mask:	0000000f current npc:	80000134 stack size: 0
core  12: 0x80000140 (0x0383305b) setrpc  x0, x6, 56
core  12: 3 0x80000140 (0x0383305b) c2060_rpc 0x80000174 current mask:	0000000f current npc:	80000134 stack size: 0
core  13: 0x80000140 (0x0383305b) setrpc  x0, x6, 56
core  13: 3 0x80000140 (0x0383305b) c2060_rpc 0x80000174 current mask:	0000000f current npc:	80000134 stack size: 0
core  14: 0x80000140 (0x0383305b) setrpc  x0, x6, 56
core  14: 3 0x80000140 (0x0383305b) c2060_rpc 0x80000174 current mask:	0000000f current npc:	80000134 stack size: 0
core  15: 0x80000140 (0x0383305b) setrpc  x0, x6, 56
core  15: 3 0x80000140 (0x0383305b) c2060_rpc 0x80000174 current mask:	0000000f current npc:	80000134 stack size: 0
core   0: 0x80000144 (0x0200825b) vbeq    v0, v1, pc + 36
core   0: 3 0x80000144 (0x0200825b) c8_vstart 0x00000000 e32 m1 l4 current mask:	0000000f current npc:	80000148 stack size: 0
core   1: 0x80000144 (0x0200825b) vbeq    v0, v1, pc + 36
core   1: 3 0x80000144 (0x0200825b) c8_vstart 0x00000000 e32 m1 l4 current mask:	0000000f current npc:	80000148 stack size: 0
core   2: 0x80000144 (0x0200825b) vbeq    v0, v1, pc + 36
core   2: 3 0x80000144 (0x0200825b) c8_vstart 0x00000000 e32 m1 l4 current mask:	0000000f current npc:	80000148 stack size: 0
core   3: 0x80000144 (0x0200825b) vbeq    v0, v1, pc + 36
core   3: 3 0x80000144 (0x0200825b) c8_vstart 0x00000000 e32 m1 l4 current mask:	0000000f current npc:	80000148 stack size: 0
core   4: 0x80000144 (0x0200825b) vbeq    v0, v1, pc + 36
core   4: 3 0x80000144 (0x0200825b) c8_vstart 0x00000000 e32 m1 l4 current mask:	0000000f current npc:	80000148 stack size: 0
core   5: 0x80000144 (0x0200825b) vbeq    v0, v1, pc + 36
core   5: 3 0x80000144 (0x0200825b) c8_vstart 0x00000000 e32 m1 l4 current mask:	0000000f current npc:	80000148 stack size: 0
core   6: 0x80000144 (0x0200825b) vbeq    v0, v1, pc + 36
core   6: 3 0x80000144 (0x0200825b) c8_vstart 0x00000000 e32 m1 l4 current mask:	0000000f current npc:	80000148 stack size: 0
core   7: 0x80000144 (0x0200825b) vbeq    v0, v1, pc + 36
core   7: 3 0x80000144 (0x0200825b) c8_vstart 0x00000000 e32 m1 l4 current mask:	0000000f current npc:	80000148 stack size: 0
core   8: 0x80000144 (0x0200825b) vbeq    v0, v1, pc + 36
core   8: 3 0x80000144 (0x0200825b) c8_vstart 0x00000000 e32 m1 l4 current mask:	0000000f current npc:	80000148 stack size: 0
core   9: 0x80000144 (0x0200825b) vbeq    v0, v1, pc + 36
core   9: 3 0x80000144 (0x0200825b) c8_vstart 0x00000000 e32 m1 l4 current mask:	0000000f current npc:	80000148 stack size: 0
core  10: 0x80000144 (0x0200825b) vbeq    v0, v1, pc + 36
core  10: 3 0x80000144 (0x0200825b) c8_vstart 0x00000000 e32 m1 l4 current mask:	0000000f current npc:	80000148 stack size: 0
core  11: 0x80000144 (0x0200825b) vbeq    v0, v1, pc + 36
core  11: 3 0x80000144 (0x0200825b) c8_vstart 0x00000000 e32 m1 l4 current mask:	0000000f current npc:	80000148 stack size: 0
core  12: 0x80000144 (0x0200825b) vbeq    v0, v1, pc + 36
core  12: 3 0x80000144 (0x0200825b) c8_vstart 0x00000000 e32 m1 l4 current mask:	0000000f current npc:	80000148 stack size: 0
core  13: 0x80000144 (0x0200825b) vbeq    v0, v1, pc + 36
core  13: 3 0x80000144 (0x0200825b) c8_vstart 0x00000000 e32 m1 l4 current mask:	0000000f current npc:	80000148 stack size: 0
core  14: 0x80000144 (0x0200825b) vbeq    v0, v1, pc + 36
core  14: 3 0x80000144 (0x0200825b) c8_vstart 0x00000000 e32 m1 l4 current mask:	0000000f current npc:	80000148 stack size: 0
core  15: 0x80000144 (0x0200825b) vbeq    v0, v1, pc + 36
core  15: 3 0x80000144 (0x0200825b) c8_vstart 0x00000000 e32 m1 l4 current mask:	0000000f current npc:	80000148 stack size: 0
core   0: 0x80000148 (0x5e0040d7) vmv.v.x v1, x0
core   0: 3 0x80000148 (0x5e0040d7) c8_vstart 0x00000000 e32 m1 l4 v1  0000000f 0x00000000 00000000 00000000 00000000 
core   1: 0x80000148 (0x5e0040d7) vmv.v.x v1, x0
core   1: 3 0x80000148 (0x5e0040d7) c8_vstart 0x00000000 e32 m1 l4 v1  0000000f 0x00000000 00000000 00000000 00000000 
core   2: 0x80000148 (0x5e0040d7) vmv.v.x v1, x0
core   2: 3 0x80000148 (0x5e0040d7) c8_vstart 0x00000000 e32 m1 l4 v1  0000000f 0x00000000 00000000 00000000 00000000 
core   3: 0x80000148 (0x5e0040d7) vmv.v.x v1, x0
core   3: 3 0x80000148 (0x5e0040d7) c8_vstart 0x00000000 e32 m1 l4 v1  0000000f 0x00000000 00000000 00000000 00000000 
core   4: 0x80000148 (0x5e0040d7) vmv.v.x v1, x0
core   4: 3 0x80000148 (0x5e0040d7) c8_vstart 0x00000000 e32 m1 l4 v1  0000000f 0x00000000 00000000 00000000 00000000 
core   5: 0x80000148 (0x5e0040d7) vmv.v.x v1, x0
core   5: 3 0x80000148 (0x5e0040d7) c8_vstart 0x00000000 e32 m1 l4 v1  0000000f 0x00000000 00000000 00000000 00000000 
core   6: 0x80000148 (0x5e0040d7) vmv.v.x v1, x0
core   6: 3 0x80000148 (0x5e0040d7) c8_vstart 0x00000000 e32 m1 l4 v1  0000000f 0x00000000 00000000 00000000 00000000 
core   7: 0x80000148 (0x5e0040d7) vmv.v.x v1, x0
core   7: 3 0x80000148 (0x5e0040d7) c8_vstart 0x00000000 e32 m1 l4 v1  0000000f 0x00000000 00000000 00000000 00000000 
core   8: 0x80000148 (0x5e0040d7) vmv.v.x v1, x0
core   8: 3 0x80000148 (0x5e0040d7) c8_vstart 0x00000000 e32 m1 l4 v1  0000000f 0x00000000 00000000 00000000 00000000 
core   9: 0x80000148 (0x5e0040d7) vmv.v.x v1, x0
core   9: 3 0x80000148 (0x5e0040d7) c8_vstart 0x00000000 e32 m1 l4 v1  0000000f 0x00000000 00000000 00000000 00000000 
core  10: 0x80000148 (0x5e0040d7) vmv.v.x v1, x0
core  10: 3 0x80000148 (0x5e0040d7) c8_vstart 0x00000000 e32 m1 l4 v1  0000000f 0x00000000 00000000 00000000 00000000 
core  11: 0x80000148 (0x5e0040d7) vmv.v.x v1, x0
core  11: 3 0x80000148 (0x5e0040d7) c8_vstart 0x00000000 e32 m1 l4 v1  0000000f 0x00000000 00000000 00000000 00000000 
core  12: 0x80000148 (0x5e0040d7) vmv.v.x v1, x0
core  12: 3 0x80000148 (0x5e0040d7) c8_vstart 0x00000000 e32 m1 l4 v1  0000000f 0x00000000 00000000 00000000 00000000 
core  13: 0x80000148 (0x5e0040d7) vmv.v.x v1, x0
core  13: 3 0x80000148 (0x5e0040d7) c8_vstart 0x00000000 e32 m1 l4 v1  0000000f 0x00000000 00000000 00000000 00000000 
core  14: 0x80000148 (0x5e0040d7) vmv.v.x v1, x0
core  14: 3 0x80000148 (0x5e0040d7) c8_vstart 0x00000000 e32 m1 l4 v1  0000000f 0x00000000 00000000 00000000 00000000 
core  15: 0x80000148 (0x5e0040d7) vmv.v.x v1, x0
core  15: 3 0x80000148 (0x5e0040d7) c8_vstart 0x00000000 e32 m1 l4 v1  0000000f 0x00000000 00000000 00000000 00000000 
core   0: 0x8000014c (0x00000317) auipc   x6, 0x0
core   0: 3 0x8000014c (0x00000317) x6  0x8000014c
core   1: 0x8000014c (0x00000317) auipc   x6, 0x0
core   1: 3 0x8000014c (0x00000317) x6  0x8000014c
core   2: 0x8000014c (0x00000317) auipc   x6, 0x0
core   2: 3 0x8000014c (0x00000317) x6  0x8000014c
core   3: 0x8000014c (0x00000317) auipc   x6, 0x0
core   3: 3 0x8000014c (0x00000317) x6  0x8000014c
core   4: 0x8000014c (0x00000317) auipc   x6, 0x0
core   4: 3 0x8000014c (0x00000317) x6  0x8000014c
core   5: 0x8000014c (0x00000317) auipc   x6, 0x0
core   5: 3 0x8000014c (0x00000317) x6  0x8000014c
core   6: 0x8000014c (0x00000317) auipc   x6, 0x0
core   6: 3 0x8000014c (0x00000317) x6  0x8000014c
core   7: 0x8000014c (0x00000317) auipc   x6, 0x0
core   7: 3 0x8000014c (0x00000317) x6  0x8000014c
core   8: 0x8000014c (0x00000317) auipc   x6, 0x0
core   8: 3 0x8000014c (0x00000317) x6  0x8000014c
core   9: 0x8000014c (0x00000317) auipc   x6, 0x0
core   9: 3 0x8000014c (0x00000317) x6  0x8000014c
core  10: 0x8000014c (0x00000317) auipc   x6, 0x0
core  10: 3 0x8000014c (0x00000317) x6  0x8000014c
core  11: 0x8000014c (0x00000317) auipc   x6, 0x0
core  11: 3 0x8000014c (0x00000317) x6  0x8000014c
core  12: 0x8000014c (0x00000317) auipc   x6, 0x0
core  12: 3 0x8000014c (0x00000317) x6  0x8000014c
core  13: 0x8000014c (0x00000317) auipc   x6, 0x0
core  13: 3 0x8000014c (0x00000317) x6  0x8000014c
core  14: 0x8000014c (0x00000317) auipc   x6, 0x0
core  14: 3 0x8000014c (0x00000317) x6  0x8000014c
core  15: 0x8000014c (0x00000317) auipc   x6, 0x0
core  15: 3 0x8000014c (0x00000317) x6  0x8000014c
core   0: 0x80000150 (0x0283305b) setrpc  x0, x6, 40
core   0: 3 0x80000150 (0x0283305b) c2060_rpc 0x80000174 current mask:	0000000f current npc:	80000148 stack size: 0
core   1: 0x80000150 (0x0283305b) setrpc  x0, x6, 40
core   1: 3 0x80000150 (0x0283305b) c2060_rpc 0x80000174 current mask:	0000000f current npc:	80000148 stack size: 0
core   2: 0x80000150 (0x0283305b) setrpc  x0, x6, 40
core   2: 3 0x80000150 (0x0283305b) c2060_rpc 0x80000174 current mask:	0000000f current npc:	80000148 stack size: 0
core   3: 0x80000150 (0x0283305b) setrpc  x0, x6, 40
core   3: 3 0x80000150 (0x0283305b) c2060_rpc 0x80000174 current mask:	0000000f current npc:	80000148 stack size: 0
core   4: 0x80000150 (0x0283305b) setrpc  x0, x6, 40
core   4: 3 0x80000150 (0x0283305b) c2060_rpc 0x80000174 current mask:	0000000f current npc:	80000148 stack size: 0
core   5: 0x80000150 (0x0283305b) setrpc  x0, x6, 40
core   5: 3 0x80000150 (0x0283305b) c2060_rpc 0x80000174 current mask:	0000000f current npc:	80000148 stack size: 0
core   6: 0x80000150 (0x0283305b) setrpc  x0, x6, 40
core   6: 3 0x80000150 (0x0283305b) c2060_rpc 0x80000174 current mask:	0000000f current npc:	80000148 stack size: 0
core   7: 0x80000150 (0x0283305b) setrpc  x0, x6, 40
core   7: 3 0x80000150 (0x0283305b) c2060_rpc 0x80000174 current mask:	0000000f current npc:	80000148 stack size: 0
core   8: 0x80000150 (0x0283305b) setrpc  x0, x6, 40
core   8: 3 0x80000150 (0x0283305b) c2060_rpc 0x80000174 current mask:	0000000f current npc:	80000148 stack size: 0
core   9: 0x80000150 (0x0283305b) setrpc  x0, x6, 40
core   9: 3 0x80000150 (0x0283305b) c2060_rpc 0x80000174 current mask:	0000000f current npc:	80000148 stack size: 0
core  10: 0x80000150 (0x0283305b) setrpc  x0, x6, 40
core  10: 3 0x80000150 (0x0283305b) c2060_rpc 0x80000174 current mask:	0000000f current npc:	80000148 stack size: 0
core  11: 0x80000150 (0x0283305b) setrpc  x0, x6, 40
core  11: 3 0x80000150 (0x0283305b) c2060_rpc 0x80000174 current mask:	0000000f current npc:	80000148 stack size: 0
core  12: 0x80000150 (0x0283305b) setrpc  x0, x6, 40
core  12: 3 0x80000150 (0x0283305b) c2060_rpc 0x80000174 current mask:	0000000f current npc:	80000148 stack size: 0
core  13: 0x80000150 (0x0283305b) setrpc  x0, x6, 40
core  13: 3 0x80000150 (0x0283305b) c2060_rpc 0x80000174 current mask:	0000000f current npc:	80000148 stack size: 0
core  14: 0x80000150 (0x0283305b) setrpc  x0, x6, 40
core  14: 3 0x80000150 (0x0283305b) c2060_rpc 0x80000174 current mask:	0000000f current npc:	80000148 stack size: 0
core  15: 0x80000150 (0x0283305b) setrpc  x0, x6, 40
core  15: 3 0x80000150 (0x0283305b) c2060_rpc 0x80000174 current mask:	0000000f current npc:	80000148 stack size: 0
core   0: 0x80000154 (0x00009e5b) vbne    v0, v1, pc + 28
core   0: 3 0x80000154 (0x00009e5b) c8_vstart 0x00000000 e32 m1 l4 current mask:	0000000f current npc:	80000158 stack size: 0
core   1: 0x80000154 (0x00009e5b) vbne    v0, v1, pc + 28
core   1: 3 0x80000154 (0x00009e5b) c8_vstart 0x00000000 e32 m1 l4 current mask:	0000000f current npc:	80000158 stack size: 0
core   2: 0x80000154 (0x00009e5b) vbne    v0, v1, pc + 28
core   2: 3 0x80000154 (0x00009e5b) c8_vstart 0x00000000 e32 m1 l4 current mask:	0000000f current npc:	80000158 stack size: 0
core   3: 0x80000154 (0x00009e5b) vbne    v0, v1, pc + 28
core   3: 3 0x80000154 (0x00009e5b) c8_vstart 0x00000000 e32 m1 l4 current mask:	0000000f current npc:	80000158 stack size: 0
core   4: 0x80000154 (0x00009e5b) vbne    v0, v1, pc + 28
core   4: 3 0x80000154 (0x00009e5b) c8_vstart 0x00000000 e32 m1 l4 current mask:	0000000f current npc:	80000158 stack size: 0
core   5: 0x80000154 (0x00009e5b) vbne    v0, v1, pc + 28
core   5: 3 0x80000154 (0x00009e5b) c8_vstart 0x00000000 e32 m1 l4 current mask:	0000000f current npc:	80000158 stack size: 0
core   6: 0x80000154 (0x00009e5b) vbne    v0, v1, pc + 28
core   6: 3 0x80000154 (0x00009e5b) c8_vstart 0x00000000 e32 m1 l4 current mask:	0000000f current npc:	80000158 stack size: 0
core   7: 0x80000154 (0x00009e5b) vbne    v0, v1, pc + 28
core   7: 3 0x80000154 (0x00009e5b) c8_vstart 0x00000000 e32 m1 l4 current mask:	0000000f current npc:	80000158 stack size: 0
core   8: 0x80000154 (0x00009e5b) vbne    v0, v1, pc + 28
core   8: 3 0x80000154 (0x00009e5b) c8_vstart 0x00000000 e32 m1 l4 current mask:	0000000f current npc:	80000158 stack size: 0
core   9: 0x80000154 (0x00009e5b) vbne    v0, v1, pc + 28
core   9: 3 0x80000154 (0x00009e5b) c8_vstart 0x00000000 e32 m1 l4 current mask:	0000000f current npc:	80000158 stack size: 0
core  10: 0x80000154 (0x00009e5b) vbne    v0, v1, pc + 28
core  10: 3 0x80000154 (0x00009e5b) c8_vstart 0x00000000 e32 m1 l4 current mask:	0000000f current npc:	80000158 stack size: 0
core  11: 0x80000154 (0x00009e5b) vbne    v0, v1, pc + 28
core  11: 3 0x80000154 (0x00009e5b) c8_vstart 0x00000000 e32 m1 l4 current mask:	0000000f current npc:	80000158 stack size: 0
core  12: 0x80000154 (0x00009e5b) vbne    v0, v1, pc + 28
core  12: 3 0x80000154 (0x00009e5b) c8_vstart 0x00000000 e32 m1 l4 current mask:	0000000f current npc:	80000158 stack size: 0
core  13: 0x80000154 (0x00009e5b) vbne    v0, v1, pc + 28
core  13: 3 0x80000154 (0x00009e5b) c8_vstart 0x00000000 e32 m1 l4 current mask:	0000000f current npc:	80000158 stack size: 0
core  14: 0x80000154 (0x00009e5b) vbne    v0, v1, pc + 28
core  14: 3 0x80000154 (0x00009e5b) c8_vstart 0x00000000 e32 m1 l4 current mask:	0000000f current npc:	80000158 stack size: 0
core  15: 0x80000154 (0x00009e5b) vbne    v0, v1, pc + 28
core  15: 3 0x80000154 (0x00009e5b) c8_vstart 0x00000000 e32 m1 l4 current mask:	0000000f current npc:	80000158 stack size: 0
core   0: 0x80000158 (0x1a0000ef) jal     pc + 0x1a0
core   0: 3 0x80000158 (0x1a0000ef) x1  0x8000015c
core   1: 0x80000158 (0x1a0000ef) jal     pc + 0x1a0
core   1: 3 0x80000158 (0x1a0000ef) x1  0x8000015c
core   2: 0x80000158 (0x1a0000ef) jal     pc + 0x1a0
core   2: 3 0x80000158 (0x1a0000ef) x1  0x8000015c
core   3: 0x80000158 (0x1a0000ef) jal     pc + 0x1a0
core   3: 3 0x80000158 (0x1a0000ef) x1  0x8000015c
core   4: 0x80000158 (0x1a0000ef) jal     pc + 0x1a0
core   4: 3 0x80000158 (0x1a0000ef) x1  0x8000015c
core   5: 0x80000158 (0x1a0000ef) jal     pc + 0x1a0
core   5: 3 0x80000158 (0x1a0000ef) x1  0x8000015c
core   6: 0x80000158 (0x1a0000ef) jal     pc + 0x1a0
core   6: 3 0x80000158 (0x1a0000ef) x1  0x8000015c
core   7: 0x80000158 (0x1a0000ef) jal     pc + 0x1a0
core   7: 3 0x80000158 (0x1a0000ef) x1  0x8000015c
core   8: 0x80000158 (0x1a0000ef) jal     pc + 0x1a0
core   8: 3 0x80000158 (0x1a0000ef) x1  0x8000015c
core   9: 0x80000158 (0x1a0000ef) jal     pc + 0x1a0
core   9: 3 0x80000158 (0x1a0000ef) x1  0x8000015c
core  10: 0x80000158 (0x1a0000ef) jal     pc + 0x1a0
core  10: 3 0x80000158 (0x1a0000ef) x1  0x8000015c
core  11: 0x80000158 (0x1a0000ef) jal     pc + 0x1a0
core  11: 3 0x80000158 (0x1a0000ef) x1  0x8000015c
core  12: 0x80000158 (0x1a0000ef) jal     pc + 0x1a0
core  12: 3 0x80000158 (0x1a0000ef) x1  0x8000015c
core  13: 0x80000158 (0x1a0000ef) jal     pc + 0x1a0
core  13: 3 0x80000158 (0x1a0000ef) x1  0x8000015c
core  14: 0x80000158 (0x1a0000ef) jal     pc + 0x1a0
core  14: 3 0x80000158 (0x1a0000ef) x1  0x8000015c
core  15: 0x80000158 (0x1a0000ef) jal     pc + 0x1a0
core  15: 3 0x80000158 (0x1a0000ef) x1  0x8000015c
core   0: 0x800002f8 (0x00410113) addi    x2, x2, 4
core   0: 3 0x800002f8 (0x00410113) x2  0x70000018
core   1: 0x800002f8 (0x00410113) addi    x2, x2, 4
core   1: 3 0x800002f8 (0x00410113) x2  0x70000418
core   2: 0x800002f8 (0x00410113) addi    x2, x2, 4
core   2: 3 0x800002f8 (0x00410113) x2  0x70000818
core   3: 0x800002f8 (0x00410113) addi    x2, x2, 4
core   3: 3 0x800002f8 (0x00410113) x2  0x70000c18
core   4: 0x800002f8 (0x00410113) addi    x2, x2, 4
core   4: 3 0x800002f8 (0x00410113) x2  0x70001018
core   5: 0x800002f8 (0x00410113) addi    x2, x2, 4
core   5: 3 0x800002f8 (0x00410113) x2  0x70001418
core   6: 0x800002f8 (0x00410113) addi    x2, x2, 4
core   6: 3 0x800002f8 (0x00410113) x2  0x70001818
core   7: 0x800002f8 (0x00410113) addi    x2, x2, 4
core   7: 3 0x800002f8 (0x00410113) x2  0x70001c18
core   8: 0x800002f8 (0x00410113) addi    x2, x2, 4
core   8: 3 0x800002f8 (0x00410113) x2  0x70002018
core   9: 0x800002f8 (0x00410113) addi    x2, x2, 4
core   9: 3 0x800002f8 (0x00410113) x2  0x70002418
core  10: 0x800002f8 (0x00410113) addi    x2, x2, 4
core  10: 3 0x800002f8 (0x00410113) x2  0x70002818
core  11: 0x800002f8 (0x00410113) addi    x2, x2, 4
core  11: 3 0x800002f8 (0x00410113) x2  0x70002c18
core  12: 0x800002f8 (0x00410113) addi    x2, x2, 4
core  12: 3 0x800002f8 (0x00410113) x2  0x70003018
core  13: 0x800002f8 (0x00410113) addi    x2, x2, 4
core  13: 3 0x800002f8 (0x00410113) x2  0x70003418
core  14: 0x800002f8 (0x00410113) addi    x2, x2, 4
core  14: 3 0x800002f8 (0x00410113) x2  0x70003818
core  15: 0x800002f8 (0x00410113) addi    x2, x2, 4
core  15: 3 0x800002f8 (0x00410113) x2  0x70003c18
core   0: 0x800002fc (0xfe112e23) sw      x1, -4(x2)
core   0: 3 0x800002fc (0xfe112e23) mem 0x70000014 0x8000015c
core   1: 0x800002fc (0xfe112e23) sw      x1, -4(x2)
core   1: 3 0x800002fc (0xfe112e23) mem 0x70000414 0x8000015c
core   2: 0x800002fc (0xfe112e23) sw      x1, -4(x2)
core   2: 3 0x800002fc (0xfe112e23) mem 0x70000814 0x8000015c
core   3: 0x800002fc (0xfe112e23) sw      x1, -4(x2)
core   3: 3 0x800002fc (0xfe112e23) mem 0x70000c14 0x8000015c
core   4: 0x800002fc (0xfe112e23) sw      x1, -4(x2)
core   4: 3 0x800002fc (0xfe112e23) mem 0x70001014 0x8000015c
core   5: 0x800002fc (0xfe112e23) sw      x1, -4(x2)
core   5: 3 0x800002fc (0xfe112e23) mem 0x70001414 0x8000015c
core   6: 0x800002fc (0xfe112e23) sw      x1, -4(x2)
core   6: 3 0x800002fc (0xfe112e23) mem 0x70001814 0x8000015c
core   7: 0x800002fc (0xfe112e23) sw      x1, -4(x2)
core   7: 3 0x800002fc (0xfe112e23) mem 0x70001c14 0x8000015c
core   8: 0x800002fc (0xfe112e23) sw      x1, -4(x2)
core   8: 3 0x800002fc (0xfe112e23) mem 0x70002014 0x8000015c
core   9: 0x800002fc (0xfe112e23) sw      x1, -4(x2)
core   9: 3 0x800002fc (0xfe112e23) mem 0x70002414 0x8000015c
core  10: 0x800002fc (0xfe112e23) sw      x1, -4(x2)
core  10: 3 0x800002fc (0xfe112e23) mem 0x70002814 0x8000015c
core  11: 0x800002fc (0xfe112e23) sw      x1, -4(x2)
core  11: 3 0x800002fc (0xfe112e23) mem 0x70002c14 0x8000015c
core  12: 0x800002fc (0xfe112e23) sw      x1, -4(x2)
core  12: 3 0x800002fc (0xfe112e23) mem 0x70003014 0x8000015c
core  13: 0x800002fc (0xfe112e23) sw      x1, -4(x2)
core  13: 3 0x800002fc (0xfe112e23) mem 0x70003414 0x8000015c
core  14: 0x800002fc (0xfe112e23) sw      x1, -4(x2)
core  14: 3 0x800002fc (0xfe112e23) mem 0x70003814 0x8000015c
core  15: 0x800002fc (0xfe112e23) sw      x1, -4(x2)
core  15: 3 0x800002fc (0xfe112e23) mem 0x70003c14 0x8000015c
core   0: 0x80000300 (0xf1dff0ef) jal     pc - 0xe4
core   0: 3 0x80000300 (0xf1dff0ef) x1  0x80000304
core   1: 0x80000300 (0xf1dff0ef) jal     pc - 0xe4
core   1: 3 0x80000300 (0xf1dff0ef) x1  0x80000304
core   2: 0x80000300 (0xf1dff0ef) jal     pc - 0xe4
core   2: 3 0x80000300 (0xf1dff0ef) x1  0x80000304
core   3: 0x80000300 (0xf1dff0ef) jal     pc - 0xe4
core   3: 3 0x80000300 (0xf1dff0ef) x1  0x80000304
core   4: 0x80000300 (0xf1dff0ef) jal     pc - 0xe4
core   4: 3 0x80000300 (0xf1dff0ef) x1  0x80000304
core   5: 0x80000300 (0xf1dff0ef) jal     pc - 0xe4
core   5: 3 0x80000300 (0xf1dff0ef) x1  0x80000304
core   6: 0x80000300 (0xf1dff0ef) jal     pc - 0xe4
core   6: 3 0x80000300 (0xf1dff0ef) x1  0x80000304
core   7: 0x80000300 (0xf1dff0ef) jal     pc - 0xe4
core   7: 3 0x80000300 (0xf1dff0ef) x1  0x80000304
core   8: 0x80000300 (0xf1dff0ef) jal     pc - 0xe4
core   8: 3 0x80000300 (0xf1dff0ef) x1  0x80000304
core   9: 0x80000300 (0xf1dff0ef) jal     pc - 0xe4
core   9: 3 0x80000300 (0xf1dff0ef) x1  0x80000304
core  10: 0x80000300 (0xf1dff0ef) jal     pc - 0xe4
core  10: 3 0x80000300 (0xf1dff0ef) x1  0x80000304
core  11: 0x80000300 (0xf1dff0ef) jal     pc - 0xe4
core  11: 3 0x80000300 (0xf1dff0ef) x1  0x80000304
core  12: 0x80000300 (0xf1dff0ef) jal     pc - 0xe4
core  12: 3 0x80000300 (0xf1dff0ef) x1  0x80000304
core  13: 0x80000300 (0xf1dff0ef) jal     pc - 0xe4
core  13: 3 0x80000300 (0xf1dff0ef) x1  0x80000304
core  14: 0x80000300 (0xf1dff0ef) jal     pc - 0xe4
core  14: 3 0x80000300 (0xf1dff0ef) x1  0x80000304
core  15: 0x80000300 (0xf1dff0ef) jal     pc - 0xe4
core  15: 3 0x80000300 (0xf1dff0ef) x1  0x80000304
core   0: 0x8000021c (0x00410113) addi    x2, x2, 4
core   0: 3 0x8000021c (0x00410113) x2  0x7000001c
core   1: 0x8000021c (0x00410113) addi    x2, x2, 4
core   1: 3 0x8000021c (0x00410113) x2  0x7000041c
core   2: 0x8000021c (0x00410113) addi    x2, x2, 4
core   2: 3 0x8000021c (0x00410113) x2  0x7000081c
core   3: 0x8000021c (0x00410113) addi    x2, x2, 4
core   3: 3 0x8000021c (0x00410113) x2  0x70000c1c
core   4: 0x8000021c (0x00410113) addi    x2, x2, 4
core   4: 3 0x8000021c (0x00410113) x2  0x7000101c
core   5: 0x8000021c (0x00410113) addi    x2, x2, 4
core   5: 3 0x8000021c (0x00410113) x2  0x7000141c
core   6: 0x8000021c (0x00410113) addi    x2, x2, 4
core   6: 3 0x8000021c (0x00410113) x2  0x7000181c
core   7: 0x8000021c (0x00410113) addi    x2, x2, 4
core   7: 3 0x8000021c (0x00410113) x2  0x70001c1c
core   8: 0x8000021c (0x00410113) addi    x2, x2, 4
core   8: 3 0x8000021c (0x00410113) x2  0x7000201c
core   9: 0x8000021c (0x00410113) addi    x2, x2, 4
core   9: 3 0x8000021c (0x00410113) x2  0x7000241c
core  10: 0x8000021c (0x00410113) addi    x2, x2, 4
core  10: 3 0x8000021c (0x00410113) x2  0x7000281c
core  11: 0x8000021c (0x00410113) addi    x2, x2, 4
core  11: 3 0x8000021c (0x00410113) x2  0x70002c1c
core  12: 0x8000021c (0x00410113) addi    x2, x2, 4
core  12: 3 0x8000021c (0x00410113) x2  0x7000301c
core  13: 0x8000021c (0x00410113) addi    x2, x2, 4
core  13: 3 0x8000021c (0x00410113) x2  0x7000341c
core  14: 0x8000021c (0x00410113) addi    x2, x2, 4
core  14: 3 0x8000021c (0x00410113) x2  0x7000381c
core  15: 0x8000021c (0x00410113) addi    x2, x2, 4
core  15: 3 0x8000021c (0x00410113) x2  0x70003c1c
core   0: 0x80000220 (0xfe112e23) sw      x1, -4(x2)
core   0: 3 0x80000220 (0xfe112e23) mem 0x70000018 0x80000304
core   1: 0x80000220 (0xfe112e23) sw      x1, -4(x2)
core   1: 3 0x80000220 (0xfe112e23) mem 0x70000418 0x80000304
core   2: 0x80000220 (0xfe112e23) sw      x1, -4(x2)
core   2: 3 0x80000220 (0xfe112e23) mem 0x70000818 0x80000304
core   3: 0x80000220 (0xfe112e23) sw      x1, -4(x2)
core   3: 3 0x80000220 (0xfe112e23) mem 0x70000c18 0x80000304
core   4: 0x80000220 (0xfe112e23) sw      x1, -4(x2)
core   4: 3 0x80000220 (0xfe112e23) mem 0x70001018 0x80000304
core   5: 0x80000220 (0xfe112e23) sw      x1, -4(x2)
core   5: 3 0x80000220 (0xfe112e23) mem 0x70001418 0x80000304
core   6: 0x80000220 (0xfe112e23) sw      x1, -4(x2)
core   6: 3 0x80000220 (0xfe112e23) mem 0x70001818 0x80000304
core   7: 0x80000220 (0xfe112e23) sw      x1, -4(x2)
core   7: 3 0x80000220 (0xfe112e23) mem 0x70001c18 0x80000304
core   8: 0x80000220 (0xfe112e23) sw      x1, -4(x2)
core   8: 3 0x80000220 (0xfe112e23) mem 0x70002018 0x80000304
core   9: 0x80000220 (0xfe112e23) sw      x1, -4(x2)
core   9: 3 0x80000220 (0xfe112e23) mem 0x70002418 0x80000304
core  10: 0x80000220 (0xfe112e23) sw      x1, -4(x2)
core  10: 3 0x80000220 (0xfe112e23) mem 0x70002818 0x80000304
core  11: 0x80000220 (0xfe112e23) sw      x1, -4(x2)
core  11: 3 0x80000220 (0xfe112e23) mem 0x70002c18 0x80000304
core  12: 0x80000220 (0xfe112e23) sw      x1, -4(x2)
core  12: 3 0x80000220 (0xfe112e23) mem 0x70003018 0x80000304
core  13: 0x80000220 (0xfe112e23) sw      x1, -4(x2)
core  13: 3 0x80000220 (0xfe112e23) mem 0x70003418 0x80000304
core  14: 0x80000220 (0xfe112e23) sw      x1, -4(x2)
core  14: 3 0x80000220 (0xfe112e23) mem 0x70003818 0x80000304
core  15: 0x80000220 (0xfe112e23) sw      x1, -4(x2)
core  15: 3 0x80000220 (0xfe112e23) mem 0x70003c18 0x80000304
core   0: 0x80000224 (0x80302573) csrr    x10, knl
core   0: 3 0x80000224 (0x80302573) x10 0x90043000
core   1: 0x80000224 (0x80302573) csrr    x10, knl
core   1: 3 0x80000224 (0x80302573) x10 0x90043000
core   2: 0x80000224 (0x80302573) csrr    x10, knl
core   2: 3 0x80000224 (0x80302573) x10 0x90043000
core   3: 0x80000224 (0x80302573) csrr    x10, knl
core   3: 3 0x80000224 (0x80302573) x10 0x90043000
core   4: 0x80000224 (0x80302573) csrr    x10, knl
core   4: 3 0x80000224 (0x80302573) x10 0x90043000
core   5: 0x80000224 (0x80302573) csrr    x10, knl
core   5: 3 0x80000224 (0x80302573) x10 0x90043000
core   6: 0x80000224 (0x80302573) csrr    x10, knl
core   6: 3 0x80000224 (0x80302573) x10 0x90043000
core   7: 0x80000224 (0x80302573) csrr    x10, knl
core   7: 3 0x80000224 (0x80302573) x10 0x90043000
core   8: 0x80000224 (0x80302573) csrr    x10, knl
core   8: 3 0x80000224 (0x80302573) x10 0x90043000
core   9: 0x80000224 (0x80302573) csrr    x10, knl
core   9: 3 0x80000224 (0x80302573) x10 0x90043000
core  10: 0x80000224 (0x80302573) csrr    x10, knl
core  10: 3 0x80000224 (0x80302573) x10 0x90043000
core  11: 0x80000224 (0x80302573) csrr    x10, knl
core  11: 3 0x80000224 (0x80302573) x10 0x90043000
core  12: 0x80000224 (0x80302573) csrr    x10, knl
core  12: 3 0x80000224 (0x80302573) x10 0x90043000
core  13: 0x80000224 (0x80302573) csrr    x10, knl
core  13: 3 0x80000224 (0x80302573) x10 0x90043000
core  14: 0x80000224 (0x80302573) csrr    x10, knl
core  14: 3 0x80000224 (0x80302573) x10 0x90043000
core  15: 0x80000224 (0x80302573) csrr    x10, knl
core  15: 3 0x80000224 (0x80302573) x10 0x90043000
core   0: 0x80000228 (0x00852283) lw      x5, 8(x10)
core   0: 3 0x80000228 (0x00852283) x5  0x00000001 mem 0x90043008
core   1: 0x80000228 (0x00852283) lw      x5, 8(x10)
core   1: 3 0x80000228 (0x00852283) x5  0x00000001 mem 0x90043008
core   2: 0x80000228 (0x00852283) lw      x5, 8(x10)
core   2: 3 0x80000228 (0x00852283) x5  0x00000001 mem 0x90043008
core   3: 0x80000228 (0x00852283) lw      x5, 8(x10)
core   3: 3 0x80000228 (0x00852283) x5  0x00000001 mem 0x90043008
core   4: 0x80000228 (0x00852283) lw      x5, 8(x10)
core   4: 3 0x80000228 (0x00852283) x5  0x00000001 mem 0x90043008
core   5: 0x80000228 (0x00852283) lw      x5, 8(x10)
core   5: 3 0x80000228 (0x00852283) x5  0x00000001 mem 0x90043008
core   6: 0x80000228 (0x00852283) lw      x5, 8(x10)
core   6: 3 0x80000228 (0x00852283) x5  0x00000001 mem 0x90043008
core   7: 0x80000228 (0x00852283) lw      x5, 8(x10)
core   7: 3 0x80000228 (0x00852283) x5  0x00000001 mem 0x90043008
core   8: 0x80000228 (0x00852283) lw      x5, 8(x10)
core   8: 3 0x80000228 (0x00852283) x5  0x00000001 mem 0x90043008
core   9: 0x80000228 (0x00852283) lw      x5, 8(x10)
core   9: 3 0x80000228 (0x00852283) x5  0x00000001 mem 0x90043008
core  10: 0x80000228 (0x00852283) lw      x5, 8(x10)
core  10: 3 0x80000228 (0x00852283) x5  0x00000001 mem 0x90043008
core  11: 0x80000228 (0x00852283) lw      x5, 8(x10)
core  11: 3 0x80000228 (0x00852283) x5  0x00000001 mem 0x90043008
core  12: 0x80000228 (0x00852283) lw      x5, 8(x10)
core  12: 3 0x80000228 (0x00852283) x5  0x00000001 mem 0x90043008
core  13: 0x80000228 (0x00852283) lw      x5, 8(x10)
core  13: 3 0x80000228 (0x00852283) x5  0x00000001 mem 0x90043008
core  14: 0x80000228 (0x00852283) lw      x5, 8(x10)
core  14: 3 0x80000228 (0x00852283) x5  0x00000001 mem 0x90043008
core  15: 0x80000228 (0x00852283) lw      x5, 8(x10)
core  15: 3 0x80000228 (0x00852283) x5  0x00000001 mem 0x90043008
core   0: 0x8000022c (0x80002373) csrr    x6, tid
core   0: 3 0x8000022c (0x80002373) x6  0x00000000
core   1: 0x8000022c (0x80002373) csrr    x6, tid
core   1: 3 0x8000022c (0x80002373) x6  0x00000004
core   2: 0x8000022c (0x80002373) csrr    x6, tid
core   2: 3 0x8000022c (0x80002373) x6  0x00000008
core   3: 0x8000022c (0x80002373) csrr    x6, tid
core   3: 3 0x8000022c (0x80002373) x6  0x0000000c
core   4: 0x8000022c (0x80002373) csrr    x6, tid
core   4: 3 0x8000022c (0x80002373) x6  0x00000010
core   5: 0x8000022c (0x80002373) csrr    x6, tid
core   5: 3 0x8000022c (0x80002373) x6  0x00000014
core   6: 0x8000022c (0x80002373) csrr    x6, tid
core   6: 3 0x8000022c (0x80002373) x6  0x00000018
core   7: 0x8000022c (0x80002373) csrr    x6, tid
core   7: 3 0x8000022c (0x80002373) x6  0x0000001c
core   8: 0x8000022c (0x80002373) csrr    x6, tid
core   8: 3 0x8000022c (0x80002373) x6  0x00000020
core   9: 0x8000022c (0x80002373) csrr    x6, tid
core   9: 3 0x8000022c (0x80002373) x6  0x00000024
core  10: 0x8000022c (0x80002373) csrr    x6, tid
core  10: 3 0x8000022c (0x80002373) x6  0x00000028
core  11: 0x8000022c (0x80002373) csrr    x6, tid
core  11: 3 0x8000022c (0x80002373) x6  0x0000002c
core  12: 0x8000022c (0x80002373) csrr    x6, tid
core  12: 3 0x8000022c (0x80002373) x6  0x00000030
core  13: 0x8000022c (0x80002373) csrr    x6, tid
core  13: 3 0x8000022c (0x80002373) x6  0x00000034
core  14: 0x8000022c (0x80002373) csrr    x6, tid
core  14: 3 0x8000022c (0x80002373) x6  0x00000038
core  15: 0x8000022c (0x80002373) csrr    x6, tid
core  15: 3 0x8000022c (0x80002373) x6  0x0000003c
core   0: 0x80000230 (0x5208a157) vid.v   v2
core   0: 3 0x80000230 (0x5208a157) c8_vstart 0x00000000 e32 m1 l4 v2  0000000f 0x00000003 00000002 00000001 00000000 
core   1: 0x80000230 (0x5208a157) vid.v   v2
core   1: 3 0x80000230 (0x5208a157) c8_vstart 0x00000000 e32 m1 l4 v2  0000000f 0x00000003 00000002 00000001 00000000 
core   2: 0x80000230 (0x5208a157) vid.v   v2
core   2: 3 0x80000230 (0x5208a157) c8_vstart 0x00000000 e32 m1 l4 v2  0000000f 0x00000003 00000002 00000001 00000000 
core   3: 0x80000230 (0x5208a157) vid.v   v2
core   3: 3 0x80000230 (0x5208a157) c8_vstart 0x00000000 e32 m1 l4 v2  0000000f 0x00000003 00000002 00000001 00000000 
core   4: 0x80000230 (0x5208a157) vid.v   v2
core   4: 3 0x80000230 (0x5208a157) c8_vstart 0x00000000 e32 m1 l4 v2  0000000f 0x00000003 00000002 00000001 00000000 
core   5: 0x80000230 (0x5208a157) vid.v   v2
core   5: 3 0x80000230 (0x5208a157) c8_vstart 0x00000000 e32 m1 l4 v2  0000000f 0x00000003 00000002 00000001 00000000 
core   6: 0x80000230 (0x5208a157) vid.v   v2
core   6: 3 0x80000230 (0x5208a157) c8_vstart 0x00000000 e32 m1 l4 v2  0000000f 0x00000003 00000002 00000001 00000000 
core   7: 0x80000230 (0x5208a157) vid.v   v2
core   7: 3 0x80000230 (0x5208a157) c8_vstart 0x00000000 e32 m1 l4 v2  0000000f 0x00000003 00000002 00000001 00000000 
core   8: 0x80000230 (0x5208a157) vid.v   v2
core   8: 3 0x80000230 (0x5208a157) c8_vstart 0x00000000 e32 m1 l4 v2  0000000f 0x00000003 00000002 00000001 00000000 
core   9: 0x80000230 (0x5208a157) vid.v   v2
core   9: 3 0x80000230 (0x5208a157) c8_vstart 0x00000000 e32 m1 l4 v2  0000000f 0x00000003 00000002 00000001 00000000 
core  10: 0x80000230 (0x5208a157) vid.v   v2
core  10: 3 0x80000230 (0x5208a157) c8_vstart 0x00000000 e32 m1 l4 v2  0000000f 0x00000003 00000002 00000001 00000000 
core  11: 0x80000230 (0x5208a157) vid.v   v2
core  11: 3 0x80000230 (0x5208a157) c8_vstart 0x00000000 e32 m1 l4 v2  0000000f 0x00000003 00000002 00000001 00000000 
core  12: 0x80000230 (0x5208a157) vid.v   v2
core  12: 3 0x80000230 (0x5208a157) c8_vstart 0x00000000 e32 m1 l4 v2  0000000f 0x00000003 00000002 00000001 00000000 
core  13: 0x80000230 (0x5208a157) vid.v   v2
core  13: 3 0x80000230 (0x5208a157) c8_vstart 0x00000000 e32 m1 l4 v2  0000000f 0x00000003 00000002 00000001 00000000 
core  14: 0x80000230 (0x5208a157) vid.v   v2
core  14: 3 0x80000230 (0x5208a157) c8_vstart 0x00000000 e32 m1 l4 v2  0000000f 0x00000003 00000002 00000001 00000000 
core  15: 0x80000230 (0x5208a157) vid.v   v2
core  15: 3 0x80000230 (0x5208a157) c8_vstart 0x00000000 e32 m1 l4 v2  0000000f 0x00000003 00000002 00000001 00000000 
core   0: 0x80000234 (0x02234057) vadd.vx v0, v2, x6
core   0: 3 0x80000234 (0x02234057) c8_vstart 0x00000000 e32 m1 l4 v0  0000000f 0x00000003 00000002 00000001 00000000 
core   1: 0x80000234 (0x02234057) vadd.vx v0, v2, x6
core   1: 3 0x80000234 (0x02234057) c8_vstart 0x00000000 e32 m1 l4 v0  0000000f 0x00000007 00000006 00000005 00000004 
core   2: 0x80000234 (0x02234057) vadd.vx v0, v2, x6
core   2: 3 0x80000234 (0x02234057) c8_vstart 0x00000000 e32 m1 l4 v0  0000000f 0x0000000b 0000000a 00000009 00000008 
core   3: 0x80000234 (0x02234057) vadd.vx v0, v2, x6
core   3: 3 0x80000234 (0x02234057) c8_vstart 0x00000000 e32 m1 l4 v0  0000000f 0x0000000f 0000000e 0000000d 0000000c 
core   4: 0x80000234 (0x02234057) vadd.vx v0, v2, x6
core   4: 3 0x80000234 (0x02234057) c8_vstart 0x00000000 e32 m1 l4 v0  0000000f 0x00000013 00000012 00000011 00000010 
core   5: 0x80000234 (0x02234057) vadd.vx v0, v2, x6
core   5: 3 0x80000234 (0x02234057) c8_vstart 0x00000000 e32 m1 l4 v0  0000000f 0x00000017 00000016 00000015 00000014 
core   6: 0x80000234 (0x02234057) vadd.vx v0, v2, x6
core   6: 3 0x80000234 (0x02234057) c8_vstart 0x00000000 e32 m1 l4 v0  0000000f 0x0000001b 0000001a 00000019 00000018 
core   7: 0x80000234 (0x02234057) vadd.vx v0, v2, x6
core   7: 3 0x80000234 (0x02234057) c8_vstart 0x00000000 e32 m1 l4 v0  0000000f 0x0000001f 0000001e 0000001d 0000001c 
core   8: 0x80000234 (0x02234057) vadd.vx v0, v2, x6
core   8: 3 0x80000234 (0x02234057) c8_vstart 0x00000000 e32 m1 l4 v0  0000000f 0x00000023 00000022 00000021 00000020 
core   9: 0x80000234 (0x02234057) vadd.vx v0, v2, x6
core   9: 3 0x80000234 (0x02234057) c8_vstart 0x00000000 e32 m1 l4 v0  0000000f 0x00000027 00000026 00000025 00000024 
core  10: 0x80000234 (0x02234057) vadd.vx v0, v2, x6
core  10: 3 0x80000234 (0x02234057) c8_vstart 0x00000000 e32 m1 l4 v0  0000000f 0x0000002b 0000002a 00000029 00000028 
core  11: 0x80000234 (0x02234057) vadd.vx v0, v2, x6
core  11: 3 0x80000234 (0x02234057) c8_vstart 0x00000000 e32 m1 l4 v0  0000000f 0x0000002f 0000002e 0000002d 0000002c 
core  12: 0x80000234 (0x02234057) vadd.vx v0, v2, x6
core  12: 3 0x80000234 (0x02234057) c8_vstart 0x00000000 e32 m1 l4 v0  0000000f 0x00000033 00000032 00000031 00000030 
core  13: 0x80000234 (0x02234057) vadd.vx v0, v2, x6
core  13: 3 0x80000234 (0x02234057) c8_vstart 0x00000000 e32 m1 l4 v0  0000000f 0x00000037 00000036 00000035 00000034 
core  14: 0x80000234 (0x02234057) vadd.vx v0, v2, x6
core  14: 3 0x80000234 (0x02234057) c8_vstart 0x00000000 e32 m1 l4 v0  0000000f 0x0000003b 0000003a 00000039 00000038 
core  15: 0x80000234 (0x02234057) vadd.vx v0, v2, x6
core  15: 3 0x80000234 (0x02234057) c8_vstart 0x00000000 e32 m1 l4 v0  0000000f 0x0000003f 0000003e 0000003d 0000003c 
core   0: 0x80000238 (0x01852e03) lw      x28, 24(x10)
core   0: 3 0x80000238 (0x01852e03) x28 0x00000040 mem 0x90043018
core   1: 0x80000238 (0x01852e03) lw      x28, 24(x10)
core   1: 3 0x80000238 (0x01852e03) x28 0x00000040 mem 0x90043018
core   2: 0x80000238 (0x01852e03) lw      x28, 24(x10)
core   2: 3 0x80000238 (0x01852e03) x28 0x00000040 mem 0x90043018
core   3: 0x80000238 (0x01852e03) lw      x28, 24(x10)
core   3: 3 0x80000238 (0x01852e03) x28 0x00000040 mem 0x90043018
core   4: 0x80000238 (0x01852e03) lw      x28, 24(x10)
core   4: 3 0x80000238 (0x01852e03) x28 0x00000040 mem 0x90043018
core   5: 0x80000238 (0x01852e03) lw      x28, 24(x10)
core   5: 3 0x80000238 (0x01852e03) x28 0x00000040 mem 0x90043018
core   6: 0x80000238 (0x01852e03) lw      x28, 24(x10)
core   6: 3 0x80000238 (0x01852e03) x28 0x00000040 mem 0x90043018
core   7: 0x80000238 (0x01852e03) lw      x28, 24(x10)
core   7: 3 0x80000238 (0x01852e03) x28 0x00000040 mem 0x90043018
core   8: 0x80000238 (0x01852e03) lw      x28, 24(x10)
core   8: 3 0x80000238 (0x01852e03) x28 0x00000040 mem 0x90043018
core   9: 0x80000238 (0x01852e03) lw      x28, 24(x10)
core   9: 3 0x80000238 (0x01852e03) x28 0x00000040 mem 0x90043018
core  10: 0x80000238 (0x01852e03) lw      x28, 24(x10)
core  10: 3 0x80000238 (0x01852e03) x28 0x00000040 mem 0x90043018
core  11: 0x80000238 (0x01852e03) lw      x28, 24(x10)
core  11: 3 0x80000238 (0x01852e03) x28 0x00000040 mem 0x90043018
core  12: 0x80000238 (0x01852e03) lw      x28, 24(x10)
core  12: 3 0x80000238 (0x01852e03) x28 0x00000040 mem 0x90043018
core  13: 0x80000238 (0x01852e03) lw      x28, 24(x10)
core  13: 3 0x80000238 (0x01852e03) x28 0x00000040 mem 0x90043018
core  14: 0x80000238 (0x01852e03) lw      x28, 24(x10)
core  14: 3 0x80000238 (0x01852e03) x28 0x00000040 mem 0x90043018
core  15: 0x80000238 (0x01852e03) lw      x28, 24(x10)
core  15: 3 0x80000238 (0x01852e03) x28 0x00000040 mem 0x90043018
core   0: 0x8000023c (0x8a0e6057) vremu.vx v0, v0, x28
core   0: 3 0x8000023c (0x8a0e6057) c8_vstart 0x00000000 e32 m1 l4 v0  0000000f 0x00000003 00000002 00000001 00000000 
core   1: 0x8000023c (0x8a0e6057) vremu.vx v0, v0, x28
core   1: 3 0x8000023c (0x8a0e6057) c8_vstart 0x00000000 e32 m1 l4 v0  0000000f 0x00000007 00000006 00000005 00000004 
core   2: 0x8000023c (0x8a0e6057) vremu.vx v0, v0, x28
core   2: 3 0x8000023c (0x8a0e6057) c8_vstart 0x00000000 e32 m1 l4 v0  0000000f 0x0000000b 0000000a 00000009 00000008 
core   3: 0x8000023c (0x8a0e6057) vremu.vx v0, v0, x28
core   3: 3 0x8000023c (0x8a0e6057) c8_vstart 0x00000000 e32 m1 l4 v0  0000000f 0x0000000f 0000000e 0000000d 0000000c 
core   4: 0x8000023c (0x8a0e6057) vremu.vx v0, v0, x28
core   4: 3 0x8000023c (0x8a0e6057) c8_vstart 0x00000000 e32 m1 l4 v0  0000000f 0x00000013 00000012 00000011 00000010 
core   5: 0x8000023c (0x8a0e6057) vremu.vx v0, v0, x28
core   5: 3 0x8000023c (0x8a0e6057) c8_vstart 0x00000000 e32 m1 l4 v0  0000000f 0x00000017 00000016 00000015 00000014 
core   6: 0x8000023c (0x8a0e6057) vremu.vx v0, v0, x28
core   6: 3 0x8000023c (0x8a0e6057) c8_vstart 0x00000000 e32 m1 l4 v0  0000000f 0x0000001b 0000001a 00000019 00000018 
core   7: 0x8000023c (0x8a0e6057) vremu.vx v0, v0, x28
core   7: 3 0x8000023c (0x8a0e6057) c8_vstart 0x00000000 e32 m1 l4 v0  0000000f 0x0000001f 0000001e 0000001d 0000001c 
core   8: 0x8000023c (0x8a0e6057) vremu.vx v0, v0, x28
core   8: 3 0x8000023c (0x8a0e6057) c8_vstart 0x00000000 e32 m1 l4 v0  0000000f 0x00000023 00000022 00000021 00000020 
core   9: 0x8000023c (0x8a0e6057) vremu.vx v0, v0, x28
core   9: 3 0x8000023c (0x8a0e6057) c8_vstart 0x00000000 e32 m1 l4 v0  0000000f 0x00000027 00000026 00000025 00000024 
core  10: 0x8000023c (0x8a0e6057) vremu.vx v0, v0, x28
core  10: 3 0x8000023c (0x8a0e6057) c8_vstart 0x00000000 e32 m1 l4 v0  0000000f 0x0000002b 0000002a 00000029 00000028 
core  11: 0x8000023c (0x8a0e6057) vremu.vx v0, v0, x28
core  11: 3 0x8000023c (0x8a0e6057) c8_vstart 0x00000000 e32 m1 l4 v0  0000000f 0x0000002f 0000002e 0000002d 0000002c 
core  12: 0x8000023c (0x8a0e6057) vremu.vx v0, v0, x28
core  12: 3 0x8000023c (0x8a0e6057) c8_vstart 0x00000000 e32 m1 l4 v0  0000000f 0x00000033 00000032 00000031 00000030 
core  13: 0x8000023c (0x8a0e6057) vremu.vx v0, v0, x28
core  13: 3 0x8000023c (0x8a0e6057) c8_vstart 0x00000000 e32 m1 l4 v0  0000000f 0x00000037 00000036 00000035 00000034 
core  14: 0x8000023c (0x8a0e6057) vremu.vx v0, v0, x28
core  14: 3 0x8000023c (0x8a0e6057) c8_vstart 0x00000000 e32 m1 l4 v0  0000000f 0x0000003b 0000003a 00000039 00000038 
core  15: 0x8000023c (0x8a0e6057) vremu.vx v0, v0, x28
core  15: 3 0x8000023c (0x8a0e6057) c8_vstart 0x00000000 e32 m1 l4 v0  0000000f 0x0000003f 0000003e 0000003d 0000003c 
core   0: 0x80000240 (0xffc12083) lw      x1, -4(x2)
core   0: 3 0x80000240 (0xffc12083) x1  0x80000304 mem 0x70000018
core   1: 0x80000240 (0xffc12083) lw      x1, -4(x2)
core   1: 3 0x80000240 (0xffc12083) x1  0x80000304 mem 0x70000418
core   2: 0x80000240 (0xffc12083) lw      x1, -4(x2)
core   2: 3 0x80000240 (0xffc12083) x1  0x80000304 mem 0x70000818
core   3: 0x80000240 (0xffc12083) lw      x1, -4(x2)
core   3: 3 0x80000240 (0xffc12083) x1  0x80000304 mem 0x70000c18
core   4: 0x80000240 (0xffc12083) lw      x1, -4(x2)
core   4: 3 0x80000240 (0xffc12083) x1  0x80000304 mem 0x70001018
core   5: 0x80000240 (0xffc12083) lw      x1, -4(x2)
core   5: 3 0x80000240 (0xffc12083) x1  0x80000304 mem 0x70001418
core   6: 0x80000240 (0xffc12083) lw      x1, -4(x2)
core   6: 3 0x80000240 (0xffc12083) x1  0x80000304 mem 0x70001818
core   7: 0x80000240 (0xffc12083) lw      x1, -4(x2)
core   7: 3 0x80000240 (0xffc12083) x1  0x80000304 mem 0x70001c18
core   8: 0x80000240 (0xffc12083) lw      x1, -4(x2)
core   8: 3 0x80000240 (0xffc12083) x1  0x80000304 mem 0x70002018
core   9: 0x80000240 (0xffc12083) lw      x1, -4(x2)
core   9: 3 0x80000240 (0xffc12083) x1  0x80000304 mem 0x70002418
core  10: 0x80000240 (0xffc12083) lw      x1, -4(x2)
core  10: 3 0x80000240 (0xffc12083) x1  0x80000304 mem 0x70002818
core  11: 0x80000240 (0xffc12083) lw      x1, -4(x2)
core  11: 3 0x80000240 (0xffc12083) x1  0x80000304 mem 0x70002c18
core  12: 0x80000240 (0xffc12083) lw      x1, -4(x2)
core  12: 3 0x80000240 (0xffc12083) x1  0x80000304 mem 0x70003018
core  13: 0x80000240 (0xffc12083) lw      x1, -4(x2)
core  13: 3 0x80000240 (0xffc12083) x1  0x80000304 mem 0x70003418
core  14: 0x80000240 (0xffc12083) lw      x1, -4(x2)
core  14: 3 0x80000240 (0xffc12083) x1  0x80000304 mem 0x70003818
core  15: 0x80000240 (0xffc12083) lw      x1, -4(x2)
core  15: 3 0x80000240 (0xffc12083) x1  0x80000304 mem 0x70003c18
core   0: 0x80000244 (0xffc10113) addi    x2, x2, -4
core   0: 3 0x80000244 (0xffc10113) x2  0x70000018
core   1: 0x80000244 (0xffc10113) addi    x2, x2, -4
core   1: 3 0x80000244 (0xffc10113) x2  0x70000418
core   2: 0x80000244 (0xffc10113) addi    x2, x2, -4
core   2: 3 0x80000244 (0xffc10113) x2  0x70000818
core   3: 0x80000244 (0xffc10113) addi    x2, x2, -4
core   3: 3 0x80000244 (0xffc10113) x2  0x70000c18
core   4: 0x80000244 (0xffc10113) addi    x2, x2, -4
core   4: 3 0x80000244 (0xffc10113) x2  0x70001018
core   5: 0x80000244 (0xffc10113) addi    x2, x2, -4
core   5: 3 0x80000244 (0xffc10113) x2  0x70001418
core   6: 0x80000244 (0xffc10113) addi    x2, x2, -4
core   6: 3 0x80000244 (0xffc10113) x2  0x70001818
core   7: 0x80000244 (0xffc10113) addi    x2, x2, -4
core   7: 3 0x80000244 (0xffc10113) x2  0x70001c18
core   8: 0x80000244 (0xffc10113) addi    x2, x2, -4
core   8: 3 0x80000244 (0xffc10113) x2  0x70002018
core   9: 0x80000244 (0xffc10113) addi    x2, x2, -4
core   9: 3 0x80000244 (0xffc10113) x2  0x70002418
core  10: 0x80000244 (0xffc10113) addi    x2, x2, -4
core  10: 3 0x80000244 (0xffc10113) x2  0x70002818
core  11: 0x80000244 (0xffc10113) addi    x2, x2, -4
core  11: 3 0x80000244 (0xffc10113) x2  0x70002c18
core  12: 0x80000244 (0xffc10113) addi    x2, x2, -4
core  12: 3 0x80000244 (0xffc10113) x2  0x70003018
core  13: 0x80000244 (0xffc10113) addi    x2, x2, -4
core  13: 3 0x80000244 (0xffc10113) x2  0x70003418
core  14: 0x80000244 (0xffc10113) addi    x2, x2, -4
core  14: 3 0x80000244 (0xffc10113) x2  0x70003818
core  15: 0x80000244 (0xffc10113) addi    x2, x2, -4
core  15: 3 0x80000244 (0xffc10113) x2  0x70003c18
core   0: 0x80000248 (0x00008067) ret
core   0: 3 0x80000248 (0x00008067)
core   1: 0x80000248 (0x00008067) ret
core   1: 3 0x80000248 (0x00008067)
core   2: 0x80000248 (0x00008067) ret
core   2: 3 0x80000248 (0x00008067)
core   3: 0x80000248 (0x00008067) ret
core   3: 3 0x80000248 (0x00008067)
core   4: 0x80000248 (0x00008067) ret
core   4: 3 0x80000248 (0x00008067)
core   5: 0x80000248 (0x00008067) ret
core   5: 3 0x80000248 (0x00008067)
core   6: 0x80000248 (0x00008067) ret
core   6: 3 0x80000248 (0x00008067)
core   7: 0x80000248 (0x00008067) ret
core   7: 3 0x80000248 (0x00008067)
core   8: 0x80000248 (0x00008067) ret
core   8: 3 0x80000248 (0x00008067)
core   9: 0x80000248 (0x00008067) ret
core   9: 3 0x80000248 (0x00008067)
core  10: 0x80000248 (0x00008067) ret
core  10: 3 0x80000248 (0x00008067)
core  11: 0x80000248 (0x00008067) ret
core  11: 3 0x80000248 (0x00008067)
core  12: 0x80000248 (0x00008067) ret
core  12: 3 0x80000248 (0x00008067)
core  13: 0x80000248 (0x00008067) ret
core  13: 3 0x80000248 (0x00008067)
core  14: 0x80000248 (0x00008067) ret
core  14: 3 0x80000248 (0x00008067)
core  15: 0x80000248 (0x00008067) ret
core  15: 3 0x80000248 (0x00008067)
core   0: 0x80000304 (0x80302573) csrr    x10, knl
core   0: 3 0x80000304 (0x80302573) x10 0x90043000
core   1: 0x80000304 (0x80302573) csrr    x10, knl
core   1: 3 0x80000304 (0x80302573) x10 0x90043000
core   2: 0x80000304 (0x80302573) csrr    x10, knl
core   2: 3 0x80000304 (0x80302573) x10 0x90043000
core   3: 0x80000304 (0x80302573) csrr    x10, knl
core   3: 3 0x80000304 (0x80302573) x10 0x90043000
core   4: 0x80000304 (0x80302573) csrr    x10, knl
core   4: 3 0x80000304 (0x80302573) x10 0x90043000
core   5: 0x80000304 (0x80302573) csrr    x10, knl
core   5: 3 0x80000304 (0x80302573) x10 0x90043000
core   6: 0x80000304 (0x80302573) csrr    x10, knl
core   6: 3 0x80000304 (0x80302573) x10 0x90043000
core   7: 0x80000304 (0x80302573) csrr    x10, knl
core   7: 3 0x80000304 (0x80302573) x10 0x90043000
core   8: 0x80000304 (0x80302573) csrr    x10, knl
core   8: 3 0x80000304 (0x80302573) x10 0x90043000
core   9: 0x80000304 (0x80302573) csrr    x10, knl
core   9: 3 0x80000304 (0x80302573) x10 0x90043000
core  10: 0x80000304 (0x80302573) csrr    x10, knl
core  10: 3 0x80000304 (0x80302573) x10 0x90043000
core  11: 0x80000304 (0x80302573) csrr    x10, knl
core  11: 3 0x80000304 (0x80302573) x10 0x90043000
core  12: 0x80000304 (0x80302573) csrr    x10, knl
core  12: 3 0x80000304 (0x80302573) x10 0x90043000
core  13: 0x80000304 (0x80302573) csrr    x10, knl
core  13: 3 0x80000304 (0x80302573) x10 0x90043000
core  14: 0x80000304 (0x80302573) csrr    x10, knl
core  14: 3 0x80000304 (0x80302573) x10 0x90043000
core  15: 0x80000304 (0x80302573) csrr    x10, knl
core  15: 3 0x80000304 (0x80302573) x10 0x90043000
core   0: 0x80000308 (0x80802373) csrr    x6, gidx
core   0: 3 0x80000308 (0x80802373) x6  0x00000000
core   1: 0x80000308 (0x80802373) csrr    x6, gidx
core   1: 3 0x80000308 (0x80802373) x6  0x00000000
core   2: 0x80000308 (0x80802373) csrr    x6, gidx
core   2: 3 0x80000308 (0x80802373) x6  0x00000000
core   3: 0x80000308 (0x80802373) csrr    x6, gidx
core   3: 3 0x80000308 (0x80802373) x6  0x00000000
core   4: 0x80000308 (0x80802373) csrr    x6, gidx
core   4: 3 0x80000308 (0x80802373) x6  0x00000000
core   5: 0x80000308 (0x80802373) csrr    x6, gidx
core   5: 3 0x80000308 (0x80802373) x6  0x00000000
core   6: 0x80000308 (0x80802373) csrr    x6, gidx
core   6: 3 0x80000308 (0x80802373) x6  0x00000000
core   7: 0x80000308 (0x80802373) csrr    x6, gidx
core   7: 3 0x80000308 (0x80802373) x6  0x00000000
core   8: 0x80000308 (0x80802373) csrr    x6, gidx
core   8: 3 0x80000308 (0x80802373) x6  0x00000000
core   9: 0x80000308 (0x80802373) csrr    x6, gidx
core   9: 3 0x80000308 (0x80802373) x6  0x00000000
core  10: 0x80000308 (0x80802373) csrr    x6, gidx
core  10: 3 0x80000308 (0x80802373) x6  0x00000000
core  11: 0x80000308 (0x80802373) csrr    x6, gidx
core  11: 3 0x80000308 (0x80802373) x6  0x00000000
core  12: 0x80000308 (0x80802373) csrr    x6, gidx
core  12: 3 0x80000308 (0x80802373) x6  0x00000000
core  13: 0x80000308 (0x80802373) csrr    x6, gidx
core  13: 3 0x80000308 (0x80802373) x6  0x00000000
core  14: 0x80000308 (0x80802373) csrr    x6, gidx
core  14: 3 0x80000308 (0x80802373) x6  0x00000000
core  15: 0x80000308 (0x80802373) csrr    x6, gidx
core  15: 3 0x80000308 (0x80802373) x6  0x00000000
core   0: 0x8000030c (0x01852e03) lw      x28, 24(x10)
core   0: 3 0x8000030c (0x01852e03) x28 0x00000040 mem 0x90043018
core   1: 0x8000030c (0x01852e03) lw      x28, 24(x10)
core   1: 3 0x8000030c (0x01852e03) x28 0x00000040 mem 0x90043018
core   2: 0x8000030c (0x01852e03) lw      x28, 24(x10)
core   2: 3 0x8000030c (0x01852e03) x28 0x00000040 mem 0x90043018
core   3: 0x8000030c (0x01852e03) lw      x28, 24(x10)
core   3: 3 0x8000030c (0x01852e03) x28 0x00000040 mem 0x90043018
core   4: 0x8000030c (0x01852e03) lw      x28, 24(x10)
core   4: 3 0x8000030c (0x01852e03) x28 0x00000040 mem 0x90043018
core   5: 0x8000030c (0x01852e03) lw      x28, 24(x10)
core   5: 3 0x8000030c (0x01852e03) x28 0x00000040 mem 0x90043018
core   6: 0x8000030c (0x01852e03) lw      x28, 24(x10)
core   6: 3 0x8000030c (0x01852e03) x28 0x00000040 mem 0x90043018
core   7: 0x8000030c (0x01852e03) lw      x28, 24(x10)
core   7: 3 0x8000030c (0x01852e03) x28 0x00000040 mem 0x90043018
core   8: 0x8000030c (0x01852e03) lw      x28, 24(x10)
core   8: 3 0x8000030c (0x01852e03) x28 0x00000040 mem 0x90043018
core   9: 0x8000030c (0x01852e03) lw      x28, 24(x10)
core   9: 3 0x8000030c (0x01852e03) x28 0x00000040 mem 0x90043018
core  10: 0x8000030c (0x01852e03) lw      x28, 24(x10)
core  10: 3 0x8000030c (0x01852e03) x28 0x00000040 mem 0x90043018
core  11: 0x8000030c (0x01852e03) lw      x28, 24(x10)
core  11: 3 0x8000030c (0x01852e03) x28 0x00000040 mem 0x90043018
core  12: 0x8000030c (0x01852e03) lw      x28, 24(x10)
core  12: 3 0x8000030c (0x01852e03) x28 0x00000040 mem 0x90043018
core  13: 0x8000030c (0x01852e03) lw      x28, 24(x10)
core  13: 3 0x8000030c (0x01852e03) x28 0x00000040 mem 0x90043018
core  14: 0x8000030c (0x01852e03) lw      x28, 24(x10)
core  14: 3 0x8000030c (0x01852e03) x28 0x00000040 mem 0x90043018
core  15: 0x8000030c (0x01852e03) lw      x28, 24(x10)
core  15: 3 0x8000030c (0x01852e03) x28 0x00000040 mem 0x90043018
core   0: 0x80000310 (0x02452e83) lw      x29, 36(x10)
core   0: 3 0x80000310 (0x02452e83) x29 0x00000000 mem 0x90043024
core   1: 0x80000310 (0x02452e83) lw      x29, 36(x10)
core   1: 3 0x80000310 (0x02452e83) x29 0x00000000 mem 0x90043024
core   2: 0x80000310 (0x02452e83) lw      x29, 36(x10)
core   2: 3 0x80000310 (0x02452e83) x29 0x00000000 mem 0x90043024
core   3: 0x80000310 (0x02452e83) lw      x29, 36(x10)
core   3: 3 0x80000310 (0x02452e83) x29 0x00000000 mem 0x90043024
core   4: 0x80000310 (0x02452e83) lw      x29, 36(x10)
core   4: 3 0x80000310 (0x02452e83) x29 0x00000000 mem 0x90043024
core   5: 0x80000310 (0x02452e83) lw      x29, 36(x10)
core   5: 3 0x80000310 (0x02452e83) x29 0x00000000 mem 0x90043024
core   6: 0x80000310 (0x02452e83) lw      x29, 36(x10)
core   6: 3 0x80000310 (0x02452e83) x29 0x00000000 mem 0x90043024
core   7: 0x80000310 (0x02452e83) lw      x29, 36(x10)
core   7: 3 0x80000310 (0x02452e83) x29 0x00000000 mem 0x90043024
core   8: 0x80000310 (0x02452e83) lw      x29, 36(x10)
core   8: 3 0x80000310 (0x02452e83) x29 0x00000000 mem 0x90043024
core   9: 0x80000310 (0x02452e83) lw      x29, 36(x10)
core   9: 3 0x80000310 (0x02452e83) x29 0x00000000 mem 0x90043024
core  10: 0x80000310 (0x02452e83) lw      x29, 36(x10)
core  10: 3 0x80000310 (0x02452e83) x29 0x00000000 mem 0x90043024
core  11: 0x80000310 (0x02452e83) lw      x29, 36(x10)
core  11: 3 0x80000310 (0x02452e83) x29 0x00000000 mem 0x90043024
core  12: 0x80000310 (0x02452e83) lw      x29, 36(x10)
core  12: 3 0x80000310 (0x02452e83) x29 0x00000000 mem 0x90043024
core  13: 0x80000310 (0x02452e83) lw      x29, 36(x10)
core  13: 3 0x80000310 (0x02452e83) x29 0x00000000 mem 0x90043024
core  14: 0x80000310 (0x02452e83) lw      x29, 36(x10)
core  14: 3 0x80000310 (0x02452e83) x29 0x00000000 mem 0x90043024
core  15: 0x80000310 (0x02452e83) lw      x29, 36(x10)
core  15: 3 0x80000310 (0x02452e83) x29 0x00000000 mem 0x90043024
core   0: 0x80000314 (0x03c30fb3) mul     x31, x6, x28
core   0: 3 0x80000314 (0x03c30fb3) x31 0x00000000
core   1: 0x80000314 (0x03c30fb3) mul     x31, x6, x28
core   1: 3 0x80000314 (0x03c30fb3) x31 0x00000000
core   2: 0x80000314 (0x03c30fb3) mul     x31, x6, x28
core   2: 3 0x80000314 (0x03c30fb3) x31 0x00000000
core   3: 0x80000314 (0x03c30fb3) mul     x31, x6, x28
core   3: 3 0x80000314 (0x03c30fb3) x31 0x00000000
core   4: 0x80000314 (0x03c30fb3) mul     x31, x6, x28
core   4: 3 0x80000314 (0x03c30fb3) x31 0x00000000
core   5: 0x80000314 (0x03c30fb3) mul     x31, x6, x28
core   5: 3 0x80000314 (0x03c30fb3) x31 0x00000000
core   6: 0x80000314 (0x03c30fb3) mul     x31, x6, x28
core   6: 3 0x80000314 (0x03c30fb3) x31 0x00000000
core   7: 0x80000314 (0x03c30fb3) mul     x31, x6, x28
core   7: 3 0x80000314 (0x03c30fb3) x31 0x00000000
core   8: 0x80000314 (0x03c30fb3) mul     x31, x6, x28
core   8: 3 0x80000314 (0x03c30fb3) x31 0x00000000
core   9: 0x80000314 (0x03c30fb3) mul     x31, x6, x28
core   9: 3 0x80000314 (0x03c30fb3) x31 0x00000000
core  10: 0x80000314 (0x03c30fb3) mul     x31, x6, x28
core  10: 3 0x80000314 (0x03c30fb3) x31 0x00000000
core  11: 0x80000314 (0x03c30fb3) mul     x31, x6, x28
core  11: 3 0x80000314 (0x03c30fb3) x31 0x00000000
core  12: 0x80000314 (0x03c30fb3) mul     x31, x6, x28
core  12: 3 0x80000314 (0x03c30fb3) x31 0x00000000
core  13: 0x80000314 (0x03c30fb3) mul     x31, x6, x28
core  13: 3 0x80000314 (0x03c30fb3) x31 0x00000000
core  14: 0x80000314 (0x03c30fb3) mul     x31, x6, x28
core  14: 3 0x80000314 (0x03c30fb3) x31 0x00000000
core  15: 0x80000314 (0x03c30fb3) mul     x31, x6, x28
core  15: 3 0x80000314 (0x03c30fb3) x31 0x00000000
core   0: 0x80000318 (0x01df8fb3) add     x31, x31, x29
core   0: 3 0x80000318 (0x01df8fb3) x31 0x00000000
core   1: 0x80000318 (0x01df8fb3) add     x31, x31, x29
core   1: 3 0x80000318 (0x01df8fb3) x31 0x00000000
core   2: 0x80000318 (0x01df8fb3) add     x31, x31, x29
core   2: 3 0x80000318 (0x01df8fb3) x31 0x00000000
core   3: 0x80000318 (0x01df8fb3) add     x31, x31, x29
core   3: 3 0x80000318 (0x01df8fb3) x31 0x00000000
core   4: 0x80000318 (0x01df8fb3) add     x31, x31, x29
core   4: 3 0x80000318 (0x01df8fb3) x31 0x00000000
core   5: 0x80000318 (0x01df8fb3) add     x31, x31, x29
core   5: 3 0x80000318 (0x01df8fb3) x31 0x00000000
core   6: 0x80000318 (0x01df8fb3) add     x31, x31, x29
core   6: 3 0x80000318 (0x01df8fb3) x31 0x00000000
core   7: 0x80000318 (0x01df8fb3) add     x31, x31, x29
core   7: 3 0x80000318 (0x01df8fb3) x31 0x00000000
core   8: 0x80000318 (0x01df8fb3) add     x31, x31, x29
core   8: 3 0x80000318 (0x01df8fb3) x31 0x00000000
core   9: 0x80000318 (0x01df8fb3) add     x31, x31, x29
core   9: 3 0x80000318 (0x01df8fb3) x31 0x00000000
core  10: 0x80000318 (0x01df8fb3) add     x31, x31, x29
core  10: 3 0x80000318 (0x01df8fb3) x31 0x00000000
core  11: 0x80000318 (0x01df8fb3) add     x31, x31, x29
core  11: 3 0x80000318 (0x01df8fb3) x31 0x00000000
core  12: 0x80000318 (0x01df8fb3) add     x31, x31, x29
core  12: 3 0x80000318 (0x01df8fb3) x31 0x00000000
core  13: 0x80000318 (0x01df8fb3) add     x31, x31, x29
core  13: 3 0x80000318 (0x01df8fb3) x31 0x00000000
core  14: 0x80000318 (0x01df8fb3) add     x31, x31, x29
core  14: 3 0x80000318 (0x01df8fb3) x31 0x00000000
core  15: 0x80000318 (0x01df8fb3) add     x31, x31, x29
core  15: 3 0x80000318 (0x01df8fb3) x31 0x00000000
core   0: 0x8000031c (0x020fc057) vadd.vx v0, v0, x31
core   0: 3 0x8000031c (0x020fc057) c8_vstart 0x00000000 e32 m1 l4 v0  0000000f 0x00000003 00000002 00000001 00000000 
core   1: 0x8000031c (0x020fc057) vadd.vx v0, v0, x31
core   1: 3 0x8000031c (0x020fc057) c8_vstart 0x00000000 e32 m1 l4 v0  0000000f 0x00000007 00000006 00000005 00000004 
core   2: 0x8000031c (0x020fc057) vadd.vx v0, v0, x31
core   2: 3 0x8000031c (0x020fc057) c8_vstart 0x00000000 e32 m1 l4 v0  0000000f 0x0000000b 0000000a 00000009 00000008 
core   3: 0x8000031c (0x020fc057) vadd.vx v0, v0, x31
core   3: 3 0x8000031c (0x020fc057) c8_vstart 0x00000000 e32 m1 l4 v0  0000000f 0x0000000f 0000000e 0000000d 0000000c 
core   4: 0x8000031c (0x020fc057) vadd.vx v0, v0, x31
core   4: 3 0x8000031c (0x020fc057) c8_vstart 0x00000000 e32 m1 l4 v0  0000000f 0x00000013 00000012 00000011 00000010 
core   5: 0x8000031c (0x020fc057) vadd.vx v0, v0, x31
core   5: 3 0x8000031c (0x020fc057) c8_vstart 0x00000000 e32 m1 l4 v0  0000000f 0x00000017 00000016 00000015 00000014 
core   6: 0x8000031c (0x020fc057) vadd.vx v0, v0, x31
core   6: 3 0x8000031c (0x020fc057) c8_vstart 0x00000000 e32 m1 l4 v0  0000000f 0x0000001b 0000001a 00000019 00000018 
core   7: 0x8000031c (0x020fc057) vadd.vx v0, v0, x31
core   7: 3 0x8000031c (0x020fc057) c8_vstart 0x00000000 e32 m1 l4 v0  0000000f 0x0000001f 0000001e 0000001d 0000001c 
core   8: 0x8000031c (0x020fc057) vadd.vx v0, v0, x31
core   8: 3 0x8000031c (0x020fc057) c8_vstart 0x00000000 e32 m1 l4 v0  0000000f 0x00000023 00000022 00000021 00000020 
core   9: 0x8000031c (0x020fc057) vadd.vx v0, v0, x31
core   9: 3 0x8000031c (0x020fc057) c8_vstart 0x00000000 e32 m1 l4 v0  0000000f 0x00000027 00000026 00000025 00000024 
core  10: 0x8000031c (0x020fc057) vadd.vx v0, v0, x31
core  10: 3 0x8000031c (0x020fc057) c8_vstart 0x00000000 e32 m1 l4 v0  0000000f 0x0000002b 0000002a 00000029 00000028 
core  11: 0x8000031c (0x020fc057) vadd.vx v0, v0, x31
core  11: 3 0x8000031c (0x020fc057) c8_vstart 0x00000000 e32 m1 l4 v0  0000000f 0x0000002f 0000002e 0000002d 0000002c 
core  12: 0x8000031c (0x020fc057) vadd.vx v0, v0, x31
core  12: 3 0x8000031c (0x020fc057) c8_vstart 0x00000000 e32 m1 l4 v0  0000000f 0x00000033 00000032 00000031 00000030 
core  13: 0x8000031c (0x020fc057) vadd.vx v0, v0, x31
core  13: 3 0x8000031c (0x020fc057) c8_vstart 0x00000000 e32 m1 l4 v0  0000000f 0x00000037 00000036 00000035 00000034 
core  14: 0x8000031c (0x020fc057) vadd.vx v0, v0, x31
core  14: 3 0x8000031c (0x020fc057) c8_vstart 0x00000000 e32 m1 l4 v0  0000000f 0x0000003b 0000003a 00000039 00000038 
core  15: 0x8000031c (0x020fc057) vadd.vx v0, v0, x31
core  15: 3 0x8000031c (0x020fc057) c8_vstart 0x00000000 e32 m1 l4 v0  0000000f 0x0000003f 0000003e 0000003d 0000003c 
core   0: 0x80000320 (0xffc12083) lw      x1, -4(x2)
core   0: 3 0x80000320 (0xffc12083) x1  0x8000015c mem 0x70000014
core   1: 0x80000320 (0xffc12083) lw      x1, -4(x2)
core   1: 3 0x80000320 (0xffc12083) x1  0x8000015c mem 0x70000414
core   2: 0x80000320 (0xffc12083) lw      x1, -4(x2)
core   2: 3 0x80000320 (0xffc12083) x1  0x8000015c mem 0x70000814
core   3: 0x80000320 (0xffc12083) lw      x1, -4(x2)
core   3: 3 0x80000320 (0xffc12083) x1  0x8000015c mem 0x70000c14
core   4: 0x80000320 (0xffc12083) lw      x1, -4(x2)
core   4: 3 0x80000320 (0xffc12083) x1  0x8000015c mem 0x70001014
core   5: 0x80000320 (0xffc12083) lw      x1, -4(x2)
core   5: 3 0x80000320 (0xffc12083) x1  0x8000015c mem 0x70001414
core   6: 0x80000320 (0xffc12083) lw      x1, -4(x2)
core   6: 3 0x80000320 (0xffc12083) x1  0x8000015c mem 0x70001814
core   7: 0x80000320 (0xffc12083) lw      x1, -4(x2)
core   7: 3 0x80000320 (0xffc12083) x1  0x8000015c mem 0x70001c14
core   8: 0x80000320 (0xffc12083) lw      x1, -4(x2)
core   8: 3 0x80000320 (0xffc12083) x1  0x8000015c mem 0x70002014
core   9: 0x80000320 (0xffc12083) lw      x1, -4(x2)
core   9: 3 0x80000320 (0xffc12083) x1  0x8000015c mem 0x70002414
core  10: 0x80000320 (0xffc12083) lw      x1, -4(x2)
core  10: 3 0x80000320 (0xffc12083) x1  0x8000015c mem 0x70002814
core  11: 0x80000320 (0xffc12083) lw      x1, -4(x2)
core  11: 3 0x80000320 (0xffc12083) x1  0x8000015c mem 0x70002c14
core  12: 0x80000320 (0xffc12083) lw      x1, -4(x2)
core  12: 3 0x80000320 (0xffc12083) x1  0x8000015c mem 0x70003014
core  13: 0x80000320 (0xffc12083) lw      x1, -4(x2)
core  13: 3 0x80000320 (0xffc12083) x1  0x8000015c mem 0x70003414
core  14: 0x80000320 (0xffc12083) lw      x1, -4(x2)
core  14: 3 0x80000320 (0xffc12083) x1  0x8000015c mem 0x70003814
core  15: 0x80000320 (0xffc12083) lw      x1, -4(x2)
core  15: 3 0x80000320 (0xffc12083) x1  0x8000015c mem 0x70003c14
core   0: 0x80000324 (0xffc10113) addi    x2, x2, -4
core   0: 3 0x80000324 (0xffc10113) x2  0x70000014
core   1: 0x80000324 (0xffc10113) addi    x2, x2, -4
core   1: 3 0x80000324 (0xffc10113) x2  0x70000414
core   2: 0x80000324 (0xffc10113) addi    x2, x2, -4
core   2: 3 0x80000324 (0xffc10113) x2  0x70000814
core   3: 0x80000324 (0xffc10113) addi    x2, x2, -4
core   3: 3 0x80000324 (0xffc10113) x2  0x70000c14
core   4: 0x80000324 (0xffc10113) addi    x2, x2, -4
core   4: 3 0x80000324 (0xffc10113) x2  0x70001014
core   5: 0x80000324 (0xffc10113) addi    x2, x2, -4
core   5: 3 0x80000324 (0xffc10113) x2  0x70001414
core   6: 0x80000324 (0xffc10113) addi    x2, x2, -4
core   6: 3 0x80000324 (0xffc10113) x2  0x70001814
core   7: 0x80000324 (0xffc10113) addi    x2, x2, -4
core   7: 3 0x80000324 (0xffc10113) x2  0x70001c14
core   8: 0x80000324 (0xffc10113) addi    x2, x2, -4
core   8: 3 0x80000324 (0xffc10113) x2  0x70002014
core   9: 0x80000324 (0xffc10113) addi    x2, x2, -4
core   9: 3 0x80000324 (0xffc10113) x2  0x70002414
core  10: 0x80000324 (0xffc10113) addi    x2, x2, -4
core  10: 3 0x80000324 (0xffc10113) x2  0x70002814
core  11: 0x80000324 (0xffc10113) addi    x2, x2, -4
core  11: 3 0x80000324 (0xffc10113) x2  0x70002c14
core  12: 0x80000324 (0xffc10113) addi    x2, x2, -4
core  12: 3 0x80000324 (0xffc10113) x2  0x70003014
core  13: 0x80000324 (0xffc10113) addi    x2, x2, -4
core  13: 3 0x80000324 (0xffc10113) x2  0x70003414
core  14: 0x80000324 (0xffc10113) addi    x2, x2, -4
core  14: 3 0x80000324 (0xffc10113) x2  0x70003814
core  15: 0x80000324 (0xffc10113) addi    x2, x2, -4
core  15: 3 0x80000324 (0xffc10113) x2  0x70003c14
core   0: 0x80000328 (0x00008067) ret
core   0: 3 0x80000328 (0x00008067)
core   1: 0x80000328 (0x00008067) ret
core   1: 3 0x80000328 (0x00008067)
core   2: 0x80000328 (0x00008067) ret
core   2: 3 0x80000328 (0x00008067)
core   3: 0x80000328 (0x00008067) ret
core   3: 3 0x80000328 (0x00008067)
core   4: 0x80000328 (0x00008067) ret
core   4: 3 0x80000328 (0x00008067)
core   5: 0x80000328 (0x00008067) ret
core   5: 3 0x80000328 (0x00008067)
core   6: 0x80000328 (0x00008067) ret
core   6: 3 0x80000328 (0x00008067)
core   7: 0x80000328 (0x00008067) ret
core   7: 3 0x80000328 (0x00008067)
core   8: 0x80000328 (0x00008067) ret
core   8: 3 0x80000328 (0x00008067)
core   9: 0x80000328 (0x00008067) ret
core   9: 3 0x80000328 (0x00008067)
core  10: 0x80000328 (0x00008067) ret
core  10: 3 0x80000328 (0x00008067)
core  11: 0x80000328 (0x00008067) ret
core  11: 3 0x80000328 (0x00008067)
core  12: 0x80000328 (0x00008067) ret
core  12: 3 0x80000328 (0x00008067)
core  13: 0x80000328 (0x00008067) ret
core  13: 3 0x80000328 (0x00008067)
core  14: 0x80000328 (0x00008067) ret
core  14: 3 0x80000328 (0x00008067)
core  15: 0x80000328 (0x00008067) ret
core  15: 3 0x80000328 (0x00008067)
core   0: 0x8000015c (0x0180006f) j       pc + 0x18
core   0: 3 0x8000015c (0x0180006f)
core   1: 0x8000015c (0x0180006f) j       pc + 0x18
core   1: 3 0x8000015c (0x0180006f)
core   2: 0x8000015c (0x0180006f) j       pc + 0x18
core   2: 3 0x8000015c (0x0180006f)
core   3: 0x8000015c (0x0180006f) j       pc + 0x18
core   3: 3 0x8000015c (0x0180006f)
core   4: 0x8000015c (0x0180006f) j       pc + 0x18
core   4: 3 0x8000015c (0x0180006f)
core   5: 0x8000015c (0x0180006f) j       pc + 0x18
core   5: 3 0x8000015c (0x0180006f)
core   6: 0x8000015c (0x0180006f) j       pc + 0x18
core   6: 3 0x8000015c (0x0180006f)
core   7: 0x8000015c (0x0180006f) j       pc + 0x18
core   7: 3 0x8000015c (0x0180006f)
core   8: 0x8000015c (0x0180006f) j       pc + 0x18
core   8: 3 0x8000015c (0x0180006f)
core   9: 0x8000015c (0x0180006f) j       pc + 0x18
core   9: 3 0x8000015c (0x0180006f)
core  10: 0x8000015c (0x0180006f) j       pc + 0x18
core  10: 3 0x8000015c (0x0180006f)
core  11: 0x8000015c (0x0180006f) j       pc + 0x18
core  11: 3 0x8000015c (0x0180006f)
core  12: 0x8000015c (0x0180006f) j       pc + 0x18
core  12: 3 0x8000015c (0x0180006f)
core  13: 0x8000015c (0x0180006f) j       pc + 0x18
core  13: 3 0x8000015c (0x0180006f)
core  14: 0x8000015c (0x0180006f) j       pc + 0x18
core  14: 3 0x8000015c (0x0180006f)
core  15: 0x8000015c (0x0180006f) j       pc + 0x18
core  15: 3 0x8000015c (0x0180006f)
core   0: 0x80000174 (0x0000205b) join    v0, v0, pc + 0
core   0: 3 0x80000174 (0x0000205b) current mask:	0000000f current npc:	80000158 stack size: 0
core   1: 0x80000174 (0x0000205b) join    v0, v0, pc + 0
core   1: 3 0x80000174 (0x0000205b) current mask:	0000000f current npc:	80000158 stack size: 0
core   2: 0x80000174 (0x0000205b) join    v0, v0, pc + 0
core   2: 3 0x80000174 (0x0000205b) current mask:	0000000f current npc:	80000158 stack size: 0
core   3: 0x80000174 (0x0000205b) join    v0, v0, pc + 0
core   3: 3 0x80000174 (0x0000205b) current mask:	0000000f current npc:	80000158 stack size: 0
core   4: 0x80000174 (0x0000205b) join    v0, v0, pc + 0
core   4: 3 0x80000174 (0x0000205b) current mask:	0000000f current npc:	80000158 stack size: 0
core   5: 0x80000174 (0x0000205b) join    v0, v0, pc + 0
core   5: 3 0x80000174 (0x0000205b) current mask:	0000000f current npc:	80000158 stack size: 0
core   6: 0x80000174 (0x0000205b) join    v0, v0, pc + 0
core   6: 3 0x80000174 (0x0000205b) current mask:	0000000f current npc:	80000158 stack size: 0
core   7: 0x80000174 (0x0000205b) join    v0, v0, pc + 0
core   7: 3 0x80000174 (0x0000205b) current mask:	0000000f current npc:	80000158 stack size: 0
core   8: 0x80000174 (0x0000205b) join    v0, v0, pc + 0
core   8: 3 0x80000174 (0x0000205b) current mask:	0000000f current npc:	80000158 stack size: 0
core   9: 0x80000174 (0x0000205b) join    v0, v0, pc + 0
core   9: 3 0x80000174 (0x0000205b) current mask:	0000000f current npc:	80000158 stack size: 0
core  10: 0x80000174 (0x0000205b) join    v0, v0, pc + 0
core  10: 3 0x80000174 (0x0000205b) current mask:	0000000f current npc:	80000158 stack size: 0
core  11: 0x80000174 (0x0000205b) join    v0, v0, pc + 0
core  11: 3 0x80000174 (0x0000205b) current mask:	0000000f current npc:	80000158 stack size: 0
core  12: 0x80000174 (0x0000205b) join    v0, v0, pc + 0
core  12: 3 0x80000174 (0x0000205b) current mask:	0000000f current npc:	80000158 stack size: 0
core  13: 0x80000174 (0x0000205b) join    v0, v0, pc + 0
core  13: 3 0x80000174 (0x0000205b) current mask:	0000000f current npc:	80000158 stack size: 0
core  14: 0x80000174 (0x0000205b) join    v0, v0, pc + 0
core  14: 3 0x80000174 (0x0000205b) current mask:	0000000f current npc:	80000158 stack size: 0
core  15: 0x80000174 (0x0000205b) join    v0, v0, pc + 0
core  15: 3 0x80000174 (0x0000205b) current mask:	0000000f current npc:	80000158 stack size: 0
core   0: 0x80000178 (0xffc12083) lw      x1, -4(x2)
core   0: 3 0x80000178 (0xffc12083) x1  0x800000e0 mem 0x70000010
core   1: 0x80000178 (0xffc12083) lw      x1, -4(x2)
core   1: 3 0x80000178 (0xffc12083) x1  0x800000e0 mem 0x70000410
core   2: 0x80000178 (0xffc12083) lw      x1, -4(x2)
core   2: 3 0x80000178 (0xffc12083) x1  0x800000e0 mem 0x70000810
core   3: 0x80000178 (0xffc12083) lw      x1, -4(x2)
core   3: 3 0x80000178 (0xffc12083) x1  0x800000e0 mem 0x70000c10
core   4: 0x80000178 (0xffc12083) lw      x1, -4(x2)
core   4: 3 0x80000178 (0xffc12083) x1  0x800000e0 mem 0x70001010
core   5: 0x80000178 (0xffc12083) lw      x1, -4(x2)
core   5: 3 0x80000178 (0xffc12083) x1  0x800000e0 mem 0x70001410
core   6: 0x80000178 (0xffc12083) lw      x1, -4(x2)
core   6: 3 0x80000178 (0xffc12083) x1  0x800000e0 mem 0x70001810
core   7: 0x80000178 (0xffc12083) lw      x1, -4(x2)
core   7: 3 0x80000178 (0xffc12083) x1  0x800000e0 mem 0x70001c10
core   8: 0x80000178 (0xffc12083) lw      x1, -4(x2)
core   8: 3 0x80000178 (0xffc12083) x1  0x800000e0 mem 0x70002010
core   9: 0x80000178 (0xffc12083) lw      x1, -4(x2)
core   9: 3 0x80000178 (0xffc12083) x1  0x800000e0 mem 0x70002410
core  10: 0x80000178 (0xffc12083) lw      x1, -4(x2)
core  10: 3 0x80000178 (0xffc12083) x1  0x800000e0 mem 0x70002810
core  11: 0x80000178 (0xffc12083) lw      x1, -4(x2)
core  11: 3 0x80000178 (0xffc12083) x1  0x800000e0 mem 0x70002c10
core  12: 0x80000178 (0xffc12083) lw      x1, -4(x2)
core  12: 3 0x80000178 (0xffc12083) x1  0x800000e0 mem 0x70003010
core  13: 0x80000178 (0xffc12083) lw      x1, -4(x2)
core  13: 3 0x80000178 (0xffc12083) x1  0x800000e0 mem 0x70003410
core  14: 0x80000178 (0xffc12083) lw      x1, -4(x2)
core  14: 3 0x80000178 (0xffc12083) x1  0x800000e0 mem 0x70003810
core  15: 0x80000178 (0xffc12083) lw      x1, -4(x2)
core  15: 3 0x80000178 (0xffc12083) x1  0x800000e0 mem 0x70003c10
core   0: 0x8000017c (0xffc10113) addi    x2, x2, -4
core   0: 3 0x8000017c (0xffc10113) x2  0x70000010
core   1: 0x8000017c (0xffc10113) addi    x2, x2, -4
core   1: 3 0x8000017c (0xffc10113) x2  0x70000410
core   2: 0x8000017c (0xffc10113) addi    x2, x2, -4
core   2: 3 0x8000017c (0xffc10113) x2  0x70000810
core   3: 0x8000017c (0xffc10113) addi    x2, x2, -4
core   3: 3 0x8000017c (0xffc10113) x2  0x70000c10
core   4: 0x8000017c (0xffc10113) addi    x2, x2, -4
core   4: 3 0x8000017c (0xffc10113) x2  0x70001010
core   5: 0x8000017c (0xffc10113) addi    x2, x2, -4
core   5: 3 0x8000017c (0xffc10113) x2  0x70001410
core   6: 0x8000017c (0xffc10113) addi    x2, x2, -4
core   6: 3 0x8000017c (0xffc10113) x2  0x70001810
core   7: 0x8000017c (0xffc10113) addi    x2, x2, -4
core   7: 3 0x8000017c (0xffc10113) x2  0x70001c10
core   8: 0x8000017c (0xffc10113) addi    x2, x2, -4
core   8: 3 0x8000017c (0xffc10113) x2  0x70002010
core   9: 0x8000017c (0xffc10113) addi    x2, x2, -4
core   9: 3 0x8000017c (0xffc10113) x2  0x70002410
core  10: 0x8000017c (0xffc10113) addi    x2, x2, -4
core  10: 3 0x8000017c (0xffc10113) x2  0x70002810
core  11: 0x8000017c (0xffc10113) addi    x2, x2, -4
core  11: 3 0x8000017c (0xffc10113) x2  0x70002c10
core  12: 0x8000017c (0xffc10113) addi    x2, x2, -4
core  12: 3 0x8000017c (0xffc10113) x2  0x70003010
core  13: 0x8000017c (0xffc10113) addi    x2, x2, -4
core  13: 3 0x8000017c (0xffc10113) x2  0x70003410
core  14: 0x8000017c (0xffc10113) addi    x2, x2, -4
core  14: 3 0x8000017c (0xffc10113) x2  0x70003810
core  15: 0x8000017c (0xffc10113) addi    x2, x2, -4
core  15: 3 0x8000017c (0xffc10113) x2  0x70003c10
core   0: 0x80000180 (0x00008067) ret
core   0: 3 0x80000180 (0x00008067)
core   1: 0x80000180 (0x00008067) ret
core   1: 3 0x80000180 (0x00008067)
core   2: 0x80000180 (0x00008067) ret
core   2: 3 0x80000180 (0x00008067)
core   3: 0x80000180 (0x00008067) ret
core   3: 3 0x80000180 (0x00008067)
core   4: 0x80000180 (0x00008067) ret
core   4: 3 0x80000180 (0x00008067)
core   5: 0x80000180 (0x00008067) ret
core   5: 3 0x80000180 (0x00008067)
core   6: 0x80000180 (0x00008067) ret
core   6: 3 0x80000180 (0x00008067)
core   7: 0x80000180 (0x00008067) ret
core   7: 3 0x80000180 (0x00008067)
core   8: 0x80000180 (0x00008067) ret
core   8: 3 0x80000180 (0x00008067)
core   9: 0x80000180 (0x00008067) ret
core   9: 3 0x80000180 (0x00008067)
core  10: 0x80000180 (0x00008067) ret
core  10: 3 0x80000180 (0x00008067)
core  11: 0x80000180 (0x00008067) ret
core  11: 3 0x80000180 (0x00008067)
core  12: 0x80000180 (0x00008067) ret
core  12: 3 0x80000180 (0x00008067)
core  13: 0x80000180 (0x00008067) ret
core  13: 3 0x80000180 (0x00008067)
core  14: 0x80000180 (0x00008067) ret
core  14: 3 0x80000180 (0x00008067)
core  15: 0x80000180 (0x00008067) ret
core  15: 3 0x80000180 (0x00008067)
core   0: 0x800000e0 (0x96013057) vsll.vi v0, v0, 2
core   0: 3 0x800000e0 (0x96013057) c8_vstart 0x00000000 e32 m1 l4 v0  0000000f 0x0000000c 00000008 00000004 00000000 
core   1: 0x800000e0 (0x96013057) vsll.vi v0, v0, 2
core   1: 3 0x800000e0 (0x96013057) c8_vstart 0x00000000 e32 m1 l4 v0  0000000f 0x0000001c 00000018 00000014 00000010 
core   2: 0x800000e0 (0x96013057) vsll.vi v0, v0, 2
core   2: 3 0x800000e0 (0x96013057) c8_vstart 0x00000000 e32 m1 l4 v0  0000000f 0x0000002c 00000028 00000024 00000020 
core   3: 0x800000e0 (0x96013057) vsll.vi v0, v0, 2
core   3: 3 0x800000e0 (0x96013057) c8_vstart 0x00000000 e32 m1 l4 v0  0000000f 0x0000003c 00000038 00000034 00000030 
core   4: 0x800000e0 (0x96013057) vsll.vi v0, v0, 2
core   4: 3 0x800000e0 (0x96013057) c8_vstart 0x00000000 e32 m1 l4 v0  0000000f 0x0000004c 00000048 00000044 00000040 
core   5: 0x800000e0 (0x96013057) vsll.vi v0, v0, 2
core   5: 3 0x800000e0 (0x96013057) c8_vstart 0x00000000 e32 m1 l4 v0  0000000f 0x0000005c 00000058 00000054 00000050 
core   6: 0x800000e0 (0x96013057) vsll.vi v0, v0, 2
core   6: 3 0x800000e0 (0x96013057) c8_vstart 0x00000000 e32 m1 l4 v0  0000000f 0x0000006c 00000068 00000064 00000060 
core   7: 0x800000e0 (0x96013057) vsll.vi v0, v0, 2
core   7: 3 0x800000e0 (0x96013057) c8_vstart 0x00000000 e32 m1 l4 v0  0000000f 0x0000007c 00000078 00000074 00000070 
core   8: 0x800000e0 (0x96013057) vsll.vi v0, v0, 2
core   8: 3 0x800000e0 (0x96013057) c8_vstart 0x00000000 e32 m1 l4 v0  0000000f 0x0000008c 00000088 00000084 00000080 
core   9: 0x800000e0 (0x96013057) vsll.vi v0, v0, 2
core   9: 3 0x800000e0 (0x96013057) c8_vstart 0x00000000 e32 m1 l4 v0  0000000f 0x0000009c 00000098 00000094 00000090 
core  10: 0x800000e0 (0x96013057) vsll.vi v0, v0, 2
core  10: 3 0x800000e0 (0x96013057) c8_vstart 0x00000000 e32 m1 l4 v0  0000000f 0x000000ac 000000a8 000000a4 000000a0 
core  11: 0x800000e0 (0x96013057) vsll.vi v0, v0, 2
core  11: 3 0x800000e0 (0x96013057) c8_vstart 0x00000000 e32 m1 l4 v0  0000000f 0x000000bc 000000b8 000000b4 000000b0 
core  12: 0x800000e0 (0x96013057) vsll.vi v0, v0, 2
core  12: 3 0x800000e0 (0x96013057) c8_vstart 0x00000000 e32 m1 l4 v0  0000000f 0x000000cc 000000c8 000000c4 000000c0 
core  13: 0x800000e0 (0x96013057) vsll.vi v0, v0, 2
core  13: 3 0x800000e0 (0x96013057) c8_vstart 0x00000000 e32 m1 l4 v0  0000000f 0x000000dc 000000d8 000000d4 000000d0 
core  14: 0x800000e0 (0x96013057) vsll.vi v0, v0, 2
core  14: 3 0x800000e0 (0x96013057) c8_vstart 0x00000000 e32 m1 l4 v0  0000000f 0x000000ec 000000e8 000000e4 000000e0 
core  15: 0x800000e0 (0x96013057) vsll.vi v0, v0, 2
core  15: 3 0x800000e0 (0x96013057) c8_vstart 0x00000000 e32 m1 l4 v0  0000000f 0x000000fc 000000f8 000000f4 000000f0 
core   0: 0x800000e4 (0xff412283) lw      x5, -12(x2)
core   0: 3 0x800000e4 (0xff412283) x5  0x90000000 mem 0x70000004
core   1: 0x800000e4 (0xff412283) lw      x5, -12(x2)
core   1: 3 0x800000e4 (0xff412283) x5  0x90000000 mem 0x70000404
core   2: 0x800000e4 (0xff412283) lw      x5, -12(x2)
core   2: 3 0x800000e4 (0xff412283) x5  0x90000000 mem 0x70000804
core   3: 0x800000e4 (0xff412283) lw      x5, -12(x2)
core   3: 3 0x800000e4 (0xff412283) x5  0x90000000 mem 0x70000c04
core   4: 0x800000e4 (0xff412283) lw      x5, -12(x2)
core   4: 3 0x800000e4 (0xff412283) x5  0x90000000 mem 0x70001004
core   5: 0x800000e4 (0xff412283) lw      x5, -12(x2)
core   5: 3 0x800000e4 (0xff412283) x5  0x90000000 mem 0x70001404
core   6: 0x800000e4 (0xff412283) lw      x5, -12(x2)
core   6: 3 0x800000e4 (0xff412283) x5  0x90000000 mem 0x70001804
core   7: 0x800000e4 (0xff412283) lw      x5, -12(x2)
core   7: 3 0x800000e4 (0xff412283) x5  0x90000000 mem 0x70001c04
core   8: 0x800000e4 (0xff412283) lw      x5, -12(x2)
core   8: 3 0x800000e4 (0xff412283) x5  0x90000000 mem 0x70002004
core   9: 0x800000e4 (0xff412283) lw      x5, -12(x2)
core   9: 3 0x800000e4 (0xff412283) x5  0x90000000 mem 0x70002404
core  10: 0x800000e4 (0xff412283) lw      x5, -12(x2)
core  10: 3 0x800000e4 (0xff412283) x5  0x90000000 mem 0x70002804
core  11: 0x800000e4 (0xff412283) lw      x5, -12(x2)
core  11: 3 0x800000e4 (0xff412283) x5  0x90000000 mem 0x70002c04
core  12: 0x800000e4 (0xff412283) lw      x5, -12(x2)
core  12: 3 0x800000e4 (0xff412283) x5  0x90000000 mem 0x70003004
core  13: 0x800000e4 (0xff412283) lw      x5, -12(x2)
core  13: 3 0x800000e4 (0xff412283) x5  0x90000000 mem 0x70003404
core  14: 0x800000e4 (0xff412283) lw      x5, -12(x2)
core  14: 3 0x800000e4 (0xff412283) x5  0x90000000 mem 0x70003804
core  15: 0x800000e4 (0xff412283) lw      x5, -12(x2)
core  15: 3 0x800000e4 (0xff412283) x5  0x90000000 mem 0x70003c04
core   0: 0x800000e8 (0x0202c0d7) vadd.vx v1, v0, x5
core   0: 3 0x800000e8 (0x0202c0d7) c8_vstart 0x00000000 e32 m1 l4 v1  0000000f 0x9000000c 90000008 90000004 90000000 
core   1: 0x800000e8 (0x0202c0d7) vadd.vx v1, v0, x5
core   1: 3 0x800000e8 (0x0202c0d7) c8_vstart 0x00000000 e32 m1 l4 v1  0000000f 0x9000001c 90000018 90000014 90000010 
core   2: 0x800000e8 (0x0202c0d7) vadd.vx v1, v0, x5
core   2: 3 0x800000e8 (0x0202c0d7) c8_vstart 0x00000000 e32 m1 l4 v1  0000000f 0x9000002c 90000028 90000024 90000020 
core   3: 0x800000e8 (0x0202c0d7) vadd.vx v1, v0, x5
core   3: 3 0x800000e8 (0x0202c0d7) c8_vstart 0x00000000 e32 m1 l4 v1  0000000f 0x9000003c 90000038 90000034 90000030 
core   4: 0x800000e8 (0x0202c0d7) vadd.vx v1, v0, x5
core   4: 3 0x800000e8 (0x0202c0d7) c8_vstart 0x00000000 e32 m1 l4 v1  0000000f 0x9000004c 90000048 90000044 90000040 
core   5: 0x800000e8 (0x0202c0d7) vadd.vx v1, v0, x5
core   5: 3 0x800000e8 (0x0202c0d7) c8_vstart 0x00000000 e32 m1 l4 v1  0000000f 0x9000005c 90000058 90000054 90000050 
core   6: 0x800000e8 (0x0202c0d7) vadd.vx v1, v0, x5
core   6: 3 0x800000e8 (0x0202c0d7) c8_vstart 0x00000000 e32 m1 l4 v1  0000000f 0x9000006c 90000068 90000064 90000060 
core   7: 0x800000e8 (0x0202c0d7) vadd.vx v1, v0, x5
core   7: 3 0x800000e8 (0x0202c0d7) c8_vstart 0x00000000 e32 m1 l4 v1  0000000f 0x9000007c 90000078 90000074 90000070 
core   8: 0x800000e8 (0x0202c0d7) vadd.vx v1, v0, x5
core   8: 3 0x800000e8 (0x0202c0d7) c8_vstart 0x00000000 e32 m1 l4 v1  0000000f 0x9000008c 90000088 90000084 90000080 
core   9: 0x800000e8 (0x0202c0d7) vadd.vx v1, v0, x5
core   9: 3 0x800000e8 (0x0202c0d7) c8_vstart 0x00000000 e32 m1 l4 v1  0000000f 0x9000009c 90000098 90000094 90000090 
core  10: 0x800000e8 (0x0202c0d7) vadd.vx v1, v0, x5
core  10: 3 0x800000e8 (0x0202c0d7) c8_vstart 0x00000000 e32 m1 l4 v1  0000000f 0x900000ac 900000a8 900000a4 900000a0 
core  11: 0x800000e8 (0x0202c0d7) vadd.vx v1, v0, x5
core  11: 3 0x800000e8 (0x0202c0d7) c8_vstart 0x00000000 e32 m1 l4 v1  0000000f 0x900000bc 900000b8 900000b4 900000b0 
core  12: 0x800000e8 (0x0202c0d7) vadd.vx v1, v0, x5
core  12: 3 0x800000e8 (0x0202c0d7) c8_vstart 0x00000000 e32 m1 l4 v1  0000000f 0x900000cc 900000c8 900000c4 900000c0 
core  13: 0x800000e8 (0x0202c0d7) vadd.vx v1, v0, x5
core  13: 3 0x800000e8 (0x0202c0d7) c8_vstart 0x00000000 e32 m1 l4 v1  0000000f 0x900000dc 900000d8 900000d4 900000d0 
core  14: 0x800000e8 (0x0202c0d7) vadd.vx v1, v0, x5
core  14: 3 0x800000e8 (0x0202c0d7) c8_vstart 0x00000000 e32 m1 l4 v1  0000000f 0x900000ec 900000e8 900000e4 900000e0 
core  15: 0x800000e8 (0x0202c0d7) vadd.vx v1, v0, x5
core  15: 3 0x800000e8 (0x0202c0d7) c8_vstart 0x00000000 e32 m1 l4 v1  0000000f 0x900000fc 900000f8 900000f4 900000f0 
core   0: 0x800000ec (0x0000a0fb) vlw12.v v1, v1, 0
core   0: 3 0x800000ec (0x0000a0fb) e32 m1 l4 v1  0000000f 0x4292ddfb 41d068ac 4225e9ce 42aa7d35  c8_vstart 0x00000000 mem 0x90000000 mem 0x90000004 mem 0x90000008 mem 0x9000000c
core   1: 0x800000ec (0x0000a0fb) vlw12.v v1, v1, 0
core   1: 3 0x800000ec (0x0000a0fb) e32 m1 l4 v1  0000000f 0x42c7cc84 42c651fe 4239b057 4253577e  c8_vstart 0x00000000 mem 0x90000010 mem 0x90000014 mem 0x90000018 mem 0x9000001c
core   2: 0x800000ec (0x0000a0fb) vlw12.v v1, v1, 0
core   2: 3 0x800000ec (0x0000a0fb) e32 m1 l4 v1  0000000f 0x416ef92c 420afece 427ab978 42a04aea  c8_vstart 0x00000000 mem 0x90000020 mem 0x90000024 mem 0x90000028 mem 0x9000002c
core   3: 0x800000ec (0x0000a0fb) vlw12.v v1, v1, 0
core   3: 3 0x800000ec (0x0000a0fb) e32 m1 l4 v1  0000000f 0x42574ac4 429ee7c8 4104d32c 4296adcb  c8_vstart 0x00000000 mem 0x90000030 mem 0x90000034 mem 0x90000038 mem 0x9000003c
core   4: 0x800000ec (0x0000a0fb) vlw12.v v1, v1, 0
core   4: 3 0x800000ec (0x0000a0fb) e32 m1 l4 v1  0000000f 0x42bd51a2 42b5fbb1 4268c03c 42bfb142  c8_vstart 0x00000000 mem 0x90000040 mem 0x90000044 mem 0x90000048 mem 0x9000004c
core   5: 0x800000ec (0x0000a0fb) vlw12.v v1, v1, 0
core   5: 3 0x800000ec (0x0000a0fb) e32 m1 l4 v1  0000000f 0x406c89cc 42189520 40d3cad0 42b9665d  c8_vstart 0x00000000 mem 0x90000050 mem 0x90000054 mem 0x90000058 mem 0x9000005c
core   6: 0x800000ec (0x0000a0fb) vlw12.v v1, v1, 0
core   6: 3 0x800000ec (0x0000a0fb) e32 m1 l4 v1  0000000f 0x42ac7a6a 4254bb39 3fe10efa 41db4de0  c8_vstart 0x00000000 mem 0x90000060 mem 0x90000064 mem 0x90000068 mem 0x9000006c
core   7: 0x800000ec (0x0000a0fb) vlw12.v v1, v1, 0
core   7: 3 0x800000ec (0x0000a0fb) e32 m1 l4 v1  0000000f 0x41b27d53 41ddaf79 40004112 4214443f  c8_vstart 0x00000000 mem 0x90000070 mem 0x90000074 mem 0x90000078 mem 0x9000007c
core   8: 0x800000ec (0x0000a0fb) vlw12.v v1, v1, 0
core   8: 3 0x800000ec (0x0000a0fb) e32 m1 l4 v1  0000000f 0x42c0a2ae 42bf7d4f 42570c13 422deddf  c8_vstart 0x00000000 mem 0x90000080 mem 0x90000084 mem 0x90000088 mem 0x9000008c
core   9: 0x800000ec (0x0000a0fb) vlw12.v v1, v1, 0
core   9: 3 0x800000ec (0x0000a0fb) e32 m1 l4 v1  0000000f 0x42a0a91f 42c06f31 42bdcf4d 3e3c6a2e  c8_vstart 0x00000000 mem 0x90000090 mem 0x90000094 mem 0x90000098 mem 0x9000009c
core  10: 0x800000ec (0x0000a0fb) vlw12.v v1, v1, 0
core  10: 3 0x800000ec (0x0000a0fb) e32 m1 l4 v1  0000000f 0x4203b3a6 42be8845 41f7ba62 42665813  c8_vstart 0x00000000 mem 0x900000a0 mem 0x900000a4 mem 0x900000a8 mem 0x900000ac
core  11: 0x800000ec (0x0000a0fb) vlw12.v v1, v1, 0
core  11: 3 0x800000ec (0x0000a0fb) e32 m1 l4 v1  0000000f 0x420c747f 42ad7f35 4295700d 421d11fc  c8_vstart 0x00000000 mem 0x900000b0 mem 0x900000b4 mem 0x900000b8 mem 0x900000bc
core  12: 0x800000ec (0x0000a0fb) vlw12.v v1, v1, 0
core  12: 3 0x800000ec (0x0000a0fb) e32 m1 l4 v1  0000000f 0x41ccda20 41ee2f88 429b7ae6 4203a057  c8_vstart 0x00000000 mem 0x900000c0 mem 0x900000c4 mem 0x900000c8 mem 0x900000cc
core  13: 0x800000ec (0x0000a0fb) vlw12.v v1, v1, 0
core  13: 3 0x800000ec (0x0000a0fb) e32 m1 l4 v1  0000000f 0x413c5858 41ea6b5a 4287d672 42a8b793  c8_vstart 0x00000000 mem 0x900000d0 mem 0x900000d4 mem 0x900000d8 mem 0x900000dc
core  14: 0x800000ec (0x0000a0fb) vlw12.v v1, v1, 0
core  14: 3 0x800000ec (0x0000a0fb) e32 m1 l4 v1  0000000f 0x40d7ccdb 42c40575 42a4f873 428b5aae  c8_vstart 0x00000000 mem 0x900000e0 mem 0x900000e4 mem 0x900000e8 mem 0x900000ec
core  15: 0x800000ec (0x0000a0fb) vlw12.v v1, v1, 0
core  15: 3 0x800000ec (0x0000a0fb) e32 m1 l4 v1  0000000f 0x41dfc5aa 41e8708a 41cdc54d 42a8fa7b  c8_vstart 0x00000000 mem 0x900000f0 mem 0x900000f4 mem 0x900000f8 mem 0x900000fc
core   0: 0x800000f0 (0xff812283) lw      x5, -8(x2)
core   0: 3 0x800000f0 (0xff812283) x5  0x90001000 mem 0x70000008
core   1: 0x800000f0 (0xff812283) lw      x5, -8(x2)
core   1: 3 0x800000f0 (0xff812283) x5  0x90001000 mem 0x70000408
core   2: 0x800000f0 (0xff812283) lw      x5, -8(x2)
core   2: 3 0x800000f0 (0xff812283) x5  0x90001000 mem 0x70000808
core   3: 0x800000f0 (0xff812283) lw      x5, -8(x2)
core   3: 3 0x800000f0 (0xff812283) x5  0x90001000 mem 0x70000c08
core   4: 0x800000f0 (0xff812283) lw      x5, -8(x2)
core   4: 3 0x800000f0 (0xff812283) x5  0x90001000 mem 0x70001008
core   5: 0x800000f0 (0xff812283) lw      x5, -8(x2)
core   5: 3 0x800000f0 (0xff812283) x5  0x90001000 mem 0x70001408
core   6: 0x800000f0 (0xff812283) lw      x5, -8(x2)
core   6: 3 0x800000f0 (0xff812283) x5  0x90001000 mem 0x70001808
core   7: 0x800000f0 (0xff812283) lw      x5, -8(x2)
core   7: 3 0x800000f0 (0xff812283) x5  0x90001000 mem 0x70001c08
core   8: 0x800000f0 (0xff812283) lw      x5, -8(x2)
core   8: 3 0x800000f0 (0xff812283) x5  0x90001000 mem 0x70002008
core   9: 0x800000f0 (0xff812283) lw      x5, -8(x2)
core   9: 3 0x800000f0 (0xff812283) x5  0x90001000 mem 0x70002408
core  10: 0x800000f0 (0xff812283) lw      x5, -8(x2)
core  10: 3 0x800000f0 (0xff812283) x5  0x90001000 mem 0x70002808
core  11: 0x800000f0 (0xff812283) lw      x5, -8(x2)
core  11: 3 0x800000f0 (0xff812283) x5  0x90001000 mem 0x70002c08
core  12: 0x800000f0 (0xff812283) lw      x5, -8(x2)
core  12: 3 0x800000f0 (0xff812283) x5  0x90001000 mem 0x70003008
core  13: 0x800000f0 (0xff812283) lw      x5, -8(x2)
core  13: 3 0x800000f0 (0xff812283) x5  0x90001000 mem 0x70003408
core  14: 0x800000f0 (0xff812283) lw      x5, -8(x2)
core  14: 3 0x800000f0 (0xff812283) x5  0x90001000 mem 0x70003808
core  15: 0x800000f0 (0xff812283) lw      x5, -8(x2)
core  15: 3 0x800000f0 (0xff812283) x5  0x90001000 mem 0x70003c08
core   0: 0x800000f4 (0x0202c057) vadd.vx v0, v0, x5
core   0: 3 0x800000f4 (0x0202c057) c8_vstart 0x00000000 e32 m1 l4 v0  0000000f 0x9000100c 90001008 90001004 90001000 
core   1: 0x800000f4 (0x0202c057) vadd.vx v0, v0, x5
core   1: 3 0x800000f4 (0x0202c057) c8_vstart 0x00000000 e32 m1 l4 v0  0000000f 0x9000101c 90001018 90001014 90001010 
core   2: 0x800000f4 (0x0202c057) vadd.vx v0, v0, x5
core   2: 3 0x800000f4 (0x0202c057) c8_vstart 0x00000000 e32 m1 l4 v0  0000000f 0x9000102c 90001028 90001024 90001020 
core   3: 0x800000f4 (0x0202c057) vadd.vx v0, v0, x5
core   3: 3 0x800000f4 (0x0202c057) c8_vstart 0x00000000 e32 m1 l4 v0  0000000f 0x9000103c 90001038 90001034 90001030 
core   4: 0x800000f4 (0x0202c057) vadd.vx v0, v0, x5
core   4: 3 0x800000f4 (0x0202c057) c8_vstart 0x00000000 e32 m1 l4 v0  0000000f 0x9000104c 90001048 90001044 90001040 
core   5: 0x800000f4 (0x0202c057) vadd.vx v0, v0, x5
core   5: 3 0x800000f4 (0x0202c057) c8_vstart 0x00000000 e32 m1 l4 v0  0000000f 0x9000105c 90001058 90001054 90001050 
core   6: 0x800000f4 (0x0202c057) vadd.vx v0, v0, x5
core   6: 3 0x800000f4 (0x0202c057) c8_vstart 0x00000000 e32 m1 l4 v0  0000000f 0x9000106c 90001068 90001064 90001060 
core   7: 0x800000f4 (0x0202c057) vadd.vx v0, v0, x5
core   7: 3 0x800000f4 (0x0202c057) c8_vstart 0x00000000 e32 m1 l4 v0  0000000f 0x9000107c 90001078 90001074 90001070 
core   8: 0x800000f4 (0x0202c057) vadd.vx v0, v0, x5
core   8: 3 0x800000f4 (0x0202c057) c8_vstart 0x00000000 e32 m1 l4 v0  0000000f 0x9000108c 90001088 90001084 90001080 
core   9: 0x800000f4 (0x0202c057) vadd.vx v0, v0, x5
core   9: 3 0x800000f4 (0x0202c057) c8_vstart 0x00000000 e32 m1 l4 v0  0000000f 0x9000109c 90001098 90001094 90001090 
core  10: 0x800000f4 (0x0202c057) vadd.vx v0, v0, x5
core  10: 3 0x800000f4 (0x0202c057) c8_vstart 0x00000000 e32 m1 l4 v0  0000000f 0x900010ac 900010a8 900010a4 900010a0 
core  11: 0x800000f4 (0x0202c057) vadd.vx v0, v0, x5
core  11: 3 0x800000f4 (0x0202c057) c8_vstart 0x00000000 e32 m1 l4 v0  0000000f 0x900010bc 900010b8 900010b4 900010b0 
core  12: 0x800000f4 (0x0202c057) vadd.vx v0, v0, x5
core  12: 3 0x800000f4 (0x0202c057) c8_vstart 0x00000000 e32 m1 l4 v0  0000000f 0x900010cc 900010c8 900010c4 900010c0 
core  13: 0x800000f4 (0x0202c057) vadd.vx v0, v0, x5
core  13: 3 0x800000f4 (0x0202c057) c8_vstart 0x00000000 e32 m1 l4 v0  0000000f 0x900010dc 900010d8 900010d4 900010d0 
core  14: 0x800000f4 (0x0202c057) vadd.vx v0, v0, x5
core  14: 3 0x800000f4 (0x0202c057) c8_vstart 0x00000000 e32 m1 l4 v0  0000000f 0x900010ec 900010e8 900010e4 900010e0 
core  15: 0x800000f4 (0x0202c057) vadd.vx v0, v0, x5
core  15: 3 0x800000f4 (0x0202c057) c8_vstart 0x00000000 e32 m1 l4 v0  0000000f 0x900010fc 900010f8 900010f4 900010f0 
core   0: 0x800000f8 (0x0000217b) vlw12.v v2, v0, 0
core   0: 3 0x800000f8 (0x0000217b) e32 m1 l4 v2  0000000f 0x00000000 00000000 00000000 00000000  c8_vstart 0x00000000 mem 0x90001000 mem 0x90001004 mem 0x90001008 mem 0x9000100c
core   1: 0x800000f8 (0x0000217b) vlw12.v v2, v0, 0
core   1: 3 0x800000f8 (0x0000217b) e32 m1 l4 v2  0000000f 0x00000000 00000000 00000000 00000000  c8_vstart 0x00000000 mem 0x90001010 mem 0x90001014 mem 0x90001018 mem 0x9000101c
core   2: 0x800000f8 (0x0000217b) vlw12.v v2, v0, 0
core   2: 3 0x800000f8 (0x0000217b) e32 m1 l4 v2  0000000f 0x00000000 00000000 00000000 00000000  c8_vstart 0x00000000 mem 0x90001020 mem 0x90001024 mem 0x90001028 mem 0x9000102c
core   3: 0x800000f8 (0x0000217b) vlw12.v v2, v0, 0
core   3: 3 0x800000f8 (0x0000217b) e32 m1 l4 v2  0000000f 0x00000000 00000000 00000000 00000000  c8_vstart 0x00000000 mem 0x90001030 mem 0x90001034 mem 0x90001038 mem 0x9000103c
core   4: 0x800000f8 (0x0000217b) vlw12.v v2, v0, 0
core   4: 3 0x800000f8 (0x0000217b) e32 m1 l4 v2  0000000f 0x00000000 00000000 00000000 00000000  c8_vstart 0x00000000 mem 0x90001040 mem 0x90001044 mem 0x90001048 mem 0x9000104c
core   5: 0x800000f8 (0x0000217b) vlw12.v v2, v0, 0
core   5: 3 0x800000f8 (0x0000217b) e32 m1 l4 v2  0000000f 0x00000000 00000000 00000000 00000000  c8_vstart 0x00000000 mem 0x90001050 mem 0x90001054 mem 0x90001058 mem 0x9000105c
core   6: 0x800000f8 (0x0000217b) vlw12.v v2, v0, 0
core   6: 3 0x800000f8 (0x0000217b) e32 m1 l4 v2  0000000f 0x00000000 00000000 00000000 00000000  c8_vstart 0x00000000 mem 0x90001060 mem 0x90001064 mem 0x90001068 mem 0x9000106c
core   7: 0x800000f8 (0x0000217b) vlw12.v v2, v0, 0
core   7: 3 0x800000f8 (0x0000217b) e32 m1 l4 v2  0000000f 0x00000000 00000000 00000000 00000000  c8_vstart 0x00000000 mem 0x90001070 mem 0x90001074 mem 0x90001078 mem 0x9000107c
core   8: 0x800000f8 (0x0000217b) vlw12.v v2, v0, 0
core   8: 3 0x800000f8 (0x0000217b) e32 m1 l4 v2  0000000f 0x00000000 00000000 00000000 00000000  c8_vstart 0x00000000 mem 0x90001080 mem 0x90001084 mem 0x90001088 mem 0x9000108c
core   9: 0x800000f8 (0x0000217b) vlw12.v v2, v0, 0
core   9: 3 0x800000f8 (0x0000217b) e32 m1 l4 v2  0000000f 0x00000000 00000000 00000000 00000000  c8_vstart 0x00000000 mem 0x90001090 mem 0x90001094 mem 0x90001098 mem 0x9000109c
core  10: 0x800000f8 (0x0000217b) vlw12.v v2, v0, 0
core  10: 3 0x800000f8 (0x0000217b) e32 m1 l4 v2  0000000f 0x00000000 00000000 00000000 00000000  c8_vstart 0x00000000 mem 0x900010a0 mem 0x900010a4 mem 0x900010a8 mem 0x900010ac
core  11: 0x800000f8 (0x0000217b) vlw12.v v2, v0, 0
core  11: 3 0x800000f8 (0x0000217b) e32 m1 l4 v2  0000000f 0x00000000 00000000 00000000 00000000  c8_vstart 0x00000000 mem 0x900010b0 mem 0x900010b4 mem 0x900010b8 mem 0x900010bc
core  12: 0x800000f8 (0x0000217b) vlw12.v v2, v0, 0
core  12: 3 0x800000f8 (0x0000217b) e32 m1 l4 v2  0000000f 0x00000000 00000000 00000000 00000000  c8_vstart 0x00000000 mem 0x900010c0 mem 0x900010c4 mem 0x900010c8 mem 0x900010cc
core  13: 0x800000f8 (0x0000217b) vlw12.v v2, v0, 0
core  13: 3 0x800000f8 (0x0000217b) e32 m1 l4 v2  0000000f 0x00000000 00000000 00000000 00000000  c8_vstart 0x00000000 mem 0x900010d0 mem 0x900010d4 mem 0x900010d8 mem 0x900010dc
core  14: 0x800000f8 (0x0000217b) vlw12.v v2, v0, 0
core  14: 3 0x800000f8 (0x0000217b) e32 m1 l4 v2  0000000f 0x00000000 00000000 00000000 00000000  c8_vstart 0x00000000 mem 0x900010e0 mem 0x900010e4 mem 0x900010e8 mem 0x900010ec
core  15: 0x800000f8 (0x0000217b) vlw12.v v2, v0, 0
core  15: 3 0x800000f8 (0x0000217b) e32 m1 l4 v2  0000000f 0x00000000 00000000 00000000 00000000  c8_vstart 0x00000000 mem 0x900010f0 mem 0x900010f4 mem 0x900010f8 mem 0x900010fc
core   0: 0x800000fc (0xffc12283) lw      x5, -4(x2)
core   0: 3 0x800000fc (0xffc12283) x5  0x4225e2e9 mem 0x7000000c
core   1: 0x800000fc (0xffc12283) lw      x5, -4(x2)
core   1: 3 0x800000fc (0xffc12283) x5  0x4225e2e9 mem 0x7000040c
core   2: 0x800000fc (0xffc12283) lw      x5, -4(x2)
core   2: 3 0x800000fc (0xffc12283) x5  0x4225e2e9 mem 0x7000080c
core   3: 0x800000fc (0xffc12283) lw      x5, -4(x2)
core   3: 3 0x800000fc (0xffc12283) x5  0x4225e2e9 mem 0x70000c0c
core   4: 0x800000fc (0xffc12283) lw      x5, -4(x2)
core   4: 3 0x800000fc (0xffc12283) x5  0x4225e2e9 mem 0x7000100c
core   5: 0x800000fc (0xffc12283) lw      x5, -4(x2)
core   5: 3 0x800000fc (0xffc12283) x5  0x4225e2e9 mem 0x7000140c
core   6: 0x800000fc (0xffc12283) lw      x5, -4(x2)
core   6: 3 0x800000fc (0xffc12283) x5  0x4225e2e9 mem 0x7000180c
core   7: 0x800000fc (0xffc12283) lw      x5, -4(x2)
core   7: 3 0x800000fc (0xffc12283) x5  0x4225e2e9 mem 0x70001c0c
core   8: 0x800000fc (0xffc12283) lw      x5, -4(x2)
core   8: 3 0x800000fc (0xffc12283) x5  0x4225e2e9 mem 0x7000200c
core   9: 0x800000fc (0xffc12283) lw      x5, -4(x2)
core   9: 3 0x800000fc (0xffc12283) x5  0x4225e2e9 mem 0x7000240c
core  10: 0x800000fc (0xffc12283) lw      x5, -4(x2)
core  10: 3 0x800000fc (0xffc12283) x5  0x4225e2e9 mem 0x7000280c
core  11: 0x800000fc (0xffc12283) lw      x5, -4(x2)
core  11: 3 0x800000fc (0xffc12283) x5  0x4225e2e9 mem 0x70002c0c
core  12: 0x800000fc (0xffc12283) lw      x5, -4(x2)
core  12: 3 0x800000fc (0xffc12283) x5  0x4225e2e9 mem 0x7000300c
core  13: 0x800000fc (0xffc12283) lw      x5, -4(x2)
core  13: 3 0x800000fc (0xffc12283) x5  0x4225e2e9 mem 0x7000340c
core  14: 0x800000fc (0xffc12283) lw      x5, -4(x2)
core  14: 3 0x800000fc (0xffc12283) x5  0x4225e2e9 mem 0x7000380c
core  15: 0x800000fc (0xffc12283) lw      x5, -4(x2)
core  15: 3 0x800000fc (0xffc12283) x5  0x4225e2e9 mem 0x70003c0c
core   0: 0x80000100 (0x5e02c1d7) vmv.v.x v3, x5
core   0: 3 0x80000100 (0x5e02c1d7) c8_vstart 0x00000000 e32 m1 l4 v3  0000000f 0x4225e2e9 4225e2e9 4225e2e9 4225e2e9 
core   1: 0x80000100 (0x5e02c1d7) vmv.v.x v3, x5
core   1: 3 0x80000100 (0x5e02c1d7) c8_vstart 0x00000000 e32 m1 l4 v3  0000000f 0x4225e2e9 4225e2e9 4225e2e9 4225e2e9 
core   2: 0x80000100 (0x5e02c1d7) vmv.v.x v3, x5
core   2: 3 0x80000100 (0x5e02c1d7) c8_vstart 0x00000000 e32 m1 l4 v3  0000000f 0x4225e2e9 4225e2e9 4225e2e9 4225e2e9 
core   3: 0x80000100 (0x5e02c1d7) vmv.v.x v3, x5
core   3: 3 0x80000100 (0x5e02c1d7) c8_vstart 0x00000000 e32 m1 l4 v3  0000000f 0x4225e2e9 4225e2e9 4225e2e9 4225e2e9 
core   4: 0x80000100 (0x5e02c1d7) vmv.v.x v3, x5
core   4: 3 0x80000100 (0x5e02c1d7) c8_vstart 0x00000000 e32 m1 l4 v3  0000000f 0x4225e2e9 4225e2e9 4225e2e9 4225e2e9 
core   5: 0x80000100 (0x5e02c1d7) vmv.v.x v3, x5
core   5: 3 0x80000100 (0x5e02c1d7) c8_vstart 0x00000000 e32 m1 l4 v3  0000000f 0x4225e2e9 4225e2e9 4225e2e9 4225e2e9 
core   6: 0x80000100 (0x5e02c1d7) vmv.v.x v3, x5
core   6: 3 0x80000100 (0x5e02c1d7) c8_vstart 0x00000000 e32 m1 l4 v3  0000000f 0x4225e2e9 4225e2e9 4225e2e9 4225e2e9 
core   7: 0x80000100 (0x5e02c1d7) vmv.v.x v3, x5
core   7: 3 0x80000100 (0x5e02c1d7) c8_vstart 0x00000000 e32 m1 l4 v3  0000000f 0x4225e2e9 4225e2e9 4225e2e9 4225e2e9 
core   8: 0x80000100 (0x5e02c1d7) vmv.v.x v3, x5
core   8: 3 0x80000100 (0x5e02c1d7) c8_vstart 0x00000000 e32 m1 l4 v3  0000000f 0x4225e2e9 4225e2e9 4225e2e9 4225e2e9 
core   9: 0x80000100 (0x5e02c1d7) vmv.v.x v3, x5
core   9: 3 0x80000100 (0x5e02c1d7) c8_vstart 0x00000000 e32 m1 l4 v3  0000000f 0x4225e2e9 4225e2e9 4225e2e9 4225e2e9 
core  10: 0x80000100 (0x5e02c1d7) vmv.v.x v3, x5
core  10: 3 0x80000100 (0x5e02c1d7) c8_vstart 0x00000000 e32 m1 l4 v3  0000000f 0x4225e2e9 4225e2e9 4225e2e9 4225e2e9 
core  11: 0x80000100 (0x5e02c1d7) vmv.v.x v3, x5
core  11: 3 0x80000100 (0x5e02c1d7) c8_vstart 0x00000000 e32 m1 l4 v3  0000000f 0x4225e2e9 4225e2e9 4225e2e9 4225e2e9 
core  12: 0x80000100 (0x5e02c1d7) vmv.v.x v3, x5
core  12: 3 0x80000100 (0x5e02c1d7) c8_vstart 0x00000000 e32 m1 l4 v3  0000000f 0x4225e2e9 4225e2e9 4225e2e9 4225e2e9 
core  13: 0x80000100 (0x5e02c1d7) vmv.v.x v3, x5
core  13: 3 0x80000100 (0x5e02c1d7) c8_vstart 0x00000000 e32 m1 l4 v3  0000000f 0x4225e2e9 4225e2e9 4225e2e9 4225e2e9 
core  14: 0x80000100 (0x5e02c1d7) vmv.v.x v3, x5
core  14: 3 0x80000100 (0x5e02c1d7) c8_vstart 0x00000000 e32 m1 l4 v3  0000000f 0x4225e2e9 4225e2e9 4225e2e9 4225e2e9 
core  15: 0x80000100 (0x5e02c1d7) vmv.v.x v3, x5
core  15: 3 0x80000100 (0x5e02c1d7) c8_vstart 0x00000000 e32 m1 l4 v3  0000000f 0x4225e2e9 4225e2e9 4225e2e9 4225e2e9 
core   0: 0x80000104 (0xa22190d7) vfmadd.vv v1, v2, v3
core   0: 3 0x80000104 (0xa22190d7) c8_vstart 0x00000000 c1_fflags 0x00000001 e32 m1 l4 v1  0000000f 0x453e5681 44870c31 44d70582 455cf3a2 
core   1: 0x80000104 (0xa22190d7) vfmadd.vv v1, v2, v3
core   1: 3 0x80000104 (0xa22190d7) c8_vstart 0x00000000 c1_fflags 0x00000001 e32 m1 l4 v1  0000000f 0x458177e9 458082a2 44f0a67e 4508f2b8 
core   2: 0x80000104 (0xa22190d7) vfmadd.vv v1, v2, v3
core   2: 3 0x80000104 (0xa22190d7) c8_vstart 0x00000000 c1_fflags 0x00000001 e32 m1 l4 v1  0000000f 0x441ada6b 44b422dc 452277c6 454fbcba 
core   3: 0x80000104 (0xa22190d7) vfmadd.vv v1, v2, v3
core   3: 3 0x80000104 (0xa22190d7) c8_vstart 0x00000000 c1_fflags 0x00000001 e32 m1 l4 v1  0000000f 0x450b8204 454df07a 43ac23ad 45434725 
core   4: 0x80000104 (0xa22190d7) vfmadd.vv v1, v2, v3
core   4: 3 0x80000104 (0xa22190d7) c8_vstart 0x00000000 c1_fflags 0x00000001 e32 m1 l4 v1  0000000f 0x45755ad8 456bd90e 4516d234 45786e51 
core   5: 0x80000104 (0xa22190d7) vfmadd.vv v1, v2, v3
core   5: 3 0x80000104 (0xa22190d7) c8_vstart 0x00000000 c1_fflags 0x00000001 e32 m1 l4 v1  0000000f 0x43194679 44c5beb8 43893d72 4570469e 
core   6: 0x80000104 (0xa22190d7) vfmadd.vv v1, v2, v3
core   6: 3 0x80000104 (0xa22190d7) c8_vstart 0x00000000 c1_fflags 0x00000001 e32 m1 l4 v1  0000000f 0x455f878f 4509d93b 4291d623 448e1b94 
core   7: 0x80000104 (0xa22190d7) vfmadd.vv v1, v2, v3
core   7: 3 0x80000104 (0xa22190d7) c8_vstart 0x00000000 c1_fflags 0x00000001 e32 m1 l4 v1  0000000f 0x446751f7 448fa698 42a6373e 44c026d0 
core   8: 0x80000104 (0xa22190d7) vfmadd.vv v1, v2, v3
core   8: 3 0x80000104 (0xa22190d7) c8_vstart 0x00000000 c1_fflags 0x00000001 e32 m1 l4 v1  0000000f 0x4579a732 45782afe 450b5965 44e168f6 
core   9: 0x80000104 (0xa22190d7) vfmadd.vv v1, v2, v3
core   9: 3 0x80000104 (0xa22190d7) c8_vstart 0x00000000 c1_fflags 0x00000001 e32 m1 l4 v1  0000000f 0x455036d1 45796478 4575fdb5 40f42ee2 
core  10: 0x80000104 (0xa22190d7) vfmadd.vv v1, v2, v3
core  10: 3 0x80000104 (0xa22190d7) c8_vstart 0x00000000 c1_fflags 0x00000001 e32 m1 l4 v1  0000000f 0x44aaaf0d 4576ed6c 44a086b5 451542f0 
core  11: 0x80000104 (0xa22190d7) vfmadd.vv v1, v2, v3
core  11: 3 0x80000104 (0xa22190d7) c8_vstart 0x00000000 c1_fflags 0x00000001 e32 m1 l4 v1  0000000f 0x44b60729 4560d98b 4541ab5b 44cb8fa1 
core  12: 0x80000104 (0xa22190d7) vfmadd.vv v1, v2, v3
core  12: 3 0x80000104 (0xa22190d7) c8_vstart 0x00000000 c1_fflags 0x00000001 e32 m1 l4 v1  0000000f 0x4484be2a 449a57c1 4549800c 44aa9607 
core  13: 0x80000104 (0xa22190d7) vfmadd.vv v1, v2, v3
core  13: 3 0x80000104 (0xa22190d7) c8_vstart 0x00000000 c1_fflags 0x00000001 e32 m1 l4 v1  0000000f 0x43f417c4 4497e6f9 45300b3d 455aa7bb 
core  14: 0x80000104 (0xa22190d7) vfmadd.vv v1, v2, v3
core  14: 3 0x80000104 (0xa22190d7) c8_vstart 0x00000000 c1_fflags 0x00000001 e32 m1 l4 v1  0000000f 0x438bd650 457e0a87 4555ccb7 453499ee 
core  15: 0x80000104 (0xa22190d7) vfmadd.vv v1, v2, v3
core  15: 3 0x80000104 (0xa22190d7) c8_vstart 0x00000000 c1_fflags 0x00000001 e32 m1 l4 v1  0000000f 0x449100bf 44969e90 4485568e 455afe70 
core   0: 0x80000108 (0x0010607b) vsw12.v v1, v0, 0
core   0: 3 0x80000108 (0x0010607b) c8_vstart 0x00000000 e32 m1 l4 mem 0x90001000 0x455cf3a2 mem 0x90001004 0x44d70582 mem 0x90001008 0x44870c31 mem 0x9000100c 0x453e5681
core   1: 0x80000108 (0x0010607b) vsw12.v v1, v0, 0
core   1: 3 0x80000108 (0x0010607b) c8_vstart 0x00000000 e32 m1 l4 mem 0x90001010 0x4508f2b8 mem 0x90001014 0x44f0a67e mem 0x90001018 0x458082a2 mem 0x9000101c 0x458177e9
core   2: 0x80000108 (0x0010607b) vsw12.v v1, v0, 0
core   2: 3 0x80000108 (0x0010607b) c8_vstart 0x00000000 e32 m1 l4 mem 0x90001020 0x454fbcba mem 0x90001024 0x452277c6 mem 0x90001028 0x44b422dc mem 0x9000102c 0x441ada6b
core   3: 0x80000108 (0x0010607b) vsw12.v v1, v0, 0
core   3: 3 0x80000108 (0x0010607b) c8_vstart 0x00000000 e32 m1 l4 mem 0x90001030 0x45434725 mem 0x90001034 0x43ac23ad mem 0x90001038 0x454df07a mem 0x9000103c 0x450b8204
core   4: 0x80000108 (0x0010607b) vsw12.v v1, v0, 0
core   4: 3 0x80000108 (0x0010607b) c8_vstart 0x00000000 e32 m1 l4 mem 0x90001040 0x45786e51 mem 0x90001044 0x4516d234 mem 0x90001048 0x456bd90e mem 0x9000104c 0x45755ad8
core   5: 0x80000108 (0x0010607b) vsw12.v v1, v0, 0
core   5: 3 0x80000108 (0x0010607b) c8_vstart 0x00000000 e32 m1 l4 mem 0x90001050 0x4570469e mem 0x90001054 0x43893d72 mem 0x90001058 0x44c5beb8 mem 0x9000105c 0x43194679
core   6: 0x80000108 (0x0010607b) vsw12.v v1, v0, 0
core   6: 3 0x80000108 (0x0010607b) c8_vstart 0x00000000 e32 m1 l4 mem 0x90001060 0x448e1b94 mem 0x90001064 0x4291d623 mem 0x90001068 0x4509d93b mem 0x9000106c 0x455f878f
core   7: 0x80000108 (0x0010607b) vsw12.v v1, v0, 0
core   7: 3 0x80000108 (0x0010607b) c8_vstart 0x00000000 e32 m1 l4 mem 0x90001070 0x44c026d0 mem 0x90001074 0x42a6373e mem 0x90001078 0x448fa698 mem 0x9000107c 0x446751f7
core   8: 0x80000108 (0x0010607b) vsw12.v v1, v0, 0
core   8: 3 0x80000108 (0x0010607b) c8_vstart 0x00000000 e32 m1 l4 mem 0x90001080 0x44e168f6 mem 0x90001084 0x450b5965 mem 0x90001088 0x45782afe mem 0x9000108c 0x4579a732
core   9: 0x80000108 (0x0010607b) vsw12.v v1, v0, 0
core   9: 3 0x80000108 (0x0010607b) c8_vstart 0x00000000 e32 m1 l4 mem 0x90001090 0x40f42ee2 mem 0x90001094 0x4575fdb5 mem 0x90001098 0x45796478 mem 0x9000109c 0x455036d1
core  10: 0x80000108 (0x0010607b) vsw12.v v1, v0, 0
core  10: 3 0x80000108 (0x0010607b) c8_vstart 0x00000000 e32 m1 l4 mem 0x900010a0 0x451542f0 mem 0x900010a4 0x44a086b5 mem 0x900010a8 0x4576ed6c mem 0x900010ac 0x44aaaf0d
core  11: 0x80000108 (0x0010607b) vsw12.v v1, v0, 0
core  11: 3 0x80000108 (0x0010607b) c8_vstart 0x00000000 e32 m1 l4 mem 0x900010b0 0x44cb8fa1 mem 0x900010b4 0x4541ab5b mem 0x900010b8 0x4560d98b mem 0x900010bc 0x44b60729
core  12: 0x80000108 (0x0010607b) vsw12.v v1, v0, 0
core  12: 3 0x80000108 (0x0010607b) c8_vstart 0x00000000 e32 m1 l4 mem 0x900010c0 0x44aa9607 mem 0x900010c4 0x4549800c mem 0x900010c8 0x449a57c1 mem 0x900010cc 0x4484be2a
core  13: 0x80000108 (0x0010607b) vsw12.v v1, v0, 0
core  13: 3 0x80000108 (0x0010607b) c8_vstart 0x00000000 e32 m1 l4 mem 0x900010d0 0x455aa7bb mem 0x900010d4 0x45300b3d mem 0x900010d8 0x4497e6f9 mem 0x900010dc 0x43f417c4
core  14: 0x80000108 (0x0010607b) vsw12.v v1, v0, 0
core  14: 3 0x80000108 (0x0010607b) c8_vstart 0x00000000 e32 m1 l4 mem 0x900010e0 0x453499ee mem 0x900010e4 0x4555ccb7 mem 0x900010e8 0x457e0a87 mem 0x900010ec 0x438bd650
core  15: 0x80000108 (0x0010607b) vsw12.v v1, v0, 0
core  15: 3 0x80000108 (0x0010607b) c8_vstart 0x00000000 e32 m1 l4 mem 0x900010f0 0x455afe70 mem 0x900010f4 0x4485568e mem 0x900010f8 0x44969e90 mem 0x900010fc 0x449100bf
core   0: 0x8000010c (0xff012083) lw      x1, -16(x2)
core   0: 3 0x8000010c (0xff012083) x1  0x800000a0 mem 0x70000000
core   1: 0x8000010c (0xff012083) lw      x1, -16(x2)
core   1: 3 0x8000010c (0xff012083) x1  0x800000a0 mem 0x70000400
core   2: 0x8000010c (0xff012083) lw      x1, -16(x2)
core   2: 3 0x8000010c (0xff012083) x1  0x800000a0 mem 0x70000800
core   3: 0x8000010c (0xff012083) lw      x1, -16(x2)
core   3: 3 0x8000010c (0xff012083) x1  0x800000a0 mem 0x70000c00
core   4: 0x8000010c (0xff012083) lw      x1, -16(x2)
core   4: 3 0x8000010c (0xff012083) x1  0x800000a0 mem 0x70001000
core   5: 0x8000010c (0xff012083) lw      x1, -16(x2)
core   5: 3 0x8000010c (0xff012083) x1  0x800000a0 mem 0x70001400
core   6: 0x8000010c (0xff012083) lw      x1, -16(x2)
core   6: 3 0x8000010c (0xff012083) x1  0x800000a0 mem 0x70001800
core   7: 0x8000010c (0xff012083) lw      x1, -16(x2)
core   7: 3 0x8000010c (0xff012083) x1  0x800000a0 mem 0x70001c00
core   8: 0x8000010c (0xff012083) lw      x1, -16(x2)
core   8: 3 0x8000010c (0xff012083) x1  0x800000a0 mem 0x70002000
core   9: 0x8000010c (0xff012083) lw      x1, -16(x2)
core   9: 3 0x8000010c (0xff012083) x1  0x800000a0 mem 0x70002400
core  10: 0x8000010c (0xff012083) lw      x1, -16(x2)
core  10: 3 0x8000010c (0xff012083) x1  0x800000a0 mem 0x70002800
core  11: 0x8000010c (0xff012083) lw      x1, -16(x2)
core  11: 3 0x8000010c (0xff012083) x1  0x800000a0 mem 0x70002c00
core  12: 0x8000010c (0xff012083) lw      x1, -16(x2)
core  12: 3 0x8000010c (0xff012083) x1  0x800000a0 mem 0x70003000
core  13: 0x8000010c (0xff012083) lw      x1, -16(x2)
core  13: 3 0x8000010c (0xff012083) x1  0x800000a0 mem 0x70003400
core  14: 0x8000010c (0xff012083) lw      x1, -16(x2)
core  14: 3 0x8000010c (0xff012083) x1  0x800000a0 mem 0x70003800
core  15: 0x8000010c (0xff012083) lw      x1, -16(x2)
core  15: 3 0x8000010c (0xff012083) x1  0x800000a0 mem 0x70003c00
core   0: 0x80000110 (0xff010113) addi    x2, x2, -16
core   0: 3 0x80000110 (0xff010113) x2  0x70000000
core   1: 0x80000110 (0xff010113) addi    x2, x2, -16
core   1: 3 0x80000110 (0xff010113) x2  0x70000400
core   2: 0x80000110 (0xff010113) addi    x2, x2, -16
core   2: 3 0x80000110 (0xff010113) x2  0x70000800
core   3: 0x80000110 (0xff010113) addi    x2, x2, -16
core   3: 3 0x80000110 (0xff010113) x2  0x70000c00
core   4: 0x80000110 (0xff010113) addi    x2, x2, -16
core   4: 3 0x80000110 (0xff010113) x2  0x70001000
core   5: 0x80000110 (0xff010113) addi    x2, x2, -16
core   5: 3 0x80000110 (0xff010113) x2  0x70001400
core   6: 0x80000110 (0xff010113) addi    x2, x2, -16
core   6: 3 0x80000110 (0xff010113) x2  0x70001800
core   7: 0x80000110 (0xff010113) addi    x2, x2, -16
core   7: 3 0x80000110 (0xff010113) x2  0x70001c00
core   8: 0x80000110 (0xff010113) addi    x2, x2, -16
core   8: 3 0x80000110 (0xff010113) x2  0x70002000
core   9: 0x80000110 (0xff010113) addi    x2, x2, -16
core   9: 3 0x80000110 (0xff010113) x2  0x70002400
core  10: 0x80000110 (0xff010113) addi    x2, x2, -16
core  10: 3 0x80000110 (0xff010113) x2  0x70002800
core  11: 0x80000110 (0xff010113) addi    x2, x2, -16
core  11: 3 0x80000110 (0xff010113) x2  0x70002c00
core  12: 0x80000110 (0xff010113) addi    x2, x2, -16
core  12: 3 0x80000110 (0xff010113) x2  0x70003000
core  13: 0x80000110 (0xff010113) addi    x2, x2, -16
core  13: 3 0x80000110 (0xff010113) x2  0x70003400
core  14: 0x80000110 (0xff010113) addi    x2, x2, -16
core  14: 3 0x80000110 (0xff010113) x2  0x70003800
core  15: 0x80000110 (0xff010113) addi    x2, x2, -16
core  15: 3 0x80000110 (0xff010113) x2  0x70003c00
core   0: 0x80000114 (0x00008067) ret
core   0: 3 0x80000114 (0x00008067)
core   1: 0x80000114 (0x00008067) ret
core   1: 3 0x80000114 (0x00008067)
core   2: 0x80000114 (0x00008067) ret
core   2: 3 0x80000114 (0x00008067)
core   3: 0x80000114 (0x00008067) ret
core   3: 3 0x80000114 (0x00008067)
core   4: 0x80000114 (0x00008067) ret
core   4: 3 0x80000114 (0x00008067)
core   5: 0x80000114 (0x00008067) ret
core   5: 3 0x80000114 (0x00008067)
core   6: 0x80000114 (0x00008067) ret
core   6: 3 0x80000114 (0x00008067)
core   7: 0x80000114 (0x00008067) ret
core   7: 3 0x80000114 (0x00008067)
core   8: 0x80000114 (0x00008067) ret
core   8: 3 0x80000114 (0x00008067)
core   9: 0x80000114 (0x00008067) ret
core   9: 3 0x80000114 (0x00008067)
core  10: 0x80000114 (0x00008067) ret
core  10: 3 0x80000114 (0x00008067)
core  11: 0x80000114 (0x00008067) ret
core  11: 3 0x80000114 (0x00008067)
core  12: 0x80000114 (0x00008067) ret
core  12: 3 0x80000114 (0x00008067)
core  13: 0x80000114 (0x00008067) ret
core  13: 3 0x80000114 (0x00008067)
core  14: 0x80000114 (0x00008067) ret
core  14: 3 0x80000114 (0x00008067)
core  15: 0x80000114 (0x00008067) ret
core  15: 3 0x80000114 (0x00008067)
core   0: 0x800000a0 (0x0000400b) endprg  x0, x0, x0
core   0: 3 0x800000a0 (0x0000400b)
core   1: 0x800000a0 (0x0000400b) endprg  x0, x0, x0
core   1: 3 0x800000a0 (0x0000400b)
core   2: 0x800000a0 (0x0000400b) endprg  x0, x0, x0
core   2: 3 0x800000a0 (0x0000400b)
core   3: 0x800000a0 (0x0000400b) endprg  x0, x0, x0
core   3: 3 0x800000a0 (0x0000400b)
core   4: 0x800000a0 (0x0000400b) endprg  x0, x0, x0
core   4: 3 0x800000a0 (0x0000400b)
core   5: 0x800000a0 (0x0000400b) endprg  x0, x0, x0
core   5: 3 0x800000a0 (0x0000400b)
core   6: 0x800000a0 (0x0000400b) endprg  x0, x0, x0
core   6: 3 0x800000a0 (0x0000400b)
core   7: 0x800000a0 (0x0000400b) endprg  x0, x0, x0
core   7: 3 0x800000a0 (0x0000400b)
core   8: 0x800000a0 (0x0000400b) endprg  x0, x0, x0
core   8: 3 0x800000a0 (0x0000400b)
core   9: 0x800000a0 (0x0000400b) endprg  x0, x0, x0
core   9: 3 0x800000a0 (0x0000400b)
core  10: 0x800000a0 (0x0000400b) endprg  x0, x0, x0
core  10: 3 0x800000a0 (0x0000400b)
core  11: 0x800000a0 (0x0000400b) endprg  x0, x0, x0
core  11: 3 0x800000a0 (0x0000400b)
core  12: 0x800000a0 (0x0000400b) endprg  x0, x0, x0
core  12: 3 0x800000a0 (0x0000400b)
core  13: 0x800000a0 (0x0000400b) endprg  x0, x0, x0
core  13: 3 0x800000a0 (0x0000400b)
core  14: 0x800000a0 (0x0000400b) endprg  x0, x0, x0
core  14: 3 0x800000a0 (0x0000400b)
core  15: 0x800000a0 (0x0000400b) endprg  x0, x0, x0
core  15: 3 0x800000a0 (0x0000400b)
core   0: 0x800000a4 (0x0040006f) j       pc + 0x4
core   0: 3 0x800000a4 (0x0040006f)
core   0: 0x800000a8 (0x00100313) li      x6, 1
core   0: 3 0x800000a8 (0x00100313) x6  0x00000001
core   0: 0x800000ac (0x00001297) auipc   x5, 0x1
core   0: 3 0x800000ac (0x00001297) x5  0x800010ac
core   0: 0x800000b0 (0xf5428293) addi    x5, x5, -172
core   0: 3 0x800000b0 (0xf5428293) x5  0x80001000
core   0: 0x800000b4 (0x0062a023) sw      x6, 0(x5)
core   0: 3 0x800000b4 (0x0062a023) mem 0x80001000 0x00000001
