core   0: 0x00001000 (0x00000297) auipc   x5, 0x0
core   0: 3 0x00001000 (0x00000297) x5  0x00001000
core   1: 0x00001000 (0x00000297) auipc   x5, 0x0
core   1: 3 0x00001000 (0x00000297) x5  0x00001000
core   2: 0x00001000 (0x00000297) auipc   x5, 0x0
core   2: 3 0x00001000 (0x00000297) x5  0x00001000
core   3: 0x00001000 (0x00000297) auipc   x5, 0x0
core   3: 3 0x00001000 (0x00000297) x5  0x00001000
core   4: 0x00001000 (0x00000297) auipc   x5, 0x0
core   4: 3 0x00001000 (0x00000297) x5  0x00001000
core   5: 0x00001000 (0x00000297) auipc   x5, 0x0
core   5: 3 0x00001000 (0x00000297) x5  0x00001000
core   6: 0x00001000 (0x00000297) auipc   x5, 0x0
core   6: 3 0x00001000 (0x00000297) x5  0x00001000
core   7: 0x00001000 (0x00000297) auipc   x5, 0x0
core   7: 3 0x00001000 (0x00000297) x5  0x00001000
core   0: 0x00001004 (0x02028593) addi    x11, x5, 32
core   0: 3 0x00001004 (0x02028593) x11 0x00001020
core   1: 0x00001004 (0x02028593) addi    x11, x5, 32
core   1: 3 0x00001004 (0x02028593) x11 0x00001020
core   2: 0x00001004 (0x02028593) addi    x11, x5, 32
core   2: 3 0x00001004 (0x02028593) x11 0x00001020
core   3: 0x00001004 (0x02028593) addi    x11, x5, 32
core   3: 3 0x00001004 (0x02028593) x11 0x00001020
core   4: 0x00001004 (0x02028593) addi    x11, x5, 32
core   4: 3 0x00001004 (0x02028593) x11 0x00001020
core   5: 0x00001004 (0x02028593) addi    x11, x5, 32
core   5: 3 0x00001004 (0x02028593) x11 0x00001020
core   6: 0x00001004 (0x02028593) addi    x11, x5, 32
core   6: 3 0x00001004 (0x02028593) x11 0x00001020
core   7: 0x00001004 (0x02028593) addi    x11, x5, 32
core   7: 3 0x00001004 (0x02028593) x11 0x00001020
core   0: 0x00001008 (0xf1402573) csrr    x10, mhartid
core   0: 3 0x00001008 (0xf1402573) x10 0x00000000
core   1: 0x00001008 (0xf1402573) csrr    x10, mhartid
core   1: 3 0x00001008 (0xf1402573) x10 0x00000001
core   2: 0x00001008 (0xf1402573) csrr    x10, mhartid
core   2: 3 0x00001008 (0xf1402573) x10 0x00000002
core   3: 0x00001008 (0xf1402573) csrr    x10, mhartid
core   3: 3 0x00001008 (0xf1402573) x10 0x00000003
core   4: 0x00001008 (0xf1402573) csrr    x10, mhartid
core   4: 3 0x00001008 (0xf1402573) x10 0x00000004
core   5: 0x00001008 (0xf1402573) csrr    x10, mhartid
core   5: 3 0x00001008 (0xf1402573) x10 0x00000005
core   6: 0x00001008 (0xf1402573) csrr    x10, mhartid
core   6: 3 0x00001008 (0xf1402573) x10 0x00000006
core   7: 0x00001008 (0xf1402573) csrr    x10, mhartid
core   7: 3 0x00001008 (0xf1402573) x10 0x00000007
core   0: 0x0000100c (0x0182a283) lw      x5, 24(x5)
core   0: 3 0x0000100c (0x0182a283) x5  0x80000000 mem 0x00001018
core   1: 0x0000100c (0x0182a283) lw      x5, 24(x5)
core   1: 3 0x0000100c (0x0182a283) x5  0x80000000 mem 0x00001018
core   2: 0x0000100c (0x0182a283) lw      x5, 24(x5)
core   2: 3 0x0000100c (0x0182a283) x5  0x80000000 mem 0x00001018
core   3: 0x0000100c (0x0182a283) lw      x5, 24(x5)
core   3: 3 0x0000100c (0x0182a283) x5  0x80000000 mem 0x00001018
core   4: 0x0000100c (0x0182a283) lw      x5, 24(x5)
core   4: 3 0x0000100c (0x0182a283) x5  0x80000000 mem 0x00001018
core   5: 0x0000100c (0x0182a283) lw      x5, 24(x5)
core   5: 3 0x0000100c (0x0182a283) x5  0x80000000 mem 0x00001018
core   6: 0x0000100c (0x0182a283) lw      x5, 24(x5)
core   6: 3 0x0000100c (0x0182a283) x5  0x80000000 mem 0x00001018
core   7: 0x0000100c (0x0182a283) lw      x5, 24(x5)
core   7: 3 0x0000100c (0x0182a283) x5  0x80000000 mem 0x00001018
core   0: 0x00001010 (0x00028067) jr      x5
core   0: 3 0x00001010 (0x00028067)
core   1: 0x00001010 (0x00028067) jr      x5
core   1: 3 0x00001010 (0x00028067)
core   2: 0x00001010 (0x00028067) jr      x5
core   2: 3 0x00001010 (0x00028067)
core   3: 0x00001010 (0x00028067) jr      x5
core   3: 3 0x00001010 (0x00028067)
core   4: 0x00001010 (0x00028067) jr      x5
core   4: 3 0x00001010 (0x00028067)
core   5: 0x00001010 (0x00028067) jr      x5
core   5: 3 0x00001010 (0x00028067)
core   6: 0x00001010 (0x00028067) jr      x5
core   6: 3 0x00001010 (0x00028067)
core   7: 0x00001010 (0x00028067) jr      x5
core   7: 3 0x00001010 (0x00028067)
core   0: 0x80000000 (0x00004197) auipc   x3, 0x4
core   0: 3 0x80000000 (0x00004197) x3  0x80004000
core   1: 0x80000000 (0x00004197) auipc   x3, 0x4
core   1: 3 0x80000000 (0x00004197) x3  0x80004000
core   2: 0x80000000 (0x00004197) auipc   x3, 0x4
core   2: 3 0x80000000 (0x00004197) x3  0x80004000
core   3: 0x80000000 (0x00004197) auipc   x3, 0x4
core   3: 3 0x80000000 (0x00004197) x3  0x80004000
core   4: 0x80000000 (0x00004197) auipc   x3, 0x4
core   4: 3 0x80000000 (0x00004197) x3  0x80004000
core   5: 0x80000000 (0x00004197) auipc   x3, 0x4
core   5: 3 0x80000000 (0x00004197) x3  0x80004000
core   6: 0x80000000 (0x00004197) auipc   x3, 0x4
core   6: 3 0x80000000 (0x00004197) x3  0x80004000
core   7: 0x80000000 (0x00004197) auipc   x3, 0x4
core   7: 3 0x80000000 (0x00004197) x3  0x80004000
core   0: 0x80000004 (0x80818193) addi    x3, x3, -2040
core   0: 3 0x80000004 (0x80818193) x3  0x80003808
core   1: 0x80000004 (0x80818193) addi    x3, x3, -2040
core   1: 3 0x80000004 (0x80818193) x3  0x80003808
core   2: 0x80000004 (0x80818193) addi    x3, x3, -2040
core   2: 3 0x80000004 (0x80818193) x3  0x80003808
core   3: 0x80000004 (0x80818193) addi    x3, x3, -2040
core   3: 3 0x80000004 (0x80818193) x3  0x80003808
core   4: 0x80000004 (0x80818193) addi    x3, x3, -2040
core   4: 3 0x80000004 (0x80818193) x3  0x80003808
core   5: 0x80000004 (0x80818193) addi    x3, x3, -2040
core   5: 3 0x80000004 (0x80818193) x3  0x80003808
core   6: 0x80000004 (0x80818193) addi    x3, x3, -2040
core   6: 3 0x80000004 (0x80818193) x3  0x80003808
core   7: 0x80000004 (0x80818193) addi    x3, x3, -2040
core   7: 3 0x80000004 (0x80818193) x3  0x80003808
core   0: 0x80000008 (0x02000e93) li      x29, 32
core   0: 3 0x80000008 (0x02000e93) x29 0x00000020
core   1: 0x80000008 (0x02000e93) li      x29, 32
core   1: 3 0x80000008 (0x02000e93) x29 0x00000020
core   2: 0x80000008 (0x02000e93) li      x29, 32
core   2: 3 0x80000008 (0x02000e93) x29 0x00000020
core   3: 0x80000008 (0x02000e93) li      x29, 32
core   3: 3 0x80000008 (0x02000e93) x29 0x00000020
core   4: 0x80000008 (0x02000e93) li      x29, 32
core   4: 3 0x80000008 (0x02000e93) x29 0x00000020
core   5: 0x80000008 (0x02000e93) li      x29, 32
core   5: 3 0x80000008 (0x02000e93) x29 0x00000020
core   6: 0x80000008 (0x02000e93) li      x29, 32
core   6: 3 0x80000008 (0x02000e93) x29 0x00000020
core   7: 0x80000008 (0x02000e93) li      x29, 32
core   7: 3 0x80000008 (0x02000e93) x29 0x00000020
core   0: 0x8000000c (0x0d0efed7) vsetvli x29, x29, e32, m1, ta, ma
core   0: 3 0x8000000c (0x0d0efed7) x29 0x00000008 c8_vstart 0x00000000 c3104_vl 0x00000008 c3105_vtype 0x000000d0 c768_mstatus 0x80000600
core   1: 0x8000000c (0x0d0efed7) vsetvli x29, x29, e32, m1, ta, ma
core   1: 3 0x8000000c (0x0d0efed7) x29 0x00000008 c8_vstart 0x00000000 c3104_vl 0x00000008 c3105_vtype 0x000000d0 c768_mstatus 0x80000600
core   2: 0x8000000c (0x0d0efed7) vsetvli x29, x29, e32, m1, ta, ma
core   2: 3 0x8000000c (0x0d0efed7) x29 0x00000008 c8_vstart 0x00000000 c3104_vl 0x00000008 c3105_vtype 0x000000d0 c768_mstatus 0x80000600
core   3: 0x8000000c (0x0d0efed7) vsetvli x29, x29, e32, m1, ta, ma
core   3: 3 0x8000000c (0x0d0efed7) x29 0x00000008 c8_vstart 0x00000000 c3104_vl 0x00000008 c3105_vtype 0x000000d0 c768_mstatus 0x80000600
core   4: 0x8000000c (0x0d0efed7) vsetvli x29, x29, e32, m1, ta, ma
core   4: 3 0x8000000c (0x0d0efed7) x29 0x00000008 c8_vstart 0x00000000 c3104_vl 0x00000008 c3105_vtype 0x000000d0 c768_mstatus 0x80000600
core   5: 0x8000000c (0x0d0efed7) vsetvli x29, x29, e32, m1, ta, ma
core   5: 3 0x8000000c (0x0d0efed7) x29 0x00000008 c8_vstart 0x00000000 c3104_vl 0x00000008 c3105_vtype 0x000000d0 c768_mstatus 0x80000600
core   6: 0x8000000c (0x0d0efed7) vsetvli x29, x29, e32, m1, ta, ma
core   6: 3 0x8000000c (0x0d0efed7) x29 0x00000008 c8_vstart 0x00000000 c3104_vl 0x00000008 c3105_vtype 0x000000d0 c768_mstatus 0x80000600
core   7: 0x8000000c (0x0d0efed7) vsetvli x29, x29, e32, m1, ta, ma
core   7: 3 0x8000000c (0x0d0efed7) x29 0x00000008 c8_vstart 0x00000000 c3104_vl 0x00000008 c3105_vtype 0x000000d0 c768_mstatus 0x80000600
core   0: 0x80000010 (0x00002eb7) lui     x29, 0x2
core   0: 3 0x80000010 (0x00002eb7) x29 0x00002000
core   1: 0x80000010 (0x00002eb7) lui     x29, 0x2
core   1: 3 0x80000010 (0x00002eb7) x29 0x00002000
core   2: 0x80000010 (0x00002eb7) lui     x29, 0x2
core   2: 3 0x80000010 (0x00002eb7) x29 0x00002000
core   3: 0x80000010 (0x00002eb7) lui     x29, 0x2
core   3: 3 0x80000010 (0x00002eb7) x29 0x00002000
core   4: 0x80000010 (0x00002eb7) lui     x29, 0x2
core   4: 3 0x80000010 (0x00002eb7) x29 0x00002000
core   5: 0x80000010 (0x00002eb7) lui     x29, 0x2
core   5: 3 0x80000010 (0x00002eb7) x29 0x00002000
core   6: 0x80000010 (0x00002eb7) lui     x29, 0x2
core   6: 3 0x80000010 (0x00002eb7) x29 0x00002000
core   7: 0x80000010 (0x00002eb7) lui     x29, 0x2
core   7: 3 0x80000010 (0x00002eb7) x29 0x00002000
core   0: 0x80000014 (0x300eaef3) csrrs   x29, mstatus, x29
core   0: 3 0x80000014 (0x300eaef3) x29 0x80000600 c768_mstatus 0x80006600
core   1: 0x80000014 (0x300eaef3) csrrs   x29, mstatus, x29
core   1: 3 0x80000014 (0x300eaef3) x29 0x80000600 c768_mstatus 0x80006600
core   2: 0x80000014 (0x300eaef3) csrrs   x29, mstatus, x29
core   2: 3 0x80000014 (0x300eaef3) x29 0x80000600 c768_mstatus 0x80006600
core   3: 0x80000014 (0x300eaef3) csrrs   x29, mstatus, x29
core   3: 3 0x80000014 (0x300eaef3) x29 0x80000600 c768_mstatus 0x80006600
core   4: 0x80000014 (0x300eaef3) csrrs   x29, mstatus, x29
core   4: 3 0x80000014 (0x300eaef3) x29 0x80000600 c768_mstatus 0x80006600
core   5: 0x80000014 (0x300eaef3) csrrs   x29, mstatus, x29
core   5: 3 0x80000014 (0x300eaef3) x29 0x80000600 c768_mstatus 0x80006600
core   6: 0x80000014 (0x300eaef3) csrrs   x29, mstatus, x29
core   6: 3 0x80000014 (0x300eaef3) x29 0x80000600 c768_mstatus 0x80006600
core   7: 0x80000014 (0x300eaef3) csrrs   x29, mstatus, x29
core   7: 3 0x80000014 (0x300eaef3) x29 0x80000600 c768_mstatus 0x80006600
core   0: 0x80000018 (0x00000e93) li      x29, 0
core   0: 3 0x80000018 (0x00000e93) x29 0x00000000
core   1: 0x80000018 (0x00000e93) li      x29, 0
core   1: 3 0x80000018 (0x00000e93) x29 0x00000000
core   2: 0x80000018 (0x00000e93) li      x29, 0
core   2: 3 0x80000018 (0x00000e93) x29 0x00000000
core   3: 0x80000018 (0x00000e93) li      x29, 0
core   3: 3 0x80000018 (0x00000e93) x29 0x00000000
core   4: 0x80000018 (0x00000e93) li      x29, 0
core   4: 3 0x80000018 (0x00000e93) x29 0x00000000
core   5: 0x80000018 (0x00000e93) li      x29, 0
core   5: 3 0x80000018 (0x00000e93) x29 0x00000000
core   6: 0x80000018 (0x00000e93) li      x29, 0
core   6: 3 0x80000018 (0x00000e93) x29 0x00000000
core   7: 0x80000018 (0x00000e93) li      x29, 0
core   7: 3 0x80000018 (0x00000e93) x29 0x00000000
core   0: 0x8000001c (0x80502373) csrr    x6, wid
core   0: 3 0x8000001c (0x80502373) x6  0x00000000
core   1: 0x8000001c (0x80502373) csrr    x6, wid
core   1: 3 0x8000001c (0x80502373) x6  0x00000001
core   2: 0x8000001c (0x80502373) csrr    x6, wid
core   2: 3 0x8000001c (0x80502373) x6  0x00000002
core   3: 0x8000001c (0x80502373) csrr    x6, wid
core   3: 3 0x8000001c (0x80502373) x6  0x00000003
core   4: 0x8000001c (0x80502373) csrr    x6, wid
core   4: 3 0x8000001c (0x80502373) x6  0x00000004
core   5: 0x8000001c (0x80502373) csrr    x6, wid
core   5: 3 0x8000001c (0x80502373) x6  0x00000005
core   6: 0x8000001c (0x80502373) csrr    x6, wid
core   6: 3 0x8000001c (0x80502373) x6  0x00000006
core   7: 0x8000001c (0x80502373) csrr    x6, wid
core   7: 3 0x8000001c (0x80502373) x6  0x00000007
core   0: 0x80000020 (0x806023f3) csrr    x7, lds
core   0: 3 0x80000020 (0x806023f3) x7  0x70000000
core   1: 0x80000020 (0x806023f3) csrr    x7, lds
core   1: 3 0x80000020 (0x806023f3) x7  0x70000000
core   2: 0x80000020 (0x806023f3) csrr    x7, lds
core   2: 3 0x80000020 (0x806023f3) x7  0x70000000
core   3: 0x80000020 (0x806023f3) csrr    x7, lds
core   3: 3 0x80000020 (0x806023f3) x7  0x70000000
core   4: 0x80000020 (0x806023f3) csrr    x7, lds
core   4: 3 0x80000020 (0x806023f3) x7  0x70000000
core   5: 0x80000020 (0x806023f3) csrr    x7, lds
core   5: 3 0x80000020 (0x806023f3) x7  0x70000000
core   6: 0x80000020 (0x806023f3) csrr    x7, lds
core   6: 3 0x80000020 (0x806023f3) x7  0x70000000
core   7: 0x80000020 (0x806023f3) csrr    x7, lds
core   7: 3 0x80000020 (0x806023f3) x7  0x70000000
core   0: 0x80000024 (0x40000e13) li      x28, 1024
core   0: 3 0x80000024 (0x40000e13) x28 0x00000400
core   1: 0x80000024 (0x40000e13) li      x28, 1024
core   1: 3 0x80000024 (0x40000e13) x28 0x00000400
core   2: 0x80000024 (0x40000e13) li      x28, 1024
core   2: 3 0x80000024 (0x40000e13) x28 0x00000400
core   3: 0x80000024 (0x40000e13) li      x28, 1024
core   3: 3 0x80000024 (0x40000e13) x28 0x00000400
core   4: 0x80000024 (0x40000e13) li      x28, 1024
core   4: 3 0x80000024 (0x40000e13) x28 0x00000400
core   5: 0x80000024 (0x40000e13) li      x28, 1024
core   5: 3 0x80000024 (0x40000e13) x28 0x00000400
core   6: 0x80000024 (0x40000e13) li      x28, 1024
core   6: 3 0x80000024 (0x40000e13) x28 0x00000400
core   7: 0x80000024 (0x40000e13) li      x28, 1024
core   7: 3 0x80000024 (0x40000e13) x28 0x00000400
core   0: 0x80000028 (0x03c30333) mul     x6, x6, x28
core   0: 3 0x80000028 (0x03c30333) x6  0x00000000
core   1: 0x80000028 (0x03c30333) mul     x6, x6, x28
core   1: 3 0x80000028 (0x03c30333) x6  0x00000400
core   2: 0x80000028 (0x03c30333) mul     x6, x6, x28
core   2: 3 0x80000028 (0x03c30333) x6  0x00000800
core   3: 0x80000028 (0x03c30333) mul     x6, x6, x28
core   3: 3 0x80000028 (0x03c30333) x6  0x00000c00
core   4: 0x80000028 (0x03c30333) mul     x6, x6, x28
core   4: 3 0x80000028 (0x03c30333) x6  0x00001000
core   5: 0x80000028 (0x03c30333) mul     x6, x6, x28
core   5: 3 0x80000028 (0x03c30333) x6  0x00001400
core   6: 0x80000028 (0x03c30333) mul     x6, x6, x28
core   6: 3 0x80000028 (0x03c30333) x6  0x00001800
core   7: 0x80000028 (0x03c30333) mul     x6, x6, x28
core   7: 3 0x80000028 (0x03c30333) x6  0x00001c00
core   0: 0x8000002c (0x00730133) add     x2, x6, x7
core   0: 3 0x8000002c (0x00730133) x2  0x70000000
core   1: 0x8000002c (0x00730133) add     x2, x6, x7
core   1: 3 0x8000002c (0x00730133) x2  0x70000400
core   2: 0x8000002c (0x00730133) add     x2, x6, x7
core   2: 3 0x8000002c (0x00730133) x2  0x70000800
core   3: 0x8000002c (0x00730133) add     x2, x6, x7
core   3: 3 0x8000002c (0x00730133) x2  0x70000c00
core   4: 0x8000002c (0x00730133) add     x2, x6, x7
core   4: 3 0x8000002c (0x00730133) x2  0x70001000
core   5: 0x8000002c (0x00730133) add     x2, x6, x7
core   5: 3 0x8000002c (0x00730133) x2  0x70001400
core   6: 0x8000002c (0x00730133) add     x2, x6, x7
core   6: 3 0x8000002c (0x00730133) x2  0x70001800
core   7: 0x8000002c (0x00730133) add     x2, x6, x7
core   7: 3 0x8000002c (0x00730133) x2  0x70001c00
core   0: 0x80000030 (0x00000213) li      x4, 0
core   0: 3 0x80000030 (0x00000213) x4  0x00000000
core   1: 0x80000030 (0x00000213) li      x4, 0
core   1: 3 0x80000030 (0x00000213) x4  0x00000000
core   2: 0x80000030 (0x00000213) li      x4, 0
core   2: 3 0x80000030 (0x00000213) x4  0x00000000
core   3: 0x80000030 (0x00000213) li      x4, 0
core   3: 3 0x80000030 (0x00000213) x4  0x00000000
core   4: 0x80000030 (0x00000213) li      x4, 0
core   4: 3 0x80000030 (0x00000213) x4  0x00000000
core   5: 0x80000030 (0x00000213) li      x4, 0
core   5: 3 0x80000030 (0x00000213) x4  0x00000000
core   6: 0x80000030 (0x00000213) li      x4, 0
core   6: 3 0x80000030 (0x00000213) x4  0x00000000
core   7: 0x80000030 (0x00000213) li      x4, 0
core   7: 3 0x80000030 (0x00000213) x4  0x00000000
core   0: 0x80000034 (0x80102f73) csrr    x30, numw
core   0: 3 0x80000034 (0x80102f73) x30 0x00000008
core   1: 0x80000034 (0x80102f73) csrr    x30, numw
core   1: 3 0x80000034 (0x80102f73) x30 0x00000008
core   2: 0x80000034 (0x80102f73) csrr    x30, numw
core   2: 3 0x80000034 (0x80102f73) x30 0x00000008
core   3: 0x80000034 (0x80102f73) csrr    x30, numw
core   3: 3 0x80000034 (0x80102f73) x30 0x00000008
core   4: 0x80000034 (0x80102f73) csrr    x30, numw
core   4: 3 0x80000034 (0x80102f73) x30 0x00000008
core   5: 0x80000034 (0x80102f73) csrr    x30, numw
core   5: 3 0x80000034 (0x80102f73) x30 0x00000008
core   6: 0x80000034 (0x80102f73) csrr    x30, numw
core   6: 3 0x80000034 (0x80102f73) x30 0x00000008
core   7: 0x80000034 (0x80102f73) csrr    x30, numw
core   7: 3 0x80000034 (0x80102f73) x30 0x00000008
core   0: 0x80000038 (0x40000e13) li      x28, 1024
core   0: 3 0x80000038 (0x40000e13) x28 0x00000400
core   1: 0x80000038 (0x40000e13) li      x28, 1024
core   1: 3 0x80000038 (0x40000e13) x28 0x00000400
core   2: 0x80000038 (0x40000e13) li      x28, 1024
core   2: 3 0x80000038 (0x40000e13) x28 0x00000400
core   3: 0x80000038 (0x40000e13) li      x28, 1024
core   3: 3 0x80000038 (0x40000e13) x28 0x00000400
core   4: 0x80000038 (0x40000e13) li      x28, 1024
core   4: 3 0x80000038 (0x40000e13) x28 0x00000400
core   5: 0x80000038 (0x40000e13) li      x28, 1024
core   5: 3 0x80000038 (0x40000e13) x28 0x00000400
core   6: 0x80000038 (0x40000e13) li      x28, 1024
core   6: 3 0x80000038 (0x40000e13) x28 0x00000400
core   7: 0x80000038 (0x40000e13) li      x28, 1024
core   7: 3 0x80000038 (0x40000e13) x28 0x00000400
core   0: 0x8000003c (0x03cf0f33) mul     x30, x30, x28
core   0: 3 0x8000003c (0x03cf0f33) x30 0x00002000
core   1: 0x8000003c (0x03cf0f33) mul     x30, x30, x28
core   1: 3 0x8000003c (0x03cf0f33) x30 0x00002000
core   2: 0x8000003c (0x03cf0f33) mul     x30, x30, x28
core   2: 3 0x8000003c (0x03cf0f33) x30 0x00002000
core   3: 0x8000003c (0x03cf0f33) mul     x30, x30, x28
core   3: 3 0x8000003c (0x03cf0f33) x30 0x00002000
core   4: 0x8000003c (0x03cf0f33) mul     x30, x30, x28
core   4: 3 0x8000003c (0x03cf0f33) x30 0x00002000
core   5: 0x8000003c (0x03cf0f33) mul     x30, x30, x28
core   5: 3 0x8000003c (0x03cf0f33) x30 0x00002000
core   6: 0x8000003c (0x03cf0f33) mul     x30, x30, x28
core   6: 3 0x8000003c (0x03cf0f33) x30 0x00002000
core   7: 0x8000003c (0x03cf0f33) mul     x30, x30, x28
core   7: 3 0x8000003c (0x03cf0f33) x30 0x00002000
core   0: 0x80000040 (0x01e38433) add     x8, x7, x30
core   0: 3 0x80000040 (0x01e38433) x8  0x70002000
core   1: 0x80000040 (0x01e38433) add     x8, x7, x30
core   1: 3 0x80000040 (0x01e38433) x8  0x70002000
core   2: 0x80000040 (0x01e38433) add     x8, x7, x30
core   2: 3 0x80000040 (0x01e38433) x8  0x70002000
core   3: 0x80000040 (0x01e38433) add     x8, x7, x30
core   3: 3 0x80000040 (0x01e38433) x8  0x70002000
core   4: 0x80000040 (0x01e38433) add     x8, x7, x30
core   4: 3 0x80000040 (0x01e38433) x8  0x70002000
core   5: 0x80000040 (0x01e38433) add     x8, x7, x30
core   5: 3 0x80000040 (0x01e38433) x8  0x70002000
core   6: 0x80000040 (0x01e38433) add     x8, x7, x30
core   6: 3 0x80000040 (0x01e38433) x8  0x70002000
core   7: 0x80000040 (0x01e38433) add     x8, x7, x30
core   7: 3 0x80000040 (0x01e38433) x8  0x70002000
core   0: 0x80000044 (0x00003517) auipc   x10, 0x3
core   0: 3 0x80000044 (0x00003517) x10 0x80003044
core   1: 0x80000044 (0x00003517) auipc   x10, 0x3
core   1: 3 0x80000044 (0x00003517) x10 0x80003044
core   2: 0x80000044 (0x00003517) auipc   x10, 0x3
core   2: 3 0x80000044 (0x00003517) x10 0x80003044
core   3: 0x80000044 (0x00003517) auipc   x10, 0x3
core   3: 3 0x80000044 (0x00003517) x10 0x80003044
core   4: 0x80000044 (0x00003517) auipc   x10, 0x3
core   4: 3 0x80000044 (0x00003517) x10 0x80003044
core   5: 0x80000044 (0x00003517) auipc   x10, 0x3
core   5: 3 0x80000044 (0x00003517) x10 0x80003044
core   6: 0x80000044 (0x00003517) auipc   x10, 0x3
core   6: 3 0x80000044 (0x00003517) x10 0x80003044
core   7: 0x80000044 (0x00003517) auipc   x10, 0x3
core   7: 3 0x80000044 (0x00003517) x10 0x80003044
core   0: 0x80000048 (0xfc450513) addi    x10, x10, -60
core   0: 3 0x80000048 (0xfc450513) x10 0x80003008
core   1: 0x80000048 (0xfc450513) addi    x10, x10, -60
core   1: 3 0x80000048 (0xfc450513) x10 0x80003008
core   2: 0x80000048 (0xfc450513) addi    x10, x10, -60
core   2: 3 0x80000048 (0xfc450513) x10 0x80003008
core   3: 0x80000048 (0xfc450513) addi    x10, x10, -60
core   3: 3 0x80000048 (0xfc450513) x10 0x80003008
core   4: 0x80000048 (0xfc450513) addi    x10, x10, -60
core   4: 3 0x80000048 (0xfc450513) x10 0x80003008
core   5: 0x80000048 (0xfc450513) addi    x10, x10, -60
core   5: 3 0x80000048 (0xfc450513) x10 0x80003008
core   6: 0x80000048 (0xfc450513) addi    x10, x10, -60
core   6: 3 0x80000048 (0xfc450513) x10 0x80003008
core   7: 0x80000048 (0xfc450513) addi    x10, x10, -60
core   7: 3 0x80000048 (0xfc450513) x10 0x80003008
core   0: 0x8000004c (0x00003617) auipc   x12, 0x3
core   0: 3 0x8000004c (0x00003617) x12 0x8000304c
core   1: 0x8000004c (0x00003617) auipc   x12, 0x3
core   1: 3 0x8000004c (0x00003617) x12 0x8000304c
core   2: 0x8000004c (0x00003617) auipc   x12, 0x3
core   2: 3 0x8000004c (0x00003617) x12 0x8000304c
core   3: 0x8000004c (0x00003617) auipc   x12, 0x3
core   3: 3 0x8000004c (0x00003617) x12 0x8000304c
core   4: 0x8000004c (0x00003617) auipc   x12, 0x3
core   4: 3 0x8000004c (0x00003617) x12 0x8000304c
core   5: 0x8000004c (0x00003617) auipc   x12, 0x3
core   5: 3 0x8000004c (0x00003617) x12 0x8000304c
core   6: 0x8000004c (0x00003617) auipc   x12, 0x3
core   6: 3 0x8000004c (0x00003617) x12 0x8000304c
core   7: 0x8000004c (0x00003617) auipc   x12, 0x3
core   7: 3 0x8000004c (0x00003617) x12 0x8000304c
core   0: 0x80000050 (0xfbc60613) addi    x12, x12, -68
core   0: 3 0x80000050 (0xfbc60613) x12 0x80003008
core   1: 0x80000050 (0xfbc60613) addi    x12, x12, -68
core   1: 3 0x80000050 (0xfbc60613) x12 0x80003008
core   2: 0x80000050 (0xfbc60613) addi    x12, x12, -68
core   2: 3 0x80000050 (0xfbc60613) x12 0x80003008
core   3: 0x80000050 (0xfbc60613) addi    x12, x12, -68
core   3: 3 0x80000050 (0xfbc60613) x12 0x80003008
core   4: 0x80000050 (0xfbc60613) addi    x12, x12, -68
core   4: 3 0x80000050 (0xfbc60613) x12 0x80003008
core   5: 0x80000050 (0xfbc60613) addi    x12, x12, -68
core   5: 3 0x80000050 (0xfbc60613) x12 0x80003008
core   6: 0x80000050 (0xfbc60613) addi    x12, x12, -68
core   6: 3 0x80000050 (0xfbc60613) x12 0x80003008
core   7: 0x80000050 (0xfbc60613) addi    x12, x12, -68
core   7: 3 0x80000050 (0xfbc60613) x12 0x80003008
core   0: 0x80000054 (0x00c50863) beq     x10, x12, pc + 16
core   0: 3 0x80000054 (0x00c50863)
core   1: 0x80000054 (0x00c50863) beq     x10, x12, pc + 16
core   1: 3 0x80000054 (0x00c50863)
core   2: 0x80000054 (0x00c50863) beq     x10, x12, pc + 16
core   2: 3 0x80000054 (0x00c50863)
core   3: 0x80000054 (0x00c50863) beq     x10, x12, pc + 16
core   3: 3 0x80000054 (0x00c50863)
core   4: 0x80000054 (0x00c50863) beq     x10, x12, pc + 16
core   4: 3 0x80000054 (0x00c50863)
core   5: 0x80000054 (0x00c50863) beq     x10, x12, pc + 16
core   5: 3 0x80000054 (0x00c50863)
core   6: 0x80000054 (0x00c50863) beq     x10, x12, pc + 16
core   6: 3 0x80000054 (0x00c50863)
core   7: 0x80000054 (0x00c50863) beq     x10, x12, pc + 16
core   7: 3 0x80000054 (0x00c50863)
core   0: 0x80000064 (0x803022f3) csrr    x5, knl
core   0: 3 0x80000064 (0x803022f3) x5  0x90043000
core   1: 0x80000064 (0x803022f3) csrr    x5, knl
core   1: 3 0x80000064 (0x803022f3) x5  0x90043000
core   2: 0x80000064 (0x803022f3) csrr    x5, knl
core   2: 3 0x80000064 (0x803022f3) x5  0x90043000
core   3: 0x80000064 (0x803022f3) csrr    x5, knl
core   3: 3 0x80000064 (0x803022f3) x5  0x90043000
core   4: 0x80000064 (0x803022f3) csrr    x5, knl
core   4: 3 0x80000064 (0x803022f3) x5  0x90043000
core   5: 0x80000064 (0x803022f3) csrr    x5, knl
core   5: 3 0x80000064 (0x803022f3) x5  0x90043000
core   6: 0x80000064 (0x803022f3) csrr    x5, knl
core   6: 3 0x80000064 (0x803022f3) x5  0x90043000
core   7: 0x80000064 (0x803022f3) csrr    x5, knl
core   7: 3 0x80000064 (0x803022f3) x5  0x90043000
core   0: 0x80000068 (0x0002a303) lw      x6, 0(x5)
core   0: 3 0x80000068 (0x0002a303) x6  0x800000b8 mem 0x90043000
core   1: 0x80000068 (0x0002a303) lw      x6, 0(x5)
core   1: 3 0x80000068 (0x0002a303) x6  0x800000b8 mem 0x90043000
core   2: 0x80000068 (0x0002a303) lw      x6, 0(x5)
core   2: 3 0x80000068 (0x0002a303) x6  0x800000b8 mem 0x90043000
core   3: 0x80000068 (0x0002a303) lw      x6, 0(x5)
core   3: 3 0x80000068 (0x0002a303) x6  0x800000b8 mem 0x90043000
core   4: 0x80000068 (0x0002a303) lw      x6, 0(x5)
core   4: 3 0x80000068 (0x0002a303) x6  0x800000b8 mem 0x90043000
core   5: 0x80000068 (0x0002a303) lw      x6, 0(x5)
core   5: 3 0x80000068 (0x0002a303) x6  0x800000b8 mem 0x90043000
core   6: 0x80000068 (0x0002a303) lw      x6, 0(x5)
core   6: 3 0x80000068 (0x0002a303) x6  0x800000b8 mem 0x90043000
core   7: 0x80000068 (0x0002a303) lw      x6, 0(x5)
core   7: 3 0x80000068 (0x0002a303) x6  0x800000b8 mem 0x90043000
core   0: 0x8000006c (0x0042a503) lw      x10, 4(x5)
core   0: 3 0x8000006c (0x0042a503) x10 0x90002000 mem 0x90043004
core   1: 0x8000006c (0x0042a503) lw      x10, 4(x5)
core   1: 3 0x8000006c (0x0042a503) x10 0x90002000 mem 0x90043004
core   2: 0x8000006c (0x0042a503) lw      x10, 4(x5)
core   2: 3 0x8000006c (0x0042a503) x10 0x90002000 mem 0x90043004
core   3: 0x8000006c (0x0042a503) lw      x10, 4(x5)
core   3: 3 0x8000006c (0x0042a503) x10 0x90002000 mem 0x90043004
core   4: 0x8000006c (0x0042a503) lw      x10, 4(x5)
core   4: 3 0x8000006c (0x0042a503) x10 0x90002000 mem 0x90043004
core   5: 0x8000006c (0x0042a503) lw      x10, 4(x5)
core   5: 3 0x8000006c (0x0042a503) x10 0x90002000 mem 0x90043004
core   6: 0x8000006c (0x0042a503) lw      x10, 4(x5)
core   6: 3 0x8000006c (0x0042a503) x10 0x90002000 mem 0x90043004
core   7: 0x8000006c (0x0042a503) lw      x10, 4(x5)
core   7: 3 0x8000006c (0x0042a503) x10 0x90002000 mem 0x90043004
core   0: 0x80000070 (0x0302a383) lw      x7, 48(x5)
core   0: 3 0x80000070 (0x0302a383) x7  0x00000000 mem 0x90043030
core   1: 0x80000070 (0x0302a383) lw      x7, 48(x5)
core   1: 3 0x80000070 (0x0302a383) x7  0x00000000 mem 0x90043030
core   2: 0x80000070 (0x0302a383) lw      x7, 48(x5)
core   2: 3 0x80000070 (0x0302a383) x7  0x00000000 mem 0x90043030
core   3: 0x80000070 (0x0302a383) lw      x7, 48(x5)
core   3: 3 0x80000070 (0x0302a383) x7  0x00000000 mem 0x90043030
core   4: 0x80000070 (0x0302a383) lw      x7, 48(x5)
core   4: 3 0x80000070 (0x0302a383) x7  0x00000000 mem 0x90043030
core   5: 0x80000070 (0x0302a383) lw      x7, 48(x5)
core   5: 3 0x80000070 (0x0302a383) x7  0x00000000 mem 0x90043030
core   6: 0x80000070 (0x0302a383) lw      x7, 48(x5)
core   6: 3 0x80000070 (0x0302a383) x7  0x00000000 mem 0x90043030
core   7: 0x80000070 (0x0302a383) lw      x7, 48(x5)
core   7: 3 0x80000070 (0x0302a383) x7  0x00000000 mem 0x90043030
core   0: 0x80000074 (0x0342ae03) lw      x28, 52(x5)
core   0: 3 0x80000074 (0x0342ae03) x28 0x00000000 mem 0x90043034
core   1: 0x80000074 (0x0342ae03) lw      x28, 52(x5)
core   1: 3 0x80000074 (0x0342ae03) x28 0x00000000 mem 0x90043034
core   2: 0x80000074 (0x0342ae03) lw      x28, 52(x5)
core   2: 3 0x80000074 (0x0342ae03) x28 0x00000000 mem 0x90043034
core   3: 0x80000074 (0x0342ae03) lw      x28, 52(x5)
core   3: 3 0x80000074 (0x0342ae03) x28 0x00000000 mem 0x90043034
core   4: 0x80000074 (0x0342ae03) lw      x28, 52(x5)
core   4: 3 0x80000074 (0x0342ae03) x28 0x00000000 mem 0x90043034
core   5: 0x80000074 (0x0342ae03) lw      x28, 52(x5)
core   5: 3 0x80000074 (0x0342ae03) x28 0x00000000 mem 0x90043034
core   6: 0x80000074 (0x0342ae03) lw      x28, 52(x5)
core   6: 3 0x80000074 (0x0342ae03) x28 0x00000000 mem 0x90043034
core   7: 0x80000074 (0x0342ae03) lw      x28, 52(x5)
core   7: 3 0x80000074 (0x0342ae03) x28 0x00000000 mem 0x90043034
core   0: 0x80000078 (0x00003e97) auipc   x29, 0x3
core   0: 3 0x80000078 (0x00003e97) x29 0x80003078
core   1: 0x80000078 (0x00003e97) auipc   x29, 0x3
core   1: 3 0x80000078 (0x00003e97) x29 0x80003078
core   2: 0x80000078 (0x00003e97) auipc   x29, 0x3
core   2: 3 0x80000078 (0x00003e97) x29 0x80003078
core   3: 0x80000078 (0x00003e97) auipc   x29, 0x3
core   3: 3 0x80000078 (0x00003e97) x29 0x80003078
core   4: 0x80000078 (0x00003e97) auipc   x29, 0x3
core   4: 3 0x80000078 (0x00003e97) x29 0x80003078
core   5: 0x80000078 (0x00003e97) auipc   x29, 0x3
core   5: 3 0x80000078 (0x00003e97) x29 0x80003078
core   6: 0x80000078 (0x00003e97) auipc   x29, 0x3
core   6: 3 0x80000078 (0x00003e97) x29 0x80003078
core   7: 0x80000078 (0x00003e97) auipc   x29, 0x3
core   7: 3 0x80000078 (0x00003e97) x29 0x80003078
core   0: 0x8000007c (0xf88e8e93) addi    x29, x29, -120
core   0: 3 0x8000007c (0xf88e8e93) x29 0x80003000
core   1: 0x8000007c (0xf88e8e93) addi    x29, x29, -120
core   1: 3 0x8000007c (0xf88e8e93) x29 0x80003000
core   2: 0x8000007c (0xf88e8e93) addi    x29, x29, -120
core   2: 3 0x8000007c (0xf88e8e93) x29 0x80003000
core   3: 0x8000007c (0xf88e8e93) addi    x29, x29, -120
core   3: 3 0x8000007c (0xf88e8e93) x29 0x80003000
core   4: 0x8000007c (0xf88e8e93) addi    x29, x29, -120
core   4: 3 0x8000007c (0xf88e8e93) x29 0x80003000
core   5: 0x8000007c (0xf88e8e93) addi    x29, x29, -120
core   5: 3 0x8000007c (0xf88e8e93) x29 0x80003000
core   6: 0x8000007c (0xf88e8e93) addi    x29, x29, -120
core   6: 3 0x8000007c (0xf88e8e93) x29 0x80003000
core   7: 0x8000007c (0xf88e8e93) addi    x29, x29, -120
core   7: 3 0x8000007c (0xf88e8e93) x29 0x80003000
core   0: 0x80000080 (0x00003f17) auipc   x30, 0x3
core   0: 3 0x80000080 (0x00003f17) x30 0x80003080
core   1: 0x80000080 (0x00003f17) auipc   x30, 0x3
core   1: 3 0x80000080 (0x00003f17) x30 0x80003080
core   2: 0x80000080 (0x00003f17) auipc   x30, 0x3
core   2: 3 0x80000080 (0x00003f17) x30 0x80003080
core   3: 0x80000080 (0x00003f17) auipc   x30, 0x3
core   3: 3 0x80000080 (0x00003f17) x30 0x80003080
core   4: 0x80000080 (0x00003f17) auipc   x30, 0x3
core   4: 3 0x80000080 (0x00003f17) x30 0x80003080
core   5: 0x80000080 (0x00003f17) auipc   x30, 0x3
core   5: 3 0x80000080 (0x00003f17) x30 0x80003080
core   6: 0x80000080 (0x00003f17) auipc   x30, 0x3
core   6: 3 0x80000080 (0x00003f17) x30 0x80003080
core   7: 0x80000080 (0x00003f17) auipc   x30, 0x3
core   7: 3 0x80000080 (0x00003f17) x30 0x80003080
core   0: 0x80000084 (0xf84f0f13) addi    x30, x30, -124
core   0: 3 0x80000084 (0xf84f0f13) x30 0x80003004
core   1: 0x80000084 (0xf84f0f13) addi    x30, x30, -124
core   1: 3 0x80000084 (0xf84f0f13) x30 0x80003004
core   2: 0x80000084 (0xf84f0f13) addi    x30, x30, -124
core   2: 3 0x80000084 (0xf84f0f13) x30 0x80003004
core   3: 0x80000084 (0xf84f0f13) addi    x30, x30, -124
core   3: 3 0x80000084 (0xf84f0f13) x30 0x80003004
core   4: 0x80000084 (0xf84f0f13) addi    x30, x30, -124
core   4: 3 0x80000084 (0xf84f0f13) x30 0x80003004
core   5: 0x80000084 (0xf84f0f13) addi    x30, x30, -124
core   5: 3 0x80000084 (0xf84f0f13) x30 0x80003004
core   6: 0x80000084 (0xf84f0f13) addi    x30, x30, -124
core   6: 3 0x80000084 (0xf84f0f13) x30 0x80003004
core   7: 0x80000084 (0xf84f0f13) addi    x30, x30, -124
core   7: 3 0x80000084 (0xf84f0f13) x30 0x80003004
core   0: 0x80000088 (0x007ea023) sw      x7, 0(x29)
core   0: 3 0x80000088 (0x007ea023) mem 0x80003000 0x00000000
core   1: 0x80000088 (0x007ea023) sw      x7, 0(x29)
core   1: 3 0x80000088 (0x007ea023) mem 0x80003000 0x00000000
core   2: 0x80000088 (0x007ea023) sw      x7, 0(x29)
core   2: 3 0x80000088 (0x007ea023) mem 0x80003000 0x00000000
core   3: 0x80000088 (0x007ea023) sw      x7, 0(x29)
core   3: 3 0x80000088 (0x007ea023) mem 0x80003000 0x00000000
core   4: 0x80000088 (0x007ea023) sw      x7, 0(x29)
core   4: 3 0x80000088 (0x007ea023) mem 0x80003000 0x00000000
core   5: 0x80000088 (0x007ea023) sw      x7, 0(x29)
core   5: 3 0x80000088 (0x007ea023) mem 0x80003000 0x00000000
core   6: 0x80000088 (0x007ea023) sw      x7, 0(x29)
core   6: 3 0x80000088 (0x007ea023) mem 0x80003000 0x00000000
core   7: 0x80000088 (0x007ea023) sw      x7, 0(x29)
core   7: 3 0x80000088 (0x007ea023) mem 0x80003000 0x00000000
core   0: 0x8000008c (0x01cf2023) sw      x28, 0(x30)
core   0: 3 0x8000008c (0x01cf2023) mem 0x80003004 0x00000000
core   1: 0x8000008c (0x01cf2023) sw      x28, 0(x30)
core   1: 3 0x8000008c (0x01cf2023) mem 0x80003004 0x00000000
core   2: 0x8000008c (0x01cf2023) sw      x28, 0(x30)
core   2: 3 0x8000008c (0x01cf2023) mem 0x80003004 0x00000000
core   3: 0x8000008c (0x01cf2023) sw      x28, 0(x30)
core   3: 3 0x8000008c (0x01cf2023) mem 0x80003004 0x00000000
core   4: 0x8000008c (0x01cf2023) sw      x28, 0(x30)
core   4: 3 0x8000008c (0x01cf2023) mem 0x80003004 0x00000000
core   5: 0x8000008c (0x01cf2023) sw      x28, 0(x30)
core   5: 3 0x8000008c (0x01cf2023) mem 0x80003004 0x00000000
core   6: 0x8000008c (0x01cf2023) sw      x28, 0(x30)
core   6: 3 0x8000008c (0x01cf2023) mem 0x80003004 0x00000000
core   7: 0x8000008c (0x01cf2023) sw      x28, 0(x30)
core   7: 3 0x8000008c (0x01cf2023) mem 0x80003004 0x00000000
core   0: 0x80000090 (0x00000f97) auipc   x31, 0x0
core   0: 3 0x80000090 (0x00000f97) x31 0x80000090
core   1: 0x80000090 (0x00000f97) auipc   x31, 0x0
core   1: 3 0x80000090 (0x00000f97) x31 0x80000090
core   2: 0x80000090 (0x00000f97) auipc   x31, 0x0
core   2: 3 0x80000090 (0x00000f97) x31 0x80000090
core   3: 0x80000090 (0x00000f97) auipc   x31, 0x0
core   3: 3 0x80000090 (0x00000f97) x31 0x80000090
core   4: 0x80000090 (0x00000f97) auipc   x31, 0x0
core   4: 3 0x80000090 (0x00000f97) x31 0x80000090
core   5: 0x80000090 (0x00000f97) auipc   x31, 0x0
core   5: 3 0x80000090 (0x00000f97) x31 0x80000090
core   6: 0x80000090 (0x00000f97) auipc   x31, 0x0
core   6: 3 0x80000090 (0x00000f97) x31 0x80000090
core   7: 0x80000090 (0x00000f97) auipc   x31, 0x0
core   7: 3 0x80000090 (0x00000f97) x31 0x80000090
core   0: 0x80000094 (0x018f8f93) addi    x31, x31, 24
core   0: 3 0x80000094 (0x018f8f93) x31 0x800000a8
core   1: 0x80000094 (0x018f8f93) addi    x31, x31, 24
core   1: 3 0x80000094 (0x018f8f93) x31 0x800000a8
core   2: 0x80000094 (0x018f8f93) addi    x31, x31, 24
core   2: 3 0x80000094 (0x018f8f93) x31 0x800000a8
core   3: 0x80000094 (0x018f8f93) addi    x31, x31, 24
core   3: 3 0x80000094 (0x018f8f93) x31 0x800000a8
core   4: 0x80000094 (0x018f8f93) addi    x31, x31, 24
core   4: 3 0x80000094 (0x018f8f93) x31 0x800000a8
core   5: 0x80000094 (0x018f8f93) addi    x31, x31, 24
core   5: 3 0x80000094 (0x018f8f93) x31 0x800000a8
core   6: 0x80000094 (0x018f8f93) addi    x31, x31, 24
core   6: 3 0x80000094 (0x018f8f93) x31 0x800000a8
core   7: 0x80000094 (0x018f8f93) addi    x31, x31, 24
core   7: 3 0x80000094 (0x018f8f93) x31 0x800000a8
core   0: 0x80000098 (0x305f9073) csrw    mtvec, x31
core   0: 3 0x80000098 (0x305f9073) c773_mtvec 0x800000a8
core   1: 0x80000098 (0x305f9073) csrw    mtvec, x31
core   1: 3 0x80000098 (0x305f9073) c773_mtvec 0x800000a8
core   2: 0x80000098 (0x305f9073) csrw    mtvec, x31
core   2: 3 0x80000098 (0x305f9073) c773_mtvec 0x800000a8
core   3: 0x80000098 (0x305f9073) csrw    mtvec, x31
core   3: 3 0x80000098 (0x305f9073) c773_mtvec 0x800000a8
core   4: 0x80000098 (0x305f9073) csrw    mtvec, x31
core   4: 3 0x80000098 (0x305f9073) c773_mtvec 0x800000a8
core   5: 0x80000098 (0x305f9073) csrw    mtvec, x31
core   5: 3 0x80000098 (0x305f9073) c773_mtvec 0x800000a8
core   6: 0x80000098 (0x305f9073) csrw    mtvec, x31
core   6: 3 0x80000098 (0x305f9073) c773_mtvec 0x800000a8
core   7: 0x80000098 (0x305f9073) csrw    mtvec, x31
core   7: 3 0x80000098 (0x305f9073) c773_mtvec 0x800000a8
core   0: 0x8000009c (0x000300e7) jalr    x6
core   0: 3 0x8000009c (0x000300e7) x1  0x800000a0
core   1: 0x8000009c (0x000300e7) jalr    x6
core   1: 3 0x8000009c (0x000300e7) x1  0x800000a0
core   2: 0x8000009c (0x000300e7) jalr    x6
core   2: 3 0x8000009c (0x000300e7) x1  0x800000a0
core   3: 0x8000009c (0x000300e7) jalr    x6
core   3: 3 0x8000009c (0x000300e7) x1  0x800000a0
core   4: 0x8000009c (0x000300e7) jalr    x6
core   4: 3 0x8000009c (0x000300e7) x1  0x800000a0
core   5: 0x8000009c (0x000300e7) jalr    x6
core   5: 3 0x8000009c (0x000300e7) x1  0x800000a0
core   6: 0x8000009c (0x000300e7) jalr    x6
core   6: 3 0x8000009c (0x000300e7) x1  0x800000a0
core   7: 0x8000009c (0x000300e7) jalr    x6
core   7: 3 0x8000009c (0x000300e7) x1  0x800000a0
core   0: 0x800000b8 (0x01010113) addi    x2, x2, 16
core   0: 3 0x800000b8 (0x01010113) x2  0x70000010
core   1: 0x800000b8 (0x01010113) addi    x2, x2, 16
core   1: 3 0x800000b8 (0x01010113) x2  0x70000410
core   2: 0x800000b8 (0x01010113) addi    x2, x2, 16
core   2: 3 0x800000b8 (0x01010113) x2  0x70000810
core   3: 0x800000b8 (0x01010113) addi    x2, x2, 16
core   3: 3 0x800000b8 (0x01010113) x2  0x70000c10
core   4: 0x800000b8 (0x01010113) addi    x2, x2, 16
core   4: 3 0x800000b8 (0x01010113) x2  0x70001010
core   5: 0x800000b8 (0x01010113) addi    x2, x2, 16
core   5: 3 0x800000b8 (0x01010113) x2  0x70001410
core   6: 0x800000b8 (0x01010113) addi    x2, x2, 16
core   6: 3 0x800000b8 (0x01010113) x2  0x70001810
core   7: 0x800000b8 (0x01010113) addi    x2, x2, 16
core   7: 3 0x800000b8 (0x01010113) x2  0x70001c10
core   0: 0x800000bc (0xfe112823) sw      x1, -16(x2)
core   0: 3 0x800000bc (0xfe112823) mem 0x70000000 0x800000a0
core   1: 0x800000bc (0xfe112823) sw      x1, -16(x2)
core   1: 3 0x800000bc (0xfe112823) mem 0x70000400 0x800000a0
core   2: 0x800000bc (0xfe112823) sw      x1, -16(x2)
core   2: 3 0x800000bc (0xfe112823) mem 0x70000800 0x800000a0
core   3: 0x800000bc (0xfe112823) sw      x1, -16(x2)
core   3: 3 0x800000bc (0xfe112823) mem 0x70000c00 0x800000a0
core   4: 0x800000bc (0xfe112823) sw      x1, -16(x2)
core   4: 3 0x800000bc (0xfe112823) mem 0x70001000 0x800000a0
core   5: 0x800000bc (0xfe112823) sw      x1, -16(x2)
core   5: 3 0x800000bc (0xfe112823) mem 0x70001400 0x800000a0
core   6: 0x800000bc (0xfe112823) sw      x1, -16(x2)
core   6: 3 0x800000bc (0xfe112823) mem 0x70001800 0x800000a0
core   7: 0x800000bc (0xfe112823) sw      x1, -16(x2)
core   7: 3 0x800000bc (0xfe112823) mem 0x70001c00 0x800000a0
core   0: 0x800000c0 (0x00852283) lw      x5, 8(x10)
core   0: 3 0x800000c0 (0x00852283) x5  0x422bf2da mem 0x90002008
core   1: 0x800000c0 (0x00852283) lw      x5, 8(x10)
core   1: 3 0x800000c0 (0x00852283) x5  0x422bf2da mem 0x90002008
core   2: 0x800000c0 (0x00852283) lw      x5, 8(x10)
core   2: 3 0x800000c0 (0x00852283) x5  0x422bf2da mem 0x90002008
core   3: 0x800000c0 (0x00852283) lw      x5, 8(x10)
core   3: 3 0x800000c0 (0x00852283) x5  0x422bf2da mem 0x90002008
core   4: 0x800000c0 (0x00852283) lw      x5, 8(x10)
core   4: 3 0x800000c0 (0x00852283) x5  0x422bf2da mem 0x90002008
core   5: 0x800000c0 (0x00852283) lw      x5, 8(x10)
core   5: 3 0x800000c0 (0x00852283) x5  0x422bf2da mem 0x90002008
core   6: 0x800000c0 (0x00852283) lw      x5, 8(x10)
core   6: 3 0x800000c0 (0x00852283) x5  0x422bf2da mem 0x90002008
core   7: 0x800000c0 (0x00852283) lw      x5, 8(x10)
core   7: 3 0x800000c0 (0x00852283) x5  0x422bf2da mem 0x90002008
core   0: 0x800000c4 (0xfe512e23) sw      x5, -4(x2)
core   0: 3 0x800000c4 (0xfe512e23) mem 0x7000000c 0x422bf2da
core   1: 0x800000c4 (0xfe512e23) sw      x5, -4(x2)
core   1: 3 0x800000c4 (0xfe512e23) mem 0x7000040c 0x422bf2da
core   2: 0x800000c4 (0xfe512e23) sw      x5, -4(x2)
core   2: 3 0x800000c4 (0xfe512e23) mem 0x7000080c 0x422bf2da
core   3: 0x800000c4 (0xfe512e23) sw      x5, -4(x2)
core   3: 3 0x800000c4 (0xfe512e23) mem 0x70000c0c 0x422bf2da
core   4: 0x800000c4 (0xfe512e23) sw      x5, -4(x2)
core   4: 3 0x800000c4 (0xfe512e23) mem 0x7000100c 0x422bf2da
core   5: 0x800000c4 (0xfe512e23) sw      x5, -4(x2)
core   5: 3 0x800000c4 (0xfe512e23) mem 0x7000140c 0x422bf2da
core   6: 0x800000c4 (0xfe512e23) sw      x5, -4(x2)
core   6: 3 0x800000c4 (0xfe512e23) mem 0x7000180c 0x422bf2da
core   7: 0x800000c4 (0xfe512e23) sw      x5, -4(x2)
core   7: 3 0x800000c4 (0xfe512e23) mem 0x70001c0c 0x422bf2da
core   0: 0x800000c8 (0x00452283) lw      x5, 4(x10)
core   0: 3 0x800000c8 (0x00452283) x5  0x90001000 mem 0x90002004
core   1: 0x800000c8 (0x00452283) lw      x5, 4(x10)
core   1: 3 0x800000c8 (0x00452283) x5  0x90001000 mem 0x90002004
core   2: 0x800000c8 (0x00452283) lw      x5, 4(x10)
core   2: 3 0x800000c8 (0x00452283) x5  0x90001000 mem 0x90002004
core   3: 0x800000c8 (0x00452283) lw      x5, 4(x10)
core   3: 3 0x800000c8 (0x00452283) x5  0x90001000 mem 0x90002004
core   4: 0x800000c8 (0x00452283) lw      x5, 4(x10)
core   4: 3 0x800000c8 (0x00452283) x5  0x90001000 mem 0x90002004
core   5: 0x800000c8 (0x00452283) lw      x5, 4(x10)
core   5: 3 0x800000c8 (0x00452283) x5  0x90001000 mem 0x90002004
core   6: 0x800000c8 (0x00452283) lw      x5, 4(x10)
core   6: 3 0x800000c8 (0x00452283) x5  0x90001000 mem 0x90002004
core   7: 0x800000c8 (0x00452283) lw      x5, 4(x10)
core   7: 3 0x800000c8 (0x00452283) x5  0x90001000 mem 0x90002004
core   0: 0x800000cc (0xfe512c23) sw      x5, -8(x2)
core   0: 3 0x800000cc (0xfe512c23) mem 0x70000008 0x90001000
core   1: 0x800000cc (0xfe512c23) sw      x5, -8(x2)
core   1: 3 0x800000cc (0xfe512c23) mem 0x70000408 0x90001000
core   2: 0x800000cc (0xfe512c23) sw      x5, -8(x2)
core   2: 3 0x800000cc (0xfe512c23) mem 0x70000808 0x90001000
core   3: 0x800000cc (0xfe512c23) sw      x5, -8(x2)
core   3: 3 0x800000cc (0xfe512c23) mem 0x70000c08 0x90001000
core   4: 0x800000cc (0xfe512c23) sw      x5, -8(x2)
core   4: 3 0x800000cc (0xfe512c23) mem 0x70001008 0x90001000
core   5: 0x800000cc (0xfe512c23) sw      x5, -8(x2)
core   5: 3 0x800000cc (0xfe512c23) mem 0x70001408 0x90001000
core   6: 0x800000cc (0xfe512c23) sw      x5, -8(x2)
core   6: 3 0x800000cc (0xfe512c23) mem 0x70001808 0x90001000
core   7: 0x800000cc (0xfe512c23) sw      x5, -8(x2)
core   7: 3 0x800000cc (0xfe512c23) mem 0x70001c08 0x90001000
core   0: 0x800000d0 (0x00052283) lw      x5, 0(x10)
core   0: 3 0x800000d0 (0x00052283) x5  0x90000000 mem 0x90002000
core   1: 0x800000d0 (0x00052283) lw      x5, 0(x10)
core   1: 3 0x800000d0 (0x00052283) x5  0x90000000 mem 0x90002000
core   2: 0x800000d0 (0x00052283) lw      x5, 0(x10)
core   2: 3 0x800000d0 (0x00052283) x5  0x90000000 mem 0x90002000
core   3: 0x800000d0 (0x00052283) lw      x5, 0(x10)
core   3: 3 0x800000d0 (0x00052283) x5  0x90000000 mem 0x90002000
core   4: 0x800000d0 (0x00052283) lw      x5, 0(x10)
core   4: 3 0x800000d0 (0x00052283) x5  0x90000000 mem 0x90002000
core   5: 0x800000d0 (0x00052283) lw      x5, 0(x10)
core   5: 3 0x800000d0 (0x00052283) x5  0x90000000 mem 0x90002000
core   6: 0x800000d0 (0x00052283) lw      x5, 0(x10)
core   6: 3 0x800000d0 (0x00052283) x5  0x90000000 mem 0x90002000
core   7: 0x800000d0 (0x00052283) lw      x5, 0(x10)
core   7: 3 0x800000d0 (0x00052283) x5  0x90000000 mem 0x90002000
core   0: 0x800000d4 (0xfe512a23) sw      x5, -12(x2)
core   0: 3 0x800000d4 (0xfe512a23) mem 0x70000004 0x90000000
core   1: 0x800000d4 (0xfe512a23) sw      x5, -12(x2)
core   1: 3 0x800000d4 (0xfe512a23) mem 0x70000404 0x90000000
core   2: 0x800000d4 (0xfe512a23) sw      x5, -12(x2)
core   2: 3 0x800000d4 (0xfe512a23) mem 0x70000804 0x90000000
core   3: 0x800000d4 (0xfe512a23) sw      x5, -12(x2)
core   3: 3 0x800000d4 (0xfe512a23) mem 0x70000c04 0x90000000
core   4: 0x800000d4 (0xfe512a23) sw      x5, -12(x2)
core   4: 3 0x800000d4 (0xfe512a23) mem 0x70001004 0x90000000
core   5: 0x800000d4 (0xfe512a23) sw      x5, -12(x2)
core   5: 3 0x800000d4 (0xfe512a23) mem 0x70001404 0x90000000
core   6: 0x800000d4 (0xfe512a23) sw      x5, -12(x2)
core   6: 3 0x800000d4 (0xfe512a23) mem 0x70001804 0x90000000
core   7: 0x800000d4 (0xfe512a23) sw      x5, -12(x2)
core   7: 3 0x800000d4 (0xfe512a23) mem 0x70001c04 0x90000000
core   0: 0x800000d8 (0x5e004057) vmv.v.x v0, x0
core   0: 3 0x800000d8 (0x5e004057) c8_vstart 0x00000000 e32 m1 l8 v0  000000ff 0x00000000 00000000 00000000 00000000 00000000 00000000 00000000 00000000 
core   1: 0x800000d8 (0x5e004057) vmv.v.x v0, x0
core   1: 3 0x800000d8 (0x5e004057) c8_vstart 0x00000000 e32 m1 l8 v0  000000ff 0x00000000 00000000 00000000 00000000 00000000 00000000 00000000 00000000 
core   2: 0x800000d8 (0x5e004057) vmv.v.x v0, x0
core   2: 3 0x800000d8 (0x5e004057) c8_vstart 0x00000000 e32 m1 l8 v0  000000ff 0x00000000 00000000 00000000 00000000 00000000 00000000 00000000 00000000 
core   3: 0x800000d8 (0x5e004057) vmv.v.x v0, x0
core   3: 3 0x800000d8 (0x5e004057) c8_vstart 0x00000000 e32 m1 l8 v0  000000ff 0x00000000 00000000 00000000 00000000 00000000 00000000 00000000 00000000 
core   4: 0x800000d8 (0x5e004057) vmv.v.x v0, x0
core   4: 3 0x800000d8 (0x5e004057) c8_vstart 0x00000000 e32 m1 l8 v0  000000ff 0x00000000 00000000 00000000 00000000 00000000 00000000 00000000 00000000 
core   5: 0x800000d8 (0x5e004057) vmv.v.x v0, x0
core   5: 3 0x800000d8 (0x5e004057) c8_vstart 0x00000000 e32 m1 l8 v0  000000ff 0x00000000 00000000 00000000 00000000 00000000 00000000 00000000 00000000 
core   6: 0x800000d8 (0x5e004057) vmv.v.x v0, x0
core   6: 3 0x800000d8 (0x5e004057) c8_vstart 0x00000000 e32 m1 l8 v0  000000ff 0x00000000 00000000 00000000 00000000 00000000 00000000 00000000 00000000 
core   7: 0x800000d8 (0x5e004057) vmv.v.x v0, x0
core   7: 3 0x800000d8 (0x5e004057) c8_vstart 0x00000000 e32 m1 l8 v0  000000ff 0x00000000 00000000 00000000 00000000 00000000 00000000 00000000 00000000 
core   0: 0x800000dc (0x03c000ef) jal     pc + 0x3c
core   0: 3 0x800000dc (0x03c000ef) x1  0x800000e0
core   1: 0x800000dc (0x03c000ef) jal     pc + 0x3c
core   1: 3 0x800000dc (0x03c000ef) x1  0x800000e0
core   2: 0x800000dc (0x03c000ef) jal     pc + 0x3c
core   2: 3 0x800000dc (0x03c000ef) x1  0x800000e0
core   3: 0x800000dc (0x03c000ef) jal     pc + 0x3c
core   3: 3 0x800000dc (0x03c000ef) x1  0x800000e0
core   4: 0x800000dc (0x03c000ef) jal     pc + 0x3c
core   4: 3 0x800000dc (0x03c000ef) x1  0x800000e0
core   5: 0x800000dc (0x03c000ef) jal     pc + 0x3c
core   5: 3 0x800000dc (0x03c000ef) x1  0x800000e0
core   6: 0x800000dc (0x03c000ef) jal     pc + 0x3c
core   6: 3 0x800000dc (0x03c000ef) x1  0x800000e0
core   7: 0x800000dc (0x03c000ef) jal     pc + 0x3c
core   7: 3 0x800000dc (0x03c000ef) x1  0x800000e0
core   0: 0x80000118 (0x00410113) addi    x2, x2, 4
core   0: 3 0x80000118 (0x00410113) x2  0x70000014
core   1: 0x80000118 (0x00410113) addi    x2, x2, 4
core   1: 3 0x80000118 (0x00410113) x2  0x70000414
core   2: 0x80000118 (0x00410113) addi    x2, x2, 4
core   2: 3 0x80000118 (0x00410113) x2  0x70000814
core   3: 0x80000118 (0x00410113) addi    x2, x2, 4
core   3: 3 0x80000118 (0x00410113) x2  0x70000c14
core   4: 0x80000118 (0x00410113) addi    x2, x2, 4
core   4: 3 0x80000118 (0x00410113) x2  0x70001014
core   5: 0x80000118 (0x00410113) addi    x2, x2, 4
core   5: 3 0x80000118 (0x00410113) x2  0x70001414
core   6: 0x80000118 (0x00410113) addi    x2, x2, 4
core   6: 3 0x80000118 (0x00410113) x2  0x70001814
core   7: 0x80000118 (0x00410113) addi    x2, x2, 4
core   7: 3 0x80000118 (0x00410113) x2  0x70001c14
core   0: 0x8000011c (0xfe112e23) sw      x1, -4(x2)
core   0: 3 0x8000011c (0xfe112e23) mem 0x70000010 0x800000e0
core   1: 0x8000011c (0xfe112e23) sw      x1, -4(x2)
core   1: 3 0x8000011c (0xfe112e23) mem 0x70000410 0x800000e0
core   2: 0x8000011c (0xfe112e23) sw      x1, -4(x2)
core   2: 3 0x8000011c (0xfe112e23) mem 0x70000810 0x800000e0
core   3: 0x8000011c (0xfe112e23) sw      x1, -4(x2)
core   3: 3 0x8000011c (0xfe112e23) mem 0x70000c10 0x800000e0
core   4: 0x8000011c (0xfe112e23) sw      x1, -4(x2)
core   4: 3 0x8000011c (0xfe112e23) mem 0x70001010 0x800000e0
core   5: 0x8000011c (0xfe112e23) sw      x1, -4(x2)
core   5: 3 0x8000011c (0xfe112e23) mem 0x70001410 0x800000e0
core   6: 0x8000011c (0xfe112e23) sw      x1, -4(x2)
core   6: 3 0x8000011c (0xfe112e23) mem 0x70001810 0x800000e0
core   7: 0x8000011c (0xfe112e23) sw      x1, -4(x2)
core   7: 3 0x8000011c (0xfe112e23) mem 0x70001c10 0x800000e0
core   0: 0x80000120 (0x00200293) li      x5, 2
core   0: 3 0x80000120 (0x00200293) x5  0x00000002
core   1: 0x80000120 (0x00200293) li      x5, 2
core   1: 3 0x80000120 (0x00200293) x5  0x00000002
core   2: 0x80000120 (0x00200293) li      x5, 2
core   2: 3 0x80000120 (0x00200293) x5  0x00000002
core   3: 0x80000120 (0x00200293) li      x5, 2
core   3: 3 0x80000120 (0x00200293) x5  0x00000002
core   4: 0x80000120 (0x00200293) li      x5, 2
core   4: 3 0x80000120 (0x00200293) x5  0x00000002
core   5: 0x80000120 (0x00200293) li      x5, 2
core   5: 3 0x80000120 (0x00200293) x5  0x00000002
core   6: 0x80000120 (0x00200293) li      x5, 2
core   6: 3 0x80000120 (0x00200293) x5  0x00000002
core   7: 0x80000120 (0x00200293) li      x5, 2
core   7: 3 0x80000120 (0x00200293) x5  0x00000002
core   0: 0x80000124 (0x5e02c0d7) vmv.v.x v1, x5
core   0: 3 0x80000124 (0x5e02c0d7) c8_vstart 0x00000000 e32 m1 l8 v1  000000ff 0x00000002 00000002 00000002 00000002 00000002 00000002 00000002 00000002 
core   1: 0x80000124 (0x5e02c0d7) vmv.v.x v1, x5
core   1: 3 0x80000124 (0x5e02c0d7) c8_vstart 0x00000000 e32 m1 l8 v1  000000ff 0x00000002 00000002 00000002 00000002 00000002 00000002 00000002 00000002 
core   2: 0x80000124 (0x5e02c0d7) vmv.v.x v1, x5
core   2: 3 0x80000124 (0x5e02c0d7) c8_vstart 0x00000000 e32 m1 l8 v1  000000ff 0x00000002 00000002 00000002 00000002 00000002 00000002 00000002 00000002 
core   3: 0x80000124 (0x5e02c0d7) vmv.v.x v1, x5
core   3: 3 0x80000124 (0x5e02c0d7) c8_vstart 0x00000000 e32 m1 l8 v1  000000ff 0x00000002 00000002 00000002 00000002 00000002 00000002 00000002 00000002 
core   4: 0x80000124 (0x5e02c0d7) vmv.v.x v1, x5
core   4: 3 0x80000124 (0x5e02c0d7) c8_vstart 0x00000000 e32 m1 l8 v1  000000ff 0x00000002 00000002 00000002 00000002 00000002 00000002 00000002 00000002 
core   5: 0x80000124 (0x5e02c0d7) vmv.v.x v1, x5
core   5: 3 0x80000124 (0x5e02c0d7) c8_vstart 0x00000000 e32 m1 l8 v1  000000ff 0x00000002 00000002 00000002 00000002 00000002 00000002 00000002 00000002 
core   6: 0x80000124 (0x5e02c0d7) vmv.v.x v1, x5
core   6: 3 0x80000124 (0x5e02c0d7) c8_vstart 0x00000000 e32 m1 l8 v1  000000ff 0x00000002 00000002 00000002 00000002 00000002 00000002 00000002 00000002 
core   7: 0x80000124 (0x5e02c0d7) vmv.v.x v1, x5
core   7: 3 0x80000124 (0x5e02c0d7) c8_vstart 0x00000000 e32 m1 l8 v1  000000ff 0x00000002 00000002 00000002 00000002 00000002 00000002 00000002 00000002 
core   0: 0x80000128 (0x00000317) auipc   x6, 0x0
core   0: 3 0x80000128 (0x00000317) x6  0x80000128
core   1: 0x80000128 (0x00000317) auipc   x6, 0x0
core   1: 3 0x80000128 (0x00000317) x6  0x80000128
core   2: 0x80000128 (0x00000317) auipc   x6, 0x0
core   2: 3 0x80000128 (0x00000317) x6  0x80000128
core   3: 0x80000128 (0x00000317) auipc   x6, 0x0
core   3: 3 0x80000128 (0x00000317) x6  0x80000128
core   4: 0x80000128 (0x00000317) auipc   x6, 0x0
core   4: 3 0x80000128 (0x00000317) x6  0x80000128
core   5: 0x80000128 (0x00000317) auipc   x6, 0x0
core   5: 3 0x80000128 (0x00000317) x6  0x80000128
core   6: 0x80000128 (0x00000317) auipc   x6, 0x0
core   6: 3 0x80000128 (0x00000317) x6  0x80000128
core   7: 0x80000128 (0x00000317) auipc   x6, 0x0
core   7: 3 0x80000128 (0x00000317) x6  0x80000128
core   0: 0x8000012c (0x04c3305b) setrpc  x0, x6, 76
core   0: 3 0x8000012c (0x04c3305b) c2060_rpc 0x80000174 current mask:	000000ff current npc:	00000000 stack size: 0
core   1: 0x8000012c (0x04c3305b) setrpc  x0, x6, 76
core   1: 3 0x8000012c (0x04c3305b) c2060_rpc 0x80000174 current mask:	000000ff current npc:	00000000 stack size: 0
core   2: 0x8000012c (0x04c3305b) setrpc  x0, x6, 76
core   2: 3 0x8000012c (0x04c3305b) c2060_rpc 0x80000174 current mask:	000000ff current npc:	00000000 stack size: 0
core   3: 0x8000012c (0x04c3305b) setrpc  x0, x6, 76
core   3: 3 0x8000012c (0x04c3305b) c2060_rpc 0x80000174 current mask:	000000ff current npc:	00000000 stack size: 0
core   4: 0x8000012c (0x04c3305b) setrpc  x0, x6, 76
core   4: 3 0x8000012c (0x04c3305b) c2060_rpc 0x80000174 current mask:	000000ff current npc:	00000000 stack size: 0
core   5: 0x8000012c (0x04c3305b) setrpc  x0, x6, 76
core   5: 3 0x8000012c (0x04c3305b) c2060_rpc 0x80000174 current mask:	000000ff current npc:	00000000 stack size: 0
core   6: 0x8000012c (0x04c3305b) setrpc  x0, x6, 76
core   6: 3 0x8000012c (0x04c3305b) c2060_rpc 0x80000174 current mask:	000000ff current npc:	00000000 stack size: 0
core   7: 0x8000012c (0x04c3305b) setrpc  x0, x6, 76
core   7: 3 0x8000012c (0x04c3305b) c2060_rpc 0x80000174 current mask:	000000ff current npc:	00000000 stack size: 0
core   0: 0x80000130 (0x0200885b) vbeq    v0, v1, pc + 48
core   0: 3 0x80000130 (0x0200885b) c8_vstart 0x00000000 e32 m1 l8 current mask:	000000ff current npc:	80000134 stack size: 0
core   1: 0x80000130 (0x0200885b) vbeq    v0, v1, pc + 48
core   1: 3 0x80000130 (0x0200885b) c8_vstart 0x00000000 e32 m1 l8 current mask:	000000ff current npc:	80000134 stack size: 0
core   2: 0x80000130 (0x0200885b) vbeq    v0, v1, pc + 48
core   2: 3 0x80000130 (0x0200885b) c8_vstart 0x00000000 e32 m1 l8 current mask:	000000ff current npc:	80000134 stack size: 0
core   3: 0x80000130 (0x0200885b) vbeq    v0, v1, pc + 48
core   3: 3 0x80000130 (0x0200885b) c8_vstart 0x00000000 e32 m1 l8 current mask:	000000ff current npc:	80000134 stack size: 0
core   4: 0x80000130 (0x0200885b) vbeq    v0, v1, pc + 48
core   4: 3 0x80000130 (0x0200885b) c8_vstart 0x00000000 e32 m1 l8 current mask:	000000ff current npc:	80000134 stack size: 0
core   5: 0x80000130 (0x0200885b) vbeq    v0, v1, pc + 48
core   5: 3 0x80000130 (0x0200885b) c8_vstart 0x00000000 e32 m1 l8 current mask:	000000ff current npc:	80000134 stack size: 0
core   6: 0x80000130 (0x0200885b) vbeq    v0, v1, pc + 48
core   6: 3 0x80000130 (0x0200885b) c8_vstart 0x00000000 e32 m1 l8 current mask:	000000ff current npc:	80000134 stack size: 0
core   7: 0x80000130 (0x0200885b) vbeq    v0, v1, pc + 48
core   7: 3 0x80000130 (0x0200885b) c8_vstart 0x00000000 e32 m1 l8 current mask:	000000ff current npc:	80000134 stack size: 0
core   0: 0x80000134 (0x00100293) li      x5, 1
core   0: 3 0x80000134 (0x00100293) x5  0x00000001
core   1: 0x80000134 (0x00100293) li      x5, 1
core   1: 3 0x80000134 (0x00100293) x5  0x00000001
core   2: 0x80000134 (0x00100293) li      x5, 1
core   2: 3 0x80000134 (0x00100293) x5  0x00000001
core   3: 0x80000134 (0x00100293) li      x5, 1
core   3: 3 0x80000134 (0x00100293) x5  0x00000001
core   4: 0x80000134 (0x00100293) li      x5, 1
core   4: 3 0x80000134 (0x00100293) x5  0x00000001
core   5: 0x80000134 (0x00100293) li      x5, 1
core   5: 3 0x80000134 (0x00100293) x5  0x00000001
core   6: 0x80000134 (0x00100293) li      x5, 1
core   6: 3 0x80000134 (0x00100293) x5  0x00000001
core   7: 0x80000134 (0x00100293) li      x5, 1
core   7: 3 0x80000134 (0x00100293) x5  0x00000001
core   0: 0x80000138 (0x5e02c0d7) vmv.v.x v1, x5
core   0: 3 0x80000138 (0x5e02c0d7) c8_vstart 0x00000000 e32 m1 l8 v1  000000ff 0x00000001 00000001 00000001 00000001 00000001 00000001 00000001 00000001 
core   1: 0x80000138 (0x5e02c0d7) vmv.v.x v1, x5
core   1: 3 0x80000138 (0x5e02c0d7) c8_vstart 0x00000000 e32 m1 l8 v1  000000ff 0x00000001 00000001 00000001 00000001 00000001 00000001 00000001 00000001 
core   2: 0x80000138 (0x5e02c0d7) vmv.v.x v1, x5
core   2: 3 0x80000138 (0x5e02c0d7) c8_vstart 0x00000000 e32 m1 l8 v1  000000ff 0x00000001 00000001 00000001 00000001 00000001 00000001 00000001 00000001 
core   3: 0x80000138 (0x5e02c0d7) vmv.v.x v1, x5
core   3: 3 0x80000138 (0x5e02c0d7) c8_vstart 0x00000000 e32 m1 l8 v1  000000ff 0x00000001 00000001 00000001 00000001 00000001 00000001 00000001 00000001 
core   4: 0x80000138 (0x5e02c0d7) vmv.v.x v1, x5
core   4: 3 0x80000138 (0x5e02c0d7) c8_vstart 0x00000000 e32 m1 l8 v1  000000ff 0x00000001 00000001 00000001 00000001 00000001 00000001 00000001 00000001 
core   5: 0x80000138 (0x5e02c0d7) vmv.v.x v1, x5
core   5: 3 0x80000138 (0x5e02c0d7) c8_vstart 0x00000000 e32 m1 l8 v1  000000ff 0x00000001 00000001 00000001 00000001 00000001 00000001 00000001 00000001 
core   6: 0x80000138 (0x5e02c0d7) vmv.v.x v1, x5
core   6: 3 0x80000138 (0x5e02c0d7) c8_vstart 0x00000000 e32 m1 l8 v1  000000ff 0x00000001 00000001 00000001 00000001 00000001 00000001 00000001 00000001 
core   7: 0x80000138 (0x5e02c0d7) vmv.v.x v1, x5
core   7: 3 0x80000138 (0x5e02c0d7) c8_vstart 0x00000000 e32 m1 l8 v1  000000ff 0x00000001 00000001 00000001 00000001 00000001 00000001 00000001 00000001 
core   0: 0x8000013c (0x00000317) auipc   x6, 0x0
core   0: 3 0x8000013c (0x00000317) x6  0x8000013c
core   1: 0x8000013c (0x00000317) auipc   x6, 0x0
core   1: 3 0x8000013c (0x00000317) x6  0x8000013c
core   2: 0x8000013c (0x00000317) auipc   x6, 0x0
core   2: 3 0x8000013c (0x00000317) x6  0x8000013c
core   3: 0x8000013c (0x00000317) auipc   x6, 0x0
core   3: 3 0x8000013c (0x00000317) x6  0x8000013c
core   4: 0x8000013c (0x00000317) auipc   x6, 0x0
core   4: 3 0x8000013c (0x00000317) x6  0x8000013c
core   5: 0x8000013c (0x00000317) auipc   x6, 0x0
core   5: 3 0x8000013c (0x00000317) x6  0x8000013c
core   6: 0x8000013c (0x00000317) auipc   x6, 0x0
core   6: 3 0x8000013c (0x00000317) x6  0x8000013c
core   7: 0x8000013c (0x00000317) auipc   x6, 0x0
core   7: 3 0x8000013c (0x00000317) x6  0x8000013c
core   0: 0x80000140 (0x0383305b) setrpc  x0, x6, 56
core   0: 3 0x80000140 (0x0383305b) c2060_rpc 0x80000174 current mask:	000000ff current npc:	80000134 stack size: 0
core   1: 0x80000140 (0x0383305b) setrpc  x0, x6, 56
core   1: 3 0x80000140 (0x0383305b) c2060_rpc 0x80000174 current mask:	000000ff current npc:	80000134 stack size: 0
core   2: 0x80000140 (0x0383305b) setrpc  x0, x6, 56
core   2: 3 0x80000140 (0x0383305b) c2060_rpc 0x80000174 current mask:	000000ff current npc:	80000134 stack size: 0
core   3: 0x80000140 (0x0383305b) setrpc  x0, x6, 56
core   3: 3 0x80000140 (0x0383305b) c2060_rpc 0x80000174 current mask:	000000ff current npc:	80000134 stack size: 0
core   4: 0x80000140 (0x0383305b) setrpc  x0, x6, 56
core   4: 3 0x80000140 (0x0383305b) c2060_rpc 0x80000174 current mask:	000000ff current npc:	80000134 stack size: 0
core   5: 0x80000140 (0x0383305b) setrpc  x0, x6, 56
core   5: 3 0x80000140 (0x0383305b) c2060_rpc 0x80000174 current mask:	000000ff current npc:	80000134 stack size: 0
core   6: 0x80000140 (0x0383305b) setrpc  x0, x6, 56
core   6: 3 0x80000140 (0x0383305b) c2060_rpc 0x80000174 current mask:	000000ff current npc:	80000134 stack size: 0
core   7: 0x80000140 (0x0383305b) setrpc  x0, x6, 56
core   7: 3 0x80000140 (0x0383305b) c2060_rpc 0x80000174 current mask:	000000ff current npc:	80000134 stack size: 0
core   0: 0x80000144 (0x0200825b) vbeq    v0, v1, pc + 36
core   0: 3 0x80000144 (0x0200825b) c8_vstart 0x00000000 e32 m1 l8 current mask:	000000ff current npc:	80000148 stack size: 0
core   1: 0x80000144 (0x0200825b) vbeq    v0, v1, pc + 36
core   1: 3 0x80000144 (0x0200825b) c8_vstart 0x00000000 e32 m1 l8 current mask:	000000ff current npc:	80000148 stack size: 0
core   2: 0x80000144 (0x0200825b) vbeq    v0, v1, pc + 36
core   2: 3 0x80000144 (0x0200825b) c8_vstart 0x00000000 e32 m1 l8 current mask:	000000ff current npc:	80000148 stack size: 0
core   3: 0x80000144 (0x0200825b) vbeq    v0, v1, pc + 36
core   3: 3 0x80000144 (0x0200825b) c8_vstart 0x00000000 e32 m1 l8 current mask:	000000ff current npc:	80000148 stack size: 0
core   4: 0x80000144 (0x0200825b) vbeq    v0, v1, pc + 36
core   4: 3 0x80000144 (0x0200825b) c8_vstart 0x00000000 e32 m1 l8 current mask:	000000ff current npc:	80000148 stack size: 0
core   5: 0x80000144 (0x0200825b) vbeq    v0, v1, pc + 36
core   5: 3 0x80000144 (0x0200825b) c8_vstart 0x00000000 e32 m1 l8 current mask:	000000ff current npc:	80000148 stack size: 0
core   6: 0x80000144 (0x0200825b) vbeq    v0, v1, pc + 36
core   6: 3 0x80000144 (0x0200825b) c8_vstart 0x00000000 e32 m1 l8 current mask:	000000ff current npc:	80000148 stack size: 0
core   7: 0x80000144 (0x0200825b) vbeq    v0, v1, pc + 36
core   7: 3 0x80000144 (0x0200825b) c8_vstart 0x00000000 e32 m1 l8 current mask:	000000ff current npc:	80000148 stack size: 0
core   0: 0x80000148 (0x5e0040d7) vmv.v.x v1, x0
core   0: 3 0x80000148 (0x5e0040d7) c8_vstart 0x00000000 e32 m1 l8 v1  000000ff 0x00000000 00000000 00000000 00000000 00000000 00000000 00000000 00000000 
core   1: 0x80000148 (0x5e0040d7) vmv.v.x v1, x0
core   1: 3 0x80000148 (0x5e0040d7) c8_vstart 0x00000000 e32 m1 l8 v1  000000ff 0x00000000 00000000 00000000 00000000 00000000 00000000 00000000 00000000 
core   2: 0x80000148 (0x5e0040d7) vmv.v.x v1, x0
core   2: 3 0x80000148 (0x5e0040d7) c8_vstart 0x00000000 e32 m1 l8 v1  000000ff 0x00000000 00000000 00000000 00000000 00000000 00000000 00000000 00000000 
core   3: 0x80000148 (0x5e0040d7) vmv.v.x v1, x0
core   3: 3 0x80000148 (0x5e0040d7) c8_vstart 0x00000000 e32 m1 l8 v1  000000ff 0x00000000 00000000 00000000 00000000 00000000 00000000 00000000 00000000 
core   4: 0x80000148 (0x5e0040d7) vmv.v.x v1, x0
core   4: 3 0x80000148 (0x5e0040d7) c8_vstart 0x00000000 e32 m1 l8 v1  000000ff 0x00000000 00000000 00000000 00000000 00000000 00000000 00000000 00000000 
core   5: 0x80000148 (0x5e0040d7) vmv.v.x v1, x0
core   5: 3 0x80000148 (0x5e0040d7) c8_vstart 0x00000000 e32 m1 l8 v1  000000ff 0x00000000 00000000 00000000 00000000 00000000 00000000 00000000 00000000 
core   6: 0x80000148 (0x5e0040d7) vmv.v.x v1, x0
core   6: 3 0x80000148 (0x5e0040d7) c8_vstart 0x00000000 e32 m1 l8 v1  000000ff 0x00000000 00000000 00000000 00000000 00000000 00000000 00000000 00000000 
core   7: 0x80000148 (0x5e0040d7) vmv.v.x v1, x0
core   7: 3 0x80000148 (0x5e0040d7) c8_vstart 0x00000000 e32 m1 l8 v1  000000ff 0x00000000 00000000 00000000 00000000 00000000 00000000 00000000 00000000 
core   0: 0x8000014c (0x00000317) auipc   x6, 0x0
core   0: 3 0x8000014c (0x00000317) x6  0x8000014c
core   1: 0x8000014c (0x00000317) auipc   x6, 0x0
core   1: 3 0x8000014c (0x00000317) x6  0x8000014c
core   2: 0x8000014c (0x00000317) auipc   x6, 0x0
core   2: 3 0x8000014c (0x00000317) x6  0x8000014c
core   3: 0x8000014c (0x00000317) auipc   x6, 0x0
core   3: 3 0x8000014c (0x00000317) x6  0x8000014c
core   4: 0x8000014c (0x00000317) auipc   x6, 0x0
core   4: 3 0x8000014c (0x00000317) x6  0x8000014c
core   5: 0x8000014c (0x00000317) auipc   x6, 0x0
core   5: 3 0x8000014c (0x00000317) x6  0x8000014c
core   6: 0x8000014c (0x00000317) auipc   x6, 0x0
core   6: 3 0x8000014c (0x00000317) x6  0x8000014c
core   7: 0x8000014c (0x00000317) auipc   x6, 0x0
core   7: 3 0x8000014c (0x00000317) x6  0x8000014c
core   0: 0x80000150 (0x0283305b) setrpc  x0, x6, 40
core   0: 3 0x80000150 (0x0283305b) c2060_rpc 0x80000174 current mask:	000000ff current npc:	80000148 stack size: 0
core   1: 0x80000150 (0x0283305b) setrpc  x0, x6, 40
core   1: 3 0x80000150 (0x0283305b) c2060_rpc 0x80000174 current mask:	000000ff current npc:	80000148 stack size: 0
core   2: 0x80000150 (0x0283305b) setrpc  x0, x6, 40
core   2: 3 0x80000150 (0x0283305b) c2060_rpc 0x80000174 current mask:	000000ff current npc:	80000148 stack size: 0
core   3: 0x80000150 (0x0283305b) setrpc  x0, x6, 40
core   3: 3 0x80000150 (0x0283305b) c2060_rpc 0x80000174 current mask:	000000ff current npc:	80000148 stack size: 0
core   4: 0x80000150 (0x0283305b) setrpc  x0, x6, 40
core   4: 3 0x80000150 (0x0283305b) c2060_rpc 0x80000174 current mask:	000000ff current npc:	80000148 stack size: 0
core   5: 0x80000150 (0x0283305b) setrpc  x0, x6, 40
core   5: 3 0x80000150 (0x0283305b) c2060_rpc 0x80000174 current mask:	000000ff current npc:	80000148 stack size: 0
core   6: 0x80000150 (0x0283305b) setrpc  x0, x6, 40
core   6: 3 0x80000150 (0x0283305b) c2060_rpc 0x80000174 current mask:	000000ff current npc:	80000148 stack size: 0
core   7: 0x80000150 (0x0283305b) setrpc  x0, x6, 40
core   7: 3 0x80000150 (0x0283305b) c2060_rpc 0x80000174 current mask:	000000ff current npc:	80000148 stack size: 0
core   0: 0x80000154 (0x00009e5b) vbne    v0, v1, pc + 28
core   0: 3 0x80000154 (0x00009e5b) c8_vstart 0x00000000 e32 m1 l8 current mask:	000000ff current npc:	80000158 stack size: 0
core   1: 0x80000154 (0x00009e5b) vbne    v0, v1, pc + 28
core   1: 3 0x80000154 (0x00009e5b) c8_vstart 0x00000000 e32 m1 l8 current mask:	000000ff current npc:	80000158 stack size: 0
core   2: 0x80000154 (0x00009e5b) vbne    v0, v1, pc + 28
core   2: 3 0x80000154 (0x00009e5b) c8_vstart 0x00000000 e32 m1 l8 current mask:	000000ff current npc:	80000158 stack size: 0
core   3: 0x80000154 (0x00009e5b) vbne    v0, v1, pc + 28
core   3: 3 0x80000154 (0x00009e5b) c8_vstart 0x00000000 e32 m1 l8 current mask:	000000ff current npc:	80000158 stack size: 0
core   4: 0x80000154 (0x00009e5b) vbne    v0, v1, pc + 28
core   4: 3 0x80000154 (0x00009e5b) c8_vstart 0x00000000 e32 m1 l8 current mask:	000000ff current npc:	80000158 stack size: 0
core   5: 0x80000154 (0x00009e5b) vbne    v0, v1, pc + 28
core   5: 3 0x80000154 (0x00009e5b) c8_vstart 0x00000000 e32 m1 l8 current mask:	000000ff current npc:	80000158 stack size: 0
core   6: 0x80000154 (0x00009e5b) vbne    v0, v1, pc + 28
core   6: 3 0x80000154 (0x00009e5b) c8_vstart 0x00000000 e32 m1 l8 current mask:	000000ff current npc:	80000158 stack size: 0
core   7: 0x80000154 (0x00009e5b) vbne    v0, v1, pc + 28
core   7: 3 0x80000154 (0x00009e5b) c8_vstart 0x00000000 e32 m1 l8 current mask:	000000ff current npc:	80000158 stack size: 0
core   0: 0x80000158 (0x1a0000ef) jal     pc + 0x1a0
core   0: 3 0x80000158 (0x1a0000ef) x1  0x8000015c
core   1: 0x80000158 (0x1a0000ef) jal     pc + 0x1a0
core   1: 3 0x80000158 (0x1a0000ef) x1  0x8000015c
core   2: 0x80000158 (0x1a0000ef) jal     pc + 0x1a0
core   2: 3 0x80000158 (0x1a0000ef) x1  0x8000015c
core   3: 0x80000158 (0x1a0000ef) jal     pc + 0x1a0
core   3: 3 0x80000158 (0x1a0000ef) x1  0x8000015c
core   4: 0x80000158 (0x1a0000ef) jal     pc + 0x1a0
core   4: 3 0x80000158 (0x1a0000ef) x1  0x8000015c
core   5: 0x80000158 (0x1a0000ef) jal     pc + 0x1a0
core   5: 3 0x80000158 (0x1a0000ef) x1  0x8000015c
core   6: 0x80000158 (0x1a0000ef) jal     pc + 0x1a0
core   6: 3 0x80000158 (0x1a0000ef) x1  0x8000015c
core   7: 0x80000158 (0x1a0000ef) jal     pc + 0x1a0
core   7: 3 0x80000158 (0x1a0000ef) x1  0x8000015c
core   0: 0x800002f8 (0x00410113) addi    x2, x2, 4
core   0: 3 0x800002f8 (0x00410113) x2  0x70000018
core   1: 0x800002f8 (0x00410113) addi    x2, x2, 4
core   1: 3 0x800002f8 (0x00410113) x2  0x70000418
core   2: 0x800002f8 (0x00410113) addi    x2, x2, 4
core   2: 3 0x800002f8 (0x00410113) x2  0x70000818
core   3: 0x800002f8 (0x00410113) addi    x2, x2, 4
core   3: 3 0x800002f8 (0x00410113) x2  0x70000c18
core   4: 0x800002f8 (0x00410113) addi    x2, x2, 4
core   4: 3 0x800002f8 (0x00410113) x2  0x70001018
core   5: 0x800002f8 (0x00410113) addi    x2, x2, 4
core   5: 3 0x800002f8 (0x00410113) x2  0x70001418
core   6: 0x800002f8 (0x00410113) addi    x2, x2, 4
core   6: 3 0x800002f8 (0x00410113) x2  0x70001818
core   7: 0x800002f8 (0x00410113) addi    x2, x2, 4
core   7: 3 0x800002f8 (0x00410113) x2  0x70001c18
core   0: 0x800002fc (0xfe112e23) sw      x1, -4(x2)
core   0: 3 0x800002fc (0xfe112e23) mem 0x70000014 0x8000015c
core   1: 0x800002fc (0xfe112e23) sw      x1, -4(x2)
core   1: 3 0x800002fc (0xfe112e23) mem 0x70000414 0x8000015c
core   2: 0x800002fc (0xfe112e23) sw      x1, -4(x2)
core   2: 3 0x800002fc (0xfe112e23) mem 0x70000814 0x8000015c
core   3: 0x800002fc (0xfe112e23) sw      x1, -4(x2)
core   3: 3 0x800002fc (0xfe112e23) mem 0x70000c14 0x8000015c
core   4: 0x800002fc (0xfe112e23) sw      x1, -4(x2)
core   4: 3 0x800002fc (0xfe112e23) mem 0x70001014 0x8000015c
core   5: 0x800002fc (0xfe112e23) sw      x1, -4(x2)
core   5: 3 0x800002fc (0xfe112e23) mem 0x70001414 0x8000015c
core   6: 0x800002fc (0xfe112e23) sw      x1, -4(x2)
core   6: 3 0x800002fc (0xfe112e23) mem 0x70001814 0x8000015c
core   7: 0x800002fc (0xfe112e23) sw      x1, -4(x2)
core   7: 3 0x800002fc (0xfe112e23) mem 0x70001c14 0x8000015c
core   0: 0x80000300 (0xf1dff0ef) jal     pc - 0xe4
core   0: 3 0x80000300 (0xf1dff0ef) x1  0x80000304
core   1: 0x80000300 (0xf1dff0ef) jal     pc - 0xe4
core   1: 3 0x80000300 (0xf1dff0ef) x1  0x80000304
core   2: 0x80000300 (0xf1dff0ef) jal     pc - 0xe4
core   2: 3 0x80000300 (0xf1dff0ef) x1  0x80000304
core   3: 0x80000300 (0xf1dff0ef) jal     pc - 0xe4
core   3: 3 0x80000300 (0xf1dff0ef) x1  0x80000304
core   4: 0x80000300 (0xf1dff0ef) jal     pc - 0xe4
core   4: 3 0x80000300 (0xf1dff0ef) x1  0x80000304
core   5: 0x80000300 (0xf1dff0ef) jal     pc - 0xe4
core   5: 3 0x80000300 (0xf1dff0ef) x1  0x80000304
core   6: 0x80000300 (0xf1dff0ef) jal     pc - 0xe4
core   6: 3 0x80000300 (0xf1dff0ef) x1  0x80000304
core   7: 0x80000300 (0xf1dff0ef) jal     pc - 0xe4
core   7: 3 0x80000300 (0xf1dff0ef) x1  0x80000304
core   0: 0x8000021c (0x00410113) addi    x2, x2, 4
core   0: 3 0x8000021c (0x00410113) x2  0x7000001c
core   1: 0x8000021c (0x00410113) addi    x2, x2, 4
core   1: 3 0x8000021c (0x00410113) x2  0x7000041c
core   2: 0x8000021c (0x00410113) addi    x2, x2, 4
core   2: 3 0x8000021c (0x00410113) x2  0x7000081c
core   3: 0x8000021c (0x00410113) addi    x2, x2, 4
core   3: 3 0x8000021c (0x00410113) x2  0x70000c1c
core   4: 0x8000021c (0x00410113) addi    x2, x2, 4
core   4: 3 0x8000021c (0x00410113) x2  0x7000101c
core   5: 0x8000021c (0x00410113) addi    x2, x2, 4
core   5: 3 0x8000021c (0x00410113) x2  0x7000141c
core   6: 0x8000021c (0x00410113) addi    x2, x2, 4
core   6: 3 0x8000021c (0x00410113) x2  0x7000181c
core   7: 0x8000021c (0x00410113) addi    x2, x2, 4
core   7: 3 0x8000021c (0x00410113) x2  0x70001c1c
core   0: 0x80000220 (0xfe112e23) sw      x1, -4(x2)
core   0: 3 0x80000220 (0xfe112e23) mem 0x70000018 0x80000304
core   1: 0x80000220 (0xfe112e23) sw      x1, -4(x2)
core   1: 3 0x80000220 (0xfe112e23) mem 0x70000418 0x80000304
core   2: 0x80000220 (0xfe112e23) sw      x1, -4(x2)
core   2: 3 0x80000220 (0xfe112e23) mem 0x70000818 0x80000304
core   3: 0x80000220 (0xfe112e23) sw      x1, -4(x2)
core   3: 3 0x80000220 (0xfe112e23) mem 0x70000c18 0x80000304
core   4: 0x80000220 (0xfe112e23) sw      x1, -4(x2)
core   4: 3 0x80000220 (0xfe112e23) mem 0x70001018 0x80000304
core   5: 0x80000220 (0xfe112e23) sw      x1, -4(x2)
core   5: 3 0x80000220 (0xfe112e23) mem 0x70001418 0x80000304
core   6: 0x80000220 (0xfe112e23) sw      x1, -4(x2)
core   6: 3 0x80000220 (0xfe112e23) mem 0x70001818 0x80000304
core   7: 0x80000220 (0xfe112e23) sw      x1, -4(x2)
core   7: 3 0x80000220 (0xfe112e23) mem 0x70001c18 0x80000304
core   0: 0x80000224 (0x80302573) csrr    x10, knl
core   0: 3 0x80000224 (0x80302573) x10 0x90043000
core   1: 0x80000224 (0x80302573) csrr    x10, knl
core   1: 3 0x80000224 (0x80302573) x10 0x90043000
core   2: 0x80000224 (0x80302573) csrr    x10, knl
core   2: 3 0x80000224 (0x80302573) x10 0x90043000
core   3: 0x80000224 (0x80302573) csrr    x10, knl
core   3: 3 0x80000224 (0x80302573) x10 0x90043000
core   4: 0x80000224 (0x80302573) csrr    x10, knl
core   4: 3 0x80000224 (0x80302573) x10 0x90043000
core   5: 0x80000224 (0x80302573) csrr    x10, knl
core   5: 3 0x80000224 (0x80302573) x10 0x90043000
core   6: 0x80000224 (0x80302573) csrr    x10, knl
core   6: 3 0x80000224 (0x80302573) x10 0x90043000
core   7: 0x80000224 (0x80302573) csrr    x10, knl
core   7: 3 0x80000224 (0x80302573) x10 0x90043000
core   0: 0x80000228 (0x00852283) lw      x5, 8(x10)
core   0: 3 0x80000228 (0x00852283) x5  0x00000001 mem 0x90043008
core   1: 0x80000228 (0x00852283) lw      x5, 8(x10)
core   1: 3 0x80000228 (0x00852283) x5  0x00000001 mem 0x90043008
core   2: 0x80000228 (0x00852283) lw      x5, 8(x10)
core   2: 3 0x80000228 (0x00852283) x5  0x00000001 mem 0x90043008
core   3: 0x80000228 (0x00852283) lw      x5, 8(x10)
core   3: 3 0x80000228 (0x00852283) x5  0x00000001 mem 0x90043008
core   4: 0x80000228 (0x00852283) lw      x5, 8(x10)
core   4: 3 0x80000228 (0x00852283) x5  0x00000001 mem 0x90043008
core   5: 0x80000228 (0x00852283) lw      x5, 8(x10)
core   5: 3 0x80000228 (0x00852283) x5  0x00000001 mem 0x90043008
core   6: 0x80000228 (0x00852283) lw      x5, 8(x10)
core   6: 3 0x80000228 (0x00852283) x5  0x00000001 mem 0x90043008
core   7: 0x80000228 (0x00852283) lw      x5, 8(x10)
core   7: 3 0x80000228 (0x00852283) x5  0x00000001 mem 0x90043008
core   0: 0x8000022c (0x80002373) csrr    x6, tid
core   0: 3 0x8000022c (0x80002373) x6  0x00000000
core   1: 0x8000022c (0x80002373) csrr    x6, tid
core   1: 3 0x8000022c (0x80002373) x6  0x00000008
core   2: 0x8000022c (0x80002373) csrr    x6, tid
core   2: 3 0x8000022c (0x80002373) x6  0x00000010
core   3: 0x8000022c (0x80002373) csrr    x6, tid
core   3: 3 0x8000022c (0x80002373) x6  0x00000018
core   4: 0x8000022c (0x80002373) csrr    x6, tid
core   4: 3 0x8000022c (0x80002373) x6  0x00000020
core   5: 0x8000022c (0x80002373) csrr    x6, tid
core   5: 3 0x8000022c (0x80002373) x6  0x00000028
core   6: 0x8000022c (0x80002373) csrr    x6, tid
core   6: 3 0x8000022c (0x80002373) x6  0x00000030
core   7: 0x8000022c (0x80002373) csrr    x6, tid
core   7: 3 0x8000022c (0x80002373) x6  0x00000038
core   0: 0x80000230 (0x5208a157) vid.v   v2
core   0: 3 0x80000230 (0x5208a157) c8_vstart 0x00000000 e32 m1 l8 v2  000000ff 0x00000007 00000006 00000005 00000004 00000003 00000002 00000001 00000000 
core   1: 0x80000230 (0x5208a157) vid.v   v2
core   1: 3 0x80000230 (0x5208a157) c8_vstart 0x00000000 e32 m1 l8 v2  000000ff 0x00000007 00000006 00000005 00000004 00000003 00000002 00000001 00000000 
core   2: 0x80000230 (0x5208a157) vid.v   v2
core   2: 3 0x80000230 (0x5208a157) c8_vstart 0x00000000 e32 m1 l8 v2  000000ff 0x00000007 00000006 00000005 00000004 00000003 00000002 00000001 00000000 
core   3: 0x80000230 (0x5208a157) vid.v   v2
core   3: 3 0x80000230 (0x5208a157) c8_vstart 0x00000000 e32 m1 l8 v2  000000ff 0x00000007 00000006 00000005 00000004 00000003 00000002 00000001 00000000 
core   4: 0x80000230 (0x5208a157) vid.v   v2
core   4: 3 0x80000230 (0x5208a157) c8_vstart 0x00000000 e32 m1 l8 v2  000000ff 0x00000007 00000006 00000005 00000004 00000003 00000002 00000001 00000000 
core   5: 0x80000230 (0x5208a157) vid.v   v2
core   5: 3 0x80000230 (0x5208a157) c8_vstart 0x00000000 e32 m1 l8 v2  000000ff 0x00000007 00000006 00000005 00000004 00000003 00000002 00000001 00000000 
core   6: 0x80000230 (0x5208a157) vid.v   v2
core   6: 3 0x80000230 (0x5208a157) c8_vstart 0x00000000 e32 m1 l8 v2  000000ff 0x00000007 00000006 00000005 00000004 00000003 00000002 00000001 00000000 
core   7: 0x80000230 (0x5208a157) vid.v   v2
core   7: 3 0x80000230 (0x5208a157) c8_vstart 0x00000000 e32 m1 l8 v2  000000ff 0x00000007 00000006 00000005 00000004 00000003 00000002 00000001 00000000 
core   0: 0x80000234 (0x02234057) vadd.vx v0, v2, x6
core   0: 3 0x80000234 (0x02234057) c8_vstart 0x00000000 e32 m1 l8 v0  000000ff 0x00000007 00000006 00000005 00000004 00000003 00000002 00000001 00000000 
core   1: 0x80000234 (0x02234057) vadd.vx v0, v2, x6
core   1: 3 0x80000234 (0x02234057) c8_vstart 0x00000000 e32 m1 l8 v0  000000ff 0x0000000f 0000000e 0000000d 0000000c 0000000b 0000000a 00000009 00000008 
core   2: 0x80000234 (0x02234057) vadd.vx v0, v2, x6
core   2: 3 0x80000234 (0x02234057) c8_vstart 0x00000000 e32 m1 l8 v0  000000ff 0x00000017 00000016 00000015 00000014 00000013 00000012 00000011 00000010 
core   3: 0x80000234 (0x02234057) vadd.vx v0, v2, x6
core   3: 3 0x80000234 (0x02234057) c8_vstart 0x00000000 e32 m1 l8 v0  000000ff 0x0000001f 0000001e 0000001d 0000001c 0000001b 0000001a 00000019 00000018 
core   4: 0x80000234 (0x02234057) vadd.vx v0, v2, x6
core   4: 3 0x80000234 (0x02234057) c8_vstart 0x00000000 e32 m1 l8 v0  000000ff 0x00000027 00000026 00000025 00000024 00000023 00000022 00000021 00000020 
core   5: 0x80000234 (0x02234057) vadd.vx v0, v2, x6
core   5: 3 0x80000234 (0x02234057) c8_vstart 0x00000000 e32 m1 l8 v0  000000ff 0x0000002f 0000002e 0000002d 0000002c 0000002b 0000002a 00000029 00000028 
core   6: 0x80000234 (0x02234057) vadd.vx v0, v2, x6
core   6: 3 0x80000234 (0x02234057) c8_vstart 0x00000000 e32 m1 l8 v0  000000ff 0x00000037 00000036 00000035 00000034 00000033 00000032 00000031 00000030 
core   7: 0x80000234 (0x02234057) vadd.vx v0, v2, x6
core   7: 3 0x80000234 (0x02234057) c8_vstart 0x00000000 e32 m1 l8 v0  000000ff 0x0000003f 0000003e 0000003d 0000003c 0000003b 0000003a 00000039 00000038 
core   0: 0x80000238 (0x01852e03) lw      x28, 24(x10)
core   0: 3 0x80000238 (0x01852e03) x28 0x00000040 mem 0x90043018
core   1: 0x80000238 (0x01852e03) lw      x28, 24(x10)
core   1: 3 0x80000238 (0x01852e03) x28 0x00000040 mem 0x90043018
core   2: 0x80000238 (0x01852e03) lw      x28, 24(x10)
core   2: 3 0x80000238 (0x01852e03) x28 0x00000040 mem 0x90043018
core   3: 0x80000238 (0x01852e03) lw      x28, 24(x10)
core   3: 3 0x80000238 (0x01852e03) x28 0x00000040 mem 0x90043018
core   4: 0x80000238 (0x01852e03) lw      x28, 24(x10)
core   4: 3 0x80000238 (0x01852e03) x28 0x00000040 mem 0x90043018
core   5: 0x80000238 (0x01852e03) lw      x28, 24(x10)
core   5: 3 0x80000238 (0x01852e03) x28 0x00000040 mem 0x90043018
core   6: 0x80000238 (0x01852e03) lw      x28, 24(x10)
core   6: 3 0x80000238 (0x01852e03) x28 0x00000040 mem 0x90043018
core   7: 0x80000238 (0x01852e03) lw      x28, 24(x10)
core   7: 3 0x80000238 (0x01852e03) x28 0x00000040 mem 0x90043018
core   0: 0x8000023c (0x8a0e6057) vremu.vx v0, v0, x28
core   0: 3 0x8000023c (0x8a0e6057) c8_vstart 0x00000000 e32 m1 l8 v0  000000ff 0x00000007 00000006 00000005 00000004 00000003 00000002 00000001 00000000 
core   1: 0x8000023c (0x8a0e6057) vremu.vx v0, v0, x28
core   1: 3 0x8000023c (0x8a0e6057) c8_vstart 0x00000000 e32 m1 l8 v0  000000ff 0x0000000f 0000000e 0000000d 0000000c 0000000b 0000000a 00000009 00000008 
core   2: 0x8000023c (0x8a0e6057) vremu.vx v0, v0, x28
core   2: 3 0x8000023c (0x8a0e6057) c8_vstart 0x00000000 e32 m1 l8 v0  000000ff 0x00000017 00000016 00000015 00000014 00000013 00000012 00000011 00000010 
core   3: 0x8000023c (0x8a0e6057) vremu.vx v0, v0, x28
core   3: 3 0x8000023c (0x8a0e6057) c8_vstart 0x00000000 e32 m1 l8 v0  000000ff 0x0000001f 0000001e 0000001d 0000001c 0000001b 0000001a 00000019 00000018 
core   4: 0x8000023c (0x8a0e6057) vremu.vx v0, v0, x28
core   4: 3 0x8000023c (0x8a0e6057) c8_vstart 0x00000000 e32 m1 l8 v0  000000ff 0x00000027 00000026 00000025 00000024 00000023 00000022 00000021 00000020 
core   5: 0x8000023c (0x8a0e6057) vremu.vx v0, v0, x28
core   5: 3 0x8000023c (0x8a0e6057) c8_vstart 0x00000000 e32 m1 l8 v0  000000ff 0x0000002f 0000002e 0000002d 0000002c 0000002b 0000002a 00000029 00000028 
core   6: 0x8000023c (0x8a0e6057) vremu.vx v0, v0, x28
core   6: 3 0x8000023c (0x8a0e6057) c8_vstart 0x00000000 e32 m1 l8 v0  000000ff 0x00000037 00000036 00000035 00000034 00000033 00000032 00000031 00000030 
core   7: 0x8000023c (0x8a0e6057) vremu.vx v0, v0, x28
core   7: 3 0x8000023c (0x8a0e6057) c8_vstart 0x00000000 e32 m1 l8 v0  000000ff 0x0000003f 0000003e 0000003d 0000003c 0000003b 0000003a 00000039 00000038 
core   0: 0x80000240 (0xffc12083) lw      x1, -4(x2)
core   0: 3 0x80000240 (0xffc12083) x1  0x80000304 mem 0x70000018
core   1: 0x80000240 (0xffc12083) lw      x1, -4(x2)
core   1: 3 0x80000240 (0xffc12083) x1  0x80000304 mem 0x70000418
core   2: 0x80000240 (0xffc12083) lw      x1, -4(x2)
core   2: 3 0x80000240 (0xffc12083) x1  0x80000304 mem 0x70000818
core   3: 0x80000240 (0xffc12083) lw      x1, -4(x2)
core   3: 3 0x80000240 (0xffc12083) x1  0x80000304 mem 0x70000c18
core   4: 0x80000240 (0xffc12083) lw      x1, -4(x2)
core   4: 3 0x80000240 (0xffc12083) x1  0x80000304 mem 0x70001018
core   5: 0x80000240 (0xffc12083) lw      x1, -4(x2)
core   5: 3 0x80000240 (0xffc12083) x1  0x80000304 mem 0x70001418
core   6: 0x80000240 (0xffc12083) lw      x1, -4(x2)
core   6: 3 0x80000240 (0xffc12083) x1  0x80000304 mem 0x70001818
core   7: 0x80000240 (0xffc12083) lw      x1, -4(x2)
core   7: 3 0x80000240 (0xffc12083) x1  0x80000304 mem 0x70001c18
core   0: 0x80000244 (0xffc10113) addi    x2, x2, -4
core   0: 3 0x80000244 (0xffc10113) x2  0x70000018
core   1: 0x80000244 (0xffc10113) addi    x2, x2, -4
core   1: 3 0x80000244 (0xffc10113) x2  0x70000418
core   2: 0x80000244 (0xffc10113) addi    x2, x2, -4
core   2: 3 0x80000244 (0xffc10113) x2  0x70000818
core   3: 0x80000244 (0xffc10113) addi    x2, x2, -4
core   3: 3 0x80000244 (0xffc10113) x2  0x70000c18
core   4: 0x80000244 (0xffc10113) addi    x2, x2, -4
core   4: 3 0x80000244 (0xffc10113) x2  0x70001018
core   5: 0x80000244 (0xffc10113) addi    x2, x2, -4
core   5: 3 0x80000244 (0xffc10113) x2  0x70001418
core   6: 0x80000244 (0xffc10113) addi    x2, x2, -4
core   6: 3 0x80000244 (0xffc10113) x2  0x70001818
core   7: 0x80000244 (0xffc10113) addi    x2, x2, -4
core   7: 3 0x80000244 (0xffc10113) x2  0x70001c18
core   0: 0x80000248 (0x00008067) ret
core   0: 3 0x80000248 (0x00008067)
core   1: 0x80000248 (0x00008067) ret
core   1: 3 0x80000248 (0x00008067)
core   2: 0x80000248 (0x00008067) ret
core   2: 3 0x80000248 (0x00008067)
core   3: 0x80000248 (0x00008067) ret
core   3: 3 0x80000248 (0x00008067)
core   4: 0x80000248 (0x00008067) ret
core   4: 3 0x80000248 (0x00008067)
core   5: 0x80000248 (0x00008067) ret
core   5: 3 0x80000248 (0x00008067)
core   6: 0x80000248 (0x00008067) ret
core   6: 3 0x80000248 (0x00008067)
core   7: 0x80000248 (0x00008067) ret
core   7: 3 0x80000248 (0x00008067)
core   0: 0x80000304 (0x80302573) csrr    x10, knl
core   0: 3 0x80000304 (0x80302573) x10 0x90043000
core   1: 0x80000304 (0x80302573) csrr    x10, knl
core   1: 3 0x80000304 (0x80302573) x10 0x90043000
core   2: 0x80000304 (0x80302573) csrr    x10, knl
core   2: 3 0x80000304 (0x80302573) x10 0x90043000
core   3: 0x80000304 (0x80302573) csrr    x10, knl
core   3: 3 0x80000304 (0x80302573) x10 0x90043000
core   4: 0x80000304 (0x80302573) csrr    x10, knl
core   4: 3 0x80000304 (0x80302573) x10 0x90043000
core   5: 0x80000304 (0x80302573) csrr    x10, knl
core   5: 3 0x80000304 (0x80302573) x10 0x90043000
core   6: 0x80000304 (0x80302573) csrr    x10, knl
core   6: 3 0x80000304 (0x80302573) x10 0x90043000
core   7: 0x80000304 (0x80302573) csrr    x10, knl
core   7: 3 0x80000304 (0x80302573) x10 0x90043000
core   0: 0x80000308 (0x80802373) csrr    x6, gidx
core   0: 3 0x80000308 (0x80802373) x6  0x00000000
core   1: 0x80000308 (0x80802373) csrr    x6, gidx
core   1: 3 0x80000308 (0x80802373) x6  0x00000000
core   2: 0x80000308 (0x80802373) csrr    x6, gidx
core   2: 3 0x80000308 (0x80802373) x6  0x00000000
core   3: 0x80000308 (0x80802373) csrr    x6, gidx
core   3: 3 0x80000308 (0x80802373) x6  0x00000000
core   4: 0x80000308 (0x80802373) csrr    x6, gidx
core   4: 3 0x80000308 (0x80802373) x6  0x00000000
core   5: 0x80000308 (0x80802373) csrr    x6, gidx
core   5: 3 0x80000308 (0x80802373) x6  0x00000000
core   6: 0x80000308 (0x80802373) csrr    x6, gidx
core   6: 3 0x80000308 (0x80802373) x6  0x00000000
core   7: 0x80000308 (0x80802373) csrr    x6, gidx
core   7: 3 0x80000308 (0x80802373) x6  0x00000000
core   0: 0x8000030c (0x01852e03) lw      x28, 24(x10)
core   0: 3 0x8000030c (0x01852e03) x28 0x00000040 mem 0x90043018
core   1: 0x8000030c (0x01852e03) lw      x28, 24(x10)
core   1: 3 0x8000030c (0x01852e03) x28 0x00000040 mem 0x90043018
core   2: 0x8000030c (0x01852e03) lw      x28, 24(x10)
core   2: 3 0x8000030c (0x01852e03) x28 0x00000040 mem 0x90043018
core   3: 0x8000030c (0x01852e03) lw      x28, 24(x10)
core   3: 3 0x8000030c (0x01852e03) x28 0x00000040 mem 0x90043018
core   4: 0x8000030c (0x01852e03) lw      x28, 24(x10)
core   4: 3 0x8000030c (0x01852e03) x28 0x00000040 mem 0x90043018
core   5: 0x8000030c (0x01852e03) lw      x28, 24(x10)
core   5: 3 0x8000030c (0x01852e03) x28 0x00000040 mem 0x90043018
core   6: 0x8000030c (0x01852e03) lw      x28, 24(x10)
core   6: 3 0x8000030c (0x01852e03) x28 0x00000040 mem 0x90043018
core   7: 0x8000030c (0x01852e03) lw      x28, 24(x10)
core   7: 3 0x8000030c (0x01852e03) x28 0x00000040 mem 0x90043018
core   0: 0x80000310 (0x02452e83) lw      x29, 36(x10)
core   0: 3 0x80000310 (0x02452e83) x29 0x00000000 mem 0x90043024
core   1: 0x80000310 (0x02452e83) lw      x29, 36(x10)
core   1: 3 0x80000310 (0x02452e83) x29 0x00000000 mem 0x90043024
core   2: 0x80000310 (0x02452e83) lw      x29, 36(x10)
core   2: 3 0x80000310 (0x02452e83) x29 0x00000000 mem 0x90043024
core   3: 0x80000310 (0x02452e83) lw      x29, 36(x10)
core   3: 3 0x80000310 (0x02452e83) x29 0x00000000 mem 0x90043024
core   4: 0x80000310 (0x02452e83) lw      x29, 36(x10)
core   4: 3 0x80000310 (0x02452e83) x29 0x00000000 mem 0x90043024
core   5: 0x80000310 (0x02452e83) lw      x29, 36(x10)
core   5: 3 0x80000310 (0x02452e83) x29 0x00000000 mem 0x90043024
core   6: 0x80000310 (0x02452e83) lw      x29, 36(x10)
core   6: 3 0x80000310 (0x02452e83) x29 0x00000000 mem 0x90043024
core   7: 0x80000310 (0x02452e83) lw      x29, 36(x10)
core   7: 3 0x80000310 (0x02452e83) x29 0x00000000 mem 0x90043024
core   0: 0x80000314 (0x03c30fb3) mul     x31, x6, x28
core   0: 3 0x80000314 (0x03c30fb3) x31 0x00000000
core   1: 0x80000314 (0x03c30fb3) mul     x31, x6, x28
core   1: 3 0x80000314 (0x03c30fb3) x31 0x00000000
core   2: 0x80000314 (0x03c30fb3) mul     x31, x6, x28
core   2: 3 0x80000314 (0x03c30fb3) x31 0x00000000
core   3: 0x80000314 (0x03c30fb3) mul     x31, x6, x28
core   3: 3 0x80000314 (0x03c30fb3) x31 0x00000000
core   4: 0x80000314 (0x03c30fb3) mul     x31, x6, x28
core   4: 3 0x80000314 (0x03c30fb3) x31 0x00000000
core   5: 0x80000314 (0x03c30fb3) mul     x31, x6, x28
core   5: 3 0x80000314 (0x03c30fb3) x31 0x00000000
core   6: 0x80000314 (0x03c30fb3) mul     x31, x6, x28
core   6: 3 0x80000314 (0x03c30fb3) x31 0x00000000
core   7: 0x80000314 (0x03c30fb3) mul     x31, x6, x28
core   7: 3 0x80000314 (0x03c30fb3) x31 0x00000000
core   0: 0x80000318 (0x01df8fb3) add     x31, x31, x29
core   0: 3 0x80000318 (0x01df8fb3) x31 0x00000000
core   1: 0x80000318 (0x01df8fb3) add     x31, x31, x29
core   1: 3 0x80000318 (0x01df8fb3) x31 0x00000000
core   2: 0x80000318 (0x01df8fb3) add     x31, x31, x29
core   2: 3 0x80000318 (0x01df8fb3) x31 0x00000000
core   3: 0x80000318 (0x01df8fb3) add     x31, x31, x29
core   3: 3 0x80000318 (0x01df8fb3) x31 0x00000000
core   4: 0x80000318 (0x01df8fb3) add     x31, x31, x29
core   4: 3 0x80000318 (0x01df8fb3) x31 0x00000000
core   5: 0x80000318 (0x01df8fb3) add     x31, x31, x29
core   5: 3 0x80000318 (0x01df8fb3) x31 0x00000000
core   6: 0x80000318 (0x01df8fb3) add     x31, x31, x29
core   6: 3 0x80000318 (0x01df8fb3) x31 0x00000000
core   7: 0x80000318 (0x01df8fb3) add     x31, x31, x29
core   7: 3 0x80000318 (0x01df8fb3) x31 0x00000000
core   0: 0x8000031c (0x020fc057) vadd.vx v0, v0, x31
core   0: 3 0x8000031c (0x020fc057) c8_vstart 0x00000000 e32 m1 l8 v0  000000ff 0x00000007 00000006 00000005 00000004 00000003 00000002 00000001 00000000 
core   1: 0x8000031c (0x020fc057) vadd.vx v0, v0, x31
core   1: 3 0x8000031c (0x020fc057) c8_vstart 0x00000000 e32 m1 l8 v0  000000ff 0x0000000f 0000000e 0000000d 0000000c 0000000b 0000000a 00000009 00000008 
core   2: 0x8000031c (0x020fc057) vadd.vx v0, v0, x31
core   2: 3 0x8000031c (0x020fc057) c8_vstart 0x00000000 e32 m1 l8 v0  000000ff 0x00000017 00000016 00000015 00000014 00000013 00000012 00000011 00000010 
core   3: 0x8000031c (0x020fc057) vadd.vx v0, v0, x31
core   3: 3 0x8000031c (0x020fc057) c8_vstart 0x00000000 e32 m1 l8 v0  000000ff 0x0000001f 0000001e 0000001d 0000001c 0000001b 0000001a 00000019 00000018 
core   4: 0x8000031c (0x020fc057) vadd.vx v0, v0, x31
core   4: 3 0x8000031c (0x020fc057) c8_vstart 0x00000000 e32 m1 l8 v0  000000ff 0x00000027 00000026 00000025 00000024 00000023 00000022 00000021 00000020 
core   5: 0x8000031c (0x020fc057) vadd.vx v0, v0, x31
core   5: 3 0x8000031c (0x020fc057) c8_vstart 0x00000000 e32 m1 l8 v0  000000ff 0x0000002f 0000002e 0000002d 0000002c 0000002b 0000002a 00000029 00000028 
core   6: 0x8000031c (0x020fc057) vadd.vx v0, v0, x31
core   6: 3 0x8000031c (0x020fc057) c8_vstart 0x00000000 e32 m1 l8 v0  000000ff 0x00000037 00000036 00000035 00000034 00000033 00000032 00000031 00000030 
core   7: 0x8000031c (0x020fc057) vadd.vx v0, v0, x31
core   7: 3 0x8000031c (0x020fc057) c8_vstart 0x00000000 e32 m1 l8 v0  000000ff 0x0000003f 0000003e 0000003d 0000003c 0000003b 0000003a 00000039 00000038 
core   0: 0x80000320 (0xffc12083) lw      x1, -4(x2)
core   0: 3 0x80000320 (0xffc12083) x1  0x8000015c mem 0x70000014
core   1: 0x80000320 (0xffc12083) lw      x1, -4(x2)
core   1: 3 0x80000320 (0xffc12083) x1  0x8000015c mem 0x70000414
core   2: 0x80000320 (0xffc12083) lw      x1, -4(x2)
core   2: 3 0x80000320 (0xffc12083) x1  0x8000015c mem 0x70000814
core   3: 0x80000320 (0xffc12083) lw      x1, -4(x2)
core   3: 3 0x80000320 (0xffc12083) x1  0x8000015c mem 0x70000c14
core   4: 0x80000320 (0xffc12083) lw      x1, -4(x2)
core   4: 3 0x80000320 (0xffc12083) x1  0x8000015c mem 0x70001014
core   5: 0x80000320 (0xffc12083) lw      x1, -4(x2)
core   5: 3 0x80000320 (0xffc12083) x1  0x8000015c mem 0x70001414
core   6: 0x80000320 (0xffc12083) lw      x1, -4(x2)
core   6: 3 0x80000320 (0xffc12083) x1  0x8000015c mem 0x70001814
core   7: 0x80000320 (0xffc12083) lw      x1, -4(x2)
core   7: 3 0x80000320 (0xffc12083) x1  0x8000015c mem 0x70001c14
core   0: 0x80000324 (0xffc10113) addi    x2, x2, -4
core   0: 3 0x80000324 (0xffc10113) x2  0x70000014
core   1: 0x80000324 (0xffc10113) addi    x2, x2, -4
core   1: 3 0x80000324 (0xffc10113) x2  0x70000414
core   2: 0x80000324 (0xffc10113) addi    x2, x2, -4
core   2: 3 0x80000324 (0xffc10113) x2  0x70000814
core   3: 0x80000324 (0xffc10113) addi    x2, x2, -4
core   3: 3 0x80000324 (0xffc10113) x2  0x70000c14
core   4: 0x80000324 (0xffc10113) addi    x2, x2, -4
core   4: 3 0x80000324 (0xffc10113) x2  0x70001014
core   5: 0x80000324 (0xffc10113) addi    x2, x2, -4
core   5: 3 0x80000324 (0xffc10113) x2  0x70001414
core   6: 0x80000324 (0xffc10113) addi    x2, x2, -4
core   6: 3 0x80000324 (0xffc10113) x2  0x70001814
core   7: 0x80000324 (0xffc10113) addi    x2, x2, -4
core   7: 3 0x80000324 (0xffc10113) x2  0x70001c14
core   0: 0x80000328 (0x00008067) ret
core   0: 3 0x80000328 (0x00008067)
core   1: 0x80000328 (0x00008067) ret
core   1: 3 0x80000328 (0x00008067)
core   2: 0x80000328 (0x00008067) ret
core   2: 3 0x80000328 (0x00008067)
core   3: 0x80000328 (0x00008067) ret
core   3: 3 0x80000328 (0x00008067)
core   4: 0x80000328 (0x00008067) ret
core   4: 3 0x80000328 (0x00008067)
core   5: 0x80000328 (0x00008067) ret
core   5: 3 0x80000328 (0x00008067)
core   6: 0x80000328 (0x00008067) ret
core   6: 3 0x80000328 (0x00008067)
core   7: 0x80000328 (0x00008067) ret
core   7: 3 0x80000328 (0x00008067)
core   0: 0x8000015c (0x0180006f) j       pc + 0x18
core   0: 3 0x8000015c (0x0180006f)
core   1: 0x8000015c (0x0180006f) j       pc + 0x18
core   1: 3 0x8000015c (0x0180006f)
core   2: 0x8000015c (0x0180006f) j       pc + 0x18
core   2: 3 0x8000015c (0x0180006f)
core   3: 0x8000015c (0x0180006f) j       pc + 0x18
core   3: 3 0x8000015c (0x0180006f)
core   4: 0x8000015c (0x0180006f) j       pc + 0x18
core   4: 3 0x8000015c (0x0180006f)
core   5: 0x8000015c (0x0180006f) j       pc + 0x18
core   5: 3 0x8000015c (0x0180006f)
core   6: 0x8000015c (0x0180006f) j       pc + 0x18
core   6: 3 0x8000015c (0x0180006f)
core   7: 0x8000015c (0x0180006f) j       pc + 0x18
core   7: 3 0x8000015c (0x0180006f)
core   0: 0x80000174 (0x0000205b) join    v0, v0, pc + 0
core   0: 3 0x80000174 (0x0000205b) current mask:	000000ff current npc:	80000158 stack size: 0
core   1: 0x80000174 (0x0000205b) join    v0, v0, pc + 0
core   1: 3 0x80000174 (0x0000205b) current mask:	000000ff current npc:	80000158 stack size: 0
core   2: 0x80000174 (0x0000205b) join    v0, v0, pc + 0
core   2: 3 0x80000174 (0x0000205b) current mask:	000000ff current npc:	80000158 stack size: 0
core   3: 0x80000174 (0x0000205b) join    v0, v0, pc + 0
core   3: 3 0x80000174 (0x0000205b) current mask:	000000ff current npc:	80000158 stack size: 0
core   4: 0x80000174 (0x0000205b) join    v0, v0, pc + 0
core   4: 3 0x80000174 (0x0000205b) current mask:	000000ff current npc:	80000158 stack size: 0
core   5: 0x80000174 (0x0000205b) join    v0, v0, pc + 0
core   5: 3 0x80000174 (0x0000205b) current mask:	000000ff current npc:	80000158 stack size: 0
core   6: 0x80000174 (0x0000205b) join    v0, v0, pc + 0
core   6: 3 0x80000174 (0x0000205b) current mask:	000000ff current npc:	80000158 stack size: 0
core   7: 0x80000174 (0x0000205b) join    v0, v0, pc + 0
core   7: 3 0x80000174 (0x0000205b) current mask:	000000ff current npc:	80000158 stack size: 0
core   0: 0x80000178 (0xffc12083) lw      x1, -4(x2)
core   0: 3 0x80000178 (0xffc12083) x1  0x800000e0 mem 0x70000010
core   1: 0x80000178 (0xffc12083) lw      x1, -4(x2)
core   1: 3 0x80000178 (0xffc12083) x1  0x800000e0 mem 0x70000410
core   2: 0x80000178 (0xffc12083) lw      x1, -4(x2)
core   2: 3 0x80000178 (0xffc12083) x1  0x800000e0 mem 0x70000810
core   3: 0x80000178 (0xffc12083) lw      x1, -4(x2)
core   3: 3 0x80000178 (0xffc12083) x1  0x800000e0 mem 0x70000c10
core   4: 0x80000178 (0xffc12083) lw      x1, -4(x2)
core   4: 3 0x80000178 (0xffc12083) x1  0x800000e0 mem 0x70001010
core   5: 0x80000178 (0xffc12083) lw      x1, -4(x2)
core   5: 3 0x80000178 (0xffc12083) x1  0x800000e0 mem 0x70001410
core   6: 0x80000178 (0xffc12083) lw      x1, -4(x2)
core   6: 3 0x80000178 (0xffc12083) x1  0x800000e0 mem 0x70001810
core   7: 0x80000178 (0xffc12083) lw      x1, -4(x2)
core   7: 3 0x80000178 (0xffc12083) x1  0x800000e0 mem 0x70001c10
core   0: 0x8000017c (0xffc10113) addi    x2, x2, -4
core   0: 3 0x8000017c (0xffc10113) x2  0x70000010
core   1: 0x8000017c (0xffc10113) addi    x2, x2, -4
core   1: 3 0x8000017c (0xffc10113) x2  0x70000410
core   2: 0x8000017c (0xffc10113) addi    x2, x2, -4
core   2: 3 0x8000017c (0xffc10113) x2  0x70000810
core   3: 0x8000017c (0xffc10113) addi    x2, x2, -4
core   3: 3 0x8000017c (0xffc10113) x2  0x70000c10
core   4: 0x8000017c (0xffc10113) addi    x2, x2, -4
core   4: 3 0x8000017c (0xffc10113) x2  0x70001010
core   5: 0x8000017c (0xffc10113) addi    x2, x2, -4
core   5: 3 0x8000017c (0xffc10113) x2  0x70001410
core   6: 0x8000017c (0xffc10113) addi    x2, x2, -4
core   6: 3 0x8000017c (0xffc10113) x2  0x70001810
core   7: 0x8000017c (0xffc10113) addi    x2, x2, -4
core   7: 3 0x8000017c (0xffc10113) x2  0x70001c10
core   0: 0x80000180 (0x00008067) ret
core   0: 3 0x80000180 (0x00008067)
core   1: 0x80000180 (0x00008067) ret
core   1: 3 0x80000180 (0x00008067)
core   2: 0x80000180 (0x00008067) ret
core   2: 3 0x80000180 (0x00008067)
core   3: 0x80000180 (0x00008067) ret
core   3: 3 0x80000180 (0x00008067)
core   4: 0x80000180 (0x00008067) ret
core   4: 3 0x80000180 (0x00008067)
core   5: 0x80000180 (0x00008067) ret
core   5: 3 0x80000180 (0x00008067)
core   6: 0x80000180 (0x00008067) ret
core   6: 3 0x80000180 (0x00008067)
core   7: 0x80000180 (0x00008067) ret
core   7: 3 0x80000180 (0x00008067)
core   0: 0x800000e0 (0x96013057) vsll.vi v0, v0, 2
core   0: 3 0x800000e0 (0x96013057) c8_vstart 0x00000000 e32 m1 l8 v0  000000ff 0x0000001c 00000018 00000014 00000010 0000000c 00000008 00000004 00000000 
core   1: 0x800000e0 (0x96013057) vsll.vi v0, v0, 2
core   1: 3 0x800000e0 (0x96013057) c8_vstart 0x00000000 e32 m1 l8 v0  000000ff 0x0000003c 00000038 00000034 00000030 0000002c 00000028 00000024 00000020 
core   2: 0x800000e0 (0x96013057) vsll.vi v0, v0, 2
core   2: 3 0x800000e0 (0x96013057) c8_vstart 0x00000000 e32 m1 l8 v0  000000ff 0x0000005c 00000058 00000054 00000050 0000004c 00000048 00000044 00000040 
core   3: 0x800000e0 (0x96013057) vsll.vi v0, v0, 2
core   3: 3 0x800000e0 (0x96013057) c8_vstart 0x00000000 e32 m1 l8 v0  000000ff 0x0000007c 00000078 00000074 00000070 0000006c 00000068 00000064 00000060 
core   4: 0x800000e0 (0x96013057) vsll.vi v0, v0, 2
core   4: 3 0x800000e0 (0x96013057) c8_vstart 0x00000000 e32 m1 l8 v0  000000ff 0x0000009c 00000098 00000094 00000090 0000008c 00000088 00000084 00000080 
core   5: 0x800000e0 (0x96013057) vsll.vi v0, v0, 2
core   5: 3 0x800000e0 (0x96013057) c8_vstart 0x00000000 e32 m1 l8 v0  000000ff 0x000000bc 000000b8 000000b4 000000b0 000000ac 000000a8 000000a4 000000a0 
core   6: 0x800000e0 (0x96013057) vsll.vi v0, v0, 2
core   6: 3 0x800000e0 (0x96013057) c8_vstart 0x00000000 e32 m1 l8 v0  000000ff 0x000000dc 000000d8 000000d4 000000d0 000000cc 000000c8 000000c4 000000c0 
core   7: 0x800000e0 (0x96013057) vsll.vi v0, v0, 2
core   7: 3 0x800000e0 (0x96013057) c8_vstart 0x00000000 e32 m1 l8 v0  000000ff 0x000000fc 000000f8 000000f4 000000f0 000000ec 000000e8 000000e4 000000e0 
core   0: 0x800000e4 (0xff412283) lw      x5, -12(x2)
core   0: 3 0x800000e4 (0xff412283) x5  0x90000000 mem 0x70000004
core   1: 0x800000e4 (0xff412283) lw      x5, -12(x2)
core   1: 3 0x800000e4 (0xff412283) x5  0x90000000 mem 0x70000404
core   2: 0x800000e4 (0xff412283) lw      x5, -12(x2)
core   2: 3 0x800000e4 (0xff412283) x5  0x90000000 mem 0x70000804
core   3: 0x800000e4 (0xff412283) lw      x5, -12(x2)
core   3: 3 0x800000e4 (0xff412283) x5  0x90000000 mem 0x70000c04
core   4: 0x800000e4 (0xff412283) lw      x5, -12(x2)
core   4: 3 0x800000e4 (0xff412283) x5  0x90000000 mem 0x70001004
core   5: 0x800000e4 (0xff412283) lw      x5, -12(x2)
core   5: 3 0x800000e4 (0xff412283) x5  0x90000000 mem 0x70001404
core   6: 0x800000e4 (0xff412283) lw      x5, -12(x2)
core   6: 3 0x800000e4 (0xff412283) x5  0x90000000 mem 0x70001804
core   7: 0x800000e4 (0xff412283) lw      x5, -12(x2)
core   7: 3 0x800000e4 (0xff412283) x5  0x90000000 mem 0x70001c04
core   0: 0x800000e8 (0x0202c0d7) vadd.vx v1, v0, x5
core   0: 3 0x800000e8 (0x0202c0d7) c8_vstart 0x00000000 e32 m1 l8 v1  000000ff 0x9000001c 90000018 90000014 90000010 9000000c 90000008 90000004 90000000 
core   1: 0x800000e8 (0x0202c0d7) vadd.vx v1, v0, x5
core   1: 3 0x800000e8 (0x0202c0d7) c8_vstart 0x00000000 e32 m1 l8 v1  000000ff 0x9000003c 90000038 90000034 90000030 9000002c 90000028 90000024 90000020 
core   2: 0x800000e8 (0x0202c0d7) vadd.vx v1, v0, x5
core   2: 3 0x800000e8 (0x0202c0d7) c8_vstart 0x00000000 e32 m1 l8 v1  000000ff 0x9000005c 90000058 90000054 90000050 9000004c 90000048 90000044 90000040 
core   3: 0x800000e8 (0x0202c0d7) vadd.vx v1, v0, x5
core   3: 3 0x800000e8 (0x0202c0d7) c8_vstart 0x00000000 e32 m1 l8 v1  000000ff 0x9000007c 90000078 90000074 90000070 9000006c 90000068 90000064 90000060 
core   4: 0x800000e8 (0x0202c0d7) vadd.vx v1, v0, x5
core   4: 3 0x800000e8 (0x0202c0d7) c8_vstart 0x00000000 e32 m1 l8 v1  000000ff 0x9000009c 90000098 90000094 90000090 9000008c 90000088 90000084 90000080 
core   5: 0x800000e8 (0x0202c0d7) vadd.vx v1, v0, x5
core   5: 3 0x800000e8 (0x0202c0d7) c8_vstart 0x00000000 e32 m1 l8 v1  000000ff 0x900000bc 900000b8 900000b4 900000b0 900000ac 900000a8 900000a4 900000a0 
core   6: 0x800000e8 (0x0202c0d7) vadd.vx v1, v0, x5
core   6: 3 0x800000e8 (0x0202c0d7) c8_vstart 0x00000000 e32 m1 l8 v1  000000ff 0x900000dc 900000d8 900000d4 900000d0 900000cc 900000c8 900000c4 900000c0 
core   7: 0x800000e8 (0x0202c0d7) vadd.vx v1, v0, x5
core   7: 3 0x800000e8 (0x0202c0d7) c8_vstart 0x00000000 e32 m1 l8 v1  000000ff 0x900000fc 900000f8 900000f4 900000f0 900000ec 900000e8 900000e4 900000e0 
core   0: 0x800000ec (0x0000a0fb) vlw12.v v1, v1, 0
core   0: 3 0x800000ec (0x0000a0fb) e32 m1 l8 v1  000000ff 0x4177a2c8 41acac52 40a5238a 42555ade 419486bc 4116fe0f 4265838c 42874267  c8_vstart 0x00000000 mem 0x90000000 mem 0x90000004 mem 0x90000008 mem 0x9000000c mem 0x90000010 mem 0x90000014 mem 0x90000018 mem 0x9000001c
core   1: 0x800000ec (0x0000a0fb) vlw12.v v1, v1, 0
core   1: 3 0x800000ec (0x0000a0fb) e32 m1 l8 v1  000000ff 0x42c3d805 421a5f7c 3ff1ea2d 42a349ed 42c112c9 42682cb3 42b77452 4260106e  c8_vstart 0x00000000 mem 0x90000020 mem 0x90000024 mem 0x90000028 mem 0x9000002c mem 0x90000030 mem 0x90000034 mem 0x90000038 mem 0x9000003c
core   2: 0x800000ec (0x0000a0fb) vlw12.v v1, v1, 0
core   2: 3 0x800000ec (0x0000a0fb) e32 m1 l8 v1  000000ff 0x4202b147 41cee625 428fb11c 4293cbb4 42351348 41d0fcaf 427e1762 42a0c79d  c8_vstart 0x00000000 mem 0x90000040 mem 0x90000044 mem 0x90000048 mem 0x9000004c mem 0x90000050 mem 0x90000054 mem 0x90000058 mem 0x9000005c
core   3: 0x800000ec (0x0000a0fb) vlw12.v v1, v1, 0
core   3: 3 0x800000ec (0x0000a0fb) e32 m1 l8 v1  000000ff 0x4230813f 426c437a 421ebc16 4298fe38 4180a140 42545e97 41c8b9a8 40af2dd6  c8_vstart 0x00000000 mem 0x90000060 mem 0x90000064 mem 0x90000068 mem 0x9000006c mem 0x90000070 mem 0x90000074 mem 0x90000078 mem 0x9000007c
core   4: 0x800000ec (0x0000a0fb) vlw12.v v1, v1, 0
core   4: 3 0x800000ec (0x0000a0fb) e32 m1 l8 v1  000000ff 0x41ed6fba 4283c199 42a88d63 429353b7 42499a80 427ac49d 4289017f 42c21fd1  c8_vstart 0x00000000 mem 0x90000080 mem 0x90000084 mem 0x90000088 mem 0x9000008c mem 0x90000090 mem 0x90000094 mem 0x90000098 mem 0x9000009c
core   5: 0x800000ec (0x0000a0fb) vlw12.v v1, v1, 0
core   5: 3 0x800000ec (0x0000a0fb) e32 m1 l8 v1  000000ff 0x40c67382 425e474f 42819e75 41ce7e6c 42669745 41d1badd 41bf5fc9 429801b5  c8_vstart 0x00000000 mem 0x900000a0 mem 0x900000a4 mem 0x900000a8 mem 0x900000ac mem 0x900000b0 mem 0x900000b4 mem 0x900000b8 mem 0x900000bc
core   6: 0x800000ec (0x0000a0fb) vlw12.v v1, v1, 0
core   6: 3 0x800000ec (0x0000a0fb) e32 m1 l8 v1  000000ff 0x426c0d99 420b9cfb 429aaa66 425627dd 400ebb39 424de1b8 42a362d3 41e2a896  c8_vstart 0x00000000 mem 0x900000c0 mem 0x900000c4 mem 0x900000c8 mem 0x900000cc mem 0x900000d0 mem 0x900000d4 mem 0x900000d8 mem 0x900000dc
core   7: 0x800000ec (0x0000a0fb) vlw12.v v1, v1, 0
core   7: 3 0x800000ec (0x0000a0fb) e32 m1 l8 v1  000000ff 0x41c5ee92 41b85e9d 4208a1b3 41dd6f4e 429dd707 42962f1c 42affdc9 401b19ea  c8_vstart 0x00000000 mem 0x900000e0 mem 0x900000e4 mem 0x900000e8 mem 0x900000ec mem 0x900000f0 mem 0x900000f4 mem 0x900000f8 mem 0x900000fc
core   0: 0x800000f0 (0xff812283) lw      x5, -8(x2)
core   0: 3 0x800000f0 (0xff812283) x5  0x90001000 mem 0x70000008
core   1: 0x800000f0 (0xff812283) lw      x5, -8(x2)
core   1: 3 0x800000f0 (0xff812283) x5  0x90001000 mem 0x70000408
core   2: 0x800000f0 (0xff812283) lw      x5, -8(x2)
core   2: 3 0x800000f0 (0xff812283) x5  0x90001000 mem 0x70000808
core   3: 0x800000f0 (0xff812283) lw      x5, -8(x2)
core   3: 3 0x800000f0 (0xff812283) x5  0x90001000 mem 0x70000c08
core   4: 0x800000f0 (0xff812283) lw      x5, -8(x2)
core   4: 3 0x800000f0 (0xff812283) x5  0x90001000 mem 0x70001008
core   5: 0x800000f0 (0xff812283) lw      x5, -8(x2)
core   5: 3 0x800000f0 (0xff812283) x5  0x90001000 mem 0x70001408
core   6: 0x800000f0 (0xff812283) lw      x5, -8(x2)
core   6: 3 0x800000f0 (0xff812283) x5  0x90001000 mem 0x70001808
core   7: 0x800000f0 (0xff812283) lw      x5, -8(x2)
core   7: 3 0x800000f0 (0xff812283) x5  0x90001000 mem 0x70001c08
core   0: 0x800000f4 (0x0202c057) vadd.vx v0, v0, x5
core   0: 3 0x800000f4 (0x0202c057) c8_vstart 0x00000000 e32 m1 l8 v0  000000ff 0x9000101c 90001018 90001014 90001010 9000100c 90001008 90001004 90001000 
core   1: 0x800000f4 (0x0202c057) vadd.vx v0, v0, x5
core   1: 3 0x800000f4 (0x0202c057) c8_vstart 0x00000000 e32 m1 l8 v0  000000ff 0x9000103c 90001038 90001034 90001030 9000102c 90001028 90001024 90001020 
core   2: 0x800000f4 (0x0202c057) vadd.vx v0, v0, x5
core   2: 3 0x800000f4 (0x0202c057) c8_vstart 0x00000000 e32 m1 l8 v0  000000ff 0x9000105c 90001058 90001054 90001050 9000104c 90001048 90001044 90001040 
core   3: 0x800000f4 (0x0202c057) vadd.vx v0, v0, x5
core   3: 3 0x800000f4 (0x0202c057) c8_vstart 0x00000000 e32 m1 l8 v0  000000ff 0x9000107c 90001078 90001074 90001070 9000106c 90001068 90001064 90001060 
core   4: 0x800000f4 (0x0202c057) vadd.vx v0, v0, x5
core   4: 3 0x800000f4 (0x0202c057) c8_vstart 0x00000000 e32 m1 l8 v0  000000ff 0x9000109c 90001098 90001094 90001090 9000108c 90001088 90001084 90001080 
core   5: 0x800000f4 (0x0202c057) vadd.vx v0, v0, x5
core   5: 3 0x800000f4 (0x0202c057) c8_vstart 0x00000000 e32 m1 l8 v0  000000ff 0x900010bc 900010b8 900010b4 900010b0 900010ac 900010a8 900010a4 900010a0 
core   6: 0x800000f4 (0x0202c057) vadd.vx v0, v0, x5
core   6: 3 0x800000f4 (0x0202c057) c8_vstart 0x00000000 e32 m1 l8 v0  000000ff 0x900010dc 900010d8 900010d4 900010d0 900010cc 900010c8 900010c4 900010c0 
core   7: 0x800000f4 (0x0202c057) vadd.vx v0, v0, x5
core   7: 3 0x800000f4 (0x0202c057) c8_vstart 0x00000000 e32 m1 l8 v0  000000ff 0x900010fc 900010f8 900010f4 900010f0 900010ec 900010e8 900010e4 900010e0 
core   0: 0x800000f8 (0x0000217b) vlw12.v v2, v0, 0
core   0: 3 0x800000f8 (0x0000217b) e32 m1 l8 v2  000000ff 0x00000000 00000000 00000000 00000000 00000000 00000000 00000000 00000000  c8_vstart 0x00000000 mem 0x90001000 mem 0x90001004 mem 0x90001008 mem 0x9000100c mem 0x90001010 mem 0x90001014 mem 0x90001018 mem 0x9000101c
core   1: 0x800000f8 (0x0000217b) vlw12.v v2, v0, 0
core   1: 3 0x800000f8 (0x0000217b) e32 m1 l8 v2  000000ff 0x00000000 00000000 00000000 00000000 00000000 00000000 00000000 00000000  c8_vstart 0x00000000 mem 0x90001020 mem 0x90001024 mem 0x90001028 mem 0x9000102c mem 0x90001030 mem 0x90001034 mem 0x90001038 mem 0x9000103c
core   2: 0x800000f8 (0x0000217b) vlw12.v v2, v0, 0
core   2: 3 0x800000f8 (0x0000217b) e32 m1 l8 v2  000000ff 0x00000000 00000000 00000000 00000000 00000000 00000000 00000000 00000000  c8_vstart 0x00000000 mem 0x90001040 mem 0x90001044 mem 0x90001048 mem 0x9000104c mem 0x90001050 mem 0x90001054 mem 0x90001058 mem 0x9000105c
core   3: 0x800000f8 (0x0000217b) vlw12.v v2, v0, 0
core   3: 3 0x800000f8 (0x0000217b) e32 m1 l8 v2  000000ff 0x00000000 00000000 00000000 00000000 00000000 00000000 00000000 00000000  c8_vstart 0x00000000 mem 0x90001060 mem 0x90001064 mem 0x90001068 mem 0x9000106c mem 0x90001070 mem 0x90001074 mem 0x90001078 mem 0x9000107c
core   4: 0x800000f8 (0x0000217b) vlw12.v v2, v0, 0
core   4: 3 0x800000f8 (0x0000217b) e32 m1 l8 v2  000000ff 0x00000000 00000000 00000000 00000000 00000000 00000000 00000000 00000000  c8_vstart 0x00000000 mem 0x90001080 mem 0x90001084 mem 0x90001088 mem 0x9000108c mem 0x90001090 mem 0x90001094 mem 0x90001098 mem 0x9000109c
core   5: 0x800000f8 (0x0000217b) vlw12.v v2, v0, 0
core   5: 3 0x800000f8 (0x0000217b) e32 m1 l8 v2  000000ff 0x00000000 00000000 00000000 00000000 00000000 00000000 00000000 00000000  c8_vstart 0x00000000 mem 0x900010a0 mem 0x900010a4 mem 0x900010a8 mem 0x900010ac mem 0x900010b0 mem 0x900010b4 mem 0x900010b8 mem 0x900010bc
core   6: 0x800000f8 (0x0000217b) vlw12.v v2, v0, 0
core   6: 3 0x800000f8 (0x0000217b) e32 m1 l8 v2  000000ff 0x00000000 00000000 00000000 00000000 00000000 00000000 00000000 00000000  c8_vstart 0x00000000 mem 0x900010c0 mem 0x900010c4 mem 0x900010c8 mem 0x900010cc mem 0x900010d0 mem 0x900010d4 mem 0x900010d8 mem 0x900010dc
core   7: 0x800000f8 (0x0000217b) vlw12.v v2, v0, 0
core   7: 3 0x800000f8 (0x0000217b) e32 m1 l8 v2  000000ff 0x00000000 00000000 00000000 00000000 00000000 00000000 00000000 00000000  c8_vstart 0x00000000 mem 0x900010e0 mem 0x900010e4 mem 0x900010e8 mem 0x900010ec mem 0x900010f0 mem 0x900010f4 mem 0x900010f8 mem 0x900010fc
core   0: 0x800000fc (0xffc12283) lw      x5, -4(x2)
core   0: 3 0x800000fc (0xffc12283) x5  0x422bf2da mem 0x7000000c
core   1: 0x800000fc (0xffc12283) lw      x5, -4(x2)
core   1: 3 0x800000fc (0xffc12283) x5  0x422bf2da mem 0x7000040c
core   2: 0x800000fc (0xffc12283) lw      x5, -4(x2)
core   2: 3 0x800000fc (0xffc12283) x5  0x422bf2da mem 0x7000080c
core   3: 0x800000fc (0xffc12283) lw      x5, -4(x2)
core   3: 3 0x800000fc (0xffc12283) x5  0x422bf2da mem 0x70000c0c
core   4: 0x800000fc (0xffc12283) lw      x5, -4(x2)
core   4: 3 0x800000fc (0xffc12283) x5  0x422bf2da mem 0x7000100c
core   5: 0x800000fc (0xffc12283) lw      x5, -4(x2)
core   5: 3 0x800000fc (0xffc12283) x5  0x422bf2da mem 0x7000140c
core   6: 0x800000fc (0xffc12283) lw      x5, -4(x2)
core   6: 3 0x800000fc (0xffc12283) x5  0x422bf2da mem 0x7000180c
core   7: 0x800000fc (0xffc12283) lw      x5, -4(x2)
core   7: 3 0x800000fc (0xffc12283) x5  0x422bf2da mem 0x70001c0c
core   0: 0x80000100 (0x5e02c1d7) vmv.v.x v3, x5
core   0: 3 0x80000100 (0x5e02c1d7) c8_vstart 0x00000000 e32 m1 l8 v3  000000ff 0x422bf2da 422bf2da 422bf2da 422bf2da 422bf2da 422bf2da 422bf2da 422bf2da 
core   1: 0x80000100 (0x5e02c1d7) vmv.v.x v3, x5
core   1: 3 0x80000100 (0x5e02c1d7) c8_vstart 0x00000000 e32 m1 l8 v3  000000ff 0x422bf2da 422bf2da 422bf2da 422bf2da 422bf2da 422bf2da 422bf2da 422bf2da 
core   2: 0x80000100 (0x5e02c1d7) vmv.v.x v3, x5
core   2: 3 0x80000100 (0x5e02c1d7) c8_vstart 0x00000000 e32 m1 l8 v3  000000ff 0x422bf2da 422bf2da 422bf2da 422bf2da 422bf2da 422bf2da 422bf2da 422bf2da 
core   3: 0x80000100 (0x5e02c1d7) vmv.v.x v3, x5
core   3: 3 0x80000100 (0x5e02c1d7) c8_vstart 0x00000000 e32 m1 l8 v3  000000ff 0x422bf2da 422bf2da 422bf2da 422bf2da 422bf2da 422bf2da 422bf2da 422bf2da 
core   4: 0x80000100 (0x5e02c1d7) vmv.v.x v3, x5
core   4: 3 0x80000100 (0x5e02c1d7) c8_vstart 0x00000000 e32 m1 l8 v3  000000ff 0x422bf2da 422bf2da 422bf2da 422bf2da 422bf2da 422bf2da 422bf2da 422bf2da 
core   5: 0x80000100 (0x5e02c1d7) vmv.v.x v3, x5
core   5: 3 0x80000100 (0x5e02c1d7) c8_vstart 0x00000000 e32 m1 l8 v3  000000ff 0x422bf2da 422bf2da 422bf2da 422bf2da 422bf2da 422bf2da 422bf2da 422bf2da 
core   6: 0x80000100 (0x5e02c1d7) vmv.v.x v3, x5
core   6: 3 0x80000100 (0x5e02c1d7) c8_vstart 0x00000000 e32 m1 l8 v3  000000ff 0x422bf2da 422bf2da 422bf2da 422bf2da 422bf2da 422bf2da 422bf2da 422bf2da 
core   7: 0x80000100 (0x5e02c1d7) vmv.v.x v3, x5
core   7: 3 0x80000100 (0x5e02c1d7) c8_vstart 0x00000000 e32 m1 l8 v3  000000ff 0x422bf2da 422bf2da 422bf2da 422bf2da 422bf2da 422bf2da 422bf2da 422bf2da 
core   0: 0x80000104 (0xa22190d7) vfmadd.vv v1, v2, v3
core   0: 3 0x80000104 (0xa22190d7) c8_vstart 0x00000000 c1_fflags 0x00000001 e32 m1 l8 v1  000000ff 0x442654a6 4467f5d1 435dd6cb 450f4e18 444785cb 43cad5e2 451a2898 4535b356 
core   1: 0x80000104 (0xa22190d7) vfmadd.vv v1, v2, v3
core   1: 3 0x80000104 (0xa22190d7) c8_vstart 0x00000000 c1_fflags 0x00000001 e32 m1 l8 v1  000000ff 0x45838b14 44cf6073 42a27ce9 455b5a90 4581aeb4 451bf21c 45767176 45167f88 
core   2: 0x80000104 (0xa22190d7) vfmadd.vv v1, v2, v3
core   2: 3 0x80000104 (0xa22190d7) c8_vstart 0x00000000 c1_fflags 0x00000001 e32 m1 l8 v1  000000ff 0x44af90cb 448af800 4541073b 45468a8b 44f33f4f 448c5f0a 452aaaa9 4557fbb7 
core   3: 0x80000104 (0xa22190d7) vfmadd.vv v1, v2, v3
core   3: 3 0x80000104 (0xa22190d7) c8_vstart 0x00000000 c1_fflags 0x00000001 e32 m1 l8 v1  000000ff 0x44ed1b8b 451eb133 44d53c6f 454d85e4 442ccb77 450ea4a5 4486d26e 436b5399 
core   4: 0x80000104 (0xa22190d7) vfmadd.vv v1, v2, v3
core   4: 3 0x80000104 (0xa22190d7) c8_vstart 0x00000000 c1_fflags 0x00000001 e32 m1 l8 v1  000000ff 0x449f7adf 4530fe9d 45626cad 4545e95c 45076973 45286f38 45380bf0 45826368 
core   5: 0x80000104 (0xa22190d7) vfmadd.vv v1, v2, v3
core   5: 3 0x80000104 (0xa22190d7) c8_vstart 0x00000000 c1_fflags 0x00000001 e32 m1 l8 v1  000000ff 0x43854b6a 45154c7e 452e1f9d 448ab255 451ae1ca 448cdec7 44808a87 454c32ae 
core   6: 0x80000104 (0xa22190d7) vfmadd.vv v1, v2, v3
core   6: 3 0x80000104 (0xa22190d7) c8_vstart 0x00000000 c1_fflags 0x00000001 e32 m1 l8 v1  000000ff 0x451e8d03 44bb8c9a 454fc516 450fd7c9 42bfbceb 450a4915 455b7c03 44983da1 
core   7: 0x80000104 (0xa22190d7) vfmadd.vv v1, v2, v3
core   7: 3 0x80000104 (0xa22190d7) c8_vstart 0x00000000 c1_fflags 0x00000001 e32 m1 l8 v1  000000ff 0x4484f220 4477ac33 44b78b40 4494bb69 455408bb 4549bfe0 456c6af2 42d05ae4 
core   0: 0x80000108 (0x0010607b) vsw12.v v1, v0, 0
core   0: 3 0x80000108 (0x0010607b) c8_vstart 0x00000000 e32 m1 l8 mem 0x90001000 0x4535b356 mem 0x90001004 0x451a2898 mem 0x90001008 0x43cad5e2 mem 0x9000100c 0x444785cb mem 0x90001010 0x450f4e18 mem 0x90001014 0x435dd6cb mem 0x90001018 0x4467f5d1 mem 0x9000101c 0x442654a6
core   1: 0x80000108 (0x0010607b) vsw12.v v1, v0, 0
core   1: 3 0x80000108 (0x0010607b) c8_vstart 0x00000000 e32 m1 l8 mem 0x90001020 0x45167f88 mem 0x90001024 0x45767176 mem 0x90001028 0x451bf21c mem 0x9000102c 0x4581aeb4 mem 0x90001030 0x455b5a90 mem 0x90001034 0x42a27ce9 mem 0x90001038 0x44cf6073 mem 0x9000103c 0x45838b14
core   2: 0x80000108 (0x0010607b) vsw12.v v1, v0, 0
core   2: 3 0x80000108 (0x0010607b) c8_vstart 0x00000000 e32 m1 l8 mem 0x90001040 0x4557fbb7 mem 0x90001044 0x452aaaa9 mem 0x90001048 0x448c5f0a mem 0x9000104c 0x44f33f4f mem 0x90001050 0x45468a8b mem 0x90001054 0x4541073b mem 0x90001058 0x448af800 mem 0x9000105c 0x44af90cb
core   3: 0x80000108 (0x0010607b) vsw12.v v1, v0, 0
core   3: 3 0x80000108 (0x0010607b) c8_vstart 0x00000000 e32 m1 l8 mem 0x90001060 0x436b5399 mem 0x90001064 0x4486d26e mem 0x90001068 0x450ea4a5 mem 0x9000106c 0x442ccb77 mem 0x90001070 0x454d85e4 mem 0x90001074 0x44d53c6f mem 0x90001078 0x451eb133 mem 0x9000107c 0x44ed1b8b
core   4: 0x80000108 (0x0010607b) vsw12.v v1, v0, 0
core   4: 3 0x80000108 (0x0010607b) c8_vstart 0x00000000 e32 m1 l8 mem 0x90001080 0x45826368 mem 0x90001084 0x45380bf0 mem 0x90001088 0x45286f38 mem 0x9000108c 0x45076973 mem 0x90001090 0x4545e95c mem 0x90001094 0x45626cad mem 0x90001098 0x4530fe9d mem 0x9000109c 0x449f7adf
core   5: 0x80000108 (0x0010607b) vsw12.v v1, v0, 0
core   5: 3 0x80000108 (0x0010607b) c8_vstart 0x00000000 e32 m1 l8 mem 0x900010a0 0x454c32ae mem 0x900010a4 0x44808a87 mem 0x900010a8 0x448cdec7 mem 0x900010ac 0x451ae1ca mem 0x900010b0 0x448ab255 mem 0x900010b4 0x452e1f9d mem 0x900010b8 0x45154c7e mem 0x900010bc 0x43854b6a
core   6: 0x80000108 (0x0010607b) vsw12.v v1, v0, 0
core   6: 3 0x80000108 (0x0010607b) c8_vstart 0x00000000 e32 m1 l8 mem 0x900010c0 0x44983da1 mem 0x900010c4 0x455b7c03 mem 0x900010c8 0x450a4915 mem 0x900010cc 0x42bfbceb mem 0x900010d0 0x450fd7c9 mem 0x900010d4 0x454fc516 mem 0x900010d8 0x44bb8c9a mem 0x900010dc 0x451e8d03
core   7: 0x80000108 (0x0010607b) vsw12.v v1, v0, 0
core   7: 3 0x80000108 (0x0010607b) c8_vstart 0x00000000 e32 m1 l8 mem 0x900010e0 0x42d05ae4 mem 0x900010e4 0x456c6af2 mem 0x900010e8 0x4549bfe0 mem 0x900010ec 0x455408bb mem 0x900010f0 0x4494bb69 mem 0x900010f4 0x44b78b40 mem 0x900010f8 0x4477ac33 mem 0x900010fc 0x4484f220
core   0: 0x8000010c (0xff012083) lw      x1, -16(x2)
core   0: 3 0x8000010c (0xff012083) x1  0x800000a0 mem 0x70000000
core   1: 0x8000010c (0xff012083) lw      x1, -16(x2)
core   1: 3 0x8000010c (0xff012083) x1  0x800000a0 mem 0x70000400
core   2: 0x8000010c (0xff012083) lw      x1, -16(x2)
core   2: 3 0x8000010c (0xff012083) x1  0x800000a0 mem 0x70000800
core   3: 0x8000010c (0xff012083) lw      x1, -16(x2)
core   3: 3 0x8000010c (0xff012083) x1  0x800000a0 mem 0x70000c00
core   4: 0x8000010c (0xff012083) lw      x1, -16(x2)
core   4: 3 0x8000010c (0xff012083) x1  0x800000a0 mem 0x70001000
core   5: 0x8000010c (0xff012083) lw      x1, -16(x2)
core   5: 3 0x8000010c (0xff012083) x1  0x800000a0 mem 0x70001400
core   6: 0x8000010c (0xff012083) lw      x1, -16(x2)
core   6: 3 0x8000010c (0xff012083) x1  0x800000a0 mem 0x70001800
core   7: 0x8000010c (0xff012083) lw      x1, -16(x2)
core   7: 3 0x8000010c (0xff012083) x1  0x800000a0 mem 0x70001c00
core   0: 0x80000110 (0xff010113) addi    x2, x2, -16
core   0: 3 0x80000110 (0xff010113) x2  0x70000000
core   1: 0x80000110 (0xff010113) addi    x2, x2, -16
core   1: 3 0x80000110 (0xff010113) x2  0x70000400
core   2: 0x80000110 (0xff010113) addi    x2, x2, -16
core   2: 3 0x80000110 (0xff010113) x2  0x70000800
core   3: 0x80000110 (0xff010113) addi    x2, x2, -16
core   3: 3 0x80000110 (0xff010113) x2  0x70000c00
core   4: 0x80000110 (0xff010113) addi    x2, x2, -16
core   4: 3 0x80000110 (0xff010113) x2  0x70001000
core   5: 0x80000110 (0xff010113) addi    x2, x2, -16
core   5: 3 0x80000110 (0xff010113) x2  0x70001400
core   6: 0x80000110 (0xff010113) addi    x2, x2, -16
core   6: 3 0x80000110 (0xff010113) x2  0x70001800
core   7: 0x80000110 (0xff010113) addi    x2, x2, -16
core   7: 3 0x80000110 (0xff010113) x2  0x70001c00
core   0: 0x80000114 (0x00008067) ret
core   0: 3 0x80000114 (0x00008067)
core   1: 0x80000114 (0x00008067) ret
core   1: 3 0x80000114 (0x00008067)
core   2: 0x80000114 (0x00008067) ret
core   2: 3 0x80000114 (0x00008067)
core   3: 0x80000114 (0x00008067) ret
core   3: 3 0x80000114 (0x00008067)
core   4: 0x80000114 (0x00008067) ret
core   4: 3 0x80000114 (0x00008067)
core   5: 0x80000114 (0x00008067) ret
core   5: 3 0x80000114 (0x00008067)
core   6: 0x80000114 (0x00008067) ret
core   6: 3 0x80000114 (0x00008067)
core   7: 0x80000114 (0x00008067) ret
core   7: 3 0x80000114 (0x00008067)
core   0: 0x800000a0 (0x0000400b) endprg  x0, x0, x0
core   0: 3 0x800000a0 (0x0000400b)
core   1: 0x800000a0 (0x0000400b) endprg  x0, x0, x0
core   1: 3 0x800000a0 (0x0000400b)
core   2: 0x800000a0 (0x0000400b) endprg  x0, x0, x0
core   2: 3 0x800000a0 (0x0000400b)
core   3: 0x800000a0 (0x0000400b) endprg  x0, x0, x0
core   3: 3 0x800000a0 (0x0000400b)
core   4: 0x800000a0 (0x0000400b) endprg  x0, x0, x0
core   4: 3 0x800000a0 (0x0000400b)
core   5: 0x800000a0 (0x0000400b) endprg  x0, x0, x0
core   5: 3 0x800000a0 (0x0000400b)
core   6: 0x800000a0 (0x0000400b) endprg  x0, x0, x0
core   6: 3 0x800000a0 (0x0000400b)
core   7: 0x800000a0 (0x0000400b) endprg  x0, x0, x0
core   7: 3 0x800000a0 (0x0000400b)
core   0: 0x800000a4 (0x0040006f) j       pc + 0x4
core   0: 3 0x800000a4 (0x0040006f)
core   0: 0x800000a8 (0x00100313) li      x6, 1
core   0: 3 0x800000a8 (0x00100313) x6  0x00000001
core   0: 0x800000ac (0x00001297) auipc   x5, 0x1
core   0: 3 0x800000ac (0x00001297) x5  0x800010ac
core   0: 0x800000b0 (0xf5428293) addi    x5, x5, -172
core   0: 3 0x800000b0 (0xf5428293) x5  0x80001000
core   0: 0x800000b4 (0x0062a023) sw      x6, 0(x5)
core   0: 3 0x800000b4 (0x0062a023) mem 0x80001000 0x00000001
