core   0: 0x00001000 (0x00000297) auipc   x5, 0x0
core   0: 3 0x00001000 (0x00000297) x5  0x00001000
core   1: 0x00001000 (0x00000297) auipc   x5, 0x0
core   1: 3 0x00001000 (0x00000297) x5  0x00001000
core   2: 0x00001000 (0x00000297) auipc   x5, 0x0
core   2: 3 0x00001000 (0x00000297) x5  0x00001000
core   3: 0x00001000 (0x00000297) auipc   x5, 0x0
core   3: 3 0x00001000 (0x00000297) x5  0x00001000
core   0: 0x00001004 (0x02028593) addi    x11, x5, 32
core   0: 3 0x00001004 (0x02028593) x11 0x00001020
core   1: 0x00001004 (0x02028593) addi    x11, x5, 32
core   1: 3 0x00001004 (0x02028593) x11 0x00001020
core   2: 0x00001004 (0x02028593) addi    x11, x5, 32
core   2: 3 0x00001004 (0x02028593) x11 0x00001020
core   3: 0x00001004 (0x02028593) addi    x11, x5, 32
core   3: 3 0x00001004 (0x02028593) x11 0x00001020
core   0: 0x00001008 (0xf1402573) csrr    x10, mhartid
core   0: 3 0x00001008 (0xf1402573) x10 0x00000000
core   1: 0x00001008 (0xf1402573) csrr    x10, mhartid
core   1: 3 0x00001008 (0xf1402573) x10 0x00000001
core   2: 0x00001008 (0xf1402573) csrr    x10, mhartid
core   2: 3 0x00001008 (0xf1402573) x10 0x00000002
core   3: 0x00001008 (0xf1402573) csrr    x10, mhartid
core   3: 3 0x00001008 (0xf1402573) x10 0x00000003
core   0: 0x0000100c (0x0182a283) lw      x5, 24(x5)
core   0: 3 0x0000100c (0x0182a283) x5  0x80000000 mem 0x00001018
core   1: 0x0000100c (0x0182a283) lw      x5, 24(x5)
core   1: 3 0x0000100c (0x0182a283) x5  0x80000000 mem 0x00001018
core   2: 0x0000100c (0x0182a283) lw      x5, 24(x5)
core   2: 3 0x0000100c (0x0182a283) x5  0x80000000 mem 0x00001018
core   3: 0x0000100c (0x0182a283) lw      x5, 24(x5)
core   3: 3 0x0000100c (0x0182a283) x5  0x80000000 mem 0x00001018
core   0: 0x00001010 (0x00028067) jr      x5
core   0: 3 0x00001010 (0x00028067)
core   1: 0x00001010 (0x00028067) jr      x5
core   1: 3 0x00001010 (0x00028067)
core   2: 0x00001010 (0x00028067) jr      x5
core   2: 3 0x00001010 (0x00028067)
core   3: 0x00001010 (0x00028067) jr      x5
core   3: 3 0x00001010 (0x00028067)
core   0: 0x80000000 (0x00004197) auipc   x3, 0x4
core   0: 3 0x80000000 (0x00004197) x3  0x80004000
core   1: 0x80000000 (0x00004197) auipc   x3, 0x4
core   1: 3 0x80000000 (0x00004197) x3  0x80004000
core   2: 0x80000000 (0x00004197) auipc   x3, 0x4
core   2: 3 0x80000000 (0x00004197) x3  0x80004000
core   3: 0x80000000 (0x00004197) auipc   x3, 0x4
core   3: 3 0x80000000 (0x00004197) x3  0x80004000
core   0: 0x80000004 (0x80818193) addi    x3, x3, -2040
core   0: 3 0x80000004 (0x80818193) x3  0x80003808
core   1: 0x80000004 (0x80818193) addi    x3, x3, -2040
core   1: 3 0x80000004 (0x80818193) x3  0x80003808
core   2: 0x80000004 (0x80818193) addi    x3, x3, -2040
core   2: 3 0x80000004 (0x80818193) x3  0x80003808
core   3: 0x80000004 (0x80818193) addi    x3, x3, -2040
core   3: 3 0x80000004 (0x80818193) x3  0x80003808
core   0: 0x80000008 (0x02000e93) li      x29, 32
core   0: 3 0x80000008 (0x02000e93) x29 0x00000020
core   1: 0x80000008 (0x02000e93) li      x29, 32
core   1: 3 0x80000008 (0x02000e93) x29 0x00000020
core   2: 0x80000008 (0x02000e93) li      x29, 32
core   2: 3 0x80000008 (0x02000e93) x29 0x00000020
core   3: 0x80000008 (0x02000e93) li      x29, 32
core   3: 3 0x80000008 (0x02000e93) x29 0x00000020
core   0: 0x8000000c (0x0d0efed7) vsetvli x29, x29, e32, m1, ta, ma
core   0: 3 0x8000000c (0x0d0efed7) x29 0x00000004 c8_vstart 0x00000000 c3104_vl 0x00000004 c3105_vtype 0x000000d0 c768_mstatus 0x80000600
core   1: 0x8000000c (0x0d0efed7) vsetvli x29, x29, e32, m1, ta, ma
core   1: 3 0x8000000c (0x0d0efed7) x29 0x00000004 c8_vstart 0x00000000 c3104_vl 0x00000004 c3105_vtype 0x000000d0 c768_mstatus 0x80000600
core   2: 0x8000000c (0x0d0efed7) vsetvli x29, x29, e32, m1, ta, ma
core   2: 3 0x8000000c (0x0d0efed7) x29 0x00000004 c8_vstart 0x00000000 c3104_vl 0x00000004 c3105_vtype 0x000000d0 c768_mstatus 0x80000600
core   3: 0x8000000c (0x0d0efed7) vsetvli x29, x29, e32, m1, ta, ma
core   3: 3 0x8000000c (0x0d0efed7) x29 0x00000004 c8_vstart 0x00000000 c3104_vl 0x00000004 c3105_vtype 0x000000d0 c768_mstatus 0x80000600
core   0: 0x80000010 (0x00002eb7) lui     x29, 0x2
core   0: 3 0x80000010 (0x00002eb7) x29 0x00002000
core   1: 0x80000010 (0x00002eb7) lui     x29, 0x2
core   1: 3 0x80000010 (0x00002eb7) x29 0x00002000
core   2: 0x80000010 (0x00002eb7) lui     x29, 0x2
core   2: 3 0x80000010 (0x00002eb7) x29 0x00002000
core   3: 0x80000010 (0x00002eb7) lui     x29, 0x2
core   3: 3 0x80000010 (0x00002eb7) x29 0x00002000
core   0: 0x80000014 (0x300eaef3) csrrs   x29, mstatus, x29
core   0: 3 0x80000014 (0x300eaef3) x29 0x80000600 c768_mstatus 0x80006600
core   1: 0x80000014 (0x300eaef3) csrrs   x29, mstatus, x29
core   1: 3 0x80000014 (0x300eaef3) x29 0x80000600 c768_mstatus 0x80006600
core   2: 0x80000014 (0x300eaef3) csrrs   x29, mstatus, x29
core   2: 3 0x80000014 (0x300eaef3) x29 0x80000600 c768_mstatus 0x80006600
core   3: 0x80000014 (0x300eaef3) csrrs   x29, mstatus, x29
core   3: 3 0x80000014 (0x300eaef3) x29 0x80000600 c768_mstatus 0x80006600
core   0: 0x80000018 (0x00000e93) li      x29, 0
core   0: 3 0x80000018 (0x00000e93) x29 0x00000000
core   1: 0x80000018 (0x00000e93) li      x29, 0
core   1: 3 0x80000018 (0x00000e93) x29 0x00000000
core   2: 0x80000018 (0x00000e93) li      x29, 0
core   2: 3 0x80000018 (0x00000e93) x29 0x00000000
core   3: 0x80000018 (0x00000e93) li      x29, 0
core   3: 3 0x80000018 (0x00000e93) x29 0x00000000
core   0: 0x8000001c (0x80502373) csrr    x6, wid
core   0: 3 0x8000001c (0x80502373) x6  0x00000000
core   1: 0x8000001c (0x80502373) csrr    x6, wid
core   1: 3 0x8000001c (0x80502373) x6  0x00000001
core   2: 0x8000001c (0x80502373) csrr    x6, wid
core   2: 3 0x8000001c (0x80502373) x6  0x00000002
core   3: 0x8000001c (0x80502373) csrr    x6, wid
core   3: 3 0x8000001c (0x80502373) x6  0x00000003
core   0: 0x80000020 (0x806023f3) csrr    x7, lds
core   0: 3 0x80000020 (0x806023f3) x7  0x70000000
core   1: 0x80000020 (0x806023f3) csrr    x7, lds
core   1: 3 0x80000020 (0x806023f3) x7  0x70000000
core   2: 0x80000020 (0x806023f3) csrr    x7, lds
core   2: 3 0x80000020 (0x806023f3) x7  0x70000000
core   3: 0x80000020 (0x806023f3) csrr    x7, lds
core   3: 3 0x80000020 (0x806023f3) x7  0x70000000
core   0: 0x80000024 (0x40000e13) li      x28, 1024
core   0: 3 0x80000024 (0x40000e13) x28 0x00000400
core   1: 0x80000024 (0x40000e13) li      x28, 1024
core   1: 3 0x80000024 (0x40000e13) x28 0x00000400
core   2: 0x80000024 (0x40000e13) li      x28, 1024
core   2: 3 0x80000024 (0x40000e13) x28 0x00000400
core   3: 0x80000024 (0x40000e13) li      x28, 1024
core   3: 3 0x80000024 (0x40000e13) x28 0x00000400
core   0: 0x80000028 (0x03c30333) mul     x6, x6, x28
core   0: 3 0x80000028 (0x03c30333) x6  0x00000000
core   1: 0x80000028 (0x03c30333) mul     x6, x6, x28
core   1: 3 0x80000028 (0x03c30333) x6  0x00000400
core   2: 0x80000028 (0x03c30333) mul     x6, x6, x28
core   2: 3 0x80000028 (0x03c30333) x6  0x00000800
core   3: 0x80000028 (0x03c30333) mul     x6, x6, x28
core   3: 3 0x80000028 (0x03c30333) x6  0x00000c00
core   0: 0x8000002c (0x00730133) add     x2, x6, x7
core   0: 3 0x8000002c (0x00730133) x2  0x70000000
core   1: 0x8000002c (0x00730133) add     x2, x6, x7
core   1: 3 0x8000002c (0x00730133) x2  0x70000400
core   2: 0x8000002c (0x00730133) add     x2, x6, x7
core   2: 3 0x8000002c (0x00730133) x2  0x70000800
core   3: 0x8000002c (0x00730133) add     x2, x6, x7
core   3: 3 0x8000002c (0x00730133) x2  0x70000c00
core   0: 0x80000030 (0x00000213) li      x4, 0
core   0: 3 0x80000030 (0x00000213) x4  0x00000000
core   1: 0x80000030 (0x00000213) li      x4, 0
core   1: 3 0x80000030 (0x00000213) x4  0x00000000
core   2: 0x80000030 (0x00000213) li      x4, 0
core   2: 3 0x80000030 (0x00000213) x4  0x00000000
core   3: 0x80000030 (0x00000213) li      x4, 0
core   3: 3 0x80000030 (0x00000213) x4  0x00000000
core   0: 0x80000034 (0x80102f73) csrr    x30, numw
core   0: 3 0x80000034 (0x80102f73) x30 0x00000004
core   1: 0x80000034 (0x80102f73) csrr    x30, numw
core   1: 3 0x80000034 (0x80102f73) x30 0x00000004
core   2: 0x80000034 (0x80102f73) csrr    x30, numw
core   2: 3 0x80000034 (0x80102f73) x30 0x00000004
core   3: 0x80000034 (0x80102f73) csrr    x30, numw
core   3: 3 0x80000034 (0x80102f73) x30 0x00000004
core   0: 0x80000038 (0x40000e13) li      x28, 1024
core   0: 3 0x80000038 (0x40000e13) x28 0x00000400
core   1: 0x80000038 (0x40000e13) li      x28, 1024
core   1: 3 0x80000038 (0x40000e13) x28 0x00000400
core   2: 0x80000038 (0x40000e13) li      x28, 1024
core   2: 3 0x80000038 (0x40000e13) x28 0x00000400
core   3: 0x80000038 (0x40000e13) li      x28, 1024
core   3: 3 0x80000038 (0x40000e13) x28 0x00000400
core   0: 0x8000003c (0x03cf0f33) mul     x30, x30, x28
core   0: 3 0x8000003c (0x03cf0f33) x30 0x00001000
core   1: 0x8000003c (0x03cf0f33) mul     x30, x30, x28
core   1: 3 0x8000003c (0x03cf0f33) x30 0x00001000
core   2: 0x8000003c (0x03cf0f33) mul     x30, x30, x28
core   2: 3 0x8000003c (0x03cf0f33) x30 0x00001000
core   3: 0x8000003c (0x03cf0f33) mul     x30, x30, x28
core   3: 3 0x8000003c (0x03cf0f33) x30 0x00001000
core   0: 0x80000040 (0x01e38433) add     x8, x7, x30
core   0: 3 0x80000040 (0x01e38433) x8  0x70001000
core   1: 0x80000040 (0x01e38433) add     x8, x7, x30
core   1: 3 0x80000040 (0x01e38433) x8  0x70001000
core   2: 0x80000040 (0x01e38433) add     x8, x7, x30
core   2: 3 0x80000040 (0x01e38433) x8  0x70001000
core   3: 0x80000040 (0x01e38433) add     x8, x7, x30
core   3: 3 0x80000040 (0x01e38433) x8  0x70001000
core   0: 0x80000044 (0x00003517) auipc   x10, 0x3
core   0: 3 0x80000044 (0x00003517) x10 0x80003044
core   1: 0x80000044 (0x00003517) auipc   x10, 0x3
core   1: 3 0x80000044 (0x00003517) x10 0x80003044
core   2: 0x80000044 (0x00003517) auipc   x10, 0x3
core   2: 3 0x80000044 (0x00003517) x10 0x80003044
core   3: 0x80000044 (0x00003517) auipc   x10, 0x3
core   3: 3 0x80000044 (0x00003517) x10 0x80003044
core   0: 0x80000048 (0xfc850513) addi    x10, x10, -56
core   0: 3 0x80000048 (0xfc850513) x10 0x8000300c
core   1: 0x80000048 (0xfc850513) addi    x10, x10, -56
core   1: 3 0x80000048 (0xfc850513) x10 0x8000300c
core   2: 0x80000048 (0xfc850513) addi    x10, x10, -56
core   2: 3 0x80000048 (0xfc850513) x10 0x8000300c
core   3: 0x80000048 (0xfc850513) addi    x10, x10, -56
core   3: 3 0x80000048 (0xfc850513) x10 0x8000300c
core   0: 0x8000004c (0x00003617) auipc   x12, 0x3
core   0: 3 0x8000004c (0x00003617) x12 0x8000304c
core   1: 0x8000004c (0x00003617) auipc   x12, 0x3
core   1: 3 0x8000004c (0x00003617) x12 0x8000304c
core   2: 0x8000004c (0x00003617) auipc   x12, 0x3
core   2: 3 0x8000004c (0x00003617) x12 0x8000304c
core   3: 0x8000004c (0x00003617) auipc   x12, 0x3
core   3: 3 0x8000004c (0x00003617) x12 0x8000304c
core   0: 0x80000050 (0xfc060613) addi    x12, x12, -64
core   0: 3 0x80000050 (0xfc060613) x12 0x8000300c
core   1: 0x80000050 (0xfc060613) addi    x12, x12, -64
core   1: 3 0x80000050 (0xfc060613) x12 0x8000300c
core   2: 0x80000050 (0xfc060613) addi    x12, x12, -64
core   2: 3 0x80000050 (0xfc060613) x12 0x8000300c
core   3: 0x80000050 (0xfc060613) addi    x12, x12, -64
core   3: 3 0x80000050 (0xfc060613) x12 0x8000300c
core   0: 0x80000054 (0x00c50863) beq     x10, x12, pc + 16
core   0: 3 0x80000054 (0x00c50863)
core   1: 0x80000054 (0x00c50863) beq     x10, x12, pc + 16
core   1: 3 0x80000054 (0x00c50863)
core   2: 0x80000054 (0x00c50863) beq     x10, x12, pc + 16
core   2: 3 0x80000054 (0x00c50863)
core   3: 0x80000054 (0x00c50863) beq     x10, x12, pc + 16
core   3: 3 0x80000054 (0x00c50863)
core   0: 0x80000064 (0x803022f3) csrr    x5, knl
core   0: 3 0x80000064 (0x803022f3) x5  0x90014000
core   1: 0x80000064 (0x803022f3) csrr    x5, knl
core   1: 3 0x80000064 (0x803022f3) x5  0x90014000
core   2: 0x80000064 (0x803022f3) csrr    x5, knl
core   2: 3 0x80000064 (0x803022f3) x5  0x90014000
core   3: 0x80000064 (0x803022f3) csrr    x5, knl
core   3: 3 0x80000064 (0x803022f3) x5  0x90014000
core   0: 0x80000068 (0x0002a303) lw      x6, 0(x5)
core   0: 3 0x80000068 (0x0002a303) x6  0x800000b8 mem 0x90014000
core   1: 0x80000068 (0x0002a303) lw      x6, 0(x5)
core   1: 3 0x80000068 (0x0002a303) x6  0x800000b8 mem 0x90014000
core   2: 0x80000068 (0x0002a303) lw      x6, 0(x5)
core   2: 3 0x80000068 (0x0002a303) x6  0x800000b8 mem 0x90014000
core   3: 0x80000068 (0x0002a303) lw      x6, 0(x5)
core   3: 3 0x80000068 (0x0002a303) x6  0x800000b8 mem 0x90014000
core   0: 0x8000006c (0x0042a503) lw      x10, 4(x5)
core   0: 3 0x8000006c (0x0042a503) x10 0x90003000 mem 0x90014004
core   1: 0x8000006c (0x0042a503) lw      x10, 4(x5)
core   1: 3 0x8000006c (0x0042a503) x10 0x90003000 mem 0x90014004
core   2: 0x8000006c (0x0042a503) lw      x10, 4(x5)
core   2: 3 0x8000006c (0x0042a503) x10 0x90003000 mem 0x90014004
core   3: 0x8000006c (0x0042a503) lw      x10, 4(x5)
core   3: 3 0x8000006c (0x0042a503) x10 0x90003000 mem 0x90014004
core   0: 0x80000070 (0x0302a383) lw      x7, 48(x5)
core   0: 3 0x80000070 (0x0302a383) x7  0x00000000 mem 0x90014030
core   1: 0x80000070 (0x0302a383) lw      x7, 48(x5)
core   1: 3 0x80000070 (0x0302a383) x7  0x00000000 mem 0x90014030
core   2: 0x80000070 (0x0302a383) lw      x7, 48(x5)
core   2: 3 0x80000070 (0x0302a383) x7  0x00000000 mem 0x90014030
core   3: 0x80000070 (0x0302a383) lw      x7, 48(x5)
core   3: 3 0x80000070 (0x0302a383) x7  0x00000000 mem 0x90014030
core   0: 0x80000074 (0x0342ae03) lw      x28, 52(x5)
core   0: 3 0x80000074 (0x0342ae03) x28 0x00000000 mem 0x90014034
core   1: 0x80000074 (0x0342ae03) lw      x28, 52(x5)
core   1: 3 0x80000074 (0x0342ae03) x28 0x00000000 mem 0x90014034
core   2: 0x80000074 (0x0342ae03) lw      x28, 52(x5)
core   2: 3 0x80000074 (0x0342ae03) x28 0x00000000 mem 0x90014034
core   3: 0x80000074 (0x0342ae03) lw      x28, 52(x5)
core   3: 3 0x80000074 (0x0342ae03) x28 0x00000000 mem 0x90014034
core   0: 0x80000078 (0x00003e97) auipc   x29, 0x3
core   0: 3 0x80000078 (0x00003e97) x29 0x80003078
core   1: 0x80000078 (0x00003e97) auipc   x29, 0x3
core   1: 3 0x80000078 (0x00003e97) x29 0x80003078
core   2: 0x80000078 (0x00003e97) auipc   x29, 0x3
core   2: 3 0x80000078 (0x00003e97) x29 0x80003078
core   3: 0x80000078 (0x00003e97) auipc   x29, 0x3
core   3: 3 0x80000078 (0x00003e97) x29 0x80003078
core   0: 0x8000007c (0xf88e8e93) addi    x29, x29, -120
core   0: 3 0x8000007c (0xf88e8e93) x29 0x80003000
core   1: 0x8000007c (0xf88e8e93) addi    x29, x29, -120
core   1: 3 0x8000007c (0xf88e8e93) x29 0x80003000
core   2: 0x8000007c (0xf88e8e93) addi    x29, x29, -120
core   2: 3 0x8000007c (0xf88e8e93) x29 0x80003000
core   3: 0x8000007c (0xf88e8e93) addi    x29, x29, -120
core   3: 3 0x8000007c (0xf88e8e93) x29 0x80003000
core   0: 0x80000080 (0x00003f17) auipc   x30, 0x3
core   0: 3 0x80000080 (0x00003f17) x30 0x80003080
core   1: 0x80000080 (0x00003f17) auipc   x30, 0x3
core   1: 3 0x80000080 (0x00003f17) x30 0x80003080
core   2: 0x80000080 (0x00003f17) auipc   x30, 0x3
core   2: 3 0x80000080 (0x00003f17) x30 0x80003080
core   3: 0x80000080 (0x00003f17) auipc   x30, 0x3
core   3: 3 0x80000080 (0x00003f17) x30 0x80003080
core   0: 0x80000084 (0xf84f0f13) addi    x30, x30, -124
core   0: 3 0x80000084 (0xf84f0f13) x30 0x80003004
core   1: 0x80000084 (0xf84f0f13) addi    x30, x30, -124
core   1: 3 0x80000084 (0xf84f0f13) x30 0x80003004
core   2: 0x80000084 (0xf84f0f13) addi    x30, x30, -124
core   2: 3 0x80000084 (0xf84f0f13) x30 0x80003004
core   3: 0x80000084 (0xf84f0f13) addi    x30, x30, -124
core   3: 3 0x80000084 (0xf84f0f13) x30 0x80003004
core   0: 0x80000088 (0x007ea023) sw      x7, 0(x29)
core   0: 3 0x80000088 (0x007ea023) mem 0x80003000 0x00000000
core   1: 0x80000088 (0x007ea023) sw      x7, 0(x29)
core   1: 3 0x80000088 (0x007ea023) mem 0x80003000 0x00000000
core   2: 0x80000088 (0x007ea023) sw      x7, 0(x29)
core   2: 3 0x80000088 (0x007ea023) mem 0x80003000 0x00000000
core   3: 0x80000088 (0x007ea023) sw      x7, 0(x29)
core   3: 3 0x80000088 (0x007ea023) mem 0x80003000 0x00000000
core   0: 0x8000008c (0x01cf2023) sw      x28, 0(x30)
core   0: 3 0x8000008c (0x01cf2023) mem 0x80003004 0x00000000
core   1: 0x8000008c (0x01cf2023) sw      x28, 0(x30)
core   1: 3 0x8000008c (0x01cf2023) mem 0x80003004 0x00000000
core   2: 0x8000008c (0x01cf2023) sw      x28, 0(x30)
core   2: 3 0x8000008c (0x01cf2023) mem 0x80003004 0x00000000
core   3: 0x8000008c (0x01cf2023) sw      x28, 0(x30)
core   3: 3 0x8000008c (0x01cf2023) mem 0x80003004 0x00000000
core   0: 0x80000090 (0x00000f97) auipc   x31, 0x0
core   0: 3 0x80000090 (0x00000f97) x31 0x80000090
core   1: 0x80000090 (0x00000f97) auipc   x31, 0x0
core   1: 3 0x80000090 (0x00000f97) x31 0x80000090
core   2: 0x80000090 (0x00000f97) auipc   x31, 0x0
core   2: 3 0x80000090 (0x00000f97) x31 0x80000090
core   3: 0x80000090 (0x00000f97) auipc   x31, 0x0
core   3: 3 0x80000090 (0x00000f97) x31 0x80000090
core   0: 0x80000094 (0x018f8f93) addi    x31, x31, 24
core   0: 3 0x80000094 (0x018f8f93) x31 0x800000a8
core   1: 0x80000094 (0x018f8f93) addi    x31, x31, 24
core   1: 3 0x80000094 (0x018f8f93) x31 0x800000a8
core   2: 0x80000094 (0x018f8f93) addi    x31, x31, 24
core   2: 3 0x80000094 (0x018f8f93) x31 0x800000a8
core   3: 0x80000094 (0x018f8f93) addi    x31, x31, 24
core   3: 3 0x80000094 (0x018f8f93) x31 0x800000a8
core   0: 0x80000098 (0x305f9073) csrw    mtvec, x31
core   0: 3 0x80000098 (0x305f9073) c773_mtvec 0x800000a8
core   1: 0x80000098 (0x305f9073) csrw    mtvec, x31
core   1: 3 0x80000098 (0x305f9073) c773_mtvec 0x800000a8
core   2: 0x80000098 (0x305f9073) csrw    mtvec, x31
core   2: 3 0x80000098 (0x305f9073) c773_mtvec 0x800000a8
core   3: 0x80000098 (0x305f9073) csrw    mtvec, x31
core   3: 3 0x80000098 (0x305f9073) c773_mtvec 0x800000a8
core   0: 0x8000009c (0x000300e7) jalr    x6
core   0: 3 0x8000009c (0x000300e7) x1  0x800000a0
core   1: 0x8000009c (0x000300e7) jalr    x6
core   1: 3 0x8000009c (0x000300e7) x1  0x800000a0
core   2: 0x8000009c (0x000300e7) jalr    x6
core   2: 3 0x8000009c (0x000300e7) x1  0x800000a0
core   3: 0x8000009c (0x000300e7) jalr    x6
core   3: 3 0x8000009c (0x000300e7) x1  0x800000a0
core   0: 0x800000b8 (0x01410113) addi    x2, x2, 20
core   0: 3 0x800000b8 (0x01410113) x2  0x70000014
core   1: 0x800000b8 (0x01410113) addi    x2, x2, 20
core   1: 3 0x800000b8 (0x01410113) x2  0x70000414
core   2: 0x800000b8 (0x01410113) addi    x2, x2, 20
core   2: 3 0x800000b8 (0x01410113) x2  0x70000814
core   3: 0x800000b8 (0x01410113) addi    x2, x2, 20
core   3: 3 0x800000b8 (0x01410113) x2  0x70000c14
core   0: 0x800000bc (0x00420213) addi    x4, x4, 4
core   0: 3 0x800000bc (0x00420213) x4  0x00000004
core   1: 0x800000bc (0x00420213) addi    x4, x4, 4
core   1: 3 0x800000bc (0x00420213) x4  0x00000004
core   2: 0x800000bc (0x00420213) addi    x4, x4, 4
core   2: 3 0x800000bc (0x00420213) x4  0x00000004
core   3: 0x800000bc (0x00420213) addi    x4, x4, 4
core   3: 3 0x800000bc (0x00420213) x4  0x00000004
core   0: 0x800000c0 (0x0010200b) regext  x0, x0,  0 0 0 1 
core   0: 3 0x800000c0 (0x0010200b)
core   1: 0x800000c0 (0x0010200b) regext  x0, x0,  0 0 0 1 
core   1: 3 0x800000c0 (0x0010200b)
core   2: 0x800000c0 (0x0010200b) regext  x0, x0,  0 0 0 1 
core   2: 3 0x800000c0 (0x0010200b)
core   3: 0x800000c0 (0x0010200b) regext  x0, x0,  0 0 0 1 
core   3: 3 0x800000c0 (0x0010200b)
core   0: 0x800000c4 (0x5e024057) vmv.v.x v0, x4
core   0: 3 0x800000c4 (0x5e024057) c8_vstart 0x00000000 e32 m1 l4 v32 0000000f 0x00000004 00000004 00000004 00000004 
core   1: 0x800000c4 (0x5e024057) vmv.v.x v0, x4
core   1: 3 0x800000c4 (0x5e024057) c8_vstart 0x00000000 e32 m1 l4 v32 0000000f 0x00000004 00000004 00000004 00000004 
core   2: 0x800000c4 (0x5e024057) vmv.v.x v0, x4
core   2: 3 0x800000c4 (0x5e024057) c8_vstart 0x00000000 e32 m1 l4 v32 0000000f 0x00000004 00000004 00000004 00000004 
core   3: 0x800000c4 (0x5e024057) vmv.v.x v0, x4
core   3: 3 0x800000c4 (0x5e024057) c8_vstart 0x00000000 e32 m1 l4 v32 0000000f 0x00000004 00000004 00000004 00000004 
core   0: 0x800000c8 (0xfe112623) sw      x1, -20(x2)
core   0: 3 0x800000c8 (0xfe112623) mem 0x70000000 0x800000a0
core   1: 0x800000c8 (0xfe112623) sw      x1, -20(x2)
core   1: 3 0x800000c8 (0xfe112623) mem 0x70000400 0x800000a0
core   2: 0x800000c8 (0xfe112623) sw      x1, -20(x2)
core   2: 3 0x800000c8 (0xfe112623) mem 0x70000800 0x800000a0
core   3: 0x800000c8 (0xfe112623) sw      x1, -20(x2)
core   3: 3 0x800000c8 (0xfe112623) mem 0x70000c00 0x800000a0
core   0: 0x800000cc (0x0480200b) regext  x0, x0,  0 1 1 0 
core   0: 3 0x800000cc (0x0480200b)
core   1: 0x800000cc (0x0480200b) regext  x0, x0,  0 1 1 0 
core   1: 3 0x800000cc (0x0480200b)
core   2: 0x800000cc (0x0480200b) regext  x0, x0,  0 1 1 0 
core   2: 3 0x800000cc (0x0480200b)
core   3: 0x800000cc (0x0480200b) regext  x0, x0,  0 1 1 0 
core   3: 3 0x800000cc (0x0480200b)
core   0: 0x800000d0 (0xfe102e2b) vsw.v   v1, x0, -4
core   0: 3 0x800000d0 (0xfe102e2b) c8_vstart 0x00000000 mem 0x90004000 0x00000000 mem 0x90004004 0x00000000 mem 0x90004008 0x00000000 mem 0x9000400c 0x00000000
core   1: 0x800000d0 (0xfe102e2b) vsw.v   v1, x0, -4
core   1: 3 0x800000d0 (0xfe102e2b) c8_vstart 0x00000000 mem 0x90004010 0x00000000 mem 0x90004014 0x00000000 mem 0x90004018 0x00000000 mem 0x9000401c 0x00000000
core   2: 0x800000d0 (0xfe102e2b) vsw.v   v1, x0, -4
core   2: 3 0x800000d0 (0xfe102e2b) c8_vstart 0x00000000 mem 0x90004020 0x00000000 mem 0x90004024 0x00000000 mem 0x90004028 0x00000000 mem 0x9000402c 0x00000000
core   3: 0x800000d0 (0xfe102e2b) vsw.v   v1, x0, -4
core   3: 3 0x800000d0 (0xfe102e2b) c8_vstart 0x00000000 mem 0x90004030 0x00000000 mem 0x90004034 0x00000000 mem 0x90004038 0x00000000 mem 0x9000403c 0x00000000
core   0: 0x800000d4 (0x00052283) lw      x5, 0(x10)
core   0: 3 0x800000d4 (0x00052283) x5  0x90002000 mem 0x90003000
core   1: 0x800000d4 (0x00052283) lw      x5, 0(x10)
core   1: 3 0x800000d4 (0x00052283) x5  0x90002000 mem 0x90003000
core   2: 0x800000d4 (0x00052283) lw      x5, 0(x10)
core   2: 3 0x800000d4 (0x00052283) x5  0x90002000 mem 0x90003000
core   3: 0x800000d4 (0x00052283) lw      x5, 0(x10)
core   3: 3 0x800000d4 (0x00052283) x5  0x90002000 mem 0x90003000
core   0: 0x800000d8 (0xfe512e23) sw      x5, -4(x2)
core   0: 3 0x800000d8 (0xfe512e23) mem 0x70000010 0x90002000
core   1: 0x800000d8 (0xfe512e23) sw      x5, -4(x2)
core   1: 3 0x800000d8 (0xfe512e23) mem 0x70000410 0x90002000
core   2: 0x800000d8 (0xfe512e23) sw      x5, -4(x2)
core   2: 3 0x800000d8 (0xfe512e23) mem 0x70000810 0x90002000
core   3: 0x800000d8 (0xfe512e23) sw      x5, -4(x2)
core   3: 3 0x800000d8 (0xfe512e23) mem 0x70000c10 0x90002000
core   0: 0x800000dc (0x00852283) lw      x5, 8(x10)
core   0: 3 0x800000dc (0x00852283) x5  0x90001000 mem 0x90003008
core   1: 0x800000dc (0x00852283) lw      x5, 8(x10)
core   1: 3 0x800000dc (0x00852283) x5  0x90001000 mem 0x90003008
core   2: 0x800000dc (0x00852283) lw      x5, 8(x10)
core   2: 3 0x800000dc (0x00852283) x5  0x90001000 mem 0x90003008
core   3: 0x800000dc (0x00852283) lw      x5, 8(x10)
core   3: 3 0x800000dc (0x00852283) x5  0x90001000 mem 0x90003008
core   0: 0x800000e0 (0xfe512c23) sw      x5, -8(x2)
core   0: 3 0x800000e0 (0xfe512c23) mem 0x7000000c 0x90001000
core   1: 0x800000e0 (0xfe512c23) sw      x5, -8(x2)
core   1: 3 0x800000e0 (0xfe512c23) mem 0x7000040c 0x90001000
core   2: 0x800000e0 (0xfe512c23) sw      x5, -8(x2)
core   2: 3 0x800000e0 (0xfe512c23) mem 0x7000080c 0x90001000
core   3: 0x800000e0 (0xfe512c23) sw      x5, -8(x2)
core   3: 3 0x800000e0 (0xfe512c23) mem 0x70000c0c 0x90001000
core   0: 0x800000e4 (0x00452283) lw      x5, 4(x10)
core   0: 3 0x800000e4 (0x00452283) x5  0x90000000 mem 0x90003004
core   1: 0x800000e4 (0x00452283) lw      x5, 4(x10)
core   1: 3 0x800000e4 (0x00452283) x5  0x90000000 mem 0x90003004
core   2: 0x800000e4 (0x00452283) lw      x5, 4(x10)
core   2: 3 0x800000e4 (0x00452283) x5  0x90000000 mem 0x90003004
core   3: 0x800000e4 (0x00452283) lw      x5, 4(x10)
core   3: 3 0x800000e4 (0x00452283) x5  0x90000000 mem 0x90003004
core   0: 0x800000e8 (0xfe512a23) sw      x5, -12(x2)
core   0: 3 0x800000e8 (0xfe512a23) mem 0x70000008 0x90000000
core   1: 0x800000e8 (0xfe512a23) sw      x5, -12(x2)
core   1: 3 0x800000e8 (0xfe512a23) mem 0x70000408 0x90000000
core   2: 0x800000e8 (0xfe512a23) sw      x5, -12(x2)
core   2: 3 0x800000e8 (0xfe512a23) mem 0x70000808 0x90000000
core   3: 0x800000e8 (0xfe512a23) sw      x5, -12(x2)
core   3: 3 0x800000e8 (0xfe512a23) mem 0x70000c08 0x90000000
core   0: 0x800000ec (0x00c52283) lw      x5, 12(x10)
core   0: 3 0x800000ec (0x00c52283) x5  0x00000004 mem 0x9000300c
core   1: 0x800000ec (0x00c52283) lw      x5, 12(x10)
core   1: 3 0x800000ec (0x00c52283) x5  0x00000004 mem 0x9000300c
core   2: 0x800000ec (0x00c52283) lw      x5, 12(x10)
core   2: 3 0x800000ec (0x00c52283) x5  0x00000004 mem 0x9000300c
core   3: 0x800000ec (0x00c52283) lw      x5, 12(x10)
core   3: 3 0x800000ec (0x00c52283) x5  0x00000004 mem 0x9000300c
core   0: 0x800000f0 (0xfe512823) sw      x5, -16(x2)
core   0: 3 0x800000f0 (0xfe512823) mem 0x70000004 0x00000004
core   1: 0x800000f0 (0xfe512823) sw      x5, -16(x2)
core   1: 3 0x800000f0 (0xfe512823) mem 0x70000404 0x00000004
core   2: 0x800000f0 (0xfe512823) sw      x5, -16(x2)
core   2: 3 0x800000f0 (0xfe512823) mem 0x70000804 0x00000004
core   3: 0x800000f0 (0xfe512823) sw      x5, -16(x2)
core   3: 3 0x800000f0 (0xfe512823) mem 0x70000c04 0x00000004
core   0: 0x800000f4 (0x5e004057) vmv.v.x v0, x0
core   0: 3 0x800000f4 (0x5e004057) c8_vstart 0x00000000 e32 m1 l4 v0  0000000f 0x00000000 00000000 00000000 00000000 
core   1: 0x800000f4 (0x5e004057) vmv.v.x v0, x0
core   1: 3 0x800000f4 (0x5e004057) c8_vstart 0x00000000 e32 m1 l4 v0  0000000f 0x00000000 00000000 00000000 00000000 
core   2: 0x800000f4 (0x5e004057) vmv.v.x v0, x0
core   2: 3 0x800000f4 (0x5e004057) c8_vstart 0x00000000 e32 m1 l4 v0  0000000f 0x00000000 00000000 00000000 00000000 
core   3: 0x800000f4 (0x5e004057) vmv.v.x v0, x0
core   3: 3 0x800000f4 (0x5e004057) c8_vstart 0x00000000 e32 m1 l4 v0  0000000f 0x00000000 00000000 00000000 00000000 
core   0: 0x800000f8 (0x1b0000ef) jal     pc + 0x1b0
core   0: 3 0x800000f8 (0x1b0000ef) x1  0x800000fc
core   1: 0x800000f8 (0x1b0000ef) jal     pc + 0x1b0
core   1: 3 0x800000f8 (0x1b0000ef) x1  0x800000fc
core   2: 0x800000f8 (0x1b0000ef) jal     pc + 0x1b0
core   2: 3 0x800000f8 (0x1b0000ef) x1  0x800000fc
core   3: 0x800000f8 (0x1b0000ef) jal     pc + 0x1b0
core   3: 3 0x800000f8 (0x1b0000ef) x1  0x800000fc
core   0: 0x800002a8 (0x00410113) addi    x2, x2, 4
core   0: 3 0x800002a8 (0x00410113) x2  0x70000018
core   1: 0x800002a8 (0x00410113) addi    x2, x2, 4
core   1: 3 0x800002a8 (0x00410113) x2  0x70000418
core   2: 0x800002a8 (0x00410113) addi    x2, x2, 4
core   2: 3 0x800002a8 (0x00410113) x2  0x70000818
core   3: 0x800002a8 (0x00410113) addi    x2, x2, 4
core   3: 3 0x800002a8 (0x00410113) x2  0x70000c18
core   0: 0x800002ac (0xfe112e23) sw      x1, -4(x2)
core   0: 3 0x800002ac (0xfe112e23) mem 0x70000014 0x800000fc
core   1: 0x800002ac (0xfe112e23) sw      x1, -4(x2)
core   1: 3 0x800002ac (0xfe112e23) mem 0x70000414 0x800000fc
core   2: 0x800002ac (0xfe112e23) sw      x1, -4(x2)
core   2: 3 0x800002ac (0xfe112e23) mem 0x70000814 0x800000fc
core   3: 0x800002ac (0xfe112e23) sw      x1, -4(x2)
core   3: 3 0x800002ac (0xfe112e23) mem 0x70000c14 0x800000fc
core   0: 0x800002b0 (0x00200293) li      x5, 2
core   0: 3 0x800002b0 (0x00200293) x5  0x00000002
core   1: 0x800002b0 (0x00200293) li      x5, 2
core   1: 3 0x800002b0 (0x00200293) x5  0x00000002
core   2: 0x800002b0 (0x00200293) li      x5, 2
core   2: 3 0x800002b0 (0x00200293) x5  0x00000002
core   3: 0x800002b0 (0x00200293) li      x5, 2
core   3: 3 0x800002b0 (0x00200293) x5  0x00000002
core   0: 0x800002b4 (0x5e02c0d7) vmv.v.x v1, x5
core   0: 3 0x800002b4 (0x5e02c0d7) c8_vstart 0x00000000 e32 m1 l4 v1  0000000f 0x00000002 00000002 00000002 00000002 
core   1: 0x800002b4 (0x5e02c0d7) vmv.v.x v1, x5
core   1: 3 0x800002b4 (0x5e02c0d7) c8_vstart 0x00000000 e32 m1 l4 v1  0000000f 0x00000002 00000002 00000002 00000002 
core   2: 0x800002b4 (0x5e02c0d7) vmv.v.x v1, x5
core   2: 3 0x800002b4 (0x5e02c0d7) c8_vstart 0x00000000 e32 m1 l4 v1  0000000f 0x00000002 00000002 00000002 00000002 
core   3: 0x800002b4 (0x5e02c0d7) vmv.v.x v1, x5
core   3: 3 0x800002b4 (0x5e02c0d7) c8_vstart 0x00000000 e32 m1 l4 v1  0000000f 0x00000002 00000002 00000002 00000002 
core   0: 0x800002b8 (0x00000317) auipc   x6, 0x0
core   0: 3 0x800002b8 (0x00000317) x6  0x800002b8
core   1: 0x800002b8 (0x00000317) auipc   x6, 0x0
core   1: 3 0x800002b8 (0x00000317) x6  0x800002b8
core   2: 0x800002b8 (0x00000317) auipc   x6, 0x0
core   2: 3 0x800002b8 (0x00000317) x6  0x800002b8
core   3: 0x800002b8 (0x00000317) auipc   x6, 0x0
core   3: 3 0x800002b8 (0x00000317) x6  0x800002b8
core   0: 0x800002bc (0x04c3305b) setrpc  x0, x6, 76
core   0: 3 0x800002bc (0x04c3305b) c2060_rpc 0x80000304 current mask:	0000000f current npc:	00000000 stack size: 0
core   1: 0x800002bc (0x04c3305b) setrpc  x0, x6, 76
core   1: 3 0x800002bc (0x04c3305b) c2060_rpc 0x80000304 current mask:	0000000f current npc:	00000000 stack size: 0
core   2: 0x800002bc (0x04c3305b) setrpc  x0, x6, 76
core   2: 3 0x800002bc (0x04c3305b) c2060_rpc 0x80000304 current mask:	0000000f current npc:	00000000 stack size: 0
core   3: 0x800002bc (0x04c3305b) setrpc  x0, x6, 76
core   3: 3 0x800002bc (0x04c3305b) c2060_rpc 0x80000304 current mask:	0000000f current npc:	00000000 stack size: 0
core   0: 0x800002c0 (0x0200885b) vbeq    v0, v1, pc + 48
core   0: 3 0x800002c0 (0x0200885b) c8_vstart 0x00000000 e32 m1 l4 current mask:	0000000f current npc:	800002c4 stack size: 0
core   1: 0x800002c0 (0x0200885b) vbeq    v0, v1, pc + 48
core   1: 3 0x800002c0 (0x0200885b) c8_vstart 0x00000000 e32 m1 l4 current mask:	0000000f current npc:	800002c4 stack size: 0
core   2: 0x800002c0 (0x0200885b) vbeq    v0, v1, pc + 48
core   2: 3 0x800002c0 (0x0200885b) c8_vstart 0x00000000 e32 m1 l4 current mask:	0000000f current npc:	800002c4 stack size: 0
core   3: 0x800002c0 (0x0200885b) vbeq    v0, v1, pc + 48
core   3: 3 0x800002c0 (0x0200885b) c8_vstart 0x00000000 e32 m1 l4 current mask:	0000000f current npc:	800002c4 stack size: 0
core   0: 0x800002c4 (0x00100293) li      x5, 1
core   0: 3 0x800002c4 (0x00100293) x5  0x00000001
core   1: 0x800002c4 (0x00100293) li      x5, 1
core   1: 3 0x800002c4 (0x00100293) x5  0x00000001
core   2: 0x800002c4 (0x00100293) li      x5, 1
core   2: 3 0x800002c4 (0x00100293) x5  0x00000001
core   3: 0x800002c4 (0x00100293) li      x5, 1
core   3: 3 0x800002c4 (0x00100293) x5  0x00000001
core   0: 0x800002c8 (0x5e02c0d7) vmv.v.x v1, x5
core   0: 3 0x800002c8 (0x5e02c0d7) c8_vstart 0x00000000 e32 m1 l4 v1  0000000f 0x00000001 00000001 00000001 00000001 
core   1: 0x800002c8 (0x5e02c0d7) vmv.v.x v1, x5
core   1: 3 0x800002c8 (0x5e02c0d7) c8_vstart 0x00000000 e32 m1 l4 v1  0000000f 0x00000001 00000001 00000001 00000001 
core   2: 0x800002c8 (0x5e02c0d7) vmv.v.x v1, x5
core   2: 3 0x800002c8 (0x5e02c0d7) c8_vstart 0x00000000 e32 m1 l4 v1  0000000f 0x00000001 00000001 00000001 00000001 
core   3: 0x800002c8 (0x5e02c0d7) vmv.v.x v1, x5
core   3: 3 0x800002c8 (0x5e02c0d7) c8_vstart 0x00000000 e32 m1 l4 v1  0000000f 0x00000001 00000001 00000001 00000001 
core   0: 0x800002cc (0x00000317) auipc   x6, 0x0
core   0: 3 0x800002cc (0x00000317) x6  0x800002cc
core   1: 0x800002cc (0x00000317) auipc   x6, 0x0
core   1: 3 0x800002cc (0x00000317) x6  0x800002cc
core   2: 0x800002cc (0x00000317) auipc   x6, 0x0
core   2: 3 0x800002cc (0x00000317) x6  0x800002cc
core   3: 0x800002cc (0x00000317) auipc   x6, 0x0
core   3: 3 0x800002cc (0x00000317) x6  0x800002cc
core   0: 0x800002d0 (0x0383305b) setrpc  x0, x6, 56
core   0: 3 0x800002d0 (0x0383305b) c2060_rpc 0x80000304 current mask:	0000000f current npc:	800002c4 stack size: 0
core   1: 0x800002d0 (0x0383305b) setrpc  x0, x6, 56
core   1: 3 0x800002d0 (0x0383305b) c2060_rpc 0x80000304 current mask:	0000000f current npc:	800002c4 stack size: 0
core   2: 0x800002d0 (0x0383305b) setrpc  x0, x6, 56
core   2: 3 0x800002d0 (0x0383305b) c2060_rpc 0x80000304 current mask:	0000000f current npc:	800002c4 stack size: 0
core   3: 0x800002d0 (0x0383305b) setrpc  x0, x6, 56
core   3: 3 0x800002d0 (0x0383305b) c2060_rpc 0x80000304 current mask:	0000000f current npc:	800002c4 stack size: 0
core   0: 0x800002d4 (0x0200825b) vbeq    v0, v1, pc + 36
core   0: 3 0x800002d4 (0x0200825b) c8_vstart 0x00000000 e32 m1 l4 current mask:	0000000f current npc:	800002d8 stack size: 0
core   1: 0x800002d4 (0x0200825b) vbeq    v0, v1, pc + 36
core   1: 3 0x800002d4 (0x0200825b) c8_vstart 0x00000000 e32 m1 l4 current mask:	0000000f current npc:	800002d8 stack size: 0
core   2: 0x800002d4 (0x0200825b) vbeq    v0, v1, pc + 36
core   2: 3 0x800002d4 (0x0200825b) c8_vstart 0x00000000 e32 m1 l4 current mask:	0000000f current npc:	800002d8 stack size: 0
core   3: 0x800002d4 (0x0200825b) vbeq    v0, v1, pc + 36
core   3: 3 0x800002d4 (0x0200825b) c8_vstart 0x00000000 e32 m1 l4 current mask:	0000000f current npc:	800002d8 stack size: 0
core   0: 0x800002d8 (0x5e0040d7) vmv.v.x v1, x0
core   0: 3 0x800002d8 (0x5e0040d7) c8_vstart 0x00000000 e32 m1 l4 v1  0000000f 0x00000000 00000000 00000000 00000000 
core   1: 0x800002d8 (0x5e0040d7) vmv.v.x v1, x0
core   1: 3 0x800002d8 (0x5e0040d7) c8_vstart 0x00000000 e32 m1 l4 v1  0000000f 0x00000000 00000000 00000000 00000000 
core   2: 0x800002d8 (0x5e0040d7) vmv.v.x v1, x0
core   2: 3 0x800002d8 (0x5e0040d7) c8_vstart 0x00000000 e32 m1 l4 v1  0000000f 0x00000000 00000000 00000000 00000000 
core   3: 0x800002d8 (0x5e0040d7) vmv.v.x v1, x0
core   3: 3 0x800002d8 (0x5e0040d7) c8_vstart 0x00000000 e32 m1 l4 v1  0000000f 0x00000000 00000000 00000000 00000000 
core   0: 0x800002dc (0x00000317) auipc   x6, 0x0
core   0: 3 0x800002dc (0x00000317) x6  0x800002dc
core   1: 0x800002dc (0x00000317) auipc   x6, 0x0
core   1: 3 0x800002dc (0x00000317) x6  0x800002dc
core   2: 0x800002dc (0x00000317) auipc   x6, 0x0
core   2: 3 0x800002dc (0x00000317) x6  0x800002dc
core   3: 0x800002dc (0x00000317) auipc   x6, 0x0
core   3: 3 0x800002dc (0x00000317) x6  0x800002dc
core   0: 0x800002e0 (0x0283305b) setrpc  x0, x6, 40
core   0: 3 0x800002e0 (0x0283305b) c2060_rpc 0x80000304 current mask:	0000000f current npc:	800002d8 stack size: 0
core   1: 0x800002e0 (0x0283305b) setrpc  x0, x6, 40
core   1: 3 0x800002e0 (0x0283305b) c2060_rpc 0x80000304 current mask:	0000000f current npc:	800002d8 stack size: 0
core   2: 0x800002e0 (0x0283305b) setrpc  x0, x6, 40
core   2: 3 0x800002e0 (0x0283305b) c2060_rpc 0x80000304 current mask:	0000000f current npc:	800002d8 stack size: 0
core   3: 0x800002e0 (0x0283305b) setrpc  x0, x6, 40
core   3: 3 0x800002e0 (0x0283305b) c2060_rpc 0x80000304 current mask:	0000000f current npc:	800002d8 stack size: 0
core   0: 0x800002e4 (0x00009e5b) vbne    v0, v1, pc + 28
core   0: 3 0x800002e4 (0x00009e5b) c8_vstart 0x00000000 e32 m1 l4 current mask:	0000000f current npc:	800002e8 stack size: 0
core   1: 0x800002e4 (0x00009e5b) vbne    v0, v1, pc + 28
core   1: 3 0x800002e4 (0x00009e5b) c8_vstart 0x00000000 e32 m1 l4 current mask:	0000000f current npc:	800002e8 stack size: 0
core   2: 0x800002e4 (0x00009e5b) vbne    v0, v1, pc + 28
core   2: 3 0x800002e4 (0x00009e5b) c8_vstart 0x00000000 e32 m1 l4 current mask:	0000000f current npc:	800002e8 stack size: 0
core   3: 0x800002e4 (0x00009e5b) vbne    v0, v1, pc + 28
core   3: 3 0x800002e4 (0x00009e5b) c8_vstart 0x00000000 e32 m1 l4 current mask:	0000000f current npc:	800002e8 stack size: 0
core   0: 0x800002e8 (0x1a0000ef) jal     pc + 0x1a0
core   0: 3 0x800002e8 (0x1a0000ef) x1  0x800002ec
core   1: 0x800002e8 (0x1a0000ef) jal     pc + 0x1a0
core   1: 3 0x800002e8 (0x1a0000ef) x1  0x800002ec
core   2: 0x800002e8 (0x1a0000ef) jal     pc + 0x1a0
core   2: 3 0x800002e8 (0x1a0000ef) x1  0x800002ec
core   3: 0x800002e8 (0x1a0000ef) jal     pc + 0x1a0
core   3: 3 0x800002e8 (0x1a0000ef) x1  0x800002ec
core   0: 0x80000488 (0x00410113) addi    x2, x2, 4
core   0: 3 0x80000488 (0x00410113) x2  0x7000001c
core   1: 0x80000488 (0x00410113) addi    x2, x2, 4
core   1: 3 0x80000488 (0x00410113) x2  0x7000041c
core   2: 0x80000488 (0x00410113) addi    x2, x2, 4
core   2: 3 0x80000488 (0x00410113) x2  0x7000081c
core   3: 0x80000488 (0x00410113) addi    x2, x2, 4
core   3: 3 0x80000488 (0x00410113) x2  0x70000c1c
core   0: 0x8000048c (0xfe112e23) sw      x1, -4(x2)
core   0: 3 0x8000048c (0xfe112e23) mem 0x70000018 0x800002ec
core   1: 0x8000048c (0xfe112e23) sw      x1, -4(x2)
core   1: 3 0x8000048c (0xfe112e23) mem 0x70000418 0x800002ec
core   2: 0x8000048c (0xfe112e23) sw      x1, -4(x2)
core   2: 3 0x8000048c (0xfe112e23) mem 0x70000818 0x800002ec
core   3: 0x8000048c (0xfe112e23) sw      x1, -4(x2)
core   3: 3 0x8000048c (0xfe112e23) mem 0x70000c18 0x800002ec
core   0: 0x80000490 (0xf1dff0ef) jal     pc - 0xe4
core   0: 3 0x80000490 (0xf1dff0ef) x1  0x80000494
core   1: 0x80000490 (0xf1dff0ef) jal     pc - 0xe4
core   1: 3 0x80000490 (0xf1dff0ef) x1  0x80000494
core   2: 0x80000490 (0xf1dff0ef) jal     pc - 0xe4
core   2: 3 0x80000490 (0xf1dff0ef) x1  0x80000494
core   3: 0x80000490 (0xf1dff0ef) jal     pc - 0xe4
core   3: 3 0x80000490 (0xf1dff0ef) x1  0x80000494
core   0: 0x800003ac (0x00410113) addi    x2, x2, 4
core   0: 3 0x800003ac (0x00410113) x2  0x70000020
core   1: 0x800003ac (0x00410113) addi    x2, x2, 4
core   1: 3 0x800003ac (0x00410113) x2  0x70000420
core   2: 0x800003ac (0x00410113) addi    x2, x2, 4
core   2: 3 0x800003ac (0x00410113) x2  0x70000820
core   3: 0x800003ac (0x00410113) addi    x2, x2, 4
core   3: 3 0x800003ac (0x00410113) x2  0x70000c20
core   0: 0x800003b0 (0xfe112e23) sw      x1, -4(x2)
core   0: 3 0x800003b0 (0xfe112e23) mem 0x7000001c 0x80000494
core   1: 0x800003b0 (0xfe112e23) sw      x1, -4(x2)
core   1: 3 0x800003b0 (0xfe112e23) mem 0x7000041c 0x80000494
core   2: 0x800003b0 (0xfe112e23) sw      x1, -4(x2)
core   2: 3 0x800003b0 (0xfe112e23) mem 0x7000081c 0x80000494
core   3: 0x800003b0 (0xfe112e23) sw      x1, -4(x2)
core   3: 3 0x800003b0 (0xfe112e23) mem 0x70000c1c 0x80000494
core   0: 0x800003b4 (0x80302573) csrr    x10, knl
core   0: 3 0x800003b4 (0x80302573) x10 0x90014000
core   1: 0x800003b4 (0x80302573) csrr    x10, knl
core   1: 3 0x800003b4 (0x80302573) x10 0x90014000
core   2: 0x800003b4 (0x80302573) csrr    x10, knl
core   2: 3 0x800003b4 (0x80302573) x10 0x90014000
core   3: 0x800003b4 (0x80302573) csrr    x10, knl
core   3: 3 0x800003b4 (0x80302573) x10 0x90014000
core   0: 0x800003b8 (0x00852283) lw      x5, 8(x10)
core   0: 3 0x800003b8 (0x00852283) x5  0x00000002 mem 0x90014008
core   1: 0x800003b8 (0x00852283) lw      x5, 8(x10)
core   1: 3 0x800003b8 (0x00852283) x5  0x00000002 mem 0x90014008
core   2: 0x800003b8 (0x00852283) lw      x5, 8(x10)
core   2: 3 0x800003b8 (0x00852283) x5  0x00000002 mem 0x90014008
core   3: 0x800003b8 (0x00852283) lw      x5, 8(x10)
core   3: 3 0x800003b8 (0x00852283) x5  0x00000002 mem 0x90014008
core   0: 0x800003bc (0x80002373) csrr    x6, tid
core   0: 3 0x800003bc (0x80002373) x6  0x00000000
core   1: 0x800003bc (0x80002373) csrr    x6, tid
core   1: 3 0x800003bc (0x80002373) x6  0x00000004
core   2: 0x800003bc (0x80002373) csrr    x6, tid
core   2: 3 0x800003bc (0x80002373) x6  0x00000008
core   3: 0x800003bc (0x80002373) csrr    x6, tid
core   3: 3 0x800003bc (0x80002373) x6  0x0000000c
core   0: 0x800003c0 (0x5208a157) vid.v   v2
core   0: 3 0x800003c0 (0x5208a157) c8_vstart 0x00000000 e32 m1 l4 v2  0000000f 0x00000003 00000002 00000001 00000000 
core   1: 0x800003c0 (0x5208a157) vid.v   v2
core   1: 3 0x800003c0 (0x5208a157) c8_vstart 0x00000000 e32 m1 l4 v2  0000000f 0x00000003 00000002 00000001 00000000 
core   2: 0x800003c0 (0x5208a157) vid.v   v2
core   2: 3 0x800003c0 (0x5208a157) c8_vstart 0x00000000 e32 m1 l4 v2  0000000f 0x00000003 00000002 00000001 00000000 
core   3: 0x800003c0 (0x5208a157) vid.v   v2
core   3: 3 0x800003c0 (0x5208a157) c8_vstart 0x00000000 e32 m1 l4 v2  0000000f 0x00000003 00000002 00000001 00000000 
core   0: 0x800003c4 (0x02234057) vadd.vx v0, v2, x6
core   0: 3 0x800003c4 (0x02234057) c8_vstart 0x00000000 e32 m1 l4 v0  0000000f 0x00000003 00000002 00000001 00000000 
core   1: 0x800003c4 (0x02234057) vadd.vx v0, v2, x6
core   1: 3 0x800003c4 (0x02234057) c8_vstart 0x00000000 e32 m1 l4 v0  0000000f 0x00000007 00000006 00000005 00000004 
core   2: 0x800003c4 (0x02234057) vadd.vx v0, v2, x6
core   2: 3 0x800003c4 (0x02234057) c8_vstart 0x00000000 e32 m1 l4 v0  0000000f 0x0000000b 0000000a 00000009 00000008 
core   3: 0x800003c4 (0x02234057) vadd.vx v0, v2, x6
core   3: 3 0x800003c4 (0x02234057) c8_vstart 0x00000000 e32 m1 l4 v0  0000000f 0x0000000f 0000000e 0000000d 0000000c 
core   0: 0x800003c8 (0x01852e03) lw      x28, 24(x10)
core   0: 3 0x800003c8 (0x01852e03) x28 0x00000004 mem 0x90014018
core   1: 0x800003c8 (0x01852e03) lw      x28, 24(x10)
core   1: 3 0x800003c8 (0x01852e03) x28 0x00000004 mem 0x90014018
core   2: 0x800003c8 (0x01852e03) lw      x28, 24(x10)
core   2: 3 0x800003c8 (0x01852e03) x28 0x00000004 mem 0x90014018
core   3: 0x800003c8 (0x01852e03) lw      x28, 24(x10)
core   3: 3 0x800003c8 (0x01852e03) x28 0x00000004 mem 0x90014018
core   0: 0x800003cc (0x8a0e6057) vremu.vx v0, v0, x28
core   0: 3 0x800003cc (0x8a0e6057) c8_vstart 0x00000000 e32 m1 l4 v0  0000000f 0x00000003 00000002 00000001 00000000 
core   1: 0x800003cc (0x8a0e6057) vremu.vx v0, v0, x28
core   1: 3 0x800003cc (0x8a0e6057) c8_vstart 0x00000000 e32 m1 l4 v0  0000000f 0x00000003 00000002 00000001 00000000 
core   2: 0x800003cc (0x8a0e6057) vremu.vx v0, v0, x28
core   2: 3 0x800003cc (0x8a0e6057) c8_vstart 0x00000000 e32 m1 l4 v0  0000000f 0x00000003 00000002 00000001 00000000 
core   3: 0x800003cc (0x8a0e6057) vremu.vx v0, v0, x28
core   3: 3 0x800003cc (0x8a0e6057) c8_vstart 0x00000000 e32 m1 l4 v0  0000000f 0x00000003 00000002 00000001 00000000 
core   0: 0x800003d0 (0xffc12083) lw      x1, -4(x2)
core   0: 3 0x800003d0 (0xffc12083) x1  0x80000494 mem 0x7000001c
core   1: 0x800003d0 (0xffc12083) lw      x1, -4(x2)
core   1: 3 0x800003d0 (0xffc12083) x1  0x80000494 mem 0x7000041c
core   2: 0x800003d0 (0xffc12083) lw      x1, -4(x2)
core   2: 3 0x800003d0 (0xffc12083) x1  0x80000494 mem 0x7000081c
core   3: 0x800003d0 (0xffc12083) lw      x1, -4(x2)
core   3: 3 0x800003d0 (0xffc12083) x1  0x80000494 mem 0x70000c1c
core   0: 0x800003d4 (0xffc10113) addi    x2, x2, -4
core   0: 3 0x800003d4 (0xffc10113) x2  0x7000001c
core   1: 0x800003d4 (0xffc10113) addi    x2, x2, -4
core   1: 3 0x800003d4 (0xffc10113) x2  0x7000041c
core   2: 0x800003d4 (0xffc10113) addi    x2, x2, -4
core   2: 3 0x800003d4 (0xffc10113) x2  0x7000081c
core   3: 0x800003d4 (0xffc10113) addi    x2, x2, -4
core   3: 3 0x800003d4 (0xffc10113) x2  0x70000c1c
core   0: 0x800003d8 (0x00008067) ret
core   0: 3 0x800003d8 (0x00008067)
core   1: 0x800003d8 (0x00008067) ret
core   1: 3 0x800003d8 (0x00008067)
core   2: 0x800003d8 (0x00008067) ret
core   2: 3 0x800003d8 (0x00008067)
core   3: 0x800003d8 (0x00008067) ret
core   3: 3 0x800003d8 (0x00008067)
core   0: 0x80000494 (0x80302573) csrr    x10, knl
core   0: 3 0x80000494 (0x80302573) x10 0x90014000
core   1: 0x80000494 (0x80302573) csrr    x10, knl
core   1: 3 0x80000494 (0x80302573) x10 0x90014000
core   2: 0x80000494 (0x80302573) csrr    x10, knl
core   2: 3 0x80000494 (0x80302573) x10 0x90014000
core   3: 0x80000494 (0x80302573) csrr    x10, knl
core   3: 3 0x80000494 (0x80302573) x10 0x90014000
core   0: 0x80000498 (0x80802373) csrr    x6, gidx
core   0: 3 0x80000498 (0x80802373) x6  0x00000000
core   1: 0x80000498 (0x80802373) csrr    x6, gidx
core   1: 3 0x80000498 (0x80802373) x6  0x00000000
core   2: 0x80000498 (0x80802373) csrr    x6, gidx
core   2: 3 0x80000498 (0x80802373) x6  0x00000000
core   3: 0x80000498 (0x80802373) csrr    x6, gidx
core   3: 3 0x80000498 (0x80802373) x6  0x00000000
core   0: 0x8000049c (0x01852e03) lw      x28, 24(x10)
core   0: 3 0x8000049c (0x01852e03) x28 0x00000004 mem 0x90014018
core   1: 0x8000049c (0x01852e03) lw      x28, 24(x10)
core   1: 3 0x8000049c (0x01852e03) x28 0x00000004 mem 0x90014018
core   2: 0x8000049c (0x01852e03) lw      x28, 24(x10)
core   2: 3 0x8000049c (0x01852e03) x28 0x00000004 mem 0x90014018
core   3: 0x8000049c (0x01852e03) lw      x28, 24(x10)
core   3: 3 0x8000049c (0x01852e03) x28 0x00000004 mem 0x90014018
core   0: 0x800004a0 (0x02452e83) lw      x29, 36(x10)
core   0: 3 0x800004a0 (0x02452e83) x29 0x00000000 mem 0x90014024
core   1: 0x800004a0 (0x02452e83) lw      x29, 36(x10)
core   1: 3 0x800004a0 (0x02452e83) x29 0x00000000 mem 0x90014024
core   2: 0x800004a0 (0x02452e83) lw      x29, 36(x10)
core   2: 3 0x800004a0 (0x02452e83) x29 0x00000000 mem 0x90014024
core   3: 0x800004a0 (0x02452e83) lw      x29, 36(x10)
core   3: 3 0x800004a0 (0x02452e83) x29 0x00000000 mem 0x90014024
core   0: 0x800004a4 (0x03c30fb3) mul     x31, x6, x28
core   0: 3 0x800004a4 (0x03c30fb3) x31 0x00000000
core   1: 0x800004a4 (0x03c30fb3) mul     x31, x6, x28
core   1: 3 0x800004a4 (0x03c30fb3) x31 0x00000000
core   2: 0x800004a4 (0x03c30fb3) mul     x31, x6, x28
core   2: 3 0x800004a4 (0x03c30fb3) x31 0x00000000
core   3: 0x800004a4 (0x03c30fb3) mul     x31, x6, x28
core   3: 3 0x800004a4 (0x03c30fb3) x31 0x00000000
core   0: 0x800004a8 (0x01df8fb3) add     x31, x31, x29
core   0: 3 0x800004a8 (0x01df8fb3) x31 0x00000000
core   1: 0x800004a8 (0x01df8fb3) add     x31, x31, x29
core   1: 3 0x800004a8 (0x01df8fb3) x31 0x00000000
core   2: 0x800004a8 (0x01df8fb3) add     x31, x31, x29
core   2: 3 0x800004a8 (0x01df8fb3) x31 0x00000000
core   3: 0x800004a8 (0x01df8fb3) add     x31, x31, x29
core   3: 3 0x800004a8 (0x01df8fb3) x31 0x00000000
core   0: 0x800004ac (0x020fc057) vadd.vx v0, v0, x31
core   0: 3 0x800004ac (0x020fc057) c8_vstart 0x00000000 e32 m1 l4 v0  0000000f 0x00000003 00000002 00000001 00000000 
core   1: 0x800004ac (0x020fc057) vadd.vx v0, v0, x31
core   1: 3 0x800004ac (0x020fc057) c8_vstart 0x00000000 e32 m1 l4 v0  0000000f 0x00000003 00000002 00000001 00000000 
core   2: 0x800004ac (0x020fc057) vadd.vx v0, v0, x31
core   2: 3 0x800004ac (0x020fc057) c8_vstart 0x00000000 e32 m1 l4 v0  0000000f 0x00000003 00000002 00000001 00000000 
core   3: 0x800004ac (0x020fc057) vadd.vx v0, v0, x31
core   3: 3 0x800004ac (0x020fc057) c8_vstart 0x00000000 e32 m1 l4 v0  0000000f 0x00000003 00000002 00000001 00000000 
core   0: 0x800004b0 (0xffc12083) lw      x1, -4(x2)
core   0: 3 0x800004b0 (0xffc12083) x1  0x800002ec mem 0x70000018
core   1: 0x800004b0 (0xffc12083) lw      x1, -4(x2)
core   1: 3 0x800004b0 (0xffc12083) x1  0x800002ec mem 0x70000418
core   2: 0x800004b0 (0xffc12083) lw      x1, -4(x2)
core   2: 3 0x800004b0 (0xffc12083) x1  0x800002ec mem 0x70000818
core   3: 0x800004b0 (0xffc12083) lw      x1, -4(x2)
core   3: 3 0x800004b0 (0xffc12083) x1  0x800002ec mem 0x70000c18
core   0: 0x800004b4 (0xffc10113) addi    x2, x2, -4
core   0: 3 0x800004b4 (0xffc10113) x2  0x70000018
core   1: 0x800004b4 (0xffc10113) addi    x2, x2, -4
core   1: 3 0x800004b4 (0xffc10113) x2  0x70000418
core   2: 0x800004b4 (0xffc10113) addi    x2, x2, -4
core   2: 3 0x800004b4 (0xffc10113) x2  0x70000818
core   3: 0x800004b4 (0xffc10113) addi    x2, x2, -4
core   3: 3 0x800004b4 (0xffc10113) x2  0x70000c18
core   0: 0x800004b8 (0x00008067) ret
core   0: 3 0x800004b8 (0x00008067)
core   1: 0x800004b8 (0x00008067) ret
core   1: 3 0x800004b8 (0x00008067)
core   2: 0x800004b8 (0x00008067) ret
core   2: 3 0x800004b8 (0x00008067)
core   3: 0x800004b8 (0x00008067) ret
core   3: 3 0x800004b8 (0x00008067)
core   0: 0x800002ec (0x0180006f) j       pc + 0x18
core   0: 3 0x800002ec (0x0180006f)
core   1: 0x800002ec (0x0180006f) j       pc + 0x18
core   1: 3 0x800002ec (0x0180006f)
core   2: 0x800002ec (0x0180006f) j       pc + 0x18
core   2: 3 0x800002ec (0x0180006f)
core   3: 0x800002ec (0x0180006f) j       pc + 0x18
core   3: 3 0x800002ec (0x0180006f)
core   0: 0x80000304 (0x0000205b) join    v0, v0, pc + 0
core   0: 3 0x80000304 (0x0000205b) current mask:	0000000f current npc:	800002e8 stack size: 0
core   1: 0x80000304 (0x0000205b) join    v0, v0, pc + 0
core   1: 3 0x80000304 (0x0000205b) current mask:	0000000f current npc:	800002e8 stack size: 0
core   2: 0x80000304 (0x0000205b) join    v0, v0, pc + 0
core   2: 3 0x80000304 (0x0000205b) current mask:	0000000f current npc:	800002e8 stack size: 0
core   3: 0x80000304 (0x0000205b) join    v0, v0, pc + 0
core   3: 3 0x80000304 (0x0000205b) current mask:	0000000f current npc:	800002e8 stack size: 0
core   0: 0x80000308 (0xffc12083) lw      x1, -4(x2)
core   0: 3 0x80000308 (0xffc12083) x1  0x800000fc mem 0x70000014
core   1: 0x80000308 (0xffc12083) lw      x1, -4(x2)
core   1: 3 0x80000308 (0xffc12083) x1  0x800000fc mem 0x70000414
core   2: 0x80000308 (0xffc12083) lw      x1, -4(x2)
core   2: 3 0x80000308 (0xffc12083) x1  0x800000fc mem 0x70000814
core   3: 0x80000308 (0xffc12083) lw      x1, -4(x2)
core   3: 3 0x80000308 (0xffc12083) x1  0x800000fc mem 0x70000c14
core   0: 0x8000030c (0xffc10113) addi    x2, x2, -4
core   0: 3 0x8000030c (0xffc10113) x2  0x70000014
core   1: 0x8000030c (0xffc10113) addi    x2, x2, -4
core   1: 3 0x8000030c (0xffc10113) x2  0x70000414
core   2: 0x8000030c (0xffc10113) addi    x2, x2, -4
core   2: 3 0x8000030c (0xffc10113) x2  0x70000814
core   3: 0x8000030c (0xffc10113) addi    x2, x2, -4
core   3: 3 0x8000030c (0xffc10113) x2  0x70000c14
core   0: 0x80000310 (0x00008067) ret
core   0: 3 0x80000310 (0x00008067)
core   1: 0x80000310 (0x00008067) ret
core   1: 3 0x80000310 (0x00008067)
core   2: 0x80000310 (0x00008067) ret
core   2: 3 0x80000310 (0x00008067)
core   3: 0x80000310 (0x00008067) ret
core   3: 3 0x80000310 (0x00008067)
core   0: 0x800000fc (0x0010200b) regext  x0, x0,  0 0 0 1 
core   0: 3 0x800000fc (0x0010200b)
core   1: 0x800000fc (0x0010200b) regext  x0, x0,  0 0 0 1 
core   1: 3 0x800000fc (0x0010200b)
core   2: 0x800000fc (0x0010200b) regext  x0, x0,  0 0 0 1 
core   2: 3 0x800000fc (0x0010200b)
core   3: 0x800000fc (0x0010200b) regext  x0, x0,  0 0 0 1 
core   3: 3 0x800000fc (0x0010200b)
core   0: 0x80000100 (0x020040d7) vadd.vx v1, v0, x0
core   0: 3 0x80000100 (0x020040d7) c8_vstart 0x00000000 e32 m1 l4 v33 0000000f 0x00000003 00000002 00000001 00000000 
core   1: 0x80000100 (0x020040d7) vadd.vx v1, v0, x0
core   1: 3 0x80000100 (0x020040d7) c8_vstart 0x00000000 e32 m1 l4 v33 0000000f 0x00000003 00000002 00000001 00000000 
core   2: 0x80000100 (0x020040d7) vadd.vx v1, v0, x0
core   2: 3 0x80000100 (0x020040d7) c8_vstart 0x00000000 e32 m1 l4 v33 0000000f 0x00000003 00000002 00000001 00000000 
core   3: 0x80000100 (0x020040d7) vadd.vx v1, v0, x0
core   3: 3 0x80000100 (0x020040d7) c8_vstart 0x00000000 e32 m1 l4 v33 0000000f 0x00000003 00000002 00000001 00000000 
core   0: 0x80000104 (0x00100293) li      x5, 1
core   0: 3 0x80000104 (0x00100293) x5  0x00000001
core   1: 0x80000104 (0x00100293) li      x5, 1
core   1: 3 0x80000104 (0x00100293) x5  0x00000001
core   2: 0x80000104 (0x00100293) li      x5, 1
core   2: 3 0x80000104 (0x00100293) x5  0x00000001
core   3: 0x80000104 (0x00100293) li      x5, 1
core   3: 3 0x80000104 (0x00100293) x5  0x00000001
core   0: 0x80000108 (0x5e02c057) vmv.v.x v0, x5
core   0: 3 0x80000108 (0x5e02c057) c8_vstart 0x00000000 e32 m1 l4 v0  0000000f 0x00000001 00000001 00000001 00000001 
core   1: 0x80000108 (0x5e02c057) vmv.v.x v0, x5
core   1: 3 0x80000108 (0x5e02c057) c8_vstart 0x00000000 e32 m1 l4 v0  0000000f 0x00000001 00000001 00000001 00000001 
core   2: 0x80000108 (0x5e02c057) vmv.v.x v0, x5
core   2: 3 0x80000108 (0x5e02c057) c8_vstart 0x00000000 e32 m1 l4 v0  0000000f 0x00000001 00000001 00000001 00000001 
core   3: 0x80000108 (0x5e02c057) vmv.v.x v0, x5
core   3: 3 0x80000108 (0x5e02c057) c8_vstart 0x00000000 e32 m1 l4 v0  0000000f 0x00000001 00000001 00000001 00000001 
core   0: 0x8000010c (0x19c000ef) jal     pc + 0x19c
core   0: 3 0x8000010c (0x19c000ef) x1  0x80000110
core   1: 0x8000010c (0x19c000ef) jal     pc + 0x19c
core   1: 3 0x8000010c (0x19c000ef) x1  0x80000110
core   2: 0x8000010c (0x19c000ef) jal     pc + 0x19c
core   2: 3 0x8000010c (0x19c000ef) x1  0x80000110
core   3: 0x8000010c (0x19c000ef) jal     pc + 0x19c
core   3: 3 0x8000010c (0x19c000ef) x1  0x80000110
core   0: 0x800002a8 (0x00410113) addi    x2, x2, 4
core   0: 3 0x800002a8 (0x00410113) x2  0x70000018
core   1: 0x800002a8 (0x00410113) addi    x2, x2, 4
core   1: 3 0x800002a8 (0x00410113) x2  0x70000418
core   2: 0x800002a8 (0x00410113) addi    x2, x2, 4
core   2: 3 0x800002a8 (0x00410113) x2  0x70000818
core   3: 0x800002a8 (0x00410113) addi    x2, x2, 4
core   3: 3 0x800002a8 (0x00410113) x2  0x70000c18
core   0: 0x800002ac (0xfe112e23) sw      x1, -4(x2)
core   0: 3 0x800002ac (0xfe112e23) mem 0x70000014 0x80000110
core   1: 0x800002ac (0xfe112e23) sw      x1, -4(x2)
core   1: 3 0x800002ac (0xfe112e23) mem 0x70000414 0x80000110
core   2: 0x800002ac (0xfe112e23) sw      x1, -4(x2)
core   2: 3 0x800002ac (0xfe112e23) mem 0x70000814 0x80000110
core   3: 0x800002ac (0xfe112e23) sw      x1, -4(x2)
core   3: 3 0x800002ac (0xfe112e23) mem 0x70000c14 0x80000110
core   0: 0x800002b0 (0x00200293) li      x5, 2
core   0: 3 0x800002b0 (0x00200293) x5  0x00000002
core   1: 0x800002b0 (0x00200293) li      x5, 2
core   1: 3 0x800002b0 (0x00200293) x5  0x00000002
core   2: 0x800002b0 (0x00200293) li      x5, 2
core   2: 3 0x800002b0 (0x00200293) x5  0x00000002
core   3: 0x800002b0 (0x00200293) li      x5, 2
core   3: 3 0x800002b0 (0x00200293) x5  0x00000002
core   0: 0x800002b4 (0x5e02c0d7) vmv.v.x v1, x5
core   0: 3 0x800002b4 (0x5e02c0d7) c8_vstart 0x00000000 e32 m1 l4 v1  0000000f 0x00000002 00000002 00000002 00000002 
core   1: 0x800002b4 (0x5e02c0d7) vmv.v.x v1, x5
core   1: 3 0x800002b4 (0x5e02c0d7) c8_vstart 0x00000000 e32 m1 l4 v1  0000000f 0x00000002 00000002 00000002 00000002 
core   2: 0x800002b4 (0x5e02c0d7) vmv.v.x v1, x5
core   2: 3 0x800002b4 (0x5e02c0d7) c8_vstart 0x00000000 e32 m1 l4 v1  0000000f 0x00000002 00000002 00000002 00000002 
core   3: 0x800002b4 (0x5e02c0d7) vmv.v.x v1, x5
core   3: 3 0x800002b4 (0x5e02c0d7) c8_vstart 0x00000000 e32 m1 l4 v1  0000000f 0x00000002 00000002 00000002 00000002 
core   0: 0x800002b8 (0x00000317) auipc   x6, 0x0
core   0: 3 0x800002b8 (0x00000317) x6  0x800002b8
core   1: 0x800002b8 (0x00000317) auipc   x6, 0x0
core   1: 3 0x800002b8 (0x00000317) x6  0x800002b8
core   2: 0x800002b8 (0x00000317) auipc   x6, 0x0
core   2: 3 0x800002b8 (0x00000317) x6  0x800002b8
core   3: 0x800002b8 (0x00000317) auipc   x6, 0x0
core   3: 3 0x800002b8 (0x00000317) x6  0x800002b8
core   0: 0x800002bc (0x04c3305b) setrpc  x0, x6, 76
core   0: 3 0x800002bc (0x04c3305b) c2060_rpc 0x80000304 current mask:	0000000f current npc:	800002e8 stack size: 0
core   1: 0x800002bc (0x04c3305b) setrpc  x0, x6, 76
core   1: 3 0x800002bc (0x04c3305b) c2060_rpc 0x80000304 current mask:	0000000f current npc:	800002e8 stack size: 0
core   2: 0x800002bc (0x04c3305b) setrpc  x0, x6, 76
core   2: 3 0x800002bc (0x04c3305b) c2060_rpc 0x80000304 current mask:	0000000f current npc:	800002e8 stack size: 0
core   3: 0x800002bc (0x04c3305b) setrpc  x0, x6, 76
core   3: 3 0x800002bc (0x04c3305b) c2060_rpc 0x80000304 current mask:	0000000f current npc:	800002e8 stack size: 0
core   0: 0x800002c0 (0x0200885b) vbeq    v0, v1, pc + 48
core   0: 3 0x800002c0 (0x0200885b) c8_vstart 0x00000000 e32 m1 l4 current mask:	0000000f current npc:	800002c4 stack size: 0
core   1: 0x800002c0 (0x0200885b) vbeq    v0, v1, pc + 48
core   1: 3 0x800002c0 (0x0200885b) c8_vstart 0x00000000 e32 m1 l4 current mask:	0000000f current npc:	800002c4 stack size: 0
core   2: 0x800002c0 (0x0200885b) vbeq    v0, v1, pc + 48
core   2: 3 0x800002c0 (0x0200885b) c8_vstart 0x00000000 e32 m1 l4 current mask:	0000000f current npc:	800002c4 stack size: 0
core   3: 0x800002c0 (0x0200885b) vbeq    v0, v1, pc + 48
core   3: 3 0x800002c0 (0x0200885b) c8_vstart 0x00000000 e32 m1 l4 current mask:	0000000f current npc:	800002c4 stack size: 0
core   0: 0x800002c4 (0x00100293) li      x5, 1
core   0: 3 0x800002c4 (0x00100293) x5  0x00000001
core   1: 0x800002c4 (0x00100293) li      x5, 1
core   1: 3 0x800002c4 (0x00100293) x5  0x00000001
core   2: 0x800002c4 (0x00100293) li      x5, 1
core   2: 3 0x800002c4 (0x00100293) x5  0x00000001
core   3: 0x800002c4 (0x00100293) li      x5, 1
core   3: 3 0x800002c4 (0x00100293) x5  0x00000001
core   0: 0x800002c8 (0x5e02c0d7) vmv.v.x v1, x5
core   0: 3 0x800002c8 (0x5e02c0d7) c8_vstart 0x00000000 e32 m1 l4 v1  0000000f 0x00000001 00000001 00000001 00000001 
core   1: 0x800002c8 (0x5e02c0d7) vmv.v.x v1, x5
core   1: 3 0x800002c8 (0x5e02c0d7) c8_vstart 0x00000000 e32 m1 l4 v1  0000000f 0x00000001 00000001 00000001 00000001 
core   2: 0x800002c8 (0x5e02c0d7) vmv.v.x v1, x5
core   2: 3 0x800002c8 (0x5e02c0d7) c8_vstart 0x00000000 e32 m1 l4 v1  0000000f 0x00000001 00000001 00000001 00000001 
core   3: 0x800002c8 (0x5e02c0d7) vmv.v.x v1, x5
core   3: 3 0x800002c8 (0x5e02c0d7) c8_vstart 0x00000000 e32 m1 l4 v1  0000000f 0x00000001 00000001 00000001 00000001 
core   0: 0x800002cc (0x00000317) auipc   x6, 0x0
core   0: 3 0x800002cc (0x00000317) x6  0x800002cc
core   1: 0x800002cc (0x00000317) auipc   x6, 0x0
core   1: 3 0x800002cc (0x00000317) x6  0x800002cc
core   2: 0x800002cc (0x00000317) auipc   x6, 0x0
core   2: 3 0x800002cc (0x00000317) x6  0x800002cc
core   3: 0x800002cc (0x00000317) auipc   x6, 0x0
core   3: 3 0x800002cc (0x00000317) x6  0x800002cc
core   0: 0x800002d0 (0x0383305b) setrpc  x0, x6, 56
core   0: 3 0x800002d0 (0x0383305b) c2060_rpc 0x80000304 current mask:	0000000f current npc:	800002c4 stack size: 0
core   1: 0x800002d0 (0x0383305b) setrpc  x0, x6, 56
core   1: 3 0x800002d0 (0x0383305b) c2060_rpc 0x80000304 current mask:	0000000f current npc:	800002c4 stack size: 0
core   2: 0x800002d0 (0x0383305b) setrpc  x0, x6, 56
core   2: 3 0x800002d0 (0x0383305b) c2060_rpc 0x80000304 current mask:	0000000f current npc:	800002c4 stack size: 0
core   3: 0x800002d0 (0x0383305b) setrpc  x0, x6, 56
core   3: 3 0x800002d0 (0x0383305b) c2060_rpc 0x80000304 current mask:	0000000f current npc:	800002c4 stack size: 0
core   0: 0x800002d4 (0x0200825b) vbeq    v0, v1, pc + 36
core   0: 3 0x800002d4 (0x0200825b) c8_vstart 0x00000000 e32 m1 l4 current mask:	0000000f current npc:	800002f8 stack size: 0
core   1: 0x800002d4 (0x0200825b) vbeq    v0, v1, pc + 36
core   1: 3 0x800002d4 (0x0200825b) c8_vstart 0x00000000 e32 m1 l4 current mask:	0000000f current npc:	800002f8 stack size: 0
core   2: 0x800002d4 (0x0200825b) vbeq    v0, v1, pc + 36
core   2: 3 0x800002d4 (0x0200825b) c8_vstart 0x00000000 e32 m1 l4 current mask:	0000000f current npc:	800002f8 stack size: 0
core   3: 0x800002d4 (0x0200825b) vbeq    v0, v1, pc + 36
core   3: 3 0x800002d4 (0x0200825b) c8_vstart 0x00000000 e32 m1 l4 current mask:	0000000f current npc:	800002f8 stack size: 0
core   0: 0x800002f8 (0x1c4000ef) jal     pc + 0x1c4
core   0: 3 0x800002f8 (0x1c4000ef) x1  0x800002fc
core   1: 0x800002f8 (0x1c4000ef) jal     pc + 0x1c4
core   1: 3 0x800002f8 (0x1c4000ef) x1  0x800002fc
core   2: 0x800002f8 (0x1c4000ef) jal     pc + 0x1c4
core   2: 3 0x800002f8 (0x1c4000ef) x1  0x800002fc
core   3: 0x800002f8 (0x1c4000ef) jal     pc + 0x1c4
core   3: 3 0x800002f8 (0x1c4000ef) x1  0x800002fc
core   0: 0x800004bc (0x00410113) addi    x2, x2, 4
core   0: 3 0x800004bc (0x00410113) x2  0x7000001c
core   1: 0x800004bc (0x00410113) addi    x2, x2, 4
core   1: 3 0x800004bc (0x00410113) x2  0x7000041c
core   2: 0x800004bc (0x00410113) addi    x2, x2, 4
core   2: 3 0x800004bc (0x00410113) x2  0x7000081c
core   3: 0x800004bc (0x00410113) addi    x2, x2, 4
core   3: 3 0x800004bc (0x00410113) x2  0x70000c1c
core   0: 0x800004c0 (0xfe112e23) sw      x1, -4(x2)
core   0: 3 0x800004c0 (0xfe112e23) mem 0x70000018 0x800002fc
core   1: 0x800004c0 (0xfe112e23) sw      x1, -4(x2)
core   1: 3 0x800004c0 (0xfe112e23) mem 0x70000418 0x800002fc
core   2: 0x800004c0 (0xfe112e23) sw      x1, -4(x2)
core   2: 3 0x800004c0 (0xfe112e23) mem 0x70000818 0x800002fc
core   3: 0x800004c0 (0xfe112e23) sw      x1, -4(x2)
core   3: 3 0x800004c0 (0xfe112e23) mem 0x70000c18 0x800002fc
core   0: 0x800004c4 (0xf19ff0ef) jal     pc - 0xe8
core   0: 3 0x800004c4 (0xf19ff0ef) x1  0x800004c8
core   1: 0x800004c4 (0xf19ff0ef) jal     pc - 0xe8
core   1: 3 0x800004c4 (0xf19ff0ef) x1  0x800004c8
core   2: 0x800004c4 (0xf19ff0ef) jal     pc - 0xe8
core   2: 3 0x800004c4 (0xf19ff0ef) x1  0x800004c8
core   3: 0x800004c4 (0xf19ff0ef) jal     pc - 0xe8
core   3: 3 0x800004c4 (0xf19ff0ef) x1  0x800004c8
core   0: 0x800003dc (0x00410113) addi    x2, x2, 4
core   0: 3 0x800003dc (0x00410113) x2  0x70000020
core   1: 0x800003dc (0x00410113) addi    x2, x2, 4
core   1: 3 0x800003dc (0x00410113) x2  0x70000420
core   2: 0x800003dc (0x00410113) addi    x2, x2, 4
core   2: 3 0x800003dc (0x00410113) x2  0x70000820
core   3: 0x800003dc (0x00410113) addi    x2, x2, 4
core   3: 3 0x800003dc (0x00410113) x2  0x70000c20
core   0: 0x800003e0 (0xfe112e23) sw      x1, -4(x2)
core   0: 3 0x800003e0 (0xfe112e23) mem 0x7000001c 0x800004c8
core   1: 0x800003e0 (0xfe112e23) sw      x1, -4(x2)
core   1: 3 0x800003e0 (0xfe112e23) mem 0x7000041c 0x800004c8
core   2: 0x800003e0 (0xfe112e23) sw      x1, -4(x2)
core   2: 3 0x800003e0 (0xfe112e23) mem 0x7000081c 0x800004c8
core   3: 0x800003e0 (0xfe112e23) sw      x1, -4(x2)
core   3: 3 0x800003e0 (0xfe112e23) mem 0x70000c1c 0x800004c8
core   0: 0x800003e4 (0x80302573) csrr    x10, knl
core   0: 3 0x800003e4 (0x80302573) x10 0x90014000
core   1: 0x800003e4 (0x80302573) csrr    x10, knl
core   1: 3 0x800003e4 (0x80302573) x10 0x90014000
core   2: 0x800003e4 (0x80302573) csrr    x10, knl
core   2: 3 0x800003e4 (0x80302573) x10 0x90014000
core   3: 0x800003e4 (0x80302573) csrr    x10, knl
core   3: 3 0x800003e4 (0x80302573) x10 0x90014000
core   0: 0x800003e8 (0x00852283) lw      x5, 8(x10)
core   0: 3 0x800003e8 (0x00852283) x5  0x00000002 mem 0x90014008
core   1: 0x800003e8 (0x00852283) lw      x5, 8(x10)
core   1: 3 0x800003e8 (0x00852283) x5  0x00000002 mem 0x90014008
core   2: 0x800003e8 (0x00852283) lw      x5, 8(x10)
core   2: 3 0x800003e8 (0x00852283) x5  0x00000002 mem 0x90014008
core   3: 0x800003e8 (0x00852283) lw      x5, 8(x10)
core   3: 3 0x800003e8 (0x00852283) x5  0x00000002 mem 0x90014008
core   0: 0x800003ec (0x80002373) csrr    x6, tid
core   0: 3 0x800003ec (0x80002373) x6  0x00000000
core   1: 0x800003ec (0x80002373) csrr    x6, tid
core   1: 3 0x800003ec (0x80002373) x6  0x00000004
core   2: 0x800003ec (0x80002373) csrr    x6, tid
core   2: 3 0x800003ec (0x80002373) x6  0x00000008
core   3: 0x800003ec (0x80002373) csrr    x6, tid
core   3: 3 0x800003ec (0x80002373) x6  0x0000000c
core   0: 0x800003f0 (0x5208a157) vid.v   v2
core   0: 3 0x800003f0 (0x5208a157) c8_vstart 0x00000000 e32 m1 l4 v2  0000000f 0x00000003 00000002 00000001 00000000 
core   1: 0x800003f0 (0x5208a157) vid.v   v2
core   1: 3 0x800003f0 (0x5208a157) c8_vstart 0x00000000 e32 m1 l4 v2  0000000f 0x00000003 00000002 00000001 00000000 
core   2: 0x800003f0 (0x5208a157) vid.v   v2
core   2: 3 0x800003f0 (0x5208a157) c8_vstart 0x00000000 e32 m1 l4 v2  0000000f 0x00000003 00000002 00000001 00000000 
core   3: 0x800003f0 (0x5208a157) vid.v   v2
core   3: 3 0x800003f0 (0x5208a157) c8_vstart 0x00000000 e32 m1 l4 v2  0000000f 0x00000003 00000002 00000001 00000000 
core   0: 0x800003f4 (0x02234057) vadd.vx v0, v2, x6
core   0: 3 0x800003f4 (0x02234057) c8_vstart 0x00000000 e32 m1 l4 v0  0000000f 0x00000003 00000002 00000001 00000000 
core   1: 0x800003f4 (0x02234057) vadd.vx v0, v2, x6
core   1: 3 0x800003f4 (0x02234057) c8_vstart 0x00000000 e32 m1 l4 v0  0000000f 0x00000007 00000006 00000005 00000004 
core   2: 0x800003f4 (0x02234057) vadd.vx v0, v2, x6
core   2: 3 0x800003f4 (0x02234057) c8_vstart 0x00000000 e32 m1 l4 v0  0000000f 0x0000000b 0000000a 00000009 00000008 
core   3: 0x800003f4 (0x02234057) vadd.vx v0, v2, x6
core   3: 3 0x800003f4 (0x02234057) c8_vstart 0x00000000 e32 m1 l4 v0  0000000f 0x0000000f 0000000e 0000000d 0000000c 
core   0: 0x800003f8 (0x01852e03) lw      x28, 24(x10)
core   0: 3 0x800003f8 (0x01852e03) x28 0x00000004 mem 0x90014018
core   1: 0x800003f8 (0x01852e03) lw      x28, 24(x10)
core   1: 3 0x800003f8 (0x01852e03) x28 0x00000004 mem 0x90014018
core   2: 0x800003f8 (0x01852e03) lw      x28, 24(x10)
core   2: 3 0x800003f8 (0x01852e03) x28 0x00000004 mem 0x90014018
core   3: 0x800003f8 (0x01852e03) lw      x28, 24(x10)
core   3: 3 0x800003f8 (0x01852e03) x28 0x00000004 mem 0x90014018
core   0: 0x800003fc (0x01c52e83) lw      x29, 28(x10)
core   0: 3 0x800003fc (0x01c52e83) x29 0x00000004 mem 0x9001401c
core   1: 0x800003fc (0x01c52e83) lw      x29, 28(x10)
core   1: 3 0x800003fc (0x01c52e83) x29 0x00000004 mem 0x9001401c
core   2: 0x800003fc (0x01c52e83) lw      x29, 28(x10)
core   2: 3 0x800003fc (0x01c52e83) x29 0x00000004 mem 0x9001401c
core   3: 0x800003fc (0x01c52e83) lw      x29, 28(x10)
core   3: 3 0x800003fc (0x01c52e83) x29 0x00000004 mem 0x9001401c
core   0: 0x80000400 (0x03ce8f33) mul     x30, x29, x28
core   0: 3 0x80000400 (0x03ce8f33) x30 0x00000010
core   1: 0x80000400 (0x03ce8f33) mul     x30, x29, x28
core   1: 3 0x80000400 (0x03ce8f33) x30 0x00000010
core   2: 0x80000400 (0x03ce8f33) mul     x30, x29, x28
core   2: 3 0x80000400 (0x03ce8f33) x30 0x00000010
core   3: 0x80000400 (0x03ce8f33) mul     x30, x29, x28
core   3: 3 0x80000400 (0x03ce8f33) x30 0x00000010
core   0: 0x80000404 (0x8a0f6057) vremu.vx v0, v0, x30
core   0: 3 0x80000404 (0x8a0f6057) c8_vstart 0x00000000 e32 m1 l4 v0  0000000f 0x00000003 00000002 00000001 00000000 
core   1: 0x80000404 (0x8a0f6057) vremu.vx v0, v0, x30
core   1: 3 0x80000404 (0x8a0f6057) c8_vstart 0x00000000 e32 m1 l4 v0  0000000f 0x00000007 00000006 00000005 00000004 
core   2: 0x80000404 (0x8a0f6057) vremu.vx v0, v0, x30
core   2: 3 0x80000404 (0x8a0f6057) c8_vstart 0x00000000 e32 m1 l4 v0  0000000f 0x0000000b 0000000a 00000009 00000008 
core   3: 0x80000404 (0x8a0f6057) vremu.vx v0, v0, x30
core   3: 3 0x80000404 (0x8a0f6057) c8_vstart 0x00000000 e32 m1 l4 v0  0000000f 0x0000000f 0000000e 0000000d 0000000c 
core   0: 0x80000408 (0x820e6057) vdivu.vx v0, v0, x28
core   0: 3 0x80000408 (0x820e6057) c8_vstart 0x00000000 e32 m1 l4 v0  0000000f 0x00000000 00000000 00000000 00000000 
core   1: 0x80000408 (0x820e6057) vdivu.vx v0, v0, x28
core   1: 3 0x80000408 (0x820e6057) c8_vstart 0x00000000 e32 m1 l4 v0  0000000f 0x00000001 00000001 00000001 00000001 
core   2: 0x80000408 (0x820e6057) vdivu.vx v0, v0, x28
core   2: 3 0x80000408 (0x820e6057) c8_vstart 0x00000000 e32 m1 l4 v0  0000000f 0x00000002 00000002 00000002 00000002 
core   3: 0x80000408 (0x820e6057) vdivu.vx v0, v0, x28
core   3: 3 0x80000408 (0x820e6057) c8_vstart 0x00000000 e32 m1 l4 v0  0000000f 0x00000003 00000003 00000003 00000003 
core   0: 0x8000040c (0x5e0ec0d7) vmv.v.x v1, x29
core   0: 3 0x8000040c (0x5e0ec0d7) c8_vstart 0x00000000 e32 m1 l4 v1  0000000f 0x00000004 00000004 00000004 00000004 
core   1: 0x8000040c (0x5e0ec0d7) vmv.v.x v1, x29
core   1: 3 0x8000040c (0x5e0ec0d7) c8_vstart 0x00000000 e32 m1 l4 v1  0000000f 0x00000004 00000004 00000004 00000004 
core   2: 0x8000040c (0x5e0ec0d7) vmv.v.x v1, x29
core   2: 3 0x8000040c (0x5e0ec0d7) c8_vstart 0x00000000 e32 m1 l4 v1  0000000f 0x00000004 00000004 00000004 00000004 
core   3: 0x8000040c (0x5e0ec0d7) vmv.v.x v1, x29
core   3: 3 0x8000040c (0x5e0ec0d7) c8_vstart 0x00000000 e32 m1 l4 v1  0000000f 0x00000004 00000004 00000004 00000004 
core   0: 0x80000410 (0x00000317) auipc   x6, 0x0
core   0: 3 0x80000410 (0x00000317) x6  0x80000410
core   1: 0x80000410 (0x00000317) auipc   x6, 0x0
core   1: 3 0x80000410 (0x00000317) x6  0x80000410
core   2: 0x80000410 (0x00000317) auipc   x6, 0x0
core   2: 3 0x80000410 (0x00000317) x6  0x80000410
core   3: 0x80000410 (0x00000317) auipc   x6, 0x0
core   3: 3 0x80000410 (0x00000317) x6  0x80000410
core   0: 0x80000414 (0x0143305b) setrpc  x0, x6, 20
core   0: 3 0x80000414 (0x0143305b) c2060_rpc 0x80000424 current mask:	0000000f current npc:	800002f8 stack size: 0
core   1: 0x80000414 (0x0143305b) setrpc  x0, x6, 20
core   1: 3 0x80000414 (0x0143305b) c2060_rpc 0x80000424 current mask:	0000000f current npc:	800002f8 stack size: 0
core   2: 0x80000414 (0x0143305b) setrpc  x0, x6, 20
core   2: 3 0x80000414 (0x0143305b) c2060_rpc 0x80000424 current mask:	0000000f current npc:	800002f8 stack size: 0
core   3: 0x80000414 (0x0143305b) setrpc  x0, x6, 20
core   3: 3 0x80000414 (0x0143305b) c2060_rpc 0x80000424 current mask:	0000000f current npc:	800002f8 stack size: 0
core   0: 0x80000418 (0x0000c65b) vblt    v0, v1, pc + 12
core   0: 3 0x80000418 (0x0000c65b) c8_vstart 0x00000000 e32 m1 l4 current mask:	0000000f current npc:	80000424 stack size: 0
core   1: 0x80000418 (0x0000c65b) vblt    v0, v1, pc + 12
core   1: 3 0x80000418 (0x0000c65b) c8_vstart 0x00000000 e32 m1 l4 current mask:	0000000f current npc:	80000424 stack size: 0
core   2: 0x80000418 (0x0000c65b) vblt    v0, v1, pc + 12
core   2: 3 0x80000418 (0x0000c65b) c8_vstart 0x00000000 e32 m1 l4 current mask:	0000000f current npc:	80000424 stack size: 0
core   3: 0x80000418 (0x0000c65b) vblt    v0, v1, pc + 12
core   3: 3 0x80000418 (0x0000c65b) c8_vstart 0x00000000 e32 m1 l4 current mask:	0000000f current npc:	80000424 stack size: 0
core   0: 0x80000424 (0x0000205b) join    v0, v0, pc + 0
core   0: 3 0x80000424 (0x0000205b) current mask:	0000000f current npc:	80000424 stack size: 0
core   1: 0x80000424 (0x0000205b) join    v0, v0, pc + 0
core   1: 3 0x80000424 (0x0000205b) current mask:	0000000f current npc:	80000424 stack size: 0
core   2: 0x80000424 (0x0000205b) join    v0, v0, pc + 0
core   2: 3 0x80000424 (0x0000205b) current mask:	0000000f current npc:	80000424 stack size: 0
core   3: 0x80000424 (0x0000205b) join    v0, v0, pc + 0
core   3: 3 0x80000424 (0x0000205b) current mask:	0000000f current npc:	80000424 stack size: 0
core   0: 0x80000428 (0xffc12083) lw      x1, -4(x2)
core   0: 3 0x80000428 (0xffc12083) x1  0x800004c8 mem 0x7000001c
core   1: 0x80000428 (0xffc12083) lw      x1, -4(x2)
core   1: 3 0x80000428 (0xffc12083) x1  0x800004c8 mem 0x7000041c
core   2: 0x80000428 (0xffc12083) lw      x1, -4(x2)
core   2: 3 0x80000428 (0xffc12083) x1  0x800004c8 mem 0x7000081c
core   3: 0x80000428 (0xffc12083) lw      x1, -4(x2)
core   3: 3 0x80000428 (0xffc12083) x1  0x800004c8 mem 0x70000c1c
core   0: 0x8000042c (0xffc10113) addi    x2, x2, -4
core   0: 3 0x8000042c (0xffc10113) x2  0x7000001c
core   1: 0x8000042c (0xffc10113) addi    x2, x2, -4
core   1: 3 0x8000042c (0xffc10113) x2  0x7000041c
core   2: 0x8000042c (0xffc10113) addi    x2, x2, -4
core   2: 3 0x8000042c (0xffc10113) x2  0x7000081c
core   3: 0x8000042c (0xffc10113) addi    x2, x2, -4
core   3: 3 0x8000042c (0xffc10113) x2  0x70000c1c
core   0: 0x80000430 (0x00008067) ret
core   0: 3 0x80000430 (0x00008067)
core   1: 0x80000430 (0x00008067) ret
core   1: 3 0x80000430 (0x00008067)
core   2: 0x80000430 (0x00008067) ret
core   2: 3 0x80000430 (0x00008067)
core   3: 0x80000430 (0x00008067) ret
core   3: 3 0x80000430 (0x00008067)
core   0: 0x800004c8 (0x80902373) csrr    x6, gidy
core   0: 3 0x800004c8 (0x80902373) x6  0x00000000
core   1: 0x800004c8 (0x80902373) csrr    x6, gidy
core   1: 3 0x800004c8 (0x80902373) x6  0x00000000
core   2: 0x800004c8 (0x80902373) csrr    x6, gidy
core   2: 3 0x800004c8 (0x80902373) x6  0x00000000
core   3: 0x800004c8 (0x80902373) csrr    x6, gidy
core   3: 3 0x800004c8 (0x80902373) x6  0x00000000
core   0: 0x800004cc (0x01c52383) lw      x7, 28(x10)
core   0: 3 0x800004cc (0x01c52383) x7  0x00000004 mem 0x9001401c
core   1: 0x800004cc (0x01c52383) lw      x7, 28(x10)
core   1: 3 0x800004cc (0x01c52383) x7  0x00000004 mem 0x9001401c
core   2: 0x800004cc (0x01c52383) lw      x7, 28(x10)
core   2: 3 0x800004cc (0x01c52383) x7  0x00000004 mem 0x9001401c
core   3: 0x800004cc (0x01c52383) lw      x7, 28(x10)
core   3: 3 0x800004cc (0x01c52383) x7  0x00000004 mem 0x9001401c
core   0: 0x800004d0 (0x02852e83) lw      x29, 40(x10)
core   0: 3 0x800004d0 (0x02852e83) x29 0x00000000 mem 0x90014028
core   1: 0x800004d0 (0x02852e83) lw      x29, 40(x10)
core   1: 3 0x800004d0 (0x02852e83) x29 0x00000000 mem 0x90014028
core   2: 0x800004d0 (0x02852e83) lw      x29, 40(x10)
core   2: 3 0x800004d0 (0x02852e83) x29 0x00000000 mem 0x90014028
core   3: 0x800004d0 (0x02852e83) lw      x29, 40(x10)
core   3: 3 0x800004d0 (0x02852e83) x29 0x00000000 mem 0x90014028
core   0: 0x800004d4 (0x02730e33) mul     x28, x6, x7
core   0: 3 0x800004d4 (0x02730e33) x28 0x00000000
core   1: 0x800004d4 (0x02730e33) mul     x28, x6, x7
core   1: 3 0x800004d4 (0x02730e33) x28 0x00000000
core   2: 0x800004d4 (0x02730e33) mul     x28, x6, x7
core   2: 3 0x800004d4 (0x02730e33) x28 0x00000000
core   3: 0x800004d4 (0x02730e33) mul     x28, x6, x7
core   3: 3 0x800004d4 (0x02730e33) x28 0x00000000
core   0: 0x800004d8 (0x01de0e33) add     x28, x28, x29
core   0: 3 0x800004d8 (0x01de0e33) x28 0x00000000
core   1: 0x800004d8 (0x01de0e33) add     x28, x28, x29
core   1: 3 0x800004d8 (0x01de0e33) x28 0x00000000
core   2: 0x800004d8 (0x01de0e33) add     x28, x28, x29
core   2: 3 0x800004d8 (0x01de0e33) x28 0x00000000
core   3: 0x800004d8 (0x01de0e33) add     x28, x28, x29
core   3: 3 0x800004d8 (0x01de0e33) x28 0x00000000
core   0: 0x800004dc (0x020e4057) vadd.vx v0, v0, x28
core   0: 3 0x800004dc (0x020e4057) c8_vstart 0x00000000 e32 m1 l4 v0  0000000f 0x00000000 00000000 00000000 00000000 
core   1: 0x800004dc (0x020e4057) vadd.vx v0, v0, x28
core   1: 3 0x800004dc (0x020e4057) c8_vstart 0x00000000 e32 m1 l4 v0  0000000f 0x00000001 00000001 00000001 00000001 
core   2: 0x800004dc (0x020e4057) vadd.vx v0, v0, x28
core   2: 3 0x800004dc (0x020e4057) c8_vstart 0x00000000 e32 m1 l4 v0  0000000f 0x00000002 00000002 00000002 00000002 
core   3: 0x800004dc (0x020e4057) vadd.vx v0, v0, x28
core   3: 3 0x800004dc (0x020e4057) c8_vstart 0x00000000 e32 m1 l4 v0  0000000f 0x00000003 00000003 00000003 00000003 
core   0: 0x800004e0 (0xffc12083) lw      x1, -4(x2)
core   0: 3 0x800004e0 (0xffc12083) x1  0x800002fc mem 0x70000018
core   1: 0x800004e0 (0xffc12083) lw      x1, -4(x2)
core   1: 3 0x800004e0 (0xffc12083) x1  0x800002fc mem 0x70000418
core   2: 0x800004e0 (0xffc12083) lw      x1, -4(x2)
core   2: 3 0x800004e0 (0xffc12083) x1  0x800002fc mem 0x70000818
core   3: 0x800004e0 (0xffc12083) lw      x1, -4(x2)
core   3: 3 0x800004e0 (0xffc12083) x1  0x800002fc mem 0x70000c18
core   0: 0x800004e4 (0xffc10113) addi    x2, x2, -4
core   0: 3 0x800004e4 (0xffc10113) x2  0x70000018
core   1: 0x800004e4 (0xffc10113) addi    x2, x2, -4
core   1: 3 0x800004e4 (0xffc10113) x2  0x70000418
core   2: 0x800004e4 (0xffc10113) addi    x2, x2, -4
core   2: 3 0x800004e4 (0xffc10113) x2  0x70000818
core   3: 0x800004e4 (0xffc10113) addi    x2, x2, -4
core   3: 3 0x800004e4 (0xffc10113) x2  0x70000c18
core   0: 0x800004e8 (0x00008067) ret
core   0: 3 0x800004e8 (0x00008067)
core   1: 0x800004e8 (0x00008067) ret
core   1: 3 0x800004e8 (0x00008067)
core   2: 0x800004e8 (0x00008067) ret
core   2: 3 0x800004e8 (0x00008067)
core   3: 0x800004e8 (0x00008067) ret
core   3: 3 0x800004e8 (0x00008067)
core   0: 0x800002fc (0x0080006f) j       pc + 0x8
core   0: 3 0x800002fc (0x0080006f)
core   1: 0x800002fc (0x0080006f) j       pc + 0x8
core   1: 3 0x800002fc (0x0080006f)
core   2: 0x800002fc (0x0080006f) j       pc + 0x8
core   2: 3 0x800002fc (0x0080006f)
core   3: 0x800002fc (0x0080006f) j       pc + 0x8
core   3: 3 0x800002fc (0x0080006f)
core   0: 0x80000304 (0x0000205b) join    v0, v0, pc + 0
core   0: 3 0x80000304 (0x0000205b) current mask:	0000000f current npc:	80000424 stack size: 0
core   1: 0x80000304 (0x0000205b) join    v0, v0, pc + 0
core   1: 3 0x80000304 (0x0000205b) current mask:	0000000f current npc:	80000424 stack size: 0
core   2: 0x80000304 (0x0000205b) join    v0, v0, pc + 0
core   2: 3 0x80000304 (0x0000205b) current mask:	0000000f current npc:	80000424 stack size: 0
core   3: 0x80000304 (0x0000205b) join    v0, v0, pc + 0
core   3: 3 0x80000304 (0x0000205b) current mask:	0000000f current npc:	80000424 stack size: 0
core   0: 0x80000308 (0xffc12083) lw      x1, -4(x2)
core   0: 3 0x80000308 (0xffc12083) x1  0x80000110 mem 0x70000014
core   1: 0x80000308 (0xffc12083) lw      x1, -4(x2)
core   1: 3 0x80000308 (0xffc12083) x1  0x80000110 mem 0x70000414
core   2: 0x80000308 (0xffc12083) lw      x1, -4(x2)
core   2: 3 0x80000308 (0xffc12083) x1  0x80000110 mem 0x70000814
core   3: 0x80000308 (0xffc12083) lw      x1, -4(x2)
core   3: 3 0x80000308 (0xffc12083) x1  0x80000110 mem 0x70000c14
core   0: 0x8000030c (0xffc10113) addi    x2, x2, -4
core   0: 3 0x8000030c (0xffc10113) x2  0x70000014
core   1: 0x8000030c (0xffc10113) addi    x2, x2, -4
core   1: 3 0x8000030c (0xffc10113) x2  0x70000414
core   2: 0x8000030c (0xffc10113) addi    x2, x2, -4
core   2: 3 0x8000030c (0xffc10113) x2  0x70000814
core   3: 0x8000030c (0xffc10113) addi    x2, x2, -4
core   3: 3 0x8000030c (0xffc10113) x2  0x70000c14
core   0: 0x80000310 (0x00008067) ret
core   0: 3 0x80000310 (0x00008067)
core   1: 0x80000310 (0x00008067) ret
core   1: 3 0x80000310 (0x00008067)
core   2: 0x80000310 (0x00008067) ret
core   2: 3 0x80000310 (0x00008067)
core   3: 0x80000310 (0x00008067) ret
core   3: 3 0x80000310 (0x00008067)
core   0: 0x80000110 (0xff012383) lw      x7, -16(x2)
core   0: 3 0x80000110 (0xff012383) x7  0x00000004 mem 0x70000004
core   1: 0x80000110 (0xff012383) lw      x7, -16(x2)
core   1: 3 0x80000110 (0xff012383) x7  0x00000004 mem 0x70000404
core   2: 0x80000110 (0xff012383) lw      x7, -16(x2)
core   2: 3 0x80000110 (0xff012383) x7  0x00000004 mem 0x70000804
core   3: 0x80000110 (0xff012383) lw      x7, -16(x2)
core   3: 3 0x80000110 (0xff012383) x7  0x00000004 mem 0x70000c04
core   0: 0x80000114 (0x00238293) addi    x5, x7, 2
core   0: 3 0x80000114 (0x00238293) x5  0x00000006
core   1: 0x80000114 (0x00238293) addi    x5, x7, 2
core   1: 3 0x80000114 (0x00238293) x5  0x00000006
core   2: 0x80000114 (0x00238293) addi    x5, x7, 2
core   2: 3 0x80000114 (0x00238293) x5  0x00000006
core   3: 0x80000114 (0x00238293) addi    x5, x7, 2
core   3: 3 0x80000114 (0x00238293) x5  0x00000006
core   0: 0x80000118 (0x0400200b) regext  x0, x0,  0 1 0 0 
core   0: 3 0x80000118 (0x0400200b)
core   1: 0x80000118 (0x0400200b) regext  x0, x0,  0 1 0 0 
core   1: 3 0x80000118 (0x0400200b)
core   2: 0x80000118 (0x0400200b) regext  x0, x0,  0 1 0 0 
core   2: 3 0x80000118 (0x0400200b)
core   3: 0x80000118 (0x0400200b) regext  x0, x0,  0 1 0 0 
core   3: 3 0x80000118 (0x0400200b)
core   0: 0x8000011c (0x0210b0d7) vadd.vi v1, v1, 1
core   0: 3 0x8000011c (0x0210b0d7) c8_vstart 0x00000000 e32 m1 l4 v1  0000000f 0x00000004 00000003 00000002 00000001 
core   1: 0x8000011c (0x0210b0d7) vadd.vi v1, v1, 1
core   1: 3 0x8000011c (0x0210b0d7) c8_vstart 0x00000000 e32 m1 l4 v1  0000000f 0x00000004 00000003 00000002 00000001 
core   2: 0x8000011c (0x0210b0d7) vadd.vi v1, v1, 1
core   2: 3 0x8000011c (0x0210b0d7) c8_vstart 0x00000000 e32 m1 l4 v1  0000000f 0x00000004 00000003 00000002 00000001 
core   3: 0x8000011c (0x0210b0d7) vadd.vi v1, v1, 1
core   3: 3 0x8000011c (0x0210b0d7) c8_vstart 0x00000000 e32 m1 l4 v1  0000000f 0x00000004 00000003 00000002 00000001 
core   0: 0x80000120 (0x0200b157) vadd.vi v2, v0, 1
core   0: 3 0x80000120 (0x0200b157) c8_vstart 0x00000000 e32 m1 l4 v2  0000000f 0x00000001 00000001 00000001 00000001 
core   1: 0x80000120 (0x0200b157) vadd.vi v2, v0, 1
core   1: 3 0x80000120 (0x0200b157) c8_vstart 0x00000000 e32 m1 l4 v2  0000000f 0x00000002 00000002 00000002 00000002 
core   2: 0x80000120 (0x0200b157) vadd.vi v2, v0, 1
core   2: 3 0x80000120 (0x0200b157) c8_vstart 0x00000000 e32 m1 l4 v2  0000000f 0x00000003 00000003 00000003 00000003 
core   3: 0x80000120 (0x0200b157) vadd.vi v2, v0, 1
core   3: 3 0x80000120 (0x0200b157) c8_vstart 0x00000000 e32 m1 l4 v2  0000000f 0x00000004 00000004 00000004 00000004 
core   0: 0x80000124 (0x020041d7) vadd.vx v3, v0, x0
core   0: 3 0x80000124 (0x020041d7) c8_vstart 0x00000000 e32 m1 l4 v3  0000000f 0x00000000 00000000 00000000 00000000 
core   1: 0x80000124 (0x020041d7) vadd.vx v3, v0, x0
core   1: 3 0x80000124 (0x020041d7) c8_vstart 0x00000000 e32 m1 l4 v3  0000000f 0x00000001 00000001 00000001 00000001 
core   2: 0x80000124 (0x020041d7) vadd.vx v3, v0, x0
core   2: 3 0x80000124 (0x020041d7) c8_vstart 0x00000000 e32 m1 l4 v3  0000000f 0x00000002 00000002 00000002 00000002 
core   3: 0x80000124 (0x020041d7) vadd.vx v3, v0, x0
core   3: 3 0x80000124 (0x020041d7) c8_vstart 0x00000000 e32 m1 l4 v3  0000000f 0x00000003 00000003 00000003 00000003 
core   0: 0x80000128 (0x0400200b) regext  x0, x0,  0 1 0 0 
core   0: 3 0x80000128 (0x0400200b)
core   1: 0x80000128 (0x0400200b) regext  x0, x0,  0 1 0 0 
core   1: 3 0x80000128 (0x0400200b)
core   2: 0x80000128 (0x0400200b) regext  x0, x0,  0 1 0 0 
core   2: 3 0x80000128 (0x0400200b)
core   3: 0x80000128 (0x0400200b) regext  x0, x0,  0 1 0 0 
core   3: 3 0x80000128 (0x0400200b)
core   0: 0x8000012c (0xa612e1d7) vmadd.vx v3, v1, x5
core   0: 3 0x8000012c (0xa612e1d7) c8_vstart 0x00000000 e32 m1 l4 v3  0000000f 0x00000003 00000002 00000001 00000000 
core   1: 0x8000012c (0xa612e1d7) vmadd.vx v3, v1, x5
core   1: 3 0x8000012c (0xa612e1d7) c8_vstart 0x00000000 e32 m1 l4 v3  0000000f 0x00000009 00000008 00000007 00000006 
core   2: 0x8000012c (0xa612e1d7) vmadd.vx v3, v1, x5
core   2: 3 0x8000012c (0xa612e1d7) c8_vstart 0x00000000 e32 m1 l4 v3  0000000f 0x0000000f 0000000e 0000000d 0000000c 
core   3: 0x8000012c (0xa612e1d7) vmadd.vx v3, v1, x5
core   3: 3 0x8000012c (0xa612e1d7) c8_vstart 0x00000000 e32 m1 l4 v3  0000000f 0x00000015 00000014 00000013 00000012 
core   0: 0x80000130 (0x5e02c257) vmv.v.x v4, x5
core   0: 3 0x80000130 (0x5e02c257) c8_vstart 0x00000000 e32 m1 l4 v4  0000000f 0x00000006 00000006 00000006 00000006 
core   1: 0x80000130 (0x5e02c257) vmv.v.x v4, x5
core   1: 3 0x80000130 (0x5e02c257) c8_vstart 0x00000000 e32 m1 l4 v4  0000000f 0x00000006 00000006 00000006 00000006 
core   2: 0x80000130 (0x5e02c257) vmv.v.x v4, x5
core   2: 3 0x80000130 (0x5e02c257) c8_vstart 0x00000000 e32 m1 l4 v4  0000000f 0x00000006 00000006 00000006 00000006 
core   3: 0x80000130 (0x5e02c257) vmv.v.x v4, x5
core   3: 3 0x80000130 (0x5e02c257) c8_vstart 0x00000000 e32 m1 l4 v4  0000000f 0x00000006 00000006 00000006 00000006 
core   0: 0x80000134 (0x963131d7) vsll.vi v3, v3, 2
core   0: 3 0x80000134 (0x963131d7) c8_vstart 0x00000000 e32 m1 l4 v3  0000000f 0x0000000c 00000008 00000004 00000000 
core   1: 0x80000134 (0x963131d7) vsll.vi v3, v3, 2
core   1: 3 0x80000134 (0x963131d7) c8_vstart 0x00000000 e32 m1 l4 v3  0000000f 0x00000024 00000020 0000001c 00000018 
core   2: 0x80000134 (0x963131d7) vsll.vi v3, v3, 2
core   2: 3 0x80000134 (0x963131d7) c8_vstart 0x00000000 e32 m1 l4 v3  0000000f 0x0000003c 00000038 00000034 00000030 
core   3: 0x80000134 (0x963131d7) vsll.vi v3, v3, 2
core   3: 3 0x80000134 (0x963131d7) c8_vstart 0x00000000 e32 m1 l4 v3  0000000f 0x00000054 00000050 0000004c 00000048 
core   0: 0x80000138 (0xff412283) lw      x5, -12(x2)
core   0: 3 0x80000138 (0xff412283) x5  0x90000000 mem 0x70000008
core   1: 0x80000138 (0xff412283) lw      x5, -12(x2)
core   1: 3 0x80000138 (0xff412283) x5  0x90000000 mem 0x70000408
core   2: 0x80000138 (0xff412283) lw      x5, -12(x2)
core   2: 3 0x80000138 (0xff412283) x5  0x90000000 mem 0x70000808
core   3: 0x80000138 (0xff412283) lw      x5, -12(x2)
core   3: 3 0x80000138 (0xff412283) x5  0x90000000 mem 0x70000c08
core   0: 0x8000013c (0x5e02c2d7) vmv.v.x v5, x5
core   0: 3 0x8000013c (0x5e02c2d7) c8_vstart 0x00000000 e32 m1 l4 v5  0000000f 0x90000000 90000000 90000000 90000000 
core   1: 0x8000013c (0x5e02c2d7) vmv.v.x v5, x5
core   1: 3 0x8000013c (0x5e02c2d7) c8_vstart 0x00000000 e32 m1 l4 v5  0000000f 0x90000000 90000000 90000000 90000000 
core   2: 0x8000013c (0x5e02c2d7) vmv.v.x v5, x5
core   2: 3 0x8000013c (0x5e02c2d7) c8_vstart 0x00000000 e32 m1 l4 v5  0000000f 0x90000000 90000000 90000000 90000000 
core   3: 0x8000013c (0x5e02c2d7) vmv.v.x v5, x5
core   3: 3 0x8000013c (0x5e02c2d7) c8_vstart 0x00000000 e32 m1 l4 v5  0000000f 0x90000000 90000000 90000000 90000000 
core   0: 0x80000140 (0x0232c1d7) vadd.vx v3, v3, x5
core   0: 3 0x80000140 (0x0232c1d7) c8_vstart 0x00000000 e32 m1 l4 v3  0000000f 0x9000000c 90000008 90000004 90000000 
core   1: 0x80000140 (0x0232c1d7) vadd.vx v3, v3, x5
core   1: 3 0x80000140 (0x0232c1d7) c8_vstart 0x00000000 e32 m1 l4 v3  0000000f 0x90000024 90000020 9000001c 90000018 
core   2: 0x80000140 (0x0232c1d7) vadd.vx v3, v3, x5
core   2: 3 0x80000140 (0x0232c1d7) c8_vstart 0x00000000 e32 m1 l4 v3  0000000f 0x9000003c 90000038 90000034 90000030 
core   3: 0x80000140 (0x0232c1d7) vadd.vx v3, v3, x5
core   3: 3 0x80000140 (0x0232c1d7) c8_vstart 0x00000000 e32 m1 l4 v3  0000000f 0x90000054 90000050 9000004c 90000048 
core   0: 0x80000144 (0x0001a1fb) vlw12.v v3, v3, 0
core   0: 3 0x80000144 (0x0001a1fb) e32 m1 l4 v3  0000000f 0x00000000 00000000 00000000 00000000  c8_vstart 0x00000000 mem 0x90000000 mem 0x90000004 mem 0x90000008 mem 0x9000000c
core   1: 0x80000144 (0x0001a1fb) vlw12.v v3, v3, 0
core   1: 3 0x80000144 (0x0001a1fb) e32 m1 l4 v3  0000000f 0x00000000 00000000 00000000 00000000  c8_vstart 0x00000000 mem 0x90000018 mem 0x9000001c mem 0x90000020 mem 0x90000024
core   2: 0x80000144 (0x0001a1fb) vlw12.v v3, v3, 0
core   2: 3 0x80000144 (0x0001a1fb) e32 m1 l4 v3  0000000f 0x00000000 00000000 00000000 00000000  c8_vstart 0x00000000 mem 0x90000030 mem 0x90000034 mem 0x90000038 mem 0x9000003c
core   3: 0x80000144 (0x0001a1fb) vlw12.v v3, v3, 0
core   3: 3 0x80000144 (0x0001a1fb) e32 m1 l4 v3  0000000f 0x00000000 00000000 00000000 00000000  c8_vstart 0x00000000 mem 0x90000048 mem 0x9000004c mem 0x90000050 mem 0x90000054
core   0: 0x80000148 (0xff812483) lw      x9, -8(x2)
core   0: 3 0x80000148 (0xff812483) x9  0x90001000 mem 0x7000000c
core   1: 0x80000148 (0xff812483) lw      x9, -8(x2)
core   1: 3 0x80000148 (0xff812483) x9  0x90001000 mem 0x7000040c
core   2: 0x80000148 (0xff812483) lw      x9, -8(x2)
core   2: 3 0x80000148 (0xff812483) x9  0x90001000 mem 0x7000080c
core   3: 0x80000148 (0xff812483) lw      x9, -8(x2)
core   3: 3 0x80000148 (0xff812483) x9  0x90001000 mem 0x70000c0c
core   0: 0x8000014c (0x0004a283) lw      x5, 0(x9)
core   0: 3 0x8000014c (0x0004a283) x5  0x3ebeff16 mem 0x90001000
core   1: 0x8000014c (0x0004a283) lw      x5, 0(x9)
core   1: 3 0x8000014c (0x0004a283) x5  0x3ebeff16 mem 0x90001000
core   2: 0x8000014c (0x0004a283) lw      x5, 0(x9)
core   2: 3 0x8000014c (0x0004a283) x5  0x3ebeff16 mem 0x90001000
core   3: 0x8000014c (0x0004a283) lw      x5, 0(x9)
core   3: 3 0x8000014c (0x0004a283) x5  0x3ebeff16 mem 0x90001000
core   0: 0x80000150 (0x80003337) lui     x6, 0x80003
core   0: 3 0x80000150 (0x80003337) x6  0x80003000
core   1: 0x80000150 (0x80003337) lui     x6, 0x80003
core   1: 3 0x80000150 (0x80003337) x6  0x80003000
core   2: 0x80000150 (0x80003337) lui     x6, 0x80003
core   2: 3 0x80000150 (0x80003337) x6  0x80003000
core   3: 0x80000150 (0x80003337) lui     x6, 0x80003
core   3: 3 0x80000150 (0x80003337) x6  0x80003000
core   0: 0x80000154 (0x00832303) lw      x6, 8(x6)
core   0: 3 0x80000154 (0x00832303) x6  0x00000000 mem 0x80003008
core   1: 0x80000154 (0x00832303) lw      x6, 8(x6)
core   1: 3 0x80000154 (0x00832303) x6  0x00000000 mem 0x80003008
core   2: 0x80000154 (0x00832303) lw      x6, 8(x6)
core   2: 3 0x80000154 (0x00832303) x6  0x00000000 mem 0x80003008
core   3: 0x80000154 (0x00832303) lw      x6, 8(x6)
core   3: 3 0x80000154 (0x00832303) x6  0x00000000 mem 0x80003008
core   0: 0x80000158 (0x5e02c357) vmv.v.x v6, x5
core   0: 3 0x80000158 (0x5e02c357) c8_vstart 0x00000000 e32 m1 l4 v6  0000000f 0x3ebeff16 3ebeff16 3ebeff16 3ebeff16 
core   1: 0x80000158 (0x5e02c357) vmv.v.x v6, x5
core   1: 3 0x80000158 (0x5e02c357) c8_vstart 0x00000000 e32 m1 l4 v6  0000000f 0x3ebeff16 3ebeff16 3ebeff16 3ebeff16 
core   2: 0x80000158 (0x5e02c357) vmv.v.x v6, x5
core   2: 3 0x80000158 (0x5e02c357) c8_vstart 0x00000000 e32 m1 l4 v6  0000000f 0x3ebeff16 3ebeff16 3ebeff16 3ebeff16 
core   3: 0x80000158 (0x5e02c357) vmv.v.x v6, x5
core   3: 3 0x80000158 (0x5e02c357) c8_vstart 0x00000000 e32 m1 l4 v6  0000000f 0x3ebeff16 3ebeff16 3ebeff16 3ebeff16 
core   0: 0x8000015c (0x5e0343d7) vmv.v.x v7, x6
core   0: 3 0x8000015c (0x5e0343d7) c8_vstart 0x00000000 e32 m1 l4 v7  0000000f 0x00000000 00000000 00000000 00000000 
core   1: 0x8000015c (0x5e0343d7) vmv.v.x v7, x6
core   1: 3 0x8000015c (0x5e0343d7) c8_vstart 0x00000000 e32 m1 l4 v7  0000000f 0x00000000 00000000 00000000 00000000 
core   2: 0x8000015c (0x5e0343d7) vmv.v.x v7, x6
core   2: 3 0x8000015c (0x5e0343d7) c8_vstart 0x00000000 e32 m1 l4 v7  0000000f 0x00000000 00000000 00000000 00000000 
core   3: 0x8000015c (0x5e0343d7) vmv.v.x v7, x6
core   3: 3 0x8000015c (0x5e0343d7) c8_vstart 0x00000000 e32 m1 l4 v7  0000000f 0x00000000 00000000 00000000 00000000 
core   0: 0x80000160 (0xa27311d7) vfmadd.vv v3, v7, v6
core   0: 3 0x80000160 (0xa27311d7) c8_vstart 0x00000000 e32 m1 l4 v3  0000000f 0x00000000 00000000 00000000 00000000 
core   1: 0x80000160 (0xa27311d7) vfmadd.vv v3, v7, v6
core   1: 3 0x80000160 (0xa27311d7) c8_vstart 0x00000000 e32 m1 l4 v3  0000000f 0x00000000 00000000 00000000 00000000 
core   2: 0x80000160 (0xa27311d7) vfmadd.vv v3, v7, v6
core   2: 3 0x80000160 (0xa27311d7) c8_vstart 0x00000000 e32 m1 l4 v3  0000000f 0x00000000 00000000 00000000 00000000 
core   3: 0x80000160 (0xa27311d7) vfmadd.vv v3, v7, v6
core   3: 3 0x80000160 (0xa27311d7) c8_vstart 0x00000000 e32 m1 l4 v3  0000000f 0x00000000 00000000 00000000 00000000 
core   0: 0x80000164 (0x02004357) vadd.vx v6, v0, x0
core   0: 3 0x80000164 (0x02004357) c8_vstart 0x00000000 e32 m1 l4 v6  0000000f 0x00000000 00000000 00000000 00000000 
core   1: 0x80000164 (0x02004357) vadd.vx v6, v0, x0
core   1: 3 0x80000164 (0x02004357) c8_vstart 0x00000000 e32 m1 l4 v6  0000000f 0x00000001 00000001 00000001 00000001 
core   2: 0x80000164 (0x02004357) vadd.vx v6, v0, x0
core   2: 3 0x80000164 (0x02004357) c8_vstart 0x00000000 e32 m1 l4 v6  0000000f 0x00000002 00000002 00000002 00000002 
core   3: 0x80000164 (0x02004357) vadd.vx v6, v0, x0
core   3: 3 0x80000164 (0x02004357) c8_vstart 0x00000000 e32 m1 l4 v6  0000000f 0x00000003 00000003 00000003 00000003 
core   0: 0x80000168 (0xa6122357) vmadd.vv v6, v1, v4
core   0: 3 0x80000168 (0xa6122357) c8_vstart 0x00000000 e32 m1 l4 v6  0000000f 0x00000004 00000003 00000002 00000001 
core   1: 0x80000168 (0xa6122357) vmadd.vv v6, v1, v4
core   1: 3 0x80000168 (0xa6122357) c8_vstart 0x00000000 e32 m1 l4 v6  0000000f 0x0000000a 00000009 00000008 00000007 
core   2: 0x80000168 (0xa6122357) vmadd.vv v6, v1, v4
core   2: 3 0x80000168 (0xa6122357) c8_vstart 0x00000000 e32 m1 l4 v6  0000000f 0x00000010 0000000f 0000000e 0000000d 
core   3: 0x80000168 (0xa6122357) vmadd.vv v6, v1, v4
core   3: 3 0x80000168 (0xa6122357) c8_vstart 0x00000000 e32 m1 l4 v6  0000000f 0x00000016 00000015 00000014 00000013 
core   0: 0x8000016c (0x96613357) vsll.vi v6, v6, 2
core   0: 3 0x8000016c (0x96613357) c8_vstart 0x00000000 e32 m1 l4 v6  0000000f 0x00000010 0000000c 00000008 00000004 
core   1: 0x8000016c (0x96613357) vsll.vi v6, v6, 2
core   1: 3 0x8000016c (0x96613357) c8_vstart 0x00000000 e32 m1 l4 v6  0000000f 0x00000028 00000024 00000020 0000001c 
core   2: 0x8000016c (0x96613357) vsll.vi v6, v6, 2
core   2: 3 0x8000016c (0x96613357) c8_vstart 0x00000000 e32 m1 l4 v6  0000000f 0x00000040 0000003c 00000038 00000034 
core   3: 0x8000016c (0x96613357) vsll.vi v6, v6, 2
core   3: 3 0x8000016c (0x96613357) c8_vstart 0x00000000 e32 m1 l4 v6  0000000f 0x00000058 00000054 00000050 0000004c 
core   0: 0x80000170 (0x02530357) vadd.vv v6, v5, v6
core   0: 3 0x80000170 (0x02530357) c8_vstart 0x00000000 e32 m1 l4 v6  0000000f 0x90000010 9000000c 90000008 90000004 
core   1: 0x80000170 (0x02530357) vadd.vv v6, v5, v6
core   1: 3 0x80000170 (0x02530357) c8_vstart 0x00000000 e32 m1 l4 v6  0000000f 0x90000028 90000024 90000020 9000001c 
core   2: 0x80000170 (0x02530357) vadd.vv v6, v5, v6
core   2: 3 0x80000170 (0x02530357) c8_vstart 0x00000000 e32 m1 l4 v6  0000000f 0x90000040 9000003c 90000038 90000034 
core   3: 0x80000170 (0x02530357) vadd.vv v6, v5, v6
core   3: 3 0x80000170 (0x02530357) c8_vstart 0x00000000 e32 m1 l4 v6  0000000f 0x90000058 90000054 90000050 9000004c 
core   0: 0x80000174 (0x0044a283) lw      x5, 4(x9)
core   0: 3 0x80000174 (0x0044a283) x5  0x3f12fb22 mem 0x90001004
core   1: 0x80000174 (0x0044a283) lw      x5, 4(x9)
core   1: 3 0x80000174 (0x0044a283) x5  0x3f12fb22 mem 0x90001004
core   2: 0x80000174 (0x0044a283) lw      x5, 4(x9)
core   2: 3 0x80000174 (0x0044a283) x5  0x3f12fb22 mem 0x90001004
core   3: 0x80000174 (0x0044a283) lw      x5, 4(x9)
core   3: 3 0x80000174 (0x0044a283) x5  0x3f12fb22 mem 0x90001004
core   0: 0x80000178 (0x0003237b) vlw12.v v6, v6, 0
core   0: 3 0x80000178 (0x0003237b) e32 m1 l4 v6  0000000f 0x00000000 00000000 00000000 00000000  c8_vstart 0x00000000 mem 0x90000004 mem 0x90000008 mem 0x9000000c mem 0x90000010
core   1: 0x80000178 (0x0003237b) vlw12.v v6, v6, 0
core   1: 3 0x80000178 (0x0003237b) e32 m1 l4 v6  0000000f 0x00000000 00000000 00000000 00000000  c8_vstart 0x00000000 mem 0x9000001c mem 0x90000020 mem 0x90000024 mem 0x90000028
core   2: 0x80000178 (0x0003237b) vlw12.v v6, v6, 0
core   2: 3 0x80000178 (0x0003237b) e32 m1 l4 v6  0000000f 0x00000000 00000000 00000000 00000000  c8_vstart 0x00000000 mem 0x90000034 mem 0x90000038 mem 0x9000003c mem 0x90000040
core   3: 0x80000178 (0x0003237b) vlw12.v v6, v6, 0
core   3: 3 0x80000178 (0x0003237b) e32 m1 l4 v6  0000000f 0x00000000 00000000 00000000 00000000  c8_vstart 0x00000000 mem 0x9000004c mem 0x90000050 mem 0x90000054 mem 0x90000058
core   0: 0x8000017c (0x5e02c3d7) vmv.v.x v7, x5
core   0: 3 0x8000017c (0x5e02c3d7) c8_vstart 0x00000000 e32 m1 l4 v7  0000000f 0x3f12fb22 3f12fb22 3f12fb22 3f12fb22 
core   1: 0x8000017c (0x5e02c3d7) vmv.v.x v7, x5
core   1: 3 0x8000017c (0x5e02c3d7) c8_vstart 0x00000000 e32 m1 l4 v7  0000000f 0x3f12fb22 3f12fb22 3f12fb22 3f12fb22 
core   2: 0x8000017c (0x5e02c3d7) vmv.v.x v7, x5
core   2: 3 0x8000017c (0x5e02c3d7) c8_vstart 0x00000000 e32 m1 l4 v7  0000000f 0x3f12fb22 3f12fb22 3f12fb22 3f12fb22 
core   3: 0x8000017c (0x5e02c3d7) vmv.v.x v7, x5
core   3: 3 0x8000017c (0x5e02c3d7) c8_vstart 0x00000000 e32 m1 l4 v7  0000000f 0x3f12fb22 3f12fb22 3f12fb22 3f12fb22 
core   0: 0x80000180 (0x0400200b) regext  x0, x0,  0 1 0 0 
core   0: 3 0x80000180 (0x0400200b)
core   1: 0x80000180 (0x0400200b) regext  x0, x0,  0 1 0 0 
core   1: 3 0x80000180 (0x0400200b)
core   2: 0x80000180 (0x0400200b) regext  x0, x0,  0 1 0 0 
core   2: 3 0x80000180 (0x0400200b)
core   3: 0x80000180 (0x0400200b) regext  x0, x0,  0 1 0 0 
core   3: 3 0x80000180 (0x0400200b)
core   0: 0x80000184 (0x02113457) vadd.vi v8, v1, 2
core   0: 3 0x80000184 (0x02113457) c8_vstart 0x00000000 e32 m1 l4 v8  0000000f 0x00000005 00000004 00000003 00000002 
core   1: 0x80000184 (0x02113457) vadd.vi v8, v1, 2
core   1: 3 0x80000184 (0x02113457) c8_vstart 0x00000000 e32 m1 l4 v8  0000000f 0x00000005 00000004 00000003 00000002 
core   2: 0x80000184 (0x02113457) vadd.vi v8, v1, 2
core   2: 3 0x80000184 (0x02113457) c8_vstart 0x00000000 e32 m1 l4 v8  0000000f 0x00000005 00000004 00000003 00000002 
core   3: 0x80000184 (0x02113457) vadd.vi v8, v1, 2
core   3: 3 0x80000184 (0x02113457) c8_vstart 0x00000000 e32 m1 l4 v8  0000000f 0x00000005 00000004 00000003 00000002 
core   0: 0x80000188 (0x020044d7) vadd.vx v9, v0, x0
core   0: 3 0x80000188 (0x020044d7) c8_vstart 0x00000000 e32 m1 l4 v9  0000000f 0x00000000 00000000 00000000 00000000 
core   1: 0x80000188 (0x020044d7) vadd.vx v9, v0, x0
core   1: 3 0x80000188 (0x020044d7) c8_vstart 0x00000000 e32 m1 l4 v9  0000000f 0x00000001 00000001 00000001 00000001 
core   2: 0x80000188 (0x020044d7) vadd.vx v9, v0, x0
core   2: 3 0x80000188 (0x020044d7) c8_vstart 0x00000000 e32 m1 l4 v9  0000000f 0x00000002 00000002 00000002 00000002 
core   3: 0x80000188 (0x020044d7) vadd.vx v9, v0, x0
core   3: 3 0x80000188 (0x020044d7) c8_vstart 0x00000000 e32 m1 l4 v9  0000000f 0x00000003 00000003 00000003 00000003 
core   0: 0x8000018c (0xa68224d7) vmadd.vv v9, v8, v4
core   0: 3 0x8000018c (0xa68224d7) c8_vstart 0x00000000 e32 m1 l4 v9  0000000f 0x00000005 00000004 00000003 00000002 
core   1: 0x8000018c (0xa68224d7) vmadd.vv v9, v8, v4
core   1: 3 0x8000018c (0xa68224d7) c8_vstart 0x00000000 e32 m1 l4 v9  0000000f 0x0000000b 0000000a 00000009 00000008 
core   2: 0x8000018c (0xa68224d7) vmadd.vv v9, v8, v4
core   2: 3 0x8000018c (0xa68224d7) c8_vstart 0x00000000 e32 m1 l4 v9  0000000f 0x00000011 00000010 0000000f 0000000e 
core   3: 0x8000018c (0xa68224d7) vmadd.vv v9, v8, v4
core   3: 3 0x8000018c (0xa68224d7) c8_vstart 0x00000000 e32 m1 l4 v9  0000000f 0x00000017 00000016 00000015 00000014 
core   0: 0x80000190 (0x969134d7) vsll.vi v9, v9, 2
core   0: 3 0x80000190 (0x969134d7) c8_vstart 0x00000000 e32 m1 l4 v9  0000000f 0x00000014 00000010 0000000c 00000008 
core   1: 0x80000190 (0x969134d7) vsll.vi v9, v9, 2
core   1: 3 0x80000190 (0x969134d7) c8_vstart 0x00000000 e32 m1 l4 v9  0000000f 0x0000002c 00000028 00000024 00000020 
core   2: 0x80000190 (0x969134d7) vsll.vi v9, v9, 2
core   2: 3 0x80000190 (0x969134d7) c8_vstart 0x00000000 e32 m1 l4 v9  0000000f 0x00000044 00000040 0000003c 00000038 
core   3: 0x80000190 (0x969134d7) vsll.vi v9, v9, 2
core   3: 3 0x80000190 (0x969134d7) c8_vstart 0x00000000 e32 m1 l4 v9  0000000f 0x0000005c 00000058 00000054 00000050 
core   0: 0x80000194 (0x025484d7) vadd.vv v9, v5, v9
core   0: 3 0x80000194 (0x025484d7) c8_vstart 0x00000000 e32 m1 l4 v9  0000000f 0x90000014 90000010 9000000c 90000008 
core   1: 0x80000194 (0x025484d7) vadd.vv v9, v5, v9
core   1: 3 0x80000194 (0x025484d7) c8_vstart 0x00000000 e32 m1 l4 v9  0000000f 0x9000002c 90000028 90000024 90000020 
core   2: 0x80000194 (0x025484d7) vadd.vv v9, v5, v9
core   2: 3 0x80000194 (0x025484d7) c8_vstart 0x00000000 e32 m1 l4 v9  0000000f 0x90000044 90000040 9000003c 90000038 
core   3: 0x80000194 (0x025484d7) vadd.vv v9, v5, v9
core   3: 3 0x80000194 (0x025484d7) c8_vstart 0x00000000 e32 m1 l4 v9  0000000f 0x9000005c 90000058 90000054 90000050 
core   0: 0x80000198 (0x0004a4fb) vlw12.v v9, v9, 0
core   0: 3 0x80000198 (0x0004a4fb) e32 m1 l4 v9  0000000f 0x00000000 00000000 00000000 00000000  c8_vstart 0x00000000 mem 0x90000008 mem 0x9000000c mem 0x90000010 mem 0x90000014
core   1: 0x80000198 (0x0004a4fb) vlw12.v v9, v9, 0
core   1: 3 0x80000198 (0x0004a4fb) e32 m1 l4 v9  0000000f 0x00000000 00000000 00000000 00000000  c8_vstart 0x00000000 mem 0x90000020 mem 0x90000024 mem 0x90000028 mem 0x9000002c
core   2: 0x80000198 (0x0004a4fb) vlw12.v v9, v9, 0
core   2: 3 0x80000198 (0x0004a4fb) e32 m1 l4 v9  0000000f 0x00000000 00000000 00000000 00000000  c8_vstart 0x00000000 mem 0x90000038 mem 0x9000003c mem 0x90000040 mem 0x90000044
core   3: 0x80000198 (0x0004a4fb) vlw12.v v9, v9, 0
core   3: 3 0x80000198 (0x0004a4fb) e32 m1 l4 v9  0000000f 0x00000000 00000000 00000000 00000000  c8_vstart 0x00000000 mem 0x90000050 mem 0x90000054 mem 0x90000058 mem 0x9000005c
core   0: 0x8000019c (0x0084a283) lw      x5, 8(x9)
core   0: 3 0x8000019c (0x0084a283) x5  0x3ed22072 mem 0x90001008
core   1: 0x8000019c (0x0084a283) lw      x5, 8(x9)
core   1: 3 0x8000019c (0x0084a283) x5  0x3ed22072 mem 0x90001008
core   2: 0x8000019c (0x0084a283) lw      x5, 8(x9)
core   2: 3 0x8000019c (0x0084a283) x5  0x3ed22072 mem 0x90001008
core   3: 0x8000019c (0x0084a283) lw      x5, 8(x9)
core   3: 3 0x8000019c (0x0084a283) x5  0x3ed22072 mem 0x90001008
core   0: 0x800001a0 (0xa2339357) vfmadd.vv v6, v3, v7
core   0: 3 0x800001a0 (0xa2339357) c8_vstart 0x00000000 e32 m1 l4 v6  0000000f 0x00000000 00000000 00000000 00000000 
core   1: 0x800001a0 (0xa2339357) vfmadd.vv v6, v3, v7
core   1: 3 0x800001a0 (0xa2339357) c8_vstart 0x00000000 e32 m1 l4 v6  0000000f 0x00000000 00000000 00000000 00000000 
core   2: 0x800001a0 (0xa2339357) vfmadd.vv v6, v3, v7
core   2: 3 0x800001a0 (0xa2339357) c8_vstart 0x00000000 e32 m1 l4 v6  0000000f 0x00000000 00000000 00000000 00000000 
core   3: 0x800001a0 (0xa2339357) vfmadd.vv v6, v3, v7
core   3: 3 0x800001a0 (0xa2339357) c8_vstart 0x00000000 e32 m1 l4 v6  0000000f 0x00000000 00000000 00000000 00000000 
core   0: 0x800001a4 (0x5e02c1d7) vmv.v.x v3, x5
core   0: 3 0x800001a4 (0x5e02c1d7) c8_vstart 0x00000000 e32 m1 l4 v3  0000000f 0x3ed22072 3ed22072 3ed22072 3ed22072 
core   1: 0x800001a4 (0x5e02c1d7) vmv.v.x v3, x5
core   1: 3 0x800001a4 (0x5e02c1d7) c8_vstart 0x00000000 e32 m1 l4 v3  0000000f 0x3ed22072 3ed22072 3ed22072 3ed22072 
core   2: 0x800001a4 (0x5e02c1d7) vmv.v.x v3, x5
core   2: 3 0x800001a4 (0x5e02c1d7) c8_vstart 0x00000000 e32 m1 l4 v3  0000000f 0x3ed22072 3ed22072 3ed22072 3ed22072 
core   3: 0x800001a4 (0x5e02c1d7) vmv.v.x v3, x5
core   3: 3 0x800001a4 (0x5e02c1d7) c8_vstart 0x00000000 e32 m1 l4 v3  0000000f 0x3ed22072 3ed22072 3ed22072 3ed22072 
core   0: 0x800001a8 (0xa26194d7) vfmadd.vv v9, v6, v3
core   0: 3 0x800001a8 (0xa26194d7) c8_vstart 0x00000000 e32 m1 l4 v9  0000000f 0x00000000 00000000 00000000 00000000 
core   1: 0x800001a8 (0xa26194d7) vfmadd.vv v9, v6, v3
core   1: 3 0x800001a8 (0xa26194d7) c8_vstart 0x00000000 e32 m1 l4 v9  0000000f 0x00000000 00000000 00000000 00000000 
core   2: 0x800001a8 (0xa26194d7) vfmadd.vv v9, v6, v3
core   2: 3 0x800001a8 (0xa26194d7) c8_vstart 0x00000000 e32 m1 l4 v9  0000000f 0x00000000 00000000 00000000 00000000 
core   3: 0x800001a8 (0xa26194d7) vfmadd.vv v9, v6, v3
core   3: 3 0x800001a8 (0xa26194d7) c8_vstart 0x00000000 e32 m1 l4 v9  0000000f 0x00000000 00000000 00000000 00000000 
core   0: 0x800001ac (0x022041d7) vadd.vx v3, v2, x0
core   0: 3 0x800001ac (0x022041d7) c8_vstart 0x00000000 e32 m1 l4 v3  0000000f 0x00000001 00000001 00000001 00000001 
core   1: 0x800001ac (0x022041d7) vadd.vx v3, v2, x0
core   1: 3 0x800001ac (0x022041d7) c8_vstart 0x00000000 e32 m1 l4 v3  0000000f 0x00000002 00000002 00000002 00000002 
core   2: 0x800001ac (0x022041d7) vadd.vx v3, v2, x0
core   2: 3 0x800001ac (0x022041d7) c8_vstart 0x00000000 e32 m1 l4 v3  0000000f 0x00000003 00000003 00000003 00000003 
core   3: 0x800001ac (0x022041d7) vadd.vx v3, v2, x0
core   3: 3 0x800001ac (0x022041d7) c8_vstart 0x00000000 e32 m1 l4 v3  0000000f 0x00000004 00000004 00000004 00000004 
core   0: 0x800001b0 (0x0400200b) regext  x0, x0,  0 1 0 0 
core   0: 3 0x800001b0 (0x0400200b)
core   1: 0x800001b0 (0x0400200b) regext  x0, x0,  0 1 0 0 
core   1: 3 0x800001b0 (0x0400200b)
core   2: 0x800001b0 (0x0400200b) regext  x0, x0,  0 1 0 0 
core   2: 3 0x800001b0 (0x0400200b)
core   3: 0x800001b0 (0x0400200b) regext  x0, x0,  0 1 0 0 
core   3: 3 0x800001b0 (0x0400200b)
core   0: 0x800001b4 (0xa61221d7) vmadd.vv v3, v1, v4
core   0: 3 0x800001b4 (0xa61221d7) c8_vstart 0x00000000 e32 m1 l4 v3  0000000f 0x00000009 00000008 00000007 00000006 
core   1: 0x800001b4 (0xa61221d7) vmadd.vv v3, v1, v4
core   1: 3 0x800001b4 (0xa61221d7) c8_vstart 0x00000000 e32 m1 l4 v3  0000000f 0x0000000f 0000000e 0000000d 0000000c 
core   2: 0x800001b4 (0xa61221d7) vmadd.vv v3, v1, v4
core   2: 3 0x800001b4 (0xa61221d7) c8_vstart 0x00000000 e32 m1 l4 v3  0000000f 0x00000015 00000014 00000013 00000012 
core   3: 0x800001b4 (0xa61221d7) vmadd.vv v3, v1, v4
core   3: 3 0x800001b4 (0xa61221d7) c8_vstart 0x00000000 e32 m1 l4 v3  0000000f 0x0000001b 0000001a 00000019 00000018 
core   0: 0x800001b8 (0x963131d7) vsll.vi v3, v3, 2
core   0: 3 0x800001b8 (0x963131d7) c8_vstart 0x00000000 e32 m1 l4 v3  0000000f 0x00000024 00000020 0000001c 00000018 
core   1: 0x800001b8 (0x963131d7) vsll.vi v3, v3, 2
core   1: 3 0x800001b8 (0x963131d7) c8_vstart 0x00000000 e32 m1 l4 v3  0000000f 0x0000003c 00000038 00000034 00000030 
core   2: 0x800001b8 (0x963131d7) vsll.vi v3, v3, 2
core   2: 3 0x800001b8 (0x963131d7) c8_vstart 0x00000000 e32 m1 l4 v3  0000000f 0x00000054 00000050 0000004c 00000048 
core   3: 0x800001b8 (0x963131d7) vsll.vi v3, v3, 2
core   3: 3 0x800001b8 (0x963131d7) c8_vstart 0x00000000 e32 m1 l4 v3  0000000f 0x0000006c 00000068 00000064 00000060 
core   0: 0x800001bc (0x025181d7) vadd.vv v3, v5, v3
core   0: 3 0x800001bc (0x025181d7) c8_vstart 0x00000000 e32 m1 l4 v3  0000000f 0x90000024 90000020 9000001c 90000018 
core   1: 0x800001bc (0x025181d7) vadd.vv v3, v5, v3
core   1: 3 0x800001bc (0x025181d7) c8_vstart 0x00000000 e32 m1 l4 v3  0000000f 0x9000003c 90000038 90000034 90000030 
core   2: 0x800001bc (0x025181d7) vadd.vv v3, v5, v3
core   2: 3 0x800001bc (0x025181d7) c8_vstart 0x00000000 e32 m1 l4 v3  0000000f 0x90000054 90000050 9000004c 90000048 
core   3: 0x800001bc (0x025181d7) vadd.vv v3, v5, v3
core   3: 3 0x800001bc (0x025181d7) c8_vstart 0x00000000 e32 m1 l4 v3  0000000f 0x9000006c 90000068 90000064 90000060 
core   0: 0x800001c0 (0x00c4a283) lw      x5, 12(x9)
core   0: 3 0x800001c0 (0x00c4a283) x5  0x3f0b8885 mem 0x9000100c
core   1: 0x800001c0 (0x00c4a283) lw      x5, 12(x9)
core   1: 3 0x800001c0 (0x00c4a283) x5  0x3f0b8885 mem 0x9000100c
core   2: 0x800001c0 (0x00c4a283) lw      x5, 12(x9)
core   2: 3 0x800001c0 (0x00c4a283) x5  0x3f0b8885 mem 0x9000100c
core   3: 0x800001c0 (0x00c4a283) lw      x5, 12(x9)
core   3: 3 0x800001c0 (0x00c4a283) x5  0x3f0b8885 mem 0x9000100c
core   0: 0x800001c4 (0x0001a1fb) vlw12.v v3, v3, 0
core   0: 3 0x800001c4 (0x0001a1fb) e32 m1 l4 v3  0000000f 0x00000000 00000000 00000000 00000000  c8_vstart 0x00000000 mem 0x90000018 mem 0x9000001c mem 0x90000020 mem 0x90000024
core   1: 0x800001c4 (0x0001a1fb) vlw12.v v3, v3, 0
core   1: 3 0x800001c4 (0x0001a1fb) e32 m1 l4 v3  0000000f 0x00000000 00000000 00000000 00000000  c8_vstart 0x00000000 mem 0x90000030 mem 0x90000034 mem 0x90000038 mem 0x9000003c
core   2: 0x800001c4 (0x0001a1fb) vlw12.v v3, v3, 0
core   2: 3 0x800001c4 (0x0001a1fb) e32 m1 l4 v3  0000000f 0x00000000 00000000 00000000 00000000  c8_vstart 0x00000000 mem 0x90000048 mem 0x9000004c mem 0x90000050 mem 0x90000054
core   3: 0x800001c4 (0x0001a1fb) vlw12.v v3, v3, 0
core   3: 3 0x800001c4 (0x0001a1fb) e32 m1 l4 v3  0000000f 0x00000000 00000000 00000000 00000000  c8_vstart 0x00000000 mem 0x90000060 mem 0x90000064 mem 0x90000068 mem 0x9000006c
core   0: 0x800001c8 (0x5e02c357) vmv.v.x v6, x5
core   0: 3 0x800001c8 (0x5e02c357) c8_vstart 0x00000000 e32 m1 l4 v6  0000000f 0x3f0b8885 3f0b8885 3f0b8885 3f0b8885 
core   1: 0x800001c8 (0x5e02c357) vmv.v.x v6, x5
core   1: 3 0x800001c8 (0x5e02c357) c8_vstart 0x00000000 e32 m1 l4 v6  0000000f 0x3f0b8885 3f0b8885 3f0b8885 3f0b8885 
core   2: 0x800001c8 (0x5e02c357) vmv.v.x v6, x5
core   2: 3 0x800001c8 (0x5e02c357) c8_vstart 0x00000000 e32 m1 l4 v6  0000000f 0x3f0b8885 3f0b8885 3f0b8885 3f0b8885 
core   3: 0x800001c8 (0x5e02c357) vmv.v.x v6, x5
core   3: 3 0x800001c8 (0x5e02c357) c8_vstart 0x00000000 e32 m1 l4 v6  0000000f 0x3f0b8885 3f0b8885 3f0b8885 3f0b8885 
core   0: 0x800001cc (0x022043d7) vadd.vx v7, v2, x0
core   0: 3 0x800001cc (0x022043d7) c8_vstart 0x00000000 e32 m1 l4 v7  0000000f 0x00000001 00000001 00000001 00000001 
core   1: 0x800001cc (0x022043d7) vadd.vx v7, v2, x0
core   1: 3 0x800001cc (0x022043d7) c8_vstart 0x00000000 e32 m1 l4 v7  0000000f 0x00000002 00000002 00000002 00000002 
core   2: 0x800001cc (0x022043d7) vadd.vx v7, v2, x0
core   2: 3 0x800001cc (0x022043d7) c8_vstart 0x00000000 e32 m1 l4 v7  0000000f 0x00000003 00000003 00000003 00000003 
core   3: 0x800001cc (0x022043d7) vadd.vx v7, v2, x0
core   3: 3 0x800001cc (0x022043d7) c8_vstart 0x00000000 e32 m1 l4 v7  0000000f 0x00000004 00000004 00000004 00000004 
core   0: 0x800001d0 (0xa61223d7) vmadd.vv v7, v1, v4
core   0: 3 0x800001d0 (0xa61223d7) c8_vstart 0x00000000 e32 m1 l4 v7  0000000f 0x0000000a 00000009 00000008 00000007 
core   1: 0x800001d0 (0xa61223d7) vmadd.vv v7, v1, v4
core   1: 3 0x800001d0 (0xa61223d7) c8_vstart 0x00000000 e32 m1 l4 v7  0000000f 0x00000010 0000000f 0000000e 0000000d 
core   2: 0x800001d0 (0xa61223d7) vmadd.vv v7, v1, v4
core   2: 3 0x800001d0 (0xa61223d7) c8_vstart 0x00000000 e32 m1 l4 v7  0000000f 0x00000016 00000015 00000014 00000013 
core   3: 0x800001d0 (0xa61223d7) vmadd.vv v7, v1, v4
core   3: 3 0x800001d0 (0xa61223d7) c8_vstart 0x00000000 e32 m1 l4 v7  0000000f 0x0000001c 0000001b 0000001a 00000019 
core   0: 0x800001d4 (0x967133d7) vsll.vi v7, v7, 2
core   0: 3 0x800001d4 (0x967133d7) c8_vstart 0x00000000 e32 m1 l4 v7  0000000f 0x00000028 00000024 00000020 0000001c 
core   1: 0x800001d4 (0x967133d7) vsll.vi v7, v7, 2
core   1: 3 0x800001d4 (0x967133d7) c8_vstart 0x00000000 e32 m1 l4 v7  0000000f 0x00000040 0000003c 00000038 00000034 
core   2: 0x800001d4 (0x967133d7) vsll.vi v7, v7, 2
core   2: 3 0x800001d4 (0x967133d7) c8_vstart 0x00000000 e32 m1 l4 v7  0000000f 0x00000058 00000054 00000050 0000004c 
core   3: 0x800001d4 (0x967133d7) vsll.vi v7, v7, 2
core   3: 3 0x800001d4 (0x967133d7) c8_vstart 0x00000000 e32 m1 l4 v7  0000000f 0x00000070 0000006c 00000068 00000064 
core   0: 0x800001d8 (0x025383d7) vadd.vv v7, v5, v7
core   0: 3 0x800001d8 (0x025383d7) c8_vstart 0x00000000 e32 m1 l4 v7  0000000f 0x90000028 90000024 90000020 9000001c 
core   1: 0x800001d8 (0x025383d7) vadd.vv v7, v5, v7
core   1: 3 0x800001d8 (0x025383d7) c8_vstart 0x00000000 e32 m1 l4 v7  0000000f 0x90000040 9000003c 90000038 90000034 
core   2: 0x800001d8 (0x025383d7) vadd.vv v7, v5, v7
core   2: 3 0x800001d8 (0x025383d7) c8_vstart 0x00000000 e32 m1 l4 v7  0000000f 0x90000058 90000054 90000050 9000004c 
core   3: 0x800001d8 (0x025383d7) vadd.vv v7, v5, v7
core   3: 3 0x800001d8 (0x025383d7) c8_vstart 0x00000000 e32 m1 l4 v7  0000000f 0x90000070 9000006c 90000068 90000064 
core   0: 0x800001dc (0x0003a3fb) vlw12.v v7, v7, 0
core   0: 3 0x800001dc (0x0003a3fb) e32 m1 l4 v7  0000000f 0x00000000 00000000 00000000 00000000  c8_vstart 0x00000000 mem 0x9000001c mem 0x90000020 mem 0x90000024 mem 0x90000028
core   1: 0x800001dc (0x0003a3fb) vlw12.v v7, v7, 0
core   1: 3 0x800001dc (0x0003a3fb) e32 m1 l4 v7  0000000f 0x00000000 00000000 00000000 00000000  c8_vstart 0x00000000 mem 0x90000034 mem 0x90000038 mem 0x9000003c mem 0x90000040
core   2: 0x800001dc (0x0003a3fb) vlw12.v v7, v7, 0
core   2: 3 0x800001dc (0x0003a3fb) e32 m1 l4 v7  0000000f 0x00000000 00000000 00000000 00000000  c8_vstart 0x00000000 mem 0x9000004c mem 0x90000050 mem 0x90000054 mem 0x90000058
core   3: 0x800001dc (0x0003a3fb) vlw12.v v7, v7, 0
core   3: 3 0x800001dc (0x0003a3fb) e32 m1 l4 v7  0000000f 0x00000000 00000000 00000000 00000000  c8_vstart 0x00000000 mem 0x90000064 mem 0x90000068 mem 0x9000006c mem 0x90000070
core   0: 0x800001e0 (0x0104a283) lw      x5, 16(x9)
core   0: 3 0x800001e0 (0x0104a283) x5  0x3f2ded5c mem 0x90001010
core   1: 0x800001e0 (0x0104a283) lw      x5, 16(x9)
core   1: 3 0x800001e0 (0x0104a283) x5  0x3f2ded5c mem 0x90001010
core   2: 0x800001e0 (0x0104a283) lw      x5, 16(x9)
core   2: 3 0x800001e0 (0x0104a283) x5  0x3f2ded5c mem 0x90001010
core   3: 0x800001e0 (0x0104a283) lw      x5, 16(x9)
core   3: 3 0x800001e0 (0x0104a283) x5  0x3f2ded5c mem 0x90001010
core   0: 0x800001e4 (0xa29311d7) vfmadd.vv v3, v9, v6
core   0: 3 0x800001e4 (0xa29311d7) c8_vstart 0x00000000 e32 m1 l4 v3  0000000f 0x00000000 00000000 00000000 00000000 
core   1: 0x800001e4 (0xa29311d7) vfmadd.vv v3, v9, v6
core   1: 3 0x800001e4 (0xa29311d7) c8_vstart 0x00000000 e32 m1 l4 v3  0000000f 0x00000000 00000000 00000000 00000000 
core   2: 0x800001e4 (0xa29311d7) vfmadd.vv v3, v9, v6
core   2: 3 0x800001e4 (0xa29311d7) c8_vstart 0x00000000 e32 m1 l4 v3  0000000f 0x00000000 00000000 00000000 00000000 
core   3: 0x800001e4 (0xa29311d7) vfmadd.vv v3, v9, v6
core   3: 3 0x800001e4 (0xa29311d7) c8_vstart 0x00000000 e32 m1 l4 v3  0000000f 0x00000000 00000000 00000000 00000000 
core   0: 0x800001e8 (0x5e02c357) vmv.v.x v6, x5
core   0: 3 0x800001e8 (0x5e02c357) c8_vstart 0x00000000 e32 m1 l4 v6  0000000f 0x3f2ded5c 3f2ded5c 3f2ded5c 3f2ded5c 
core   1: 0x800001e8 (0x5e02c357) vmv.v.x v6, x5
core   1: 3 0x800001e8 (0x5e02c357) c8_vstart 0x00000000 e32 m1 l4 v6  0000000f 0x3f2ded5c 3f2ded5c 3f2ded5c 3f2ded5c 
core   2: 0x800001e8 (0x5e02c357) vmv.v.x v6, x5
core   2: 3 0x800001e8 (0x5e02c357) c8_vstart 0x00000000 e32 m1 l4 v6  0000000f 0x3f2ded5c 3f2ded5c 3f2ded5c 3f2ded5c 
core   3: 0x800001e8 (0x5e02c357) vmv.v.x v6, x5
core   3: 3 0x800001e8 (0x5e02c357) c8_vstart 0x00000000 e32 m1 l4 v6  0000000f 0x3f2ded5c 3f2ded5c 3f2ded5c 3f2ded5c 
core   0: 0x800001ec (0xa23313d7) vfmadd.vv v7, v3, v6
core   0: 3 0x800001ec (0xa23313d7) c8_vstart 0x00000000 e32 m1 l4 v7  0000000f 0x00000000 00000000 00000000 00000000 
core   1: 0x800001ec (0xa23313d7) vfmadd.vv v7, v3, v6
core   1: 3 0x800001ec (0xa23313d7) c8_vstart 0x00000000 e32 m1 l4 v7  0000000f 0x00000000 00000000 00000000 00000000 
core   2: 0x800001ec (0xa23313d7) vfmadd.vv v7, v3, v6
core   2: 3 0x800001ec (0xa23313d7) c8_vstart 0x00000000 e32 m1 l4 v7  0000000f 0x00000000 00000000 00000000 00000000 
core   3: 0x800001ec (0xa23313d7) vfmadd.vv v7, v3, v6
core   3: 3 0x800001ec (0xa23313d7) c8_vstart 0x00000000 e32 m1 l4 v7  0000000f 0x00000000 00000000 00000000 00000000 
core   0: 0x800001f0 (0xa6822157) vmadd.vv v2, v8, v4
core   0: 3 0x800001f0 (0xa6822157) c8_vstart 0x00000000 e32 m1 l4 v2  0000000f 0x0000000b 0000000a 00000009 00000008 
core   1: 0x800001f0 (0xa6822157) vmadd.vv v2, v8, v4
core   1: 3 0x800001f0 (0xa6822157) c8_vstart 0x00000000 e32 m1 l4 v2  0000000f 0x00000011 00000010 0000000f 0000000e 
core   2: 0x800001f0 (0xa6822157) vmadd.vv v2, v8, v4
core   2: 3 0x800001f0 (0xa6822157) c8_vstart 0x00000000 e32 m1 l4 v2  0000000f 0x00000017 00000016 00000015 00000014 
core   3: 0x800001f0 (0xa6822157) vmadd.vv v2, v8, v4
core   3: 3 0x800001f0 (0xa6822157) c8_vstart 0x00000000 e32 m1 l4 v2  0000000f 0x0000001d 0000001c 0000001b 0000001a 
core   0: 0x800001f4 (0x96213157) vsll.vi v2, v2, 2
core   0: 3 0x800001f4 (0x96213157) c8_vstart 0x00000000 e32 m1 l4 v2  0000000f 0x0000002c 00000028 00000024 00000020 
core   1: 0x800001f4 (0x96213157) vsll.vi v2, v2, 2
core   1: 3 0x800001f4 (0x96213157) c8_vstart 0x00000000 e32 m1 l4 v2  0000000f 0x00000044 00000040 0000003c 00000038 
core   2: 0x800001f4 (0x96213157) vsll.vi v2, v2, 2
core   2: 3 0x800001f4 (0x96213157) c8_vstart 0x00000000 e32 m1 l4 v2  0000000f 0x0000005c 00000058 00000054 00000050 
core   3: 0x800001f4 (0x96213157) vsll.vi v2, v2, 2
core   3: 3 0x800001f4 (0x96213157) c8_vstart 0x00000000 e32 m1 l4 v2  0000000f 0x00000074 00000070 0000006c 00000068 
core   0: 0x800001f8 (0x02510157) vadd.vv v2, v5, v2
core   0: 3 0x800001f8 (0x02510157) c8_vstart 0x00000000 e32 m1 l4 v2  0000000f 0x9000002c 90000028 90000024 90000020 
core   1: 0x800001f8 (0x02510157) vadd.vv v2, v5, v2
core   1: 3 0x800001f8 (0x02510157) c8_vstart 0x00000000 e32 m1 l4 v2  0000000f 0x90000044 90000040 9000003c 90000038 
core   2: 0x800001f8 (0x02510157) vadd.vv v2, v5, v2
core   2: 3 0x800001f8 (0x02510157) c8_vstart 0x00000000 e32 m1 l4 v2  0000000f 0x9000005c 90000058 90000054 90000050 
core   3: 0x800001f8 (0x02510157) vadd.vv v2, v5, v2
core   3: 3 0x800001f8 (0x02510157) c8_vstart 0x00000000 e32 m1 l4 v2  0000000f 0x90000074 90000070 9000006c 90000068 
core   0: 0x800001fc (0x0144a283) lw      x5, 20(x9)
core   0: 3 0x800001fc (0x0144a283) x5  0x3ecac6d5 mem 0x90001014
core   1: 0x800001fc (0x0144a283) lw      x5, 20(x9)
core   1: 3 0x800001fc (0x0144a283) x5  0x3ecac6d5 mem 0x90001014
core   2: 0x800001fc (0x0144a283) lw      x5, 20(x9)
core   2: 3 0x800001fc (0x0144a283) x5  0x3ecac6d5 mem 0x90001014
core   3: 0x800001fc (0x0144a283) lw      x5, 20(x9)
core   3: 3 0x800001fc (0x0144a283) x5  0x3ecac6d5 mem 0x90001014
core   0: 0x80000200 (0x0001217b) vlw12.v v2, v2, 0
core   0: 3 0x80000200 (0x0001217b) e32 m1 l4 v2  0000000f 0x00000000 00000000 00000000 00000000  c8_vstart 0x00000000 mem 0x90000020 mem 0x90000024 mem 0x90000028 mem 0x9000002c
core   1: 0x80000200 (0x0001217b) vlw12.v v2, v2, 0
core   1: 3 0x80000200 (0x0001217b) e32 m1 l4 v2  0000000f 0x00000000 00000000 00000000 00000000  c8_vstart 0x00000000 mem 0x90000038 mem 0x9000003c mem 0x90000040 mem 0x90000044
core   2: 0x80000200 (0x0001217b) vlw12.v v2, v2, 0
core   2: 3 0x80000200 (0x0001217b) e32 m1 l4 v2  0000000f 0x00000000 00000000 00000000 00000000  c8_vstart 0x00000000 mem 0x90000050 mem 0x90000054 mem 0x90000058 mem 0x9000005c
core   3: 0x80000200 (0x0001217b) vlw12.v v2, v2, 0
core   3: 3 0x80000200 (0x0001217b) e32 m1 l4 v2  0000000f 0x00000000 00000000 00000000 00000000  c8_vstart 0x00000000 mem 0x90000068 mem 0x9000006c mem 0x90000070 mem 0x90000074
core   0: 0x80000204 (0x5e02c1d7) vmv.v.x v3, x5
core   0: 3 0x80000204 (0x5e02c1d7) c8_vstart 0x00000000 e32 m1 l4 v3  0000000f 0x3ecac6d5 3ecac6d5 3ecac6d5 3ecac6d5 
core   1: 0x80000204 (0x5e02c1d7) vmv.v.x v3, x5
core   1: 3 0x80000204 (0x5e02c1d7) c8_vstart 0x00000000 e32 m1 l4 v3  0000000f 0x3ecac6d5 3ecac6d5 3ecac6d5 3ecac6d5 
core   2: 0x80000204 (0x5e02c1d7) vmv.v.x v3, x5
core   2: 3 0x80000204 (0x5e02c1d7) c8_vstart 0x00000000 e32 m1 l4 v3  0000000f 0x3ecac6d5 3ecac6d5 3ecac6d5 3ecac6d5 
core   3: 0x80000204 (0x5e02c1d7) vmv.v.x v3, x5
core   3: 3 0x80000204 (0x5e02c1d7) c8_vstart 0x00000000 e32 m1 l4 v3  0000000f 0x3ecac6d5 3ecac6d5 3ecac6d5 3ecac6d5 
core   0: 0x80000208 (0x02013357) vadd.vi v6, v0, 2
core   0: 3 0x80000208 (0x02013357) c8_vstart 0x00000000 e32 m1 l4 v6  0000000f 0x00000002 00000002 00000002 00000002 
core   1: 0x80000208 (0x02013357) vadd.vi v6, v0, 2
core   1: 3 0x80000208 (0x02013357) c8_vstart 0x00000000 e32 m1 l4 v6  0000000f 0x00000003 00000003 00000003 00000003 
core   2: 0x80000208 (0x02013357) vadd.vi v6, v0, 2
core   2: 3 0x80000208 (0x02013357) c8_vstart 0x00000000 e32 m1 l4 v6  0000000f 0x00000004 00000004 00000004 00000004 
core   3: 0x80000208 (0x02013357) vadd.vi v6, v0, 2
core   3: 3 0x80000208 (0x02013357) c8_vstart 0x00000000 e32 m1 l4 v6  0000000f 0x00000005 00000005 00000005 00000005 
core   0: 0x8000020c (0x026044d7) vadd.vx v9, v6, x0
core   0: 3 0x8000020c (0x026044d7) c8_vstart 0x00000000 e32 m1 l4 v9  0000000f 0x00000002 00000002 00000002 00000002 
core   1: 0x8000020c (0x026044d7) vadd.vx v9, v6, x0
core   1: 3 0x8000020c (0x026044d7) c8_vstart 0x00000000 e32 m1 l4 v9  0000000f 0x00000003 00000003 00000003 00000003 
core   2: 0x8000020c (0x026044d7) vadd.vx v9, v6, x0
core   2: 3 0x8000020c (0x026044d7) c8_vstart 0x00000000 e32 m1 l4 v9  0000000f 0x00000004 00000004 00000004 00000004 
core   3: 0x8000020c (0x026044d7) vadd.vx v9, v6, x0
core   3: 3 0x8000020c (0x026044d7) c8_vstart 0x00000000 e32 m1 l4 v9  0000000f 0x00000005 00000005 00000005 00000005 
core   0: 0x80000210 (0x0400200b) regext  x0, x0,  0 1 0 0 
core   0: 3 0x80000210 (0x0400200b)
core   1: 0x80000210 (0x0400200b) regext  x0, x0,  0 1 0 0 
core   1: 3 0x80000210 (0x0400200b)
core   2: 0x80000210 (0x0400200b) regext  x0, x0,  0 1 0 0 
core   2: 3 0x80000210 (0x0400200b)
core   3: 0x80000210 (0x0400200b) regext  x0, x0,  0 1 0 0 
core   3: 3 0x80000210 (0x0400200b)
core   0: 0x80000214 (0xa61224d7) vmadd.vv v9, v1, v4
core   0: 3 0x80000214 (0xa61224d7) c8_vstart 0x00000000 e32 m1 l4 v9  0000000f 0x0000000f 0000000e 0000000d 0000000c 
core   1: 0x80000214 (0xa61224d7) vmadd.vv v9, v1, v4
core   1: 3 0x80000214 (0xa61224d7) c8_vstart 0x00000000 e32 m1 l4 v9  0000000f 0x00000015 00000014 00000013 00000012 
core   2: 0x80000214 (0xa61224d7) vmadd.vv v9, v1, v4
core   2: 3 0x80000214 (0xa61224d7) c8_vstart 0x00000000 e32 m1 l4 v9  0000000f 0x0000001b 0000001a 00000019 00000018 
core   3: 0x80000214 (0xa61224d7) vmadd.vv v9, v1, v4
core   3: 3 0x80000214 (0xa61224d7) c8_vstart 0x00000000 e32 m1 l4 v9  0000000f 0x00000021 00000020 0000001f 0000001e 
core   0: 0x80000218 (0x969134d7) vsll.vi v9, v9, 2
core   0: 3 0x80000218 (0x969134d7) c8_vstart 0x00000000 e32 m1 l4 v9  0000000f 0x0000003c 00000038 00000034 00000030 
core   1: 0x80000218 (0x969134d7) vsll.vi v9, v9, 2
core   1: 3 0x80000218 (0x969134d7) c8_vstart 0x00000000 e32 m1 l4 v9  0000000f 0x00000054 00000050 0000004c 00000048 
core   2: 0x80000218 (0x969134d7) vsll.vi v9, v9, 2
core   2: 3 0x80000218 (0x969134d7) c8_vstart 0x00000000 e32 m1 l4 v9  0000000f 0x0000006c 00000068 00000064 00000060 
core   3: 0x80000218 (0x969134d7) vsll.vi v9, v9, 2
core   3: 3 0x80000218 (0x969134d7) c8_vstart 0x00000000 e32 m1 l4 v9  0000000f 0x00000084 00000080 0000007c 00000078 
core   0: 0x8000021c (0x025484d7) vadd.vv v9, v5, v9
core   0: 3 0x8000021c (0x025484d7) c8_vstart 0x00000000 e32 m1 l4 v9  0000000f 0x9000003c 90000038 90000034 90000030 
core   1: 0x8000021c (0x025484d7) vadd.vv v9, v5, v9
core   1: 3 0x8000021c (0x025484d7) c8_vstart 0x00000000 e32 m1 l4 v9  0000000f 0x90000054 90000050 9000004c 90000048 
core   2: 0x8000021c (0x025484d7) vadd.vv v9, v5, v9
core   2: 3 0x8000021c (0x025484d7) c8_vstart 0x00000000 e32 m1 l4 v9  0000000f 0x9000006c 90000068 90000064 90000060 
core   3: 0x8000021c (0x025484d7) vadd.vv v9, v5, v9
core   3: 3 0x8000021c (0x025484d7) c8_vstart 0x00000000 e32 m1 l4 v9  0000000f 0x90000084 90000080 9000007c 90000078 
core   0: 0x80000220 (0x0004a4fb) vlw12.v v9, v9, 0
core   0: 3 0x80000220 (0x0004a4fb) e32 m1 l4 v9  0000000f 0x00000000 00000000 00000000 00000000  c8_vstart 0x00000000 mem 0x90000030 mem 0x90000034 mem 0x90000038 mem 0x9000003c
core   1: 0x80000220 (0x0004a4fb) vlw12.v v9, v9, 0
core   1: 3 0x80000220 (0x0004a4fb) e32 m1 l4 v9  0000000f 0x00000000 00000000 00000000 00000000  c8_vstart 0x00000000 mem 0x90000048 mem 0x9000004c mem 0x90000050 mem 0x90000054
core   2: 0x80000220 (0x0004a4fb) vlw12.v v9, v9, 0
core   2: 3 0x80000220 (0x0004a4fb) e32 m1 l4 v9  0000000f 0x00000000 00000000 00000000 00000000  c8_vstart 0x00000000 mem 0x90000060 mem 0x90000064 mem 0x90000068 mem 0x9000006c
core   3: 0x80000220 (0x0004a4fb) vlw12.v v9, v9, 0
core   3: 3 0x80000220 (0x0004a4fb) e32 m1 l4 v9  0000000f 0x00000000 00000000 00000000 00000000  c8_vstart 0x00000000 mem 0x90000078 mem 0x9000007c mem 0x90000080 mem 0x90000084
core   0: 0x80000224 (0x0184a283) lw      x5, 24(x9)
core   0: 3 0x80000224 (0x0184a283) x5  0x3f0fa1b3 mem 0x90001018
core   1: 0x80000224 (0x0184a283) lw      x5, 24(x9)
core   1: 3 0x80000224 (0x0184a283) x5  0x3f0fa1b3 mem 0x90001018
core   2: 0x80000224 (0x0184a283) lw      x5, 24(x9)
core   2: 3 0x80000224 (0x0184a283) x5  0x3f0fa1b3 mem 0x90001018
core   3: 0x80000224 (0x0184a283) lw      x5, 24(x9)
core   3: 3 0x80000224 (0x0184a283) x5  0x3f0fa1b3 mem 0x90001018
core   0: 0x80000228 (0xa2719157) vfmadd.vv v2, v7, v3
core   0: 3 0x80000228 (0xa2719157) c8_vstart 0x00000000 e32 m1 l4 v2  0000000f 0x00000000 00000000 00000000 00000000 
core   1: 0x80000228 (0xa2719157) vfmadd.vv v2, v7, v3
core   1: 3 0x80000228 (0xa2719157) c8_vstart 0x00000000 e32 m1 l4 v2  0000000f 0x00000000 00000000 00000000 00000000 
core   2: 0x80000228 (0xa2719157) vfmadd.vv v2, v7, v3
core   2: 3 0x80000228 (0xa2719157) c8_vstart 0x00000000 e32 m1 l4 v2  0000000f 0x00000000 00000000 00000000 00000000 
core   3: 0x80000228 (0xa2719157) vfmadd.vv v2, v7, v3
core   3: 3 0x80000228 (0xa2719157) c8_vstart 0x00000000 e32 m1 l4 v2  0000000f 0x00000000 00000000 00000000 00000000 
core   0: 0x8000022c (0x5e02c1d7) vmv.v.x v3, x5
core   0: 3 0x8000022c (0x5e02c1d7) c8_vstart 0x00000000 e32 m1 l4 v3  0000000f 0x3f0fa1b3 3f0fa1b3 3f0fa1b3 3f0fa1b3 
core   1: 0x8000022c (0x5e02c1d7) vmv.v.x v3, x5
core   1: 3 0x8000022c (0x5e02c1d7) c8_vstart 0x00000000 e32 m1 l4 v3  0000000f 0x3f0fa1b3 3f0fa1b3 3f0fa1b3 3f0fa1b3 
core   2: 0x8000022c (0x5e02c1d7) vmv.v.x v3, x5
core   2: 3 0x8000022c (0x5e02c1d7) c8_vstart 0x00000000 e32 m1 l4 v3  0000000f 0x3f0fa1b3 3f0fa1b3 3f0fa1b3 3f0fa1b3 
core   3: 0x8000022c (0x5e02c1d7) vmv.v.x v3, x5
core   3: 3 0x8000022c (0x5e02c1d7) c8_vstart 0x00000000 e32 m1 l4 v3  0000000f 0x3f0fa1b3 3f0fa1b3 3f0fa1b3 3f0fa1b3 
core   0: 0x80000230 (0xa22194d7) vfmadd.vv v9, v2, v3
core   0: 3 0x80000230 (0xa22194d7) c8_vstart 0x00000000 e32 m1 l4 v9  0000000f 0x00000000 00000000 00000000 00000000 
core   1: 0x80000230 (0xa22194d7) vfmadd.vv v9, v2, v3
core   1: 3 0x80000230 (0xa22194d7) c8_vstart 0x00000000 e32 m1 l4 v9  0000000f 0x00000000 00000000 00000000 00000000 
core   2: 0x80000230 (0xa22194d7) vfmadd.vv v9, v2, v3
core   2: 3 0x80000230 (0xa22194d7) c8_vstart 0x00000000 e32 m1 l4 v9  0000000f 0x00000000 00000000 00000000 00000000 
core   3: 0x80000230 (0xa22194d7) vfmadd.vv v9, v2, v3
core   3: 3 0x80000230 (0xa22194d7) c8_vstart 0x00000000 e32 m1 l4 v9  0000000f 0x00000000 00000000 00000000 00000000 
core   0: 0x80000234 (0x02604157) vadd.vx v2, v6, x0
core   0: 3 0x80000234 (0x02604157) c8_vstart 0x00000000 e32 m1 l4 v2  0000000f 0x00000002 00000002 00000002 00000002 
core   1: 0x80000234 (0x02604157) vadd.vx v2, v6, x0
core   1: 3 0x80000234 (0x02604157) c8_vstart 0x00000000 e32 m1 l4 v2  0000000f 0x00000003 00000003 00000003 00000003 
core   2: 0x80000234 (0x02604157) vadd.vx v2, v6, x0
core   2: 3 0x80000234 (0x02604157) c8_vstart 0x00000000 e32 m1 l4 v2  0000000f 0x00000004 00000004 00000004 00000004 
core   3: 0x80000234 (0x02604157) vadd.vx v2, v6, x0
core   3: 3 0x80000234 (0x02604157) c8_vstart 0x00000000 e32 m1 l4 v2  0000000f 0x00000005 00000005 00000005 00000005 
core   0: 0x80000238 (0xa6122157) vmadd.vv v2, v1, v4
core   0: 3 0x80000238 (0xa6122157) c8_vstart 0x00000000 e32 m1 l4 v2  0000000f 0x00000010 0000000f 0000000e 0000000d 
core   1: 0x80000238 (0xa6122157) vmadd.vv v2, v1, v4
core   1: 3 0x80000238 (0xa6122157) c8_vstart 0x00000000 e32 m1 l4 v2  0000000f 0x00000016 00000015 00000014 00000013 
core   2: 0x80000238 (0xa6122157) vmadd.vv v2, v1, v4
core   2: 3 0x80000238 (0xa6122157) c8_vstart 0x00000000 e32 m1 l4 v2  0000000f 0x0000001c 0000001b 0000001a 00000019 
core   3: 0x80000238 (0xa6122157) vmadd.vv v2, v1, v4
core   3: 3 0x80000238 (0xa6122157) c8_vstart 0x00000000 e32 m1 l4 v2  0000000f 0x00000022 00000021 00000020 0000001f 
core   0: 0x8000023c (0x962130d7) vsll.vi v1, v2, 2
core   0: 3 0x8000023c (0x962130d7) c8_vstart 0x00000000 e32 m1 l4 v1  0000000f 0x00000040 0000003c 00000038 00000034 
core   1: 0x8000023c (0x962130d7) vsll.vi v1, v2, 2
core   1: 3 0x8000023c (0x962130d7) c8_vstart 0x00000000 e32 m1 l4 v1  0000000f 0x00000058 00000054 00000050 0000004c 
core   2: 0x8000023c (0x962130d7) vsll.vi v1, v2, 2
core   2: 3 0x8000023c (0x962130d7) c8_vstart 0x00000000 e32 m1 l4 v1  0000000f 0x00000070 0000006c 00000068 00000064 
core   3: 0x8000023c (0x962130d7) vsll.vi v1, v2, 2
core   3: 3 0x8000023c (0x962130d7) c8_vstart 0x00000000 e32 m1 l4 v1  0000000f 0x00000088 00000084 00000080 0000007c 
core   0: 0x80000240 (0x025080d7) vadd.vv v1, v5, v1
core   0: 3 0x80000240 (0x025080d7) c8_vstart 0x00000000 e32 m1 l4 v1  0000000f 0x90000040 9000003c 90000038 90000034 
core   1: 0x80000240 (0x025080d7) vadd.vv v1, v5, v1
core   1: 3 0x80000240 (0x025080d7) c8_vstart 0x00000000 e32 m1 l4 v1  0000000f 0x90000058 90000054 90000050 9000004c 
core   2: 0x80000240 (0x025080d7) vadd.vv v1, v5, v1
core   2: 3 0x80000240 (0x025080d7) c8_vstart 0x00000000 e32 m1 l4 v1  0000000f 0x90000070 9000006c 90000068 90000064 
core   3: 0x80000240 (0x025080d7) vadd.vv v1, v5, v1
core   3: 3 0x80000240 (0x025080d7) c8_vstart 0x00000000 e32 m1 l4 v1  0000000f 0x90000088 90000084 90000080 9000007c 
core   0: 0x80000244 (0x01c4a283) lw      x5, 28(x9)
core   0: 3 0x80000244 (0x01c4a283) x5  0x3ea74c4e mem 0x9000101c
core   1: 0x80000244 (0x01c4a283) lw      x5, 28(x9)
core   1: 3 0x80000244 (0x01c4a283) x5  0x3ea74c4e mem 0x9000101c
core   2: 0x80000244 (0x01c4a283) lw      x5, 28(x9)
core   2: 3 0x80000244 (0x01c4a283) x5  0x3ea74c4e mem 0x9000101c
core   3: 0x80000244 (0x01c4a283) lw      x5, 28(x9)
core   3: 3 0x80000244 (0x01c4a283) x5  0x3ea74c4e mem 0x9000101c
core   0: 0x80000248 (0x0000a0fb) vlw12.v v1, v1, 0
core   0: 3 0x80000248 (0x0000a0fb) e32 m1 l4 v1  0000000f 0x00000000 00000000 00000000 00000000  c8_vstart 0x00000000 mem 0x90000034 mem 0x90000038 mem 0x9000003c mem 0x90000040
core   1: 0x80000248 (0x0000a0fb) vlw12.v v1, v1, 0
core   1: 3 0x80000248 (0x0000a0fb) e32 m1 l4 v1  0000000f 0x00000000 00000000 00000000 00000000  c8_vstart 0x00000000 mem 0x9000004c mem 0x90000050 mem 0x90000054 mem 0x90000058
core   2: 0x80000248 (0x0000a0fb) vlw12.v v1, v1, 0
core   2: 3 0x80000248 (0x0000a0fb) e32 m1 l4 v1  0000000f 0x00000000 00000000 00000000 00000000  c8_vstart 0x00000000 mem 0x90000064 mem 0x90000068 mem 0x9000006c mem 0x90000070
core   3: 0x80000248 (0x0000a0fb) vlw12.v v1, v1, 0
core   3: 3 0x80000248 (0x0000a0fb) e32 m1 l4 v1  0000000f 0x00000000 00000000 00000000 00000000  c8_vstart 0x00000000 mem 0x9000007c mem 0x90000080 mem 0x90000084 mem 0x90000088
core   0: 0x8000024c (0x5e02c157) vmv.v.x v2, x5
core   0: 3 0x8000024c (0x5e02c157) c8_vstart 0x00000000 e32 m1 l4 v2  0000000f 0x3ea74c4e 3ea74c4e 3ea74c4e 3ea74c4e 
core   1: 0x8000024c (0x5e02c157) vmv.v.x v2, x5
core   1: 3 0x8000024c (0x5e02c157) c8_vstart 0x00000000 e32 m1 l4 v2  0000000f 0x3ea74c4e 3ea74c4e 3ea74c4e 3ea74c4e 
core   2: 0x8000024c (0x5e02c157) vmv.v.x v2, x5
core   2: 3 0x8000024c (0x5e02c157) c8_vstart 0x00000000 e32 m1 l4 v2  0000000f 0x3ea74c4e 3ea74c4e 3ea74c4e 3ea74c4e 
core   3: 0x8000024c (0x5e02c157) vmv.v.x v2, x5
core   3: 3 0x8000024c (0x5e02c157) c8_vstart 0x00000000 e32 m1 l4 v2  0000000f 0x3ea74c4e 3ea74c4e 3ea74c4e 3ea74c4e 
core   0: 0x80000250 (0xa6822357) vmadd.vv v6, v8, v4
core   0: 3 0x80000250 (0xa6822357) c8_vstart 0x00000000 e32 m1 l4 v6  0000000f 0x00000011 00000010 0000000f 0000000e 
core   1: 0x80000250 (0xa6822357) vmadd.vv v6, v8, v4
core   1: 3 0x80000250 (0xa6822357) c8_vstart 0x00000000 e32 m1 l4 v6  0000000f 0x00000017 00000016 00000015 00000014 
core   2: 0x80000250 (0xa6822357) vmadd.vv v6, v8, v4
core   2: 3 0x80000250 (0xa6822357) c8_vstart 0x00000000 e32 m1 l4 v6  0000000f 0x0000001d 0000001c 0000001b 0000001a 
core   3: 0x80000250 (0xa6822357) vmadd.vv v6, v8, v4
core   3: 3 0x80000250 (0xa6822357) c8_vstart 0x00000000 e32 m1 l4 v6  0000000f 0x00000023 00000022 00000021 00000020 
core   0: 0x80000254 (0x966131d7) vsll.vi v3, v6, 2
core   0: 3 0x80000254 (0x966131d7) c8_vstart 0x00000000 e32 m1 l4 v3  0000000f 0x00000044 00000040 0000003c 00000038 
core   1: 0x80000254 (0x966131d7) vsll.vi v3, v6, 2
core   1: 3 0x80000254 (0x966131d7) c8_vstart 0x00000000 e32 m1 l4 v3  0000000f 0x0000005c 00000058 00000054 00000050 
core   2: 0x80000254 (0x966131d7) vsll.vi v3, v6, 2
core   2: 3 0x80000254 (0x966131d7) c8_vstart 0x00000000 e32 m1 l4 v3  0000000f 0x00000074 00000070 0000006c 00000068 
core   3: 0x80000254 (0x966131d7) vsll.vi v3, v6, 2
core   3: 3 0x80000254 (0x966131d7) c8_vstart 0x00000000 e32 m1 l4 v3  0000000f 0x0000008c 00000088 00000084 00000080 
core   0: 0x80000258 (0x025181d7) vadd.vv v3, v5, v3
core   0: 3 0x80000258 (0x025181d7) c8_vstart 0x00000000 e32 m1 l4 v3  0000000f 0x90000044 90000040 9000003c 90000038 
core   1: 0x80000258 (0x025181d7) vadd.vv v3, v5, v3
core   1: 3 0x80000258 (0x025181d7) c8_vstart 0x00000000 e32 m1 l4 v3  0000000f 0x9000005c 90000058 90000054 90000050 
core   2: 0x80000258 (0x025181d7) vadd.vv v3, v5, v3
core   2: 3 0x80000258 (0x025181d7) c8_vstart 0x00000000 e32 m1 l4 v3  0000000f 0x90000074 90000070 9000006c 90000068 
core   3: 0x80000258 (0x025181d7) vadd.vv v3, v5, v3
core   3: 3 0x80000258 (0x025181d7) c8_vstart 0x00000000 e32 m1 l4 v3  0000000f 0x9000008c 90000088 90000084 90000080 
core   0: 0x8000025c (0x0001a1fb) vlw12.v v3, v3, 0
core   0: 3 0x8000025c (0x0001a1fb) e32 m1 l4 v3  0000000f 0x00000000 00000000 00000000 00000000  c8_vstart 0x00000000 mem 0x90000038 mem 0x9000003c mem 0x90000040 mem 0x90000044
core   1: 0x8000025c (0x0001a1fb) vlw12.v v3, v3, 0
core   1: 3 0x8000025c (0x0001a1fb) e32 m1 l4 v3  0000000f 0x00000000 00000000 00000000 00000000  c8_vstart 0x00000000 mem 0x90000050 mem 0x90000054 mem 0x90000058 mem 0x9000005c
core   2: 0x8000025c (0x0001a1fb) vlw12.v v3, v3, 0
core   2: 3 0x8000025c (0x0001a1fb) e32 m1 l4 v3  0000000f 0x00000000 00000000 00000000 00000000  c8_vstart 0x00000000 mem 0x90000068 mem 0x9000006c mem 0x90000070 mem 0x90000074
core   3: 0x8000025c (0x0001a1fb) vlw12.v v3, v3, 0
core   3: 3 0x8000025c (0x0001a1fb) e32 m1 l4 v3  0000000f 0x00000000 00000000 00000000 00000000  c8_vstart 0x00000000 mem 0x90000080 mem 0x90000084 mem 0x90000088 mem 0x9000008c
core   0: 0x80000260 (0x0204a283) lw      x5, 32(x9)
core   0: 3 0x80000260 (0x0204a283) x5  0x3f1be630 mem 0x90001020
core   1: 0x80000260 (0x0204a283) lw      x5, 32(x9)
core   1: 3 0x80000260 (0x0204a283) x5  0x3f1be630 mem 0x90001020
core   2: 0x80000260 (0x0204a283) lw      x5, 32(x9)
core   2: 3 0x80000260 (0x0204a283) x5  0x3f1be630 mem 0x90001020
core   3: 0x80000260 (0x0204a283) lw      x5, 32(x9)
core   3: 3 0x80000260 (0x0204a283) x5  0x3f1be630 mem 0x90001020
core   0: 0x80000264 (0xa29110d7) vfmadd.vv v1, v9, v2
core   0: 3 0x80000264 (0xa29110d7) c8_vstart 0x00000000 e32 m1 l4 v1  0000000f 0x00000000 00000000 00000000 00000000 
core   1: 0x80000264 (0xa29110d7) vfmadd.vv v1, v9, v2
core   1: 3 0x80000264 (0xa29110d7) c8_vstart 0x00000000 e32 m1 l4 v1  0000000f 0x00000000 00000000 00000000 00000000 
core   2: 0x80000264 (0xa29110d7) vfmadd.vv v1, v9, v2
core   2: 3 0x80000264 (0xa29110d7) c8_vstart 0x00000000 e32 m1 l4 v1  0000000f 0x00000000 00000000 00000000 00000000 
core   3: 0x80000264 (0xa29110d7) vfmadd.vv v1, v9, v2
core   3: 3 0x80000264 (0xa29110d7) c8_vstart 0x00000000 e32 m1 l4 v1  0000000f 0x00000000 00000000 00000000 00000000 
core   0: 0x80000268 (0x5e02c157) vmv.v.x v2, x5
core   0: 3 0x80000268 (0x5e02c157) c8_vstart 0x00000000 e32 m1 l4 v2  0000000f 0x3f1be630 3f1be630 3f1be630 3f1be630 
core   1: 0x80000268 (0x5e02c157) vmv.v.x v2, x5
core   1: 3 0x80000268 (0x5e02c157) c8_vstart 0x00000000 e32 m1 l4 v2  0000000f 0x3f1be630 3f1be630 3f1be630 3f1be630 
core   2: 0x80000268 (0x5e02c157) vmv.v.x v2, x5
core   2: 3 0x80000268 (0x5e02c157) c8_vstart 0x00000000 e32 m1 l4 v2  0000000f 0x3f1be630 3f1be630 3f1be630 3f1be630 
core   3: 0x80000268 (0x5e02c157) vmv.v.x v2, x5
core   3: 3 0x80000268 (0x5e02c157) c8_vstart 0x00000000 e32 m1 l4 v2  0000000f 0x3f1be630 3f1be630 3f1be630 3f1be630 
core   0: 0x8000026c (0xa21111d7) vfmadd.vv v3, v1, v2
core   0: 3 0x8000026c (0xa21111d7) c8_vstart 0x00000000 e32 m1 l4 v3  0000000f 0x00000000 00000000 00000000 00000000 
core   1: 0x8000026c (0xa21111d7) vfmadd.vv v3, v1, v2
core   1: 3 0x8000026c (0xa21111d7) c8_vstart 0x00000000 e32 m1 l4 v3  0000000f 0x00000000 00000000 00000000 00000000 
core   2: 0x8000026c (0xa21111d7) vfmadd.vv v3, v1, v2
core   2: 3 0x8000026c (0xa21111d7) c8_vstart 0x00000000 e32 m1 l4 v3  0000000f 0x00000000 00000000 00000000 00000000 
core   3: 0x8000026c (0xa21111d7) vfmadd.vv v3, v1, v2
core   3: 3 0x8000026c (0xa21111d7) c8_vstart 0x00000000 e32 m1 l4 v3  0000000f 0x00000000 00000000 00000000 00000000 
core   0: 0x80000270 (0x0400200b) regext  x0, x0,  0 1 0 0 
core   0: 3 0x80000270 (0x0400200b)
core   1: 0x80000270 (0x0400200b) regext  x0, x0,  0 1 0 0 
core   1: 3 0x80000270 (0x0400200b)
core   2: 0x80000270 (0x0400200b) regext  x0, x0,  0 1 0 0 
core   2: 3 0x80000270 (0x0400200b)
core   3: 0x80000270 (0x0400200b) regext  x0, x0,  0 1 0 0 
core   3: 3 0x80000270 (0x0400200b)
core   0: 0x80000274 (0xa613e057) vmadd.vx v0, v1, x7
core   0: 3 0x80000274 (0xa613e057) c8_vstart 0x00000000 e32 m1 l4 v0  0000000f 0x00000003 00000002 00000001 00000000 
core   1: 0x80000274 (0xa613e057) vmadd.vx v0, v1, x7
core   1: 3 0x80000274 (0xa613e057) c8_vstart 0x00000000 e32 m1 l4 v0  0000000f 0x00000007 00000006 00000005 00000004 
core   2: 0x80000274 (0xa613e057) vmadd.vx v0, v1, x7
core   2: 3 0x80000274 (0xa613e057) c8_vstart 0x00000000 e32 m1 l4 v0  0000000f 0x0000000b 0000000a 00000009 00000008 
core   3: 0x80000274 (0xa613e057) vmadd.vx v0, v1, x7
core   3: 3 0x80000274 (0xa613e057) c8_vstart 0x00000000 e32 m1 l4 v0  0000000f 0x0000000f 0000000e 0000000d 0000000c 
core   0: 0x80000278 (0x96013057) vsll.vi v0, v0, 2
core   0: 3 0x80000278 (0x96013057) c8_vstart 0x00000000 e32 m1 l4 v0  0000000f 0x0000000c 00000008 00000004 00000000 
core   1: 0x80000278 (0x96013057) vsll.vi v0, v0, 2
core   1: 3 0x80000278 (0x96013057) c8_vstart 0x00000000 e32 m1 l4 v0  0000000f 0x0000001c 00000018 00000014 00000010 
core   2: 0x80000278 (0x96013057) vsll.vi v0, v0, 2
core   2: 3 0x80000278 (0x96013057) c8_vstart 0x00000000 e32 m1 l4 v0  0000000f 0x0000002c 00000028 00000024 00000020 
core   3: 0x80000278 (0x96013057) vsll.vi v0, v0, 2
core   3: 3 0x80000278 (0x96013057) c8_vstart 0x00000000 e32 m1 l4 v0  0000000f 0x0000003c 00000038 00000034 00000030 
core   0: 0x8000027c (0xffc12283) lw      x5, -4(x2)
core   0: 3 0x8000027c (0xffc12283) x5  0x90002000 mem 0x70000010
core   1: 0x8000027c (0xffc12283) lw      x5, -4(x2)
core   1: 3 0x8000027c (0xffc12283) x5  0x90002000 mem 0x70000410
core   2: 0x8000027c (0xffc12283) lw      x5, -4(x2)
core   2: 3 0x8000027c (0xffc12283) x5  0x90002000 mem 0x70000810
core   3: 0x8000027c (0xffc12283) lw      x5, -4(x2)
core   3: 3 0x8000027c (0xffc12283) x5  0x90002000 mem 0x70000c10
core   0: 0x80000280 (0x0202c057) vadd.vx v0, v0, x5
core   0: 3 0x80000280 (0x0202c057) c8_vstart 0x00000000 e32 m1 l4 v0  0000000f 0x9000200c 90002008 90002004 90002000 
core   1: 0x80000280 (0x0202c057) vadd.vx v0, v0, x5
core   1: 3 0x80000280 (0x0202c057) c8_vstart 0x00000000 e32 m1 l4 v0  0000000f 0x9000201c 90002018 90002014 90002010 
core   2: 0x80000280 (0x0202c057) vadd.vx v0, v0, x5
core   2: 3 0x80000280 (0x0202c057) c8_vstart 0x00000000 e32 m1 l4 v0  0000000f 0x9000202c 90002028 90002024 90002020 
core   3: 0x80000280 (0x0202c057) vadd.vx v0, v0, x5
core   3: 3 0x80000280 (0x0202c057) c8_vstart 0x00000000 e32 m1 l4 v0  0000000f 0x9000203c 90002038 90002034 90002030 
core   0: 0x80000284 (0x0030607b) vsw12.v v3, v0, 0
core   0: 3 0x80000284 (0x0030607b) c8_vstart 0x00000000 e32 m1 l4 mem 0x90002000 0x00000000 mem 0x90002004 0x00000000 mem 0x90002008 0x00000000 mem 0x9000200c 0x00000000
core   1: 0x80000284 (0x0030607b) vsw12.v v3, v0, 0
core   1: 3 0x80000284 (0x0030607b) c8_vstart 0x00000000 e32 m1 l4 mem 0x90002010 0x00000000 mem 0x90002014 0x00000000 mem 0x90002018 0x00000000 mem 0x9000201c 0x00000000
core   2: 0x80000284 (0x0030607b) vsw12.v v3, v0, 0
core   2: 3 0x80000284 (0x0030607b) c8_vstart 0x00000000 e32 m1 l4 mem 0x90002020 0x00000000 mem 0x90002024 0x00000000 mem 0x90002028 0x00000000 mem 0x9000202c 0x00000000
core   3: 0x80000284 (0x0030607b) vsw12.v v3, v0, 0
core   3: 3 0x80000284 (0x0030607b) c8_vstart 0x00000000 e32 m1 l4 mem 0x90002030 0x00000000 mem 0x90002034 0x00000000 mem 0x90002038 0x00000000 mem 0x9000203c 0x00000000
core   0: 0x80000288 (0xfec12083) lw      x1, -20(x2)
core   0: 3 0x80000288 (0xfec12083) x1  0x800000a0 mem 0x70000000
core   1: 0x80000288 (0xfec12083) lw      x1, -20(x2)
core   1: 3 0x80000288 (0xfec12083) x1  0x800000a0 mem 0x70000400
core   2: 0x80000288 (0xfec12083) lw      x1, -20(x2)
core   2: 3 0x80000288 (0xfec12083) x1  0x800000a0 mem 0x70000800
core   3: 0x80000288 (0xfec12083) lw      x1, -20(x2)
core   3: 3 0x80000288 (0xfec12083) x1  0x800000a0 mem 0x70000c00
core   0: 0x8000028c (0x0090200b) regext  x0, x0,  0 0 1 1 
core   0: 3 0x8000028c (0x0090200b)
core   1: 0x8000028c (0x0090200b) regext  x0, x0,  0 0 1 1 
core   1: 3 0x8000028c (0x0090200b)
core   2: 0x8000028c (0x0090200b) regext  x0, x0,  0 0 1 1 
core   2: 3 0x8000028c (0x0090200b)
core   3: 0x8000028c (0x0090200b) regext  x0, x0,  0 0 1 1 
core   3: 3 0x8000028c (0x0090200b)
core   0: 0x80000290 (0x7fc020ab) vlw.v   v1, x0, -4
core   0: 3 0x80000290 (0x7fc020ab) e32 m1 l4 v33 0000000f 0x00000000 00000000 00000000 00000000  c8_vstart 0x00000000 mem 0x90004000 mem 0x90004004 mem 0x90004008 mem 0x9000400c
core   1: 0x80000290 (0x7fc020ab) vlw.v   v1, x0, -4
core   1: 3 0x80000290 (0x7fc020ab) e32 m1 l4 v33 0000000f 0x00000000 00000000 00000000 00000000  c8_vstart 0x00000000 mem 0x90004010 mem 0x90004014 mem 0x90004018 mem 0x9000401c
core   2: 0x80000290 (0x7fc020ab) vlw.v   v1, x0, -4
core   2: 3 0x80000290 (0x7fc020ab) e32 m1 l4 v33 0000000f 0x00000000 00000000 00000000 00000000  c8_vstart 0x00000000 mem 0x90004020 mem 0x90004024 mem 0x90004028 mem 0x9000402c
core   3: 0x80000290 (0x7fc020ab) vlw.v   v1, x0, -4
core   3: 3 0x80000290 (0x7fc020ab) e32 m1 l4 v33 0000000f 0x00000000 00000000 00000000 00000000  c8_vstart 0x00000000 mem 0x90004030 mem 0x90004034 mem 0x90004038 mem 0x9000403c
core   0: 0x80000294 (0xfec10113) addi    x2, x2, -20
core   0: 3 0x80000294 (0xfec10113) x2  0x70000000
core   1: 0x80000294 (0xfec10113) addi    x2, x2, -20
core   1: 3 0x80000294 (0xfec10113) x2  0x70000400
core   2: 0x80000294 (0xfec10113) addi    x2, x2, -20
core   2: 3 0x80000294 (0xfec10113) x2  0x70000800
core   3: 0x80000294 (0xfec10113) addi    x2, x2, -20
core   3: 3 0x80000294 (0xfec10113) x2  0x70000c00
core   0: 0x80000298 (0xffc20213) addi    x4, x4, -4
core   0: 3 0x80000298 (0xffc20213) x4  0x00000000
core   1: 0x80000298 (0xffc20213) addi    x4, x4, -4
core   1: 3 0x80000298 (0xffc20213) x4  0x00000000
core   2: 0x80000298 (0xffc20213) addi    x4, x4, -4
core   2: 3 0x80000298 (0xffc20213) x4  0x00000000
core   3: 0x80000298 (0xffc20213) addi    x4, x4, -4
core   3: 3 0x80000298 (0xffc20213) x4  0x00000000
core   0: 0x8000029c (0x0010200b) regext  x0, x0,  0 0 0 1 
core   0: 3 0x8000029c (0x0010200b)
core   1: 0x8000029c (0x0010200b) regext  x0, x0,  0 0 0 1 
core   1: 3 0x8000029c (0x0010200b)
core   2: 0x8000029c (0x0010200b) regext  x0, x0,  0 0 0 1 
core   2: 3 0x8000029c (0x0010200b)
core   3: 0x8000029c (0x0010200b) regext  x0, x0,  0 0 0 1 
core   3: 3 0x8000029c (0x0010200b)
core   0: 0x800002a0 (0x5e024057) vmv.v.x v0, x4
core   0: 3 0x800002a0 (0x5e024057) c8_vstart 0x00000000 e32 m1 l4 v32 0000000f 0x00000000 00000000 00000000 00000000 
core   1: 0x800002a0 (0x5e024057) vmv.v.x v0, x4
core   1: 3 0x800002a0 (0x5e024057) c8_vstart 0x00000000 e32 m1 l4 v32 0000000f 0x00000000 00000000 00000000 00000000 
core   2: 0x800002a0 (0x5e024057) vmv.v.x v0, x4
core   2: 3 0x800002a0 (0x5e024057) c8_vstart 0x00000000 e32 m1 l4 v32 0000000f 0x00000000 00000000 00000000 00000000 
core   3: 0x800002a0 (0x5e024057) vmv.v.x v0, x4
core   3: 3 0x800002a0 (0x5e024057) c8_vstart 0x00000000 e32 m1 l4 v32 0000000f 0x00000000 00000000 00000000 00000000 
core   0: 0x800002a4 (0x00008067) ret
core   0: 3 0x800002a4 (0x00008067)
core   1: 0x800002a4 (0x00008067) ret
core   1: 3 0x800002a4 (0x00008067)
core   2: 0x800002a4 (0x00008067) ret
core   2: 3 0x800002a4 (0x00008067)
core   3: 0x800002a4 (0x00008067) ret
core   3: 3 0x800002a4 (0x00008067)
core   0: 0x800000a0 (0x0000400b) endprg  x0, x0, x0
core   0: 3 0x800000a0 (0x0000400b)
core   1: 0x800000a0 (0x0000400b) endprg  x0, x0, x0
core   1: 3 0x800000a0 (0x0000400b)
core   2: 0x800000a0 (0x0000400b) endprg  x0, x0, x0
core   2: 3 0x800000a0 (0x0000400b)
core   3: 0x800000a0 (0x0000400b) endprg  x0, x0, x0
core   3: 3 0x800000a0 (0x0000400b)
core   0: 0x800000a4 (0x0040006f) j       pc + 0x4
core   0: 3 0x800000a4 (0x0040006f)
core   0: 0x800000a8 (0x00100313) li      x6, 1
core   0: 3 0x800000a8 (0x00100313) x6  0x00000001
core   0: 0x800000ac (0x00001297) auipc   x5, 0x1
core   0: 3 0x800000ac (0x00001297) x5  0x800010ac
core   0: 0x800000b0 (0xf5428293) addi    x5, x5, -172
core   0: 3 0x800000b0 (0xf5428293) x5  0x80001000
core   0: 0x800000b4 (0x0062a023) sw      x6, 0(x5)
core   0: 3 0x800000b4 (0x0062a023) mem 0x80001000 0x00000001
