core   0: 0x00001000 (0x00000297) auipc   x5, 0x0
core   0: 3 0x00001000 (0x00000297) x5  0x00001000
core   1: 0x00001000 (0x00000297) auipc   x5, 0x0
core   1: 3 0x00001000 (0x00000297) x5  0x00001000
core   2: 0x00001000 (0x00000297) auipc   x5, 0x0
core   2: 3 0x00001000 (0x00000297) x5  0x00001000
core   3: 0x00001000 (0x00000297) auipc   x5, 0x0
core   3: 3 0x00001000 (0x00000297) x5  0x00001000
core   0: 0x00001004 (0x02028593) addi    x11, x5, 32
core   0: 3 0x00001004 (0x02028593) x11 0x00001020
core   1: 0x00001004 (0x02028593) addi    x11, x5, 32
core   1: 3 0x00001004 (0x02028593) x11 0x00001020
core   2: 0x00001004 (0x02028593) addi    x11, x5, 32
core   2: 3 0x00001004 (0x02028593) x11 0x00001020
core   3: 0x00001004 (0x02028593) addi    x11, x5, 32
core   3: 3 0x00001004 (0x02028593) x11 0x00001020
core   0: 0x00001008 (0xf1402573) csrr    x10, mhartid
core   0: 3 0x00001008 (0xf1402573) x10 0x00000000
core   1: 0x00001008 (0xf1402573) csrr    x10, mhartid
core   1: 3 0x00001008 (0xf1402573) x10 0x00000001
core   2: 0x00001008 (0xf1402573) csrr    x10, mhartid
core   2: 3 0x00001008 (0xf1402573) x10 0x00000002
core   3: 0x00001008 (0xf1402573) csrr    x10, mhartid
core   3: 3 0x00001008 (0xf1402573) x10 0x00000003
core   0: 0x0000100c (0x0182a283) lw      x5, 24(x5)
core   0: 3 0x0000100c (0x0182a283) x5  0x80000000 mem 0x00001018
core   1: 0x0000100c (0x0182a283) lw      x5, 24(x5)
core   1: 3 0x0000100c (0x0182a283) x5  0x80000000 mem 0x00001018
core   2: 0x0000100c (0x0182a283) lw      x5, 24(x5)
core   2: 3 0x0000100c (0x0182a283) x5  0x80000000 mem 0x00001018
core   3: 0x0000100c (0x0182a283) lw      x5, 24(x5)
core   3: 3 0x0000100c (0x0182a283) x5  0x80000000 mem 0x00001018
core   0: 0x00001010 (0x00028067) jr      x5
core   0: 3 0x00001010 (0x00028067)
core   1: 0x00001010 (0x00028067) jr      x5
core   1: 3 0x00001010 (0x00028067)
core   2: 0x00001010 (0x00028067) jr      x5
core   2: 3 0x00001010 (0x00028067)
core   3: 0x00001010 (0x00028067) jr      x5
core   3: 3 0x00001010 (0x00028067)
core   0: 0x80000000 (0x00004197) auipc   x3, 0x4
core   0: 3 0x80000000 (0x00004197) x3  0x80004000
core   1: 0x80000000 (0x00004197) auipc   x3, 0x4
core   1: 3 0x80000000 (0x00004197) x3  0x80004000
core   2: 0x80000000 (0x00004197) auipc   x3, 0x4
core   2: 3 0x80000000 (0x00004197) x3  0x80004000
core   3: 0x80000000 (0x00004197) auipc   x3, 0x4
core   3: 3 0x80000000 (0x00004197) x3  0x80004000
core   0: 0x80000004 (0x80818193) addi    x3, x3, -2040
core   0: 3 0x80000004 (0x80818193) x3  0x80003808
core   1: 0x80000004 (0x80818193) addi    x3, x3, -2040
core   1: 3 0x80000004 (0x80818193) x3  0x80003808
core   2: 0x80000004 (0x80818193) addi    x3, x3, -2040
core   2: 3 0x80000004 (0x80818193) x3  0x80003808
core   3: 0x80000004 (0x80818193) addi    x3, x3, -2040
core   3: 3 0x80000004 (0x80818193) x3  0x80003808
core   0: 0x80000008 (0x02000e93) li      x29, 32
core   0: 3 0x80000008 (0x02000e93) x29 0x00000020
core   1: 0x80000008 (0x02000e93) li      x29, 32
core   1: 3 0x80000008 (0x02000e93) x29 0x00000020
core   2: 0x80000008 (0x02000e93) li      x29, 32
core   2: 3 0x80000008 (0x02000e93) x29 0x00000020
core   3: 0x80000008 (0x02000e93) li      x29, 32
core   3: 3 0x80000008 (0x02000e93) x29 0x00000020
core   0: 0x8000000c (0x0d0efed7) vsetvli x29, x29, e32, m1, ta, ma
core   0: 3 0x8000000c (0x0d0efed7) x29 0x00000010 c8_vstart 0x00000000 c3104_vl 0x00000010 c3105_vtype 0x000000d0 c768_mstatus 0x80000600
core   1: 0x8000000c (0x0d0efed7) vsetvli x29, x29, e32, m1, ta, ma
core   1: 3 0x8000000c (0x0d0efed7) x29 0x00000010 c8_vstart 0x00000000 c3104_vl 0x00000010 c3105_vtype 0x000000d0 c768_mstatus 0x80000600
core   2: 0x8000000c (0x0d0efed7) vsetvli x29, x29, e32, m1, ta, ma
core   2: 3 0x8000000c (0x0d0efed7) x29 0x00000010 c8_vstart 0x00000000 c3104_vl 0x00000010 c3105_vtype 0x000000d0 c768_mstatus 0x80000600
core   3: 0x8000000c (0x0d0efed7) vsetvli x29, x29, e32, m1, ta, ma
core   3: 3 0x8000000c (0x0d0efed7) x29 0x00000010 c8_vstart 0x00000000 c3104_vl 0x00000010 c3105_vtype 0x000000d0 c768_mstatus 0x80000600
core   0: 0x80000010 (0x00002eb7) lui     x29, 0x2
core   0: 3 0x80000010 (0x00002eb7) x29 0x00002000
core   1: 0x80000010 (0x00002eb7) lui     x29, 0x2
core   1: 3 0x80000010 (0x00002eb7) x29 0x00002000
core   2: 0x80000010 (0x00002eb7) lui     x29, 0x2
core   2: 3 0x80000010 (0x00002eb7) x29 0x00002000
core   3: 0x80000010 (0x00002eb7) lui     x29, 0x2
core   3: 3 0x80000010 (0x00002eb7) x29 0x00002000
core   0: 0x80000014 (0x300eaef3) csrrs   x29, mstatus, x29
core   0: 3 0x80000014 (0x300eaef3) x29 0x80000600 c768_mstatus 0x80006600
core   1: 0x80000014 (0x300eaef3) csrrs   x29, mstatus, x29
core   1: 3 0x80000014 (0x300eaef3) x29 0x80000600 c768_mstatus 0x80006600
core   2: 0x80000014 (0x300eaef3) csrrs   x29, mstatus, x29
core   2: 3 0x80000014 (0x300eaef3) x29 0x80000600 c768_mstatus 0x80006600
core   3: 0x80000014 (0x300eaef3) csrrs   x29, mstatus, x29
core   3: 3 0x80000014 (0x300eaef3) x29 0x80000600 c768_mstatus 0x80006600
core   0: 0x80000018 (0x00000e93) li      x29, 0
core   0: 3 0x80000018 (0x00000e93) x29 0x00000000
core   1: 0x80000018 (0x00000e93) li      x29, 0
core   1: 3 0x80000018 (0x00000e93) x29 0x00000000
core   2: 0x80000018 (0x00000e93) li      x29, 0
core   2: 3 0x80000018 (0x00000e93) x29 0x00000000
core   3: 0x80000018 (0x00000e93) li      x29, 0
core   3: 3 0x80000018 (0x00000e93) x29 0x00000000
core   0: 0x8000001c (0x80502373) csrr    x6, wid
core   0: 3 0x8000001c (0x80502373) x6  0x00000000
core   1: 0x8000001c (0x80502373) csrr    x6, wid
core   1: 3 0x8000001c (0x80502373) x6  0x00000001
core   2: 0x8000001c (0x80502373) csrr    x6, wid
core   2: 3 0x8000001c (0x80502373) x6  0x00000002
core   3: 0x8000001c (0x80502373) csrr    x6, wid
core   3: 3 0x8000001c (0x80502373) x6  0x00000003
core   0: 0x80000020 (0x806023f3) csrr    x7, lds
core   0: 3 0x80000020 (0x806023f3) x7  0x70000000
core   1: 0x80000020 (0x806023f3) csrr    x7, lds
core   1: 3 0x80000020 (0x806023f3) x7  0x70000000
core   2: 0x80000020 (0x806023f3) csrr    x7, lds
core   2: 3 0x80000020 (0x806023f3) x7  0x70000000
core   3: 0x80000020 (0x806023f3) csrr    x7, lds
core   3: 3 0x80000020 (0x806023f3) x7  0x70000000
core   0: 0x80000024 (0x40000e13) li      x28, 1024
core   0: 3 0x80000024 (0x40000e13) x28 0x00000400
core   1: 0x80000024 (0x40000e13) li      x28, 1024
core   1: 3 0x80000024 (0x40000e13) x28 0x00000400
core   2: 0x80000024 (0x40000e13) li      x28, 1024
core   2: 3 0x80000024 (0x40000e13) x28 0x00000400
core   3: 0x80000024 (0x40000e13) li      x28, 1024
core   3: 3 0x80000024 (0x40000e13) x28 0x00000400
core   0: 0x80000028 (0x03c30333) mul     x6, x6, x28
core   0: 3 0x80000028 (0x03c30333) x6  0x00000000
core   1: 0x80000028 (0x03c30333) mul     x6, x6, x28
core   1: 3 0x80000028 (0x03c30333) x6  0x00000400
core   2: 0x80000028 (0x03c30333) mul     x6, x6, x28
core   2: 3 0x80000028 (0x03c30333) x6  0x00000800
core   3: 0x80000028 (0x03c30333) mul     x6, x6, x28
core   3: 3 0x80000028 (0x03c30333) x6  0x00000c00
core   0: 0x8000002c (0x00730133) add     x2, x6, x7
core   0: 3 0x8000002c (0x00730133) x2  0x70000000
core   1: 0x8000002c (0x00730133) add     x2, x6, x7
core   1: 3 0x8000002c (0x00730133) x2  0x70000400
core   2: 0x8000002c (0x00730133) add     x2, x6, x7
core   2: 3 0x8000002c (0x00730133) x2  0x70000800
core   3: 0x8000002c (0x00730133) add     x2, x6, x7
core   3: 3 0x8000002c (0x00730133) x2  0x70000c00
core   0: 0x80000030 (0x00000213) li      x4, 0
core   0: 3 0x80000030 (0x00000213) x4  0x00000000
core   1: 0x80000030 (0x00000213) li      x4, 0
core   1: 3 0x80000030 (0x00000213) x4  0x00000000
core   2: 0x80000030 (0x00000213) li      x4, 0
core   2: 3 0x80000030 (0x00000213) x4  0x00000000
core   3: 0x80000030 (0x00000213) li      x4, 0
core   3: 3 0x80000030 (0x00000213) x4  0x00000000
core   0: 0x80000034 (0x80102f73) csrr    x30, numw
core   0: 3 0x80000034 (0x80102f73) x30 0x00000004
core   1: 0x80000034 (0x80102f73) csrr    x30, numw
core   1: 3 0x80000034 (0x80102f73) x30 0x00000004
core   2: 0x80000034 (0x80102f73) csrr    x30, numw
core   2: 3 0x80000034 (0x80102f73) x30 0x00000004
core   3: 0x80000034 (0x80102f73) csrr    x30, numw
core   3: 3 0x80000034 (0x80102f73) x30 0x00000004
core   0: 0x80000038 (0x40000e13) li      x28, 1024
core   0: 3 0x80000038 (0x40000e13) x28 0x00000400
core   1: 0x80000038 (0x40000e13) li      x28, 1024
core   1: 3 0x80000038 (0x40000e13) x28 0x00000400
core   2: 0x80000038 (0x40000e13) li      x28, 1024
core   2: 3 0x80000038 (0x40000e13) x28 0x00000400
core   3: 0x80000038 (0x40000e13) li      x28, 1024
core   3: 3 0x80000038 (0x40000e13) x28 0x00000400
core   0: 0x8000003c (0x03cf0f33) mul     x30, x30, x28
core   0: 3 0x8000003c (0x03cf0f33) x30 0x00001000
core   1: 0x8000003c (0x03cf0f33) mul     x30, x30, x28
core   1: 3 0x8000003c (0x03cf0f33) x30 0x00001000
core   2: 0x8000003c (0x03cf0f33) mul     x30, x30, x28
core   2: 3 0x8000003c (0x03cf0f33) x30 0x00001000
core   3: 0x8000003c (0x03cf0f33) mul     x30, x30, x28
core   3: 3 0x8000003c (0x03cf0f33) x30 0x00001000
core   0: 0x80000040 (0x01e38433) add     x8, x7, x30
core   0: 3 0x80000040 (0x01e38433) x8  0x70001000
core   1: 0x80000040 (0x01e38433) add     x8, x7, x30
core   1: 3 0x80000040 (0x01e38433) x8  0x70001000
core   2: 0x80000040 (0x01e38433) add     x8, x7, x30
core   2: 3 0x80000040 (0x01e38433) x8  0x70001000
core   3: 0x80000040 (0x01e38433) add     x8, x7, x30
core   3: 3 0x80000040 (0x01e38433) x8  0x70001000
core   0: 0x80000044 (0x00003517) auipc   x10, 0x3
core   0: 3 0x80000044 (0x00003517) x10 0x80003044
core   1: 0x80000044 (0x00003517) auipc   x10, 0x3
core   1: 3 0x80000044 (0x00003517) x10 0x80003044
core   2: 0x80000044 (0x00003517) auipc   x10, 0x3
core   2: 3 0x80000044 (0x00003517) x10 0x80003044
core   3: 0x80000044 (0x00003517) auipc   x10, 0x3
core   3: 3 0x80000044 (0x00003517) x10 0x80003044
core   0: 0x80000048 (0xfc850513) addi    x10, x10, -56
core   0: 3 0x80000048 (0xfc850513) x10 0x8000300c
core   1: 0x80000048 (0xfc850513) addi    x10, x10, -56
core   1: 3 0x80000048 (0xfc850513) x10 0x8000300c
core   2: 0x80000048 (0xfc850513) addi    x10, x10, -56
core   2: 3 0x80000048 (0xfc850513) x10 0x8000300c
core   3: 0x80000048 (0xfc850513) addi    x10, x10, -56
core   3: 3 0x80000048 (0xfc850513) x10 0x8000300c
core   0: 0x8000004c (0x00003617) auipc   x12, 0x3
core   0: 3 0x8000004c (0x00003617) x12 0x8000304c
core   1: 0x8000004c (0x00003617) auipc   x12, 0x3
core   1: 3 0x8000004c (0x00003617) x12 0x8000304c
core   2: 0x8000004c (0x00003617) auipc   x12, 0x3
core   2: 3 0x8000004c (0x00003617) x12 0x8000304c
core   3: 0x8000004c (0x00003617) auipc   x12, 0x3
core   3: 3 0x8000004c (0x00003617) x12 0x8000304c
core   0: 0x80000050 (0xfc060613) addi    x12, x12, -64
core   0: 3 0x80000050 (0xfc060613) x12 0x8000300c
core   1: 0x80000050 (0xfc060613) addi    x12, x12, -64
core   1: 3 0x80000050 (0xfc060613) x12 0x8000300c
core   2: 0x80000050 (0xfc060613) addi    x12, x12, -64
core   2: 3 0x80000050 (0xfc060613) x12 0x8000300c
core   3: 0x80000050 (0xfc060613) addi    x12, x12, -64
core   3: 3 0x80000050 (0xfc060613) x12 0x8000300c
core   0: 0x80000054 (0x00c50863) beq     x10, x12, pc + 16
core   0: 3 0x80000054 (0x00c50863)
core   1: 0x80000054 (0x00c50863) beq     x10, x12, pc + 16
core   1: 3 0x80000054 (0x00c50863)
core   2: 0x80000054 (0x00c50863) beq     x10, x12, pc + 16
core   2: 3 0x80000054 (0x00c50863)
core   3: 0x80000054 (0x00c50863) beq     x10, x12, pc + 16
core   3: 3 0x80000054 (0x00c50863)
core   0: 0x80000064 (0x803022f3) csrr    x5, knl
core   0: 3 0x80000064 (0x803022f3) x5  0x90044000
core   1: 0x80000064 (0x803022f3) csrr    x5, knl
core   1: 3 0x80000064 (0x803022f3) x5  0x90044000
core   2: 0x80000064 (0x803022f3) csrr    x5, knl
core   2: 3 0x80000064 (0x803022f3) x5  0x90044000
core   3: 0x80000064 (0x803022f3) csrr    x5, knl
core   3: 3 0x80000064 (0x803022f3) x5  0x90044000
core   0: 0x80000068 (0x0002a303) lw      x6, 0(x5)
core   0: 3 0x80000068 (0x0002a303) x6  0x800000b8 mem 0x90044000
core   1: 0x80000068 (0x0002a303) lw      x6, 0(x5)
core   1: 3 0x80000068 (0x0002a303) x6  0x800000b8 mem 0x90044000
core   2: 0x80000068 (0x0002a303) lw      x6, 0(x5)
core   2: 3 0x80000068 (0x0002a303) x6  0x800000b8 mem 0x90044000
core   3: 0x80000068 (0x0002a303) lw      x6, 0(x5)
core   3: 3 0x80000068 (0x0002a303) x6  0x800000b8 mem 0x90044000
core   0: 0x8000006c (0x0042a503) lw      x10, 4(x5)
core   0: 3 0x8000006c (0x0042a503) x10 0x90003000 mem 0x90044004
core   1: 0x8000006c (0x0042a503) lw      x10, 4(x5)
core   1: 3 0x8000006c (0x0042a503) x10 0x90003000 mem 0x90044004
core   2: 0x8000006c (0x0042a503) lw      x10, 4(x5)
core   2: 3 0x8000006c (0x0042a503) x10 0x90003000 mem 0x90044004
core   3: 0x8000006c (0x0042a503) lw      x10, 4(x5)
core   3: 3 0x8000006c (0x0042a503) x10 0x90003000 mem 0x90044004
core   0: 0x80000070 (0x0302a383) lw      x7, 48(x5)
core   0: 3 0x80000070 (0x0302a383) x7  0x00000000 mem 0x90044030
core   1: 0x80000070 (0x0302a383) lw      x7, 48(x5)
core   1: 3 0x80000070 (0x0302a383) x7  0x00000000 mem 0x90044030
core   2: 0x80000070 (0x0302a383) lw      x7, 48(x5)
core   2: 3 0x80000070 (0x0302a383) x7  0x00000000 mem 0x90044030
core   3: 0x80000070 (0x0302a383) lw      x7, 48(x5)
core   3: 3 0x80000070 (0x0302a383) x7  0x00000000 mem 0x90044030
core   0: 0x80000074 (0x0342ae03) lw      x28, 52(x5)
core   0: 3 0x80000074 (0x0342ae03) x28 0x00000000 mem 0x90044034
core   1: 0x80000074 (0x0342ae03) lw      x28, 52(x5)
core   1: 3 0x80000074 (0x0342ae03) x28 0x00000000 mem 0x90044034
core   2: 0x80000074 (0x0342ae03) lw      x28, 52(x5)
core   2: 3 0x80000074 (0x0342ae03) x28 0x00000000 mem 0x90044034
core   3: 0x80000074 (0x0342ae03) lw      x28, 52(x5)
core   3: 3 0x80000074 (0x0342ae03) x28 0x00000000 mem 0x90044034
core   0: 0x80000078 (0x00003e97) auipc   x29, 0x3
core   0: 3 0x80000078 (0x00003e97) x29 0x80003078
core   1: 0x80000078 (0x00003e97) auipc   x29, 0x3
core   1: 3 0x80000078 (0x00003e97) x29 0x80003078
core   2: 0x80000078 (0x00003e97) auipc   x29, 0x3
core   2: 3 0x80000078 (0x00003e97) x29 0x80003078
core   3: 0x80000078 (0x00003e97) auipc   x29, 0x3
core   3: 3 0x80000078 (0x00003e97) x29 0x80003078
core   0: 0x8000007c (0xf88e8e93) addi    x29, x29, -120
core   0: 3 0x8000007c (0xf88e8e93) x29 0x80003000
core   1: 0x8000007c (0xf88e8e93) addi    x29, x29, -120
core   1: 3 0x8000007c (0xf88e8e93) x29 0x80003000
core   2: 0x8000007c (0xf88e8e93) addi    x29, x29, -120
core   2: 3 0x8000007c (0xf88e8e93) x29 0x80003000
core   3: 0x8000007c (0xf88e8e93) addi    x29, x29, -120
core   3: 3 0x8000007c (0xf88e8e93) x29 0x80003000
core   0: 0x80000080 (0x00003f17) auipc   x30, 0x3
core   0: 3 0x80000080 (0x00003f17) x30 0x80003080
core   1: 0x80000080 (0x00003f17) auipc   x30, 0x3
core   1: 3 0x80000080 (0x00003f17) x30 0x80003080
core   2: 0x80000080 (0x00003f17) auipc   x30, 0x3
core   2: 3 0x80000080 (0x00003f17) x30 0x80003080
core   3: 0x80000080 (0x00003f17) auipc   x30, 0x3
core   3: 3 0x80000080 (0x00003f17) x30 0x80003080
core   0: 0x80000084 (0xf84f0f13) addi    x30, x30, -124
core   0: 3 0x80000084 (0xf84f0f13) x30 0x80003004
core   1: 0x80000084 (0xf84f0f13) addi    x30, x30, -124
core   1: 3 0x80000084 (0xf84f0f13) x30 0x80003004
core   2: 0x80000084 (0xf84f0f13) addi    x30, x30, -124
core   2: 3 0x80000084 (0xf84f0f13) x30 0x80003004
core   3: 0x80000084 (0xf84f0f13) addi    x30, x30, -124
core   3: 3 0x80000084 (0xf84f0f13) x30 0x80003004
core   0: 0x80000088 (0x007ea023) sw      x7, 0(x29)
core   0: 3 0x80000088 (0x007ea023) mem 0x80003000 0x00000000
core   1: 0x80000088 (0x007ea023) sw      x7, 0(x29)
core   1: 3 0x80000088 (0x007ea023) mem 0x80003000 0x00000000
core   2: 0x80000088 (0x007ea023) sw      x7, 0(x29)
core   2: 3 0x80000088 (0x007ea023) mem 0x80003000 0x00000000
core   3: 0x80000088 (0x007ea023) sw      x7, 0(x29)
core   3: 3 0x80000088 (0x007ea023) mem 0x80003000 0x00000000
core   0: 0x8000008c (0x01cf2023) sw      x28, 0(x30)
core   0: 3 0x8000008c (0x01cf2023) mem 0x80003004 0x00000000
core   1: 0x8000008c (0x01cf2023) sw      x28, 0(x30)
core   1: 3 0x8000008c (0x01cf2023) mem 0x80003004 0x00000000
core   2: 0x8000008c (0x01cf2023) sw      x28, 0(x30)
core   2: 3 0x8000008c (0x01cf2023) mem 0x80003004 0x00000000
core   3: 0x8000008c (0x01cf2023) sw      x28, 0(x30)
core   3: 3 0x8000008c (0x01cf2023) mem 0x80003004 0x00000000
core   0: 0x80000090 (0x00000f97) auipc   x31, 0x0
core   0: 3 0x80000090 (0x00000f97) x31 0x80000090
core   1: 0x80000090 (0x00000f97) auipc   x31, 0x0
core   1: 3 0x80000090 (0x00000f97) x31 0x80000090
core   2: 0x80000090 (0x00000f97) auipc   x31, 0x0
core   2: 3 0x80000090 (0x00000f97) x31 0x80000090
core   3: 0x80000090 (0x00000f97) auipc   x31, 0x0
core   3: 3 0x80000090 (0x00000f97) x31 0x80000090
core   0: 0x80000094 (0x018f8f93) addi    x31, x31, 24
core   0: 3 0x80000094 (0x018f8f93) x31 0x800000a8
core   1: 0x80000094 (0x018f8f93) addi    x31, x31, 24
core   1: 3 0x80000094 (0x018f8f93) x31 0x800000a8
core   2: 0x80000094 (0x018f8f93) addi    x31, x31, 24
core   2: 3 0x80000094 (0x018f8f93) x31 0x800000a8
core   3: 0x80000094 (0x018f8f93) addi    x31, x31, 24
core   3: 3 0x80000094 (0x018f8f93) x31 0x800000a8
core   0: 0x80000098 (0x305f9073) csrw    mtvec, x31
core   0: 3 0x80000098 (0x305f9073) c773_mtvec 0x800000a8
core   1: 0x80000098 (0x305f9073) csrw    mtvec, x31
core   1: 3 0x80000098 (0x305f9073) c773_mtvec 0x800000a8
core   2: 0x80000098 (0x305f9073) csrw    mtvec, x31
core   2: 3 0x80000098 (0x305f9073) c773_mtvec 0x800000a8
core   3: 0x80000098 (0x305f9073) csrw    mtvec, x31
core   3: 3 0x80000098 (0x305f9073) c773_mtvec 0x800000a8
core   0: 0x8000009c (0x000300e7) jalr    x6
core   0: 3 0x8000009c (0x000300e7) x1  0x800000a0
core   1: 0x8000009c (0x000300e7) jalr    x6
core   1: 3 0x8000009c (0x000300e7) x1  0x800000a0
core   2: 0x8000009c (0x000300e7) jalr    x6
core   2: 3 0x8000009c (0x000300e7) x1  0x800000a0
core   3: 0x8000009c (0x000300e7) jalr    x6
core   3: 3 0x8000009c (0x000300e7) x1  0x800000a0
core   0: 0x800000b8 (0x00c10113) addi    x2, x2, 12
core   0: 3 0x800000b8 (0x00c10113) x2  0x7000000c
core   1: 0x800000b8 (0x00c10113) addi    x2, x2, 12
core   1: 3 0x800000b8 (0x00c10113) x2  0x7000040c
core   2: 0x800000b8 (0x00c10113) addi    x2, x2, 12
core   2: 3 0x800000b8 (0x00c10113) x2  0x7000080c
core   3: 0x800000b8 (0x00c10113) addi    x2, x2, 12
core   3: 3 0x800000b8 (0x00c10113) x2  0x70000c0c
core   0: 0x800000bc (0x00c20213) addi    x4, x4, 12
core   0: 3 0x800000bc (0x00c20213) x4  0x0000000c
core   1: 0x800000bc (0x00c20213) addi    x4, x4, 12
core   1: 3 0x800000bc (0x00c20213) x4  0x0000000c
core   2: 0x800000bc (0x00c20213) addi    x4, x4, 12
core   2: 3 0x800000bc (0x00c20213) x4  0x0000000c
core   3: 0x800000bc (0x00c20213) addi    x4, x4, 12
core   3: 3 0x800000bc (0x00c20213) x4  0x0000000c
core   0: 0x800000c0 (0x0010200b) regext  x0, x0,  0 0 0 1 
core   0: 3 0x800000c0 (0x0010200b)
core   1: 0x800000c0 (0x0010200b) regext  x0, x0,  0 0 0 1 
core   1: 3 0x800000c0 (0x0010200b)
core   2: 0x800000c0 (0x0010200b) regext  x0, x0,  0 0 0 1 
core   2: 3 0x800000c0 (0x0010200b)
core   3: 0x800000c0 (0x0010200b) regext  x0, x0,  0 0 0 1 
core   3: 3 0x800000c0 (0x0010200b)
core   0: 0x800000c4 (0x5e024057) vmv.v.x v0, x4
core   0: 3 0x800000c4 (0x5e024057) c8_vstart 0x00000000 e32 m1 l16 v32 0000ffff 0x0000000c 0000000c 0000000c 0000000c 0000000c 0000000c 0000000c 0000000c 0000000c 0000000c 0000000c 0000000c 0000000c 0000000c 0000000c 0000000c 
core   1: 0x800000c4 (0x5e024057) vmv.v.x v0, x4
core   1: 3 0x800000c4 (0x5e024057) c8_vstart 0x00000000 e32 m1 l16 v32 0000ffff 0x0000000c 0000000c 0000000c 0000000c 0000000c 0000000c 0000000c 0000000c 0000000c 0000000c 0000000c 0000000c 0000000c 0000000c 0000000c 0000000c 
core   2: 0x800000c4 (0x5e024057) vmv.v.x v0, x4
core   2: 3 0x800000c4 (0x5e024057) c8_vstart 0x00000000 e32 m1 l16 v32 0000ffff 0x0000000c 0000000c 0000000c 0000000c 0000000c 0000000c 0000000c 0000000c 0000000c 0000000c 0000000c 0000000c 0000000c 0000000c 0000000c 0000000c 
core   3: 0x800000c4 (0x5e024057) vmv.v.x v0, x4
core   3: 3 0x800000c4 (0x5e024057) c8_vstart 0x00000000 e32 m1 l16 v32 0000ffff 0x0000000c 0000000c 0000000c 0000000c 0000000c 0000000c 0000000c 0000000c 0000000c 0000000c 0000000c 0000000c 0000000c 0000000c 0000000c 0000000c 
core   0: 0x800000c8 (0xfe112a23) sw      x1, -12(x2)
core   0: 3 0x800000c8 (0xfe112a23) mem 0x70000000 0x800000a0
core   1: 0x800000c8 (0xfe112a23) sw      x1, -12(x2)
core   1: 3 0x800000c8 (0xfe112a23) mem 0x70000400 0x800000a0
core   2: 0x800000c8 (0xfe112a23) sw      x1, -12(x2)
core   2: 3 0x800000c8 (0xfe112a23) mem 0x70000800 0x800000a0
core   3: 0x800000c8 (0xfe112a23) sw      x1, -12(x2)
core   3: 3 0x800000c8 (0xfe112a23) mem 0x70000c00 0x800000a0
core   0: 0x800000cc (0x0480200b) regext  x0, x0,  0 1 1 0 
core   0: 3 0x800000cc (0x0480200b)
core   1: 0x800000cc (0x0480200b) regext  x0, x0,  0 1 1 0 
core   1: 3 0x800000cc (0x0480200b)
core   2: 0x800000cc (0x0480200b) regext  x0, x0,  0 1 1 0 
core   2: 3 0x800000cc (0x0480200b)
core   3: 0x800000cc (0x0480200b) regext  x0, x0,  0 1 1 0 
core   3: 3 0x800000cc (0x0480200b)
core   0: 0x800000d0 (0xfe102e2b) vsw.v   v1, x0, -4
core   0: 3 0x800000d0 (0xfe102e2b) c8_vstart 0x00000000 mem 0x90004200 0x00000000 mem 0x90004204 0x00000000 mem 0x90004208 0x00000000 mem 0x9000420c 0x00000000 mem 0x90004210 0x00000000 mem 0x90004214 0x00000000 mem 0x90004218 0x00000000 mem 0x9000421c 0x00000000 mem 0x90004220 0x00000000 mem 0x90004224 0x00000000 mem 0x90004228 0x00000000 mem 0x9000422c 0x00000000 mem 0x90004230 0x00000000 mem 0x90004234 0x00000000 mem 0x90004238 0x00000000 mem 0x9000423c 0x00000000
core   1: 0x800000d0 (0xfe102e2b) vsw.v   v1, x0, -4
core   1: 3 0x800000d0 (0xfe102e2b) c8_vstart 0x00000000 mem 0x90004240 0x00000000 mem 0x90004244 0x00000000 mem 0x90004248 0x00000000 mem 0x9000424c 0x00000000 mem 0x90004250 0x00000000 mem 0x90004254 0x00000000 mem 0x90004258 0x00000000 mem 0x9000425c 0x00000000 mem 0x90004260 0x00000000 mem 0x90004264 0x00000000 mem 0x90004268 0x00000000 mem 0x9000426c 0x00000000 mem 0x90004270 0x00000000 mem 0x90004274 0x00000000 mem 0x90004278 0x00000000 mem 0x9000427c 0x00000000
core   2: 0x800000d0 (0xfe102e2b) vsw.v   v1, x0, -4
core   2: 3 0x800000d0 (0xfe102e2b) c8_vstart 0x00000000 mem 0x90004280 0x00000000 mem 0x90004284 0x00000000 mem 0x90004288 0x00000000 mem 0x9000428c 0x00000000 mem 0x90004290 0x00000000 mem 0x90004294 0x00000000 mem 0x90004298 0x00000000 mem 0x9000429c 0x00000000 mem 0x900042a0 0x00000000 mem 0x900042a4 0x00000000 mem 0x900042a8 0x00000000 mem 0x900042ac 0x00000000 mem 0x900042b0 0x00000000 mem 0x900042b4 0x00000000 mem 0x900042b8 0x00000000 mem 0x900042bc 0x00000000
core   3: 0x800000d0 (0xfe102e2b) vsw.v   v1, x0, -4
core   3: 3 0x800000d0 (0xfe102e2b) c8_vstart 0x00000000 mem 0x900042c0 0x00000000 mem 0x900042c4 0x00000000 mem 0x900042c8 0x00000000 mem 0x900042cc 0x00000000 mem 0x900042d0 0x00000000 mem 0x900042d4 0x00000000 mem 0x900042d8 0x00000000 mem 0x900042dc 0x00000000 mem 0x900042e0 0x00000000 mem 0x900042e4 0x00000000 mem 0x900042e8 0x00000000 mem 0x900042ec 0x00000000 mem 0x900042f0 0x00000000 mem 0x900042f4 0x00000000 mem 0x900042f8 0x00000000 mem 0x900042fc 0x00000000
core   0: 0x800000d4 (0x0480200b) regext  x0, x0,  0 1 1 0 
core   0: 3 0x800000d4 (0x0480200b)
core   1: 0x800000d4 (0x0480200b) regext  x0, x0,  0 1 1 0 
core   1: 3 0x800000d4 (0x0480200b)
core   2: 0x800000d4 (0x0480200b) regext  x0, x0,  0 1 1 0 
core   2: 3 0x800000d4 (0x0480200b)
core   3: 0x800000d4 (0x0480200b) regext  x0, x0,  0 1 1 0 
core   3: 3 0x800000d4 (0x0480200b)
core   0: 0x800000d8 (0xfe202c2b) vsw.v   v2, x0, -8
core   0: 3 0x800000d8 (0xfe202c2b) c8_vstart 0x00000000 mem 0x90004100 0x00000000 mem 0x90004104 0x00000000 mem 0x90004108 0x00000000 mem 0x9000410c 0x00000000 mem 0x90004110 0x00000000 mem 0x90004114 0x00000000 mem 0x90004118 0x00000000 mem 0x9000411c 0x00000000 mem 0x90004120 0x00000000 mem 0x90004124 0x00000000 mem 0x90004128 0x00000000 mem 0x9000412c 0x00000000 mem 0x90004130 0x00000000 mem 0x90004134 0x00000000 mem 0x90004138 0x00000000 mem 0x9000413c 0x00000000
core   1: 0x800000d8 (0xfe202c2b) vsw.v   v2, x0, -8
core   1: 3 0x800000d8 (0xfe202c2b) c8_vstart 0x00000000 mem 0x90004140 0x00000000 mem 0x90004144 0x00000000 mem 0x90004148 0x00000000 mem 0x9000414c 0x00000000 mem 0x90004150 0x00000000 mem 0x90004154 0x00000000 mem 0x90004158 0x00000000 mem 0x9000415c 0x00000000 mem 0x90004160 0x00000000 mem 0x90004164 0x00000000 mem 0x90004168 0x00000000 mem 0x9000416c 0x00000000 mem 0x90004170 0x00000000 mem 0x90004174 0x00000000 mem 0x90004178 0x00000000 mem 0x9000417c 0x00000000
core   2: 0x800000d8 (0xfe202c2b) vsw.v   v2, x0, -8
core   2: 3 0x800000d8 (0xfe202c2b) c8_vstart 0x00000000 mem 0x90004180 0x00000000 mem 0x90004184 0x00000000 mem 0x90004188 0x00000000 mem 0x9000418c 0x00000000 mem 0x90004190 0x00000000 mem 0x90004194 0x00000000 mem 0x90004198 0x00000000 mem 0x9000419c 0x00000000 mem 0x900041a0 0x00000000 mem 0x900041a4 0x00000000 mem 0x900041a8 0x00000000 mem 0x900041ac 0x00000000 mem 0x900041b0 0x00000000 mem 0x900041b4 0x00000000 mem 0x900041b8 0x00000000 mem 0x900041bc 0x00000000
core   3: 0x800000d8 (0xfe202c2b) vsw.v   v2, x0, -8
core   3: 3 0x800000d8 (0xfe202c2b) c8_vstart 0x00000000 mem 0x900041c0 0x00000000 mem 0x900041c4 0x00000000 mem 0x900041c8 0x00000000 mem 0x900041cc 0x00000000 mem 0x900041d0 0x00000000 mem 0x900041d4 0x00000000 mem 0x900041d8 0x00000000 mem 0x900041dc 0x00000000 mem 0x900041e0 0x00000000 mem 0x900041e4 0x00000000 mem 0x900041e8 0x00000000 mem 0x900041ec 0x00000000 mem 0x900041f0 0x00000000 mem 0x900041f4 0x00000000 mem 0x900041f8 0x00000000 mem 0x900041fc 0x00000000
core   0: 0x800000dc (0x0480200b) regext  x0, x0,  0 1 1 0 
core   0: 3 0x800000dc (0x0480200b)
core   1: 0x800000dc (0x0480200b) regext  x0, x0,  0 1 1 0 
core   1: 3 0x800000dc (0x0480200b)
core   2: 0x800000dc (0x0480200b) regext  x0, x0,  0 1 1 0 
core   2: 3 0x800000dc (0x0480200b)
core   3: 0x800000dc (0x0480200b) regext  x0, x0,  0 1 1 0 
core   3: 3 0x800000dc (0x0480200b)
core   0: 0x800000e0 (0xfe302a2b) vsw.v   v3, x0, -12
core   0: 3 0x800000e0 (0xfe302a2b) c8_vstart 0x00000000 mem 0x90004000 0x00000000 mem 0x90004004 0x00000000 mem 0x90004008 0x00000000 mem 0x9000400c 0x00000000 mem 0x90004010 0x00000000 mem 0x90004014 0x00000000 mem 0x90004018 0x00000000 mem 0x9000401c 0x00000000 mem 0x90004020 0x00000000 mem 0x90004024 0x00000000 mem 0x90004028 0x00000000 mem 0x9000402c 0x00000000 mem 0x90004030 0x00000000 mem 0x90004034 0x00000000 mem 0x90004038 0x00000000 mem 0x9000403c 0x00000000
core   1: 0x800000e0 (0xfe302a2b) vsw.v   v3, x0, -12
core   1: 3 0x800000e0 (0xfe302a2b) c8_vstart 0x00000000 mem 0x90004040 0x00000000 mem 0x90004044 0x00000000 mem 0x90004048 0x00000000 mem 0x9000404c 0x00000000 mem 0x90004050 0x00000000 mem 0x90004054 0x00000000 mem 0x90004058 0x00000000 mem 0x9000405c 0x00000000 mem 0x90004060 0x00000000 mem 0x90004064 0x00000000 mem 0x90004068 0x00000000 mem 0x9000406c 0x00000000 mem 0x90004070 0x00000000 mem 0x90004074 0x00000000 mem 0x90004078 0x00000000 mem 0x9000407c 0x00000000
core   2: 0x800000e0 (0xfe302a2b) vsw.v   v3, x0, -12
core   2: 3 0x800000e0 (0xfe302a2b) c8_vstart 0x00000000 mem 0x90004080 0x00000000 mem 0x90004084 0x00000000 mem 0x90004088 0x00000000 mem 0x9000408c 0x00000000 mem 0x90004090 0x00000000 mem 0x90004094 0x00000000 mem 0x90004098 0x00000000 mem 0x9000409c 0x00000000 mem 0x900040a0 0x00000000 mem 0x900040a4 0x00000000 mem 0x900040a8 0x00000000 mem 0x900040ac 0x00000000 mem 0x900040b0 0x00000000 mem 0x900040b4 0x00000000 mem 0x900040b8 0x00000000 mem 0x900040bc 0x00000000
core   3: 0x800000e0 (0xfe302a2b) vsw.v   v3, x0, -12
core   3: 3 0x800000e0 (0xfe302a2b) c8_vstart 0x00000000 mem 0x900040c0 0x00000000 mem 0x900040c4 0x00000000 mem 0x900040c8 0x00000000 mem 0x900040cc 0x00000000 mem 0x900040d0 0x00000000 mem 0x900040d4 0x00000000 mem 0x900040d8 0x00000000 mem 0x900040dc 0x00000000 mem 0x900040e0 0x00000000 mem 0x900040e4 0x00000000 mem 0x900040e8 0x00000000 mem 0x900040ec 0x00000000 mem 0x900040f0 0x00000000 mem 0x900040f4 0x00000000 mem 0x900040f8 0x00000000 mem 0x900040fc 0x00000000
core   0: 0x800000e4 (0x00c52303) lw      x6, 12(x10)
core   0: 3 0x800000e4 (0x00c52303) x6  0x00000008 mem 0x9000300c
core   1: 0x800000e4 (0x00c52303) lw      x6, 12(x10)
core   1: 3 0x800000e4 (0x00c52303) x6  0x00000008 mem 0x9000300c
core   2: 0x800000e4 (0x00c52303) lw      x6, 12(x10)
core   2: 3 0x800000e4 (0x00c52303) x6  0x00000008 mem 0x9000300c
core   3: 0x800000e4 (0x00c52303) lw      x6, 12(x10)
core   3: 3 0x800000e4 (0x00c52303) x6  0x00000008 mem 0x9000300c
core   0: 0x800000e8 (0xfe612e23) sw      x6, -4(x2)
core   0: 3 0x800000e8 (0xfe612e23) mem 0x70000008 0x00000008
core   1: 0x800000e8 (0xfe612e23) sw      x6, -4(x2)
core   1: 3 0x800000e8 (0xfe612e23) mem 0x70000408 0x00000008
core   2: 0x800000e8 (0xfe612e23) sw      x6, -4(x2)
core   2: 3 0x800000e8 (0xfe612e23) mem 0x70000808 0x00000008
core   3: 0x800000e8 (0xfe612e23) sw      x6, -4(x2)
core   3: 3 0x800000e8 (0xfe612e23) mem 0x70000c08 0x00000008
core   0: 0x800000ec (0xfea12c23) sw      x10, -8(x2)
core   0: 3 0x800000ec (0xfea12c23) mem 0x70000004 0x90003000
core   1: 0x800000ec (0xfea12c23) sw      x10, -8(x2)
core   1: 3 0x800000ec (0xfea12c23) mem 0x70000404 0x90003000
core   2: 0x800000ec (0xfea12c23) sw      x10, -8(x2)
core   2: 3 0x800000ec (0xfea12c23) mem 0x70000804 0x90003000
core   3: 0x800000ec (0xfea12c23) sw      x10, -8(x2)
core   3: 3 0x800000ec (0xfea12c23) mem 0x70000c04 0x90003000
core   0: 0x800000f0 (0x00852283) lw      x5, 8(x10)
core   0: 3 0x800000f0 (0x00852283) x5  0x90002000 mem 0x90003008
core   1: 0x800000f0 (0x00852283) lw      x5, 8(x10)
core   1: 3 0x800000f0 (0x00852283) x5  0x90002000 mem 0x90003008
core   2: 0x800000f0 (0x00852283) lw      x5, 8(x10)
core   2: 3 0x800000f0 (0x00852283) x5  0x90002000 mem 0x90003008
core   3: 0x800000f0 (0x00852283) lw      x5, 8(x10)
core   3: 3 0x800000f0 (0x00852283) x5  0x90002000 mem 0x90003008
core   0: 0x800000f4 (0x0010200b) regext  x0, x0,  0 0 0 1 
core   0: 3 0x800000f4 (0x0010200b)
core   1: 0x800000f4 (0x0010200b) regext  x0, x0,  0 0 0 1 
core   1: 3 0x800000f4 (0x0010200b)
core   2: 0x800000f4 (0x0010200b) regext  x0, x0,  0 0 0 1 
core   2: 3 0x800000f4 (0x0010200b)
core   3: 0x800000f4 (0x0010200b) regext  x0, x0,  0 0 0 1 
core   3: 3 0x800000f4 (0x0010200b)
core   0: 0x800000f8 (0x5e0341d7) vmv.v.x v3, x6
core   0: 3 0x800000f8 (0x5e0341d7) c8_vstart 0x00000000 e32 m1 l16 v35 0000ffff 0x00000008 00000008 00000008 00000008 00000008 00000008 00000008 00000008 00000008 00000008 00000008 00000008 00000008 00000008 00000008 00000008 
core   1: 0x800000f8 (0x5e0341d7) vmv.v.x v3, x6
core   1: 3 0x800000f8 (0x5e0341d7) c8_vstart 0x00000000 e32 m1 l16 v35 0000ffff 0x00000008 00000008 00000008 00000008 00000008 00000008 00000008 00000008 00000008 00000008 00000008 00000008 00000008 00000008 00000008 00000008 
core   2: 0x800000f8 (0x5e0341d7) vmv.v.x v3, x6
core   2: 3 0x800000f8 (0x5e0341d7) c8_vstart 0x00000000 e32 m1 l16 v35 0000ffff 0x00000008 00000008 00000008 00000008 00000008 00000008 00000008 00000008 00000008 00000008 00000008 00000008 00000008 00000008 00000008 00000008 
core   3: 0x800000f8 (0x5e0341d7) vmv.v.x v3, x6
core   3: 3 0x800000f8 (0x5e0341d7) c8_vstart 0x00000000 e32 m1 l16 v35 0000ffff 0x00000008 00000008 00000008 00000008 00000008 00000008 00000008 00000008 00000008 00000008 00000008 00000008 00000008 00000008 00000008 00000008 
core   0: 0x800000fc (0x0010200b) regext  x0, x0,  0 0 0 1 
core   0: 3 0x800000fc (0x0010200b)
core   1: 0x800000fc (0x0010200b) regext  x0, x0,  0 0 0 1 
core   1: 3 0x800000fc (0x0010200b)
core   2: 0x800000fc (0x0010200b) regext  x0, x0,  0 0 0 1 
core   2: 3 0x800000fc (0x0010200b)
core   3: 0x800000fc (0x0010200b) regext  x0, x0,  0 0 0 1 
core   3: 3 0x800000fc (0x0010200b)
core   0: 0x80000100 (0x5e02c157) vmv.v.x v2, x5
core   0: 3 0x80000100 (0x5e02c157) c8_vstart 0x00000000 e32 m1 l16 v34 0000ffff 0x90002000 90002000 90002000 90002000 90002000 90002000 90002000 90002000 90002000 90002000 90002000 90002000 90002000 90002000 90002000 90002000 
core   1: 0x80000100 (0x5e02c157) vmv.v.x v2, x5
core   1: 3 0x80000100 (0x5e02c157) c8_vstart 0x00000000 e32 m1 l16 v34 0000ffff 0x90002000 90002000 90002000 90002000 90002000 90002000 90002000 90002000 90002000 90002000 90002000 90002000 90002000 90002000 90002000 90002000 
core   2: 0x80000100 (0x5e02c157) vmv.v.x v2, x5
core   2: 3 0x80000100 (0x5e02c157) c8_vstart 0x00000000 e32 m1 l16 v34 0000ffff 0x90002000 90002000 90002000 90002000 90002000 90002000 90002000 90002000 90002000 90002000 90002000 90002000 90002000 90002000 90002000 90002000 
core   3: 0x80000100 (0x5e02c157) vmv.v.x v2, x5
core   3: 3 0x80000100 (0x5e02c157) c8_vstart 0x00000000 e32 m1 l16 v34 0000ffff 0x90002000 90002000 90002000 90002000 90002000 90002000 90002000 90002000 90002000 90002000 90002000 90002000 90002000 90002000 90002000 90002000 
core   0: 0x80000104 (0x5e004057) vmv.v.x v0, x0
core   0: 3 0x80000104 (0x5e004057) c8_vstart 0x00000000 e32 m1 l16 v0  0000ffff 0x00000000 00000000 00000000 00000000 00000000 00000000 00000000 00000000 00000000 00000000 00000000 00000000 00000000 00000000 00000000 00000000 
core   1: 0x80000104 (0x5e004057) vmv.v.x v0, x0
core   1: 3 0x80000104 (0x5e004057) c8_vstart 0x00000000 e32 m1 l16 v0  0000ffff 0x00000000 00000000 00000000 00000000 00000000 00000000 00000000 00000000 00000000 00000000 00000000 00000000 00000000 00000000 00000000 00000000 
core   2: 0x80000104 (0x5e004057) vmv.v.x v0, x0
core   2: 3 0x80000104 (0x5e004057) c8_vstart 0x00000000 e32 m1 l16 v0  0000ffff 0x00000000 00000000 00000000 00000000 00000000 00000000 00000000 00000000 00000000 00000000 00000000 00000000 00000000 00000000 00000000 00000000 
core   3: 0x80000104 (0x5e004057) vmv.v.x v0, x0
core   3: 3 0x80000104 (0x5e004057) c8_vstart 0x00000000 e32 m1 l16 v0  0000ffff 0x00000000 00000000 00000000 00000000 00000000 00000000 00000000 00000000 00000000 00000000 00000000 00000000 00000000 00000000 00000000 00000000 
core   0: 0x80000108 (0x0ec000ef) jal     pc + 0xec
core   0: 3 0x80000108 (0x0ec000ef) x1  0x8000010c
core   1: 0x80000108 (0x0ec000ef) jal     pc + 0xec
core   1: 3 0x80000108 (0x0ec000ef) x1  0x8000010c
core   2: 0x80000108 (0x0ec000ef) jal     pc + 0xec
core   2: 3 0x80000108 (0x0ec000ef) x1  0x8000010c
core   3: 0x80000108 (0x0ec000ef) jal     pc + 0xec
core   3: 3 0x80000108 (0x0ec000ef) x1  0x8000010c
core   0: 0x800001f4 (0x00410113) addi    x2, x2, 4
core   0: 3 0x800001f4 (0x00410113) x2  0x70000010
core   1: 0x800001f4 (0x00410113) addi    x2, x2, 4
core   1: 3 0x800001f4 (0x00410113) x2  0x70000410
core   2: 0x800001f4 (0x00410113) addi    x2, x2, 4
core   2: 3 0x800001f4 (0x00410113) x2  0x70000810
core   3: 0x800001f4 (0x00410113) addi    x2, x2, 4
core   3: 3 0x800001f4 (0x00410113) x2  0x70000c10
core   0: 0x800001f8 (0xfe112e23) sw      x1, -4(x2)
core   0: 3 0x800001f8 (0xfe112e23) mem 0x7000000c 0x8000010c
core   1: 0x800001f8 (0xfe112e23) sw      x1, -4(x2)
core   1: 3 0x800001f8 (0xfe112e23) mem 0x7000040c 0x8000010c
core   2: 0x800001f8 (0xfe112e23) sw      x1, -4(x2)
core   2: 3 0x800001f8 (0xfe112e23) mem 0x7000080c 0x8000010c
core   3: 0x800001f8 (0xfe112e23) sw      x1, -4(x2)
core   3: 3 0x800001f8 (0xfe112e23) mem 0x70000c0c 0x8000010c
core   0: 0x800001fc (0x00200293) li      x5, 2
core   0: 3 0x800001fc (0x00200293) x5  0x00000002
core   1: 0x800001fc (0x00200293) li      x5, 2
core   1: 3 0x800001fc (0x00200293) x5  0x00000002
core   2: 0x800001fc (0x00200293) li      x5, 2
core   2: 3 0x800001fc (0x00200293) x5  0x00000002
core   3: 0x800001fc (0x00200293) li      x5, 2
core   3: 3 0x800001fc (0x00200293) x5  0x00000002
core   0: 0x80000200 (0x5e02c0d7) vmv.v.x v1, x5
core   0: 3 0x80000200 (0x5e02c0d7) c8_vstart 0x00000000 e32 m1 l16 v1  0000ffff 0x00000002 00000002 00000002 00000002 00000002 00000002 00000002 00000002 00000002 00000002 00000002 00000002 00000002 00000002 00000002 00000002 
core   1: 0x80000200 (0x5e02c0d7) vmv.v.x v1, x5
core   1: 3 0x80000200 (0x5e02c0d7) c8_vstart 0x00000000 e32 m1 l16 v1  0000ffff 0x00000002 00000002 00000002 00000002 00000002 00000002 00000002 00000002 00000002 00000002 00000002 00000002 00000002 00000002 00000002 00000002 
core   2: 0x80000200 (0x5e02c0d7) vmv.v.x v1, x5
core   2: 3 0x80000200 (0x5e02c0d7) c8_vstart 0x00000000 e32 m1 l16 v1  0000ffff 0x00000002 00000002 00000002 00000002 00000002 00000002 00000002 00000002 00000002 00000002 00000002 00000002 00000002 00000002 00000002 00000002 
core   3: 0x80000200 (0x5e02c0d7) vmv.v.x v1, x5
core   3: 3 0x80000200 (0x5e02c0d7) c8_vstart 0x00000000 e32 m1 l16 v1  0000ffff 0x00000002 00000002 00000002 00000002 00000002 00000002 00000002 00000002 00000002 00000002 00000002 00000002 00000002 00000002 00000002 00000002 
core   0: 0x80000204 (0x00000317) auipc   x6, 0x0
core   0: 3 0x80000204 (0x00000317) x6  0x80000204
core   1: 0x80000204 (0x00000317) auipc   x6, 0x0
core   1: 3 0x80000204 (0x00000317) x6  0x80000204
core   2: 0x80000204 (0x00000317) auipc   x6, 0x0
core   2: 3 0x80000204 (0x00000317) x6  0x80000204
core   3: 0x80000204 (0x00000317) auipc   x6, 0x0
core   3: 3 0x80000204 (0x00000317) x6  0x80000204
core   0: 0x80000208 (0x04c3305b) setrpc  x0, x6, 76
core   0: 3 0x80000208 (0x04c3305b) c2060_rpc 0x80000250 current mask:	0000ffff current npc:	00000000 stack size: 0
core   1: 0x80000208 (0x04c3305b) setrpc  x0, x6, 76
core   1: 3 0x80000208 (0x04c3305b) c2060_rpc 0x80000250 current mask:	0000ffff current npc:	00000000 stack size: 0
core   2: 0x80000208 (0x04c3305b) setrpc  x0, x6, 76
core   2: 3 0x80000208 (0x04c3305b) c2060_rpc 0x80000250 current mask:	0000ffff current npc:	00000000 stack size: 0
core   3: 0x80000208 (0x04c3305b) setrpc  x0, x6, 76
core   3: 3 0x80000208 (0x04c3305b) c2060_rpc 0x80000250 current mask:	0000ffff current npc:	00000000 stack size: 0
core   0: 0x8000020c (0x0200885b) vbeq    v0, v1, pc + 48
core   0: 3 0x8000020c (0x0200885b) c8_vstart 0x00000000 e32 m1 l16 current mask:	0000ffff current npc:	80000210 stack size: 0
core   1: 0x8000020c (0x0200885b) vbeq    v0, v1, pc + 48
core   1: 3 0x8000020c (0x0200885b) c8_vstart 0x00000000 e32 m1 l16 current mask:	0000ffff current npc:	80000210 stack size: 0
core   2: 0x8000020c (0x0200885b) vbeq    v0, v1, pc + 48
core   2: 3 0x8000020c (0x0200885b) c8_vstart 0x00000000 e32 m1 l16 current mask:	0000ffff current npc:	80000210 stack size: 0
core   3: 0x8000020c (0x0200885b) vbeq    v0, v1, pc + 48
core   3: 3 0x8000020c (0x0200885b) c8_vstart 0x00000000 e32 m1 l16 current mask:	0000ffff current npc:	80000210 stack size: 0
core   0: 0x80000210 (0x00100293) li      x5, 1
core   0: 3 0x80000210 (0x00100293) x5  0x00000001
core   1: 0x80000210 (0x00100293) li      x5, 1
core   1: 3 0x80000210 (0x00100293) x5  0x00000001
core   2: 0x80000210 (0x00100293) li      x5, 1
core   2: 3 0x80000210 (0x00100293) x5  0x00000001
core   3: 0x80000210 (0x00100293) li      x5, 1
core   3: 3 0x80000210 (0x00100293) x5  0x00000001
core   0: 0x80000214 (0x5e02c0d7) vmv.v.x v1, x5
core   0: 3 0x80000214 (0x5e02c0d7) c8_vstart 0x00000000 e32 m1 l16 v1  0000ffff 0x00000001 00000001 00000001 00000001 00000001 00000001 00000001 00000001 00000001 00000001 00000001 00000001 00000001 00000001 00000001 00000001 
core   1: 0x80000214 (0x5e02c0d7) vmv.v.x v1, x5
core   1: 3 0x80000214 (0x5e02c0d7) c8_vstart 0x00000000 e32 m1 l16 v1  0000ffff 0x00000001 00000001 00000001 00000001 00000001 00000001 00000001 00000001 00000001 00000001 00000001 00000001 00000001 00000001 00000001 00000001 
core   2: 0x80000214 (0x5e02c0d7) vmv.v.x v1, x5
core   2: 3 0x80000214 (0x5e02c0d7) c8_vstart 0x00000000 e32 m1 l16 v1  0000ffff 0x00000001 00000001 00000001 00000001 00000001 00000001 00000001 00000001 00000001 00000001 00000001 00000001 00000001 00000001 00000001 00000001 
core   3: 0x80000214 (0x5e02c0d7) vmv.v.x v1, x5
core   3: 3 0x80000214 (0x5e02c0d7) c8_vstart 0x00000000 e32 m1 l16 v1  0000ffff 0x00000001 00000001 00000001 00000001 00000001 00000001 00000001 00000001 00000001 00000001 00000001 00000001 00000001 00000001 00000001 00000001 
core   0: 0x80000218 (0x00000317) auipc   x6, 0x0
core   0: 3 0x80000218 (0x00000317) x6  0x80000218
core   1: 0x80000218 (0x00000317) auipc   x6, 0x0
core   1: 3 0x80000218 (0x00000317) x6  0x80000218
core   2: 0x80000218 (0x00000317) auipc   x6, 0x0
core   2: 3 0x80000218 (0x00000317) x6  0x80000218
core   3: 0x80000218 (0x00000317) auipc   x6, 0x0
core   3: 3 0x80000218 (0x00000317) x6  0x80000218
core   0: 0x8000021c (0x0383305b) setrpc  x0, x6, 56
core   0: 3 0x8000021c (0x0383305b) c2060_rpc 0x80000250 current mask:	0000ffff current npc:	80000210 stack size: 0
core   1: 0x8000021c (0x0383305b) setrpc  x0, x6, 56
core   1: 3 0x8000021c (0x0383305b) c2060_rpc 0x80000250 current mask:	0000ffff current npc:	80000210 stack size: 0
core   2: 0x8000021c (0x0383305b) setrpc  x0, x6, 56
core   2: 3 0x8000021c (0x0383305b) c2060_rpc 0x80000250 current mask:	0000ffff current npc:	80000210 stack size: 0
core   3: 0x8000021c (0x0383305b) setrpc  x0, x6, 56
core   3: 3 0x8000021c (0x0383305b) c2060_rpc 0x80000250 current mask:	0000ffff current npc:	80000210 stack size: 0
core   0: 0x80000220 (0x0200825b) vbeq    v0, v1, pc + 36
core   0: 3 0x80000220 (0x0200825b) c8_vstart 0x00000000 e32 m1 l16 current mask:	0000ffff current npc:	80000224 stack size: 0
core   1: 0x80000220 (0x0200825b) vbeq    v0, v1, pc + 36
core   1: 3 0x80000220 (0x0200825b) c8_vstart 0x00000000 e32 m1 l16 current mask:	0000ffff current npc:	80000224 stack size: 0
core   2: 0x80000220 (0x0200825b) vbeq    v0, v1, pc + 36
core   2: 3 0x80000220 (0x0200825b) c8_vstart 0x00000000 e32 m1 l16 current mask:	0000ffff current npc:	80000224 stack size: 0
core   3: 0x80000220 (0x0200825b) vbeq    v0, v1, pc + 36
core   3: 3 0x80000220 (0x0200825b) c8_vstart 0x00000000 e32 m1 l16 current mask:	0000ffff current npc:	80000224 stack size: 0
core   0: 0x80000224 (0x5e0040d7) vmv.v.x v1, x0
core   0: 3 0x80000224 (0x5e0040d7) c8_vstart 0x00000000 e32 m1 l16 v1  0000ffff 0x00000000 00000000 00000000 00000000 00000000 00000000 00000000 00000000 00000000 00000000 00000000 00000000 00000000 00000000 00000000 00000000 
core   1: 0x80000224 (0x5e0040d7) vmv.v.x v1, x0
core   1: 3 0x80000224 (0x5e0040d7) c8_vstart 0x00000000 e32 m1 l16 v1  0000ffff 0x00000000 00000000 00000000 00000000 00000000 00000000 00000000 00000000 00000000 00000000 00000000 00000000 00000000 00000000 00000000 00000000 
core   2: 0x80000224 (0x5e0040d7) vmv.v.x v1, x0
core   2: 3 0x80000224 (0x5e0040d7) c8_vstart 0x00000000 e32 m1 l16 v1  0000ffff 0x00000000 00000000 00000000 00000000 00000000 00000000 00000000 00000000 00000000 00000000 00000000 00000000 00000000 00000000 00000000 00000000 
core   3: 0x80000224 (0x5e0040d7) vmv.v.x v1, x0
core   3: 3 0x80000224 (0x5e0040d7) c8_vstart 0x00000000 e32 m1 l16 v1  0000ffff 0x00000000 00000000 00000000 00000000 00000000 00000000 00000000 00000000 00000000 00000000 00000000 00000000 00000000 00000000 00000000 00000000 
core   0: 0x80000228 (0x00000317) auipc   x6, 0x0
core   0: 3 0x80000228 (0x00000317) x6  0x80000228
core   1: 0x80000228 (0x00000317) auipc   x6, 0x0
core   1: 3 0x80000228 (0x00000317) x6  0x80000228
core   2: 0x80000228 (0x00000317) auipc   x6, 0x0
core   2: 3 0x80000228 (0x00000317) x6  0x80000228
core   3: 0x80000228 (0x00000317) auipc   x6, 0x0
core   3: 3 0x80000228 (0x00000317) x6  0x80000228
core   0: 0x8000022c (0x0283305b) setrpc  x0, x6, 40
core   0: 3 0x8000022c (0x0283305b) c2060_rpc 0x80000250 current mask:	0000ffff current npc:	80000224 stack size: 0
core   1: 0x8000022c (0x0283305b) setrpc  x0, x6, 40
core   1: 3 0x8000022c (0x0283305b) c2060_rpc 0x80000250 current mask:	0000ffff current npc:	80000224 stack size: 0
core   2: 0x8000022c (0x0283305b) setrpc  x0, x6, 40
core   2: 3 0x8000022c (0x0283305b) c2060_rpc 0x80000250 current mask:	0000ffff current npc:	80000224 stack size: 0
core   3: 0x8000022c (0x0283305b) setrpc  x0, x6, 40
core   3: 3 0x8000022c (0x0283305b) c2060_rpc 0x80000250 current mask:	0000ffff current npc:	80000224 stack size: 0
core   0: 0x80000230 (0x00009e5b) vbne    v0, v1, pc + 28
core   0: 3 0x80000230 (0x00009e5b) c8_vstart 0x00000000 e32 m1 l16 current mask:	0000ffff current npc:	80000234 stack size: 0
core   1: 0x80000230 (0x00009e5b) vbne    v0, v1, pc + 28
core   1: 3 0x80000230 (0x00009e5b) c8_vstart 0x00000000 e32 m1 l16 current mask:	0000ffff current npc:	80000234 stack size: 0
core   2: 0x80000230 (0x00009e5b) vbne    v0, v1, pc + 28
core   2: 3 0x80000230 (0x00009e5b) c8_vstart 0x00000000 e32 m1 l16 current mask:	0000ffff current npc:	80000234 stack size: 0
core   3: 0x80000230 (0x00009e5b) vbne    v0, v1, pc + 28
core   3: 3 0x80000230 (0x00009e5b) c8_vstart 0x00000000 e32 m1 l16 current mask:	0000ffff current npc:	80000234 stack size: 0
core   0: 0x80000234 (0x1a0000ef) jal     pc + 0x1a0
core   0: 3 0x80000234 (0x1a0000ef) x1  0x80000238
core   1: 0x80000234 (0x1a0000ef) jal     pc + 0x1a0
core   1: 3 0x80000234 (0x1a0000ef) x1  0x80000238
core   2: 0x80000234 (0x1a0000ef) jal     pc + 0x1a0
core   2: 3 0x80000234 (0x1a0000ef) x1  0x80000238
core   3: 0x80000234 (0x1a0000ef) jal     pc + 0x1a0
core   3: 3 0x80000234 (0x1a0000ef) x1  0x80000238
core   0: 0x800003d4 (0x00410113) addi    x2, x2, 4
core   0: 3 0x800003d4 (0x00410113) x2  0x70000014
core   1: 0x800003d4 (0x00410113) addi    x2, x2, 4
core   1: 3 0x800003d4 (0x00410113) x2  0x70000414
core   2: 0x800003d4 (0x00410113) addi    x2, x2, 4
core   2: 3 0x800003d4 (0x00410113) x2  0x70000814
core   3: 0x800003d4 (0x00410113) addi    x2, x2, 4
core   3: 3 0x800003d4 (0x00410113) x2  0x70000c14
core   0: 0x800003d8 (0xfe112e23) sw      x1, -4(x2)
core   0: 3 0x800003d8 (0xfe112e23) mem 0x70000010 0x80000238
core   1: 0x800003d8 (0xfe112e23) sw      x1, -4(x2)
core   1: 3 0x800003d8 (0xfe112e23) mem 0x70000410 0x80000238
core   2: 0x800003d8 (0xfe112e23) sw      x1, -4(x2)
core   2: 3 0x800003d8 (0xfe112e23) mem 0x70000810 0x80000238
core   3: 0x800003d8 (0xfe112e23) sw      x1, -4(x2)
core   3: 3 0x800003d8 (0xfe112e23) mem 0x70000c10 0x80000238
core   0: 0x800003dc (0xf1dff0ef) jal     pc - 0xe4
core   0: 3 0x800003dc (0xf1dff0ef) x1  0x800003e0
core   1: 0x800003dc (0xf1dff0ef) jal     pc - 0xe4
core   1: 3 0x800003dc (0xf1dff0ef) x1  0x800003e0
core   2: 0x800003dc (0xf1dff0ef) jal     pc - 0xe4
core   2: 3 0x800003dc (0xf1dff0ef) x1  0x800003e0
core   3: 0x800003dc (0xf1dff0ef) jal     pc - 0xe4
core   3: 3 0x800003dc (0xf1dff0ef) x1  0x800003e0
core   0: 0x800002f8 (0x00410113) addi    x2, x2, 4
core   0: 3 0x800002f8 (0x00410113) x2  0x70000018
core   1: 0x800002f8 (0x00410113) addi    x2, x2, 4
core   1: 3 0x800002f8 (0x00410113) x2  0x70000418
core   2: 0x800002f8 (0x00410113) addi    x2, x2, 4
core   2: 3 0x800002f8 (0x00410113) x2  0x70000818
core   3: 0x800002f8 (0x00410113) addi    x2, x2, 4
core   3: 3 0x800002f8 (0x00410113) x2  0x70000c18
core   0: 0x800002fc (0xfe112e23) sw      x1, -4(x2)
core   0: 3 0x800002fc (0xfe112e23) mem 0x70000014 0x800003e0
core   1: 0x800002fc (0xfe112e23) sw      x1, -4(x2)
core   1: 3 0x800002fc (0xfe112e23) mem 0x70000414 0x800003e0
core   2: 0x800002fc (0xfe112e23) sw      x1, -4(x2)
core   2: 3 0x800002fc (0xfe112e23) mem 0x70000814 0x800003e0
core   3: 0x800002fc (0xfe112e23) sw      x1, -4(x2)
core   3: 3 0x800002fc (0xfe112e23) mem 0x70000c14 0x800003e0
core   0: 0x80000300 (0x80302573) csrr    x10, knl
core   0: 3 0x80000300 (0x80302573) x10 0x90044000
core   1: 0x80000300 (0x80302573) csrr    x10, knl
core   1: 3 0x80000300 (0x80302573) x10 0x90044000
core   2: 0x80000300 (0x80302573) csrr    x10, knl
core   2: 3 0x80000300 (0x80302573) x10 0x90044000
core   3: 0x80000300 (0x80302573) csrr    x10, knl
core   3: 3 0x80000300 (0x80302573) x10 0x90044000
core   0: 0x80000304 (0x00852283) lw      x5, 8(x10)
core   0: 3 0x80000304 (0x00852283) x5  0x00000002 mem 0x90044008
core   1: 0x80000304 (0x00852283) lw      x5, 8(x10)
core   1: 3 0x80000304 (0x00852283) x5  0x00000002 mem 0x90044008
core   2: 0x80000304 (0x00852283) lw      x5, 8(x10)
core   2: 3 0x80000304 (0x00852283) x5  0x00000002 mem 0x90044008
core   3: 0x80000304 (0x00852283) lw      x5, 8(x10)
core   3: 3 0x80000304 (0x00852283) x5  0x00000002 mem 0x90044008
core   0: 0x80000308 (0x80002373) csrr    x6, tid
core   0: 3 0x80000308 (0x80002373) x6  0x00000000
core   1: 0x80000308 (0x80002373) csrr    x6, tid
core   1: 3 0x80000308 (0x80002373) x6  0x00000010
core   2: 0x80000308 (0x80002373) csrr    x6, tid
core   2: 3 0x80000308 (0x80002373) x6  0x00000020
core   3: 0x80000308 (0x80002373) csrr    x6, tid
core   3: 3 0x80000308 (0x80002373) x6  0x00000030
core   0: 0x8000030c (0x5208a157) vid.v   v2
core   0: 3 0x8000030c (0x5208a157) c8_vstart 0x00000000 e32 m1 l16 v2  0000ffff 0x0000000f 0000000e 0000000d 0000000c 0000000b 0000000a 00000009 00000008 00000007 00000006 00000005 00000004 00000003 00000002 00000001 00000000 
core   1: 0x8000030c (0x5208a157) vid.v   v2
core   1: 3 0x8000030c (0x5208a157) c8_vstart 0x00000000 e32 m1 l16 v2  0000ffff 0x0000000f 0000000e 0000000d 0000000c 0000000b 0000000a 00000009 00000008 00000007 00000006 00000005 00000004 00000003 00000002 00000001 00000000 
core   2: 0x8000030c (0x5208a157) vid.v   v2
core   2: 3 0x8000030c (0x5208a157) c8_vstart 0x00000000 e32 m1 l16 v2  0000ffff 0x0000000f 0000000e 0000000d 0000000c 0000000b 0000000a 00000009 00000008 00000007 00000006 00000005 00000004 00000003 00000002 00000001 00000000 
core   3: 0x8000030c (0x5208a157) vid.v   v2
core   3: 3 0x8000030c (0x5208a157) c8_vstart 0x00000000 e32 m1 l16 v2  0000ffff 0x0000000f 0000000e 0000000d 0000000c 0000000b 0000000a 00000009 00000008 00000007 00000006 00000005 00000004 00000003 00000002 00000001 00000000 
core   0: 0x80000310 (0x02234057) vadd.vx v0, v2, x6
core   0: 3 0x80000310 (0x02234057) c8_vstart 0x00000000 e32 m1 l16 v0  0000ffff 0x0000000f 0000000e 0000000d 0000000c 0000000b 0000000a 00000009 00000008 00000007 00000006 00000005 00000004 00000003 00000002 00000001 00000000 
core   1: 0x80000310 (0x02234057) vadd.vx v0, v2, x6
core   1: 3 0x80000310 (0x02234057) c8_vstart 0x00000000 e32 m1 l16 v0  0000ffff 0x0000001f 0000001e 0000001d 0000001c 0000001b 0000001a 00000019 00000018 00000017 00000016 00000015 00000014 00000013 00000012 00000011 00000010 
core   2: 0x80000310 (0x02234057) vadd.vx v0, v2, x6
core   2: 3 0x80000310 (0x02234057) c8_vstart 0x00000000 e32 m1 l16 v0  0000ffff 0x0000002f 0000002e 0000002d 0000002c 0000002b 0000002a 00000029 00000028 00000027 00000026 00000025 00000024 00000023 00000022 00000021 00000020 
core   3: 0x80000310 (0x02234057) vadd.vx v0, v2, x6
core   3: 3 0x80000310 (0x02234057) c8_vstart 0x00000000 e32 m1 l16 v0  0000ffff 0x0000003f 0000003e 0000003d 0000003c 0000003b 0000003a 00000039 00000038 00000037 00000036 00000035 00000034 00000033 00000032 00000031 00000030 
core   0: 0x80000314 (0x01852e03) lw      x28, 24(x10)
core   0: 3 0x80000314 (0x01852e03) x28 0x00000008 mem 0x90044018
core   1: 0x80000314 (0x01852e03) lw      x28, 24(x10)
core   1: 3 0x80000314 (0x01852e03) x28 0x00000008 mem 0x90044018
core   2: 0x80000314 (0x01852e03) lw      x28, 24(x10)
core   2: 3 0x80000314 (0x01852e03) x28 0x00000008 mem 0x90044018
core   3: 0x80000314 (0x01852e03) lw      x28, 24(x10)
core   3: 3 0x80000314 (0x01852e03) x28 0x00000008 mem 0x90044018
core   0: 0x80000318 (0x8a0e6057) vremu.vx v0, v0, x28
core   0: 3 0x80000318 (0x8a0e6057) c8_vstart 0x00000000 e32 m1 l16 v0  0000ffff 0x00000007 00000006 00000005 00000004 00000003 00000002 00000001 00000000 00000007 00000006 00000005 00000004 00000003 00000002 00000001 00000000 
core   1: 0x80000318 (0x8a0e6057) vremu.vx v0, v0, x28
core   1: 3 0x80000318 (0x8a0e6057) c8_vstart 0x00000000 e32 m1 l16 v0  0000ffff 0x00000007 00000006 00000005 00000004 00000003 00000002 00000001 00000000 00000007 00000006 00000005 00000004 00000003 00000002 00000001 00000000 
core   2: 0x80000318 (0x8a0e6057) vremu.vx v0, v0, x28
core   2: 3 0x80000318 (0x8a0e6057) c8_vstart 0x00000000 e32 m1 l16 v0  0000ffff 0x00000007 00000006 00000005 00000004 00000003 00000002 00000001 00000000 00000007 00000006 00000005 00000004 00000003 00000002 00000001 00000000 
core   3: 0x80000318 (0x8a0e6057) vremu.vx v0, v0, x28
core   3: 3 0x80000318 (0x8a0e6057) c8_vstart 0x00000000 e32 m1 l16 v0  0000ffff 0x00000007 00000006 00000005 00000004 00000003 00000002 00000001 00000000 00000007 00000006 00000005 00000004 00000003 00000002 00000001 00000000 
core   0: 0x8000031c (0xffc12083) lw      x1, -4(x2)
core   0: 3 0x8000031c (0xffc12083) x1  0x800003e0 mem 0x70000014
core   1: 0x8000031c (0xffc12083) lw      x1, -4(x2)
core   1: 3 0x8000031c (0xffc12083) x1  0x800003e0 mem 0x70000414
core   2: 0x8000031c (0xffc12083) lw      x1, -4(x2)
core   2: 3 0x8000031c (0xffc12083) x1  0x800003e0 mem 0x70000814
core   3: 0x8000031c (0xffc12083) lw      x1, -4(x2)
core   3: 3 0x8000031c (0xffc12083) x1  0x800003e0 mem 0x70000c14
core   0: 0x80000320 (0xffc10113) addi    x2, x2, -4
core   0: 3 0x80000320 (0xffc10113) x2  0x70000014
core   1: 0x80000320 (0xffc10113) addi    x2, x2, -4
core   1: 3 0x80000320 (0xffc10113) x2  0x70000414
core   2: 0x80000320 (0xffc10113) addi    x2, x2, -4
core   2: 3 0x80000320 (0xffc10113) x2  0x70000814
core   3: 0x80000320 (0xffc10113) addi    x2, x2, -4
core   3: 3 0x80000320 (0xffc10113) x2  0x70000c14
core   0: 0x80000324 (0x00008067) ret
core   0: 3 0x80000324 (0x00008067)
core   1: 0x80000324 (0x00008067) ret
core   1: 3 0x80000324 (0x00008067)
core   2: 0x80000324 (0x00008067) ret
core   2: 3 0x80000324 (0x00008067)
core   3: 0x80000324 (0x00008067) ret
core   3: 3 0x80000324 (0x00008067)
core   0: 0x800003e0 (0x80302573) csrr    x10, knl
core   0: 3 0x800003e0 (0x80302573) x10 0x90044000
core   1: 0x800003e0 (0x80302573) csrr    x10, knl
core   1: 3 0x800003e0 (0x80302573) x10 0x90044000
core   2: 0x800003e0 (0x80302573) csrr    x10, knl
core   2: 3 0x800003e0 (0x80302573) x10 0x90044000
core   3: 0x800003e0 (0x80302573) csrr    x10, knl
core   3: 3 0x800003e0 (0x80302573) x10 0x90044000
core   0: 0x800003e4 (0x80802373) csrr    x6, gidx
core   0: 3 0x800003e4 (0x80802373) x6  0x00000000
core   1: 0x800003e4 (0x80802373) csrr    x6, gidx
core   1: 3 0x800003e4 (0x80802373) x6  0x00000000
core   2: 0x800003e4 (0x80802373) csrr    x6, gidx
core   2: 3 0x800003e4 (0x80802373) x6  0x00000000
core   3: 0x800003e4 (0x80802373) csrr    x6, gidx
core   3: 3 0x800003e4 (0x80802373) x6  0x00000000
core   0: 0x800003e8 (0x01852e03) lw      x28, 24(x10)
core   0: 3 0x800003e8 (0x01852e03) x28 0x00000008 mem 0x90044018
core   1: 0x800003e8 (0x01852e03) lw      x28, 24(x10)
core   1: 3 0x800003e8 (0x01852e03) x28 0x00000008 mem 0x90044018
core   2: 0x800003e8 (0x01852e03) lw      x28, 24(x10)
core   2: 3 0x800003e8 (0x01852e03) x28 0x00000008 mem 0x90044018
core   3: 0x800003e8 (0x01852e03) lw      x28, 24(x10)
core   3: 3 0x800003e8 (0x01852e03) x28 0x00000008 mem 0x90044018
core   0: 0x800003ec (0x02452e83) lw      x29, 36(x10)
core   0: 3 0x800003ec (0x02452e83) x29 0x00000000 mem 0x90044024
core   1: 0x800003ec (0x02452e83) lw      x29, 36(x10)
core   1: 3 0x800003ec (0x02452e83) x29 0x00000000 mem 0x90044024
core   2: 0x800003ec (0x02452e83) lw      x29, 36(x10)
core   2: 3 0x800003ec (0x02452e83) x29 0x00000000 mem 0x90044024
core   3: 0x800003ec (0x02452e83) lw      x29, 36(x10)
core   3: 3 0x800003ec (0x02452e83) x29 0x00000000 mem 0x90044024
core   0: 0x800003f0 (0x03c30fb3) mul     x31, x6, x28
core   0: 3 0x800003f0 (0x03c30fb3) x31 0x00000000
core   1: 0x800003f0 (0x03c30fb3) mul     x31, x6, x28
core   1: 3 0x800003f0 (0x03c30fb3) x31 0x00000000
core   2: 0x800003f0 (0x03c30fb3) mul     x31, x6, x28
core   2: 3 0x800003f0 (0x03c30fb3) x31 0x00000000
core   3: 0x800003f0 (0x03c30fb3) mul     x31, x6, x28
core   3: 3 0x800003f0 (0x03c30fb3) x31 0x00000000
core   0: 0x800003f4 (0x01df8fb3) add     x31, x31, x29
core   0: 3 0x800003f4 (0x01df8fb3) x31 0x00000000
core   1: 0x800003f4 (0x01df8fb3) add     x31, x31, x29
core   1: 3 0x800003f4 (0x01df8fb3) x31 0x00000000
core   2: 0x800003f4 (0x01df8fb3) add     x31, x31, x29
core   2: 3 0x800003f4 (0x01df8fb3) x31 0x00000000
core   3: 0x800003f4 (0x01df8fb3) add     x31, x31, x29
core   3: 3 0x800003f4 (0x01df8fb3) x31 0x00000000
core   0: 0x800003f8 (0x020fc057) vadd.vx v0, v0, x31
core   0: 3 0x800003f8 (0x020fc057) c8_vstart 0x00000000 e32 m1 l16 v0  0000ffff 0x00000007 00000006 00000005 00000004 00000003 00000002 00000001 00000000 00000007 00000006 00000005 00000004 00000003 00000002 00000001 00000000 
core   1: 0x800003f8 (0x020fc057) vadd.vx v0, v0, x31
core   1: 3 0x800003f8 (0x020fc057) c8_vstart 0x00000000 e32 m1 l16 v0  0000ffff 0x00000007 00000006 00000005 00000004 00000003 00000002 00000001 00000000 00000007 00000006 00000005 00000004 00000003 00000002 00000001 00000000 
core   2: 0x800003f8 (0x020fc057) vadd.vx v0, v0, x31
core   2: 3 0x800003f8 (0x020fc057) c8_vstart 0x00000000 e32 m1 l16 v0  0000ffff 0x00000007 00000006 00000005 00000004 00000003 00000002 00000001 00000000 00000007 00000006 00000005 00000004 00000003 00000002 00000001 00000000 
core   3: 0x800003f8 (0x020fc057) vadd.vx v0, v0, x31
core   3: 3 0x800003f8 (0x020fc057) c8_vstart 0x00000000 e32 m1 l16 v0  0000ffff 0x00000007 00000006 00000005 00000004 00000003 00000002 00000001 00000000 00000007 00000006 00000005 00000004 00000003 00000002 00000001 00000000 
core   0: 0x800003fc (0xffc12083) lw      x1, -4(x2)
core   0: 3 0x800003fc (0xffc12083) x1  0x80000238 mem 0x70000010
core   1: 0x800003fc (0xffc12083) lw      x1, -4(x2)
core   1: 3 0x800003fc (0xffc12083) x1  0x80000238 mem 0x70000410
core   2: 0x800003fc (0xffc12083) lw      x1, -4(x2)
core   2: 3 0x800003fc (0xffc12083) x1  0x80000238 mem 0x70000810
core   3: 0x800003fc (0xffc12083) lw      x1, -4(x2)
core   3: 3 0x800003fc (0xffc12083) x1  0x80000238 mem 0x70000c10
core   0: 0x80000400 (0xffc10113) addi    x2, x2, -4
core   0: 3 0x80000400 (0xffc10113) x2  0x70000010
core   1: 0x80000400 (0xffc10113) addi    x2, x2, -4
core   1: 3 0x80000400 (0xffc10113) x2  0x70000410
core   2: 0x80000400 (0xffc10113) addi    x2, x2, -4
core   2: 3 0x80000400 (0xffc10113) x2  0x70000810
core   3: 0x80000400 (0xffc10113) addi    x2, x2, -4
core   3: 3 0x80000400 (0xffc10113) x2  0x70000c10
core   0: 0x80000404 (0x00008067) ret
core   0: 3 0x80000404 (0x00008067)
core   1: 0x80000404 (0x00008067) ret
core   1: 3 0x80000404 (0x00008067)
core   2: 0x80000404 (0x00008067) ret
core   2: 3 0x80000404 (0x00008067)
core   3: 0x80000404 (0x00008067) ret
core   3: 3 0x80000404 (0x00008067)
core   0: 0x80000238 (0x0180006f) j       pc + 0x18
core   0: 3 0x80000238 (0x0180006f)
core   1: 0x80000238 (0x0180006f) j       pc + 0x18
core   1: 3 0x80000238 (0x0180006f)
core   2: 0x80000238 (0x0180006f) j       pc + 0x18
core   2: 3 0x80000238 (0x0180006f)
core   3: 0x80000238 (0x0180006f) j       pc + 0x18
core   3: 3 0x80000238 (0x0180006f)
core   0: 0x80000250 (0x0000205b) join    v0, v0, pc + 0
core   0: 3 0x80000250 (0x0000205b) current mask:	0000ffff current npc:	80000234 stack size: 0
core   1: 0x80000250 (0x0000205b) join    v0, v0, pc + 0
core   1: 3 0x80000250 (0x0000205b) current mask:	0000ffff current npc:	80000234 stack size: 0
core   2: 0x80000250 (0x0000205b) join    v0, v0, pc + 0
core   2: 3 0x80000250 (0x0000205b) current mask:	0000ffff current npc:	80000234 stack size: 0
core   3: 0x80000250 (0x0000205b) join    v0, v0, pc + 0
core   3: 3 0x80000250 (0x0000205b) current mask:	0000ffff current npc:	80000234 stack size: 0
core   0: 0x80000254 (0xffc12083) lw      x1, -4(x2)
core   0: 3 0x80000254 (0xffc12083) x1  0x8000010c mem 0x7000000c
core   1: 0x80000254 (0xffc12083) lw      x1, -4(x2)
core   1: 3 0x80000254 (0xffc12083) x1  0x8000010c mem 0x7000040c
core   2: 0x80000254 (0xffc12083) lw      x1, -4(x2)
core   2: 3 0x80000254 (0xffc12083) x1  0x8000010c mem 0x7000080c
core   3: 0x80000254 (0xffc12083) lw      x1, -4(x2)
core   3: 3 0x80000254 (0xffc12083) x1  0x8000010c mem 0x70000c0c
core   0: 0x80000258 (0xffc10113) addi    x2, x2, -4
core   0: 3 0x80000258 (0xffc10113) x2  0x7000000c
core   1: 0x80000258 (0xffc10113) addi    x2, x2, -4
core   1: 3 0x80000258 (0xffc10113) x2  0x7000040c
core   2: 0x80000258 (0xffc10113) addi    x2, x2, -4
core   2: 3 0x80000258 (0xffc10113) x2  0x7000080c
core   3: 0x80000258 (0xffc10113) addi    x2, x2, -4
core   3: 3 0x80000258 (0xffc10113) x2  0x70000c0c
core   0: 0x8000025c (0x00008067) ret
core   0: 3 0x8000025c (0x00008067)
core   1: 0x8000025c (0x00008067) ret
core   1: 3 0x8000025c (0x00008067)
core   2: 0x8000025c (0x00008067) ret
core   2: 3 0x8000025c (0x00008067)
core   3: 0x8000025c (0x00008067) ret
core   3: 3 0x8000025c (0x00008067)
core   0: 0x8000010c (0x0010200b) regext  x0, x0,  0 0 0 1 
core   0: 3 0x8000010c (0x0010200b)
core   1: 0x8000010c (0x0010200b) regext  x0, x0,  0 0 0 1 
core   1: 3 0x8000010c (0x0010200b)
core   2: 0x8000010c (0x0010200b) regext  x0, x0,  0 0 0 1 
core   2: 3 0x8000010c (0x0010200b)
core   3: 0x8000010c (0x0010200b) regext  x0, x0,  0 0 0 1 
core   3: 3 0x8000010c (0x0010200b)
core   0: 0x80000110 (0x020040d7) vadd.vx v1, v0, x0
core   0: 3 0x80000110 (0x020040d7) c8_vstart 0x00000000 e32 m1 l16 v33 0000ffff 0x00000007 00000006 00000005 00000004 00000003 00000002 00000001 00000000 00000007 00000006 00000005 00000004 00000003 00000002 00000001 00000000 
core   1: 0x80000110 (0x020040d7) vadd.vx v1, v0, x0
core   1: 3 0x80000110 (0x020040d7) c8_vstart 0x00000000 e32 m1 l16 v33 0000ffff 0x00000007 00000006 00000005 00000004 00000003 00000002 00000001 00000000 00000007 00000006 00000005 00000004 00000003 00000002 00000001 00000000 
core   2: 0x80000110 (0x020040d7) vadd.vx v1, v0, x0
core   2: 3 0x80000110 (0x020040d7) c8_vstart 0x00000000 e32 m1 l16 v33 0000ffff 0x00000007 00000006 00000005 00000004 00000003 00000002 00000001 00000000 00000007 00000006 00000005 00000004 00000003 00000002 00000001 00000000 
core   3: 0x80000110 (0x020040d7) vadd.vx v1, v0, x0
core   3: 3 0x80000110 (0x020040d7) c8_vstart 0x00000000 e32 m1 l16 v33 0000ffff 0x00000007 00000006 00000005 00000004 00000003 00000002 00000001 00000000 00000007 00000006 00000005 00000004 00000003 00000002 00000001 00000000 
core   0: 0x80000114 (0x00100293) li      x5, 1
core   0: 3 0x80000114 (0x00100293) x5  0x00000001
core   1: 0x80000114 (0x00100293) li      x5, 1
core   1: 3 0x80000114 (0x00100293) x5  0x00000001
core   2: 0x80000114 (0x00100293) li      x5, 1
core   2: 3 0x80000114 (0x00100293) x5  0x00000001
core   3: 0x80000114 (0x00100293) li      x5, 1
core   3: 3 0x80000114 (0x00100293) x5  0x00000001
core   0: 0x80000118 (0x5e02c057) vmv.v.x v0, x5
core   0: 3 0x80000118 (0x5e02c057) c8_vstart 0x00000000 e32 m1 l16 v0  0000ffff 0x00000001 00000001 00000001 00000001 00000001 00000001 00000001 00000001 00000001 00000001 00000001 00000001 00000001 00000001 00000001 00000001 
core   1: 0x80000118 (0x5e02c057) vmv.v.x v0, x5
core   1: 3 0x80000118 (0x5e02c057) c8_vstart 0x00000000 e32 m1 l16 v0  0000ffff 0x00000001 00000001 00000001 00000001 00000001 00000001 00000001 00000001 00000001 00000001 00000001 00000001 00000001 00000001 00000001 00000001 
core   2: 0x80000118 (0x5e02c057) vmv.v.x v0, x5
core   2: 3 0x80000118 (0x5e02c057) c8_vstart 0x00000000 e32 m1 l16 v0  0000ffff 0x00000001 00000001 00000001 00000001 00000001 00000001 00000001 00000001 00000001 00000001 00000001 00000001 00000001 00000001 00000001 00000001 
core   3: 0x80000118 (0x5e02c057) vmv.v.x v0, x5
core   3: 3 0x80000118 (0x5e02c057) c8_vstart 0x00000000 e32 m1 l16 v0  0000ffff 0x00000001 00000001 00000001 00000001 00000001 00000001 00000001 00000001 00000001 00000001 00000001 00000001 00000001 00000001 00000001 00000001 
core   0: 0x8000011c (0x0d8000ef) jal     pc + 0xd8
core   0: 3 0x8000011c (0x0d8000ef) x1  0x80000120
core   1: 0x8000011c (0x0d8000ef) jal     pc + 0xd8
core   1: 3 0x8000011c (0x0d8000ef) x1  0x80000120
core   2: 0x8000011c (0x0d8000ef) jal     pc + 0xd8
core   2: 3 0x8000011c (0x0d8000ef) x1  0x80000120
core   3: 0x8000011c (0x0d8000ef) jal     pc + 0xd8
core   3: 3 0x8000011c (0x0d8000ef) x1  0x80000120
core   0: 0x800001f4 (0x00410113) addi    x2, x2, 4
core   0: 3 0x800001f4 (0x00410113) x2  0x70000010
core   1: 0x800001f4 (0x00410113) addi    x2, x2, 4
core   1: 3 0x800001f4 (0x00410113) x2  0x70000410
core   2: 0x800001f4 (0x00410113) addi    x2, x2, 4
core   2: 3 0x800001f4 (0x00410113) x2  0x70000810
core   3: 0x800001f4 (0x00410113) addi    x2, x2, 4
core   3: 3 0x800001f4 (0x00410113) x2  0x70000c10
core   0: 0x800001f8 (0xfe112e23) sw      x1, -4(x2)
core   0: 3 0x800001f8 (0xfe112e23) mem 0x7000000c 0x80000120
core   1: 0x800001f8 (0xfe112e23) sw      x1, -4(x2)
core   1: 3 0x800001f8 (0xfe112e23) mem 0x7000040c 0x80000120
core   2: 0x800001f8 (0xfe112e23) sw      x1, -4(x2)
core   2: 3 0x800001f8 (0xfe112e23) mem 0x7000080c 0x80000120
core   3: 0x800001f8 (0xfe112e23) sw      x1, -4(x2)
core   3: 3 0x800001f8 (0xfe112e23) mem 0x70000c0c 0x80000120
core   0: 0x800001fc (0x00200293) li      x5, 2
core   0: 3 0x800001fc (0x00200293) x5  0x00000002
core   1: 0x800001fc (0x00200293) li      x5, 2
core   1: 3 0x800001fc (0x00200293) x5  0x00000002
core   2: 0x800001fc (0x00200293) li      x5, 2
core   2: 3 0x800001fc (0x00200293) x5  0x00000002
core   3: 0x800001fc (0x00200293) li      x5, 2
core   3: 3 0x800001fc (0x00200293) x5  0x00000002
core   0: 0x80000200 (0x5e02c0d7) vmv.v.x v1, x5
core   0: 3 0x80000200 (0x5e02c0d7) c8_vstart 0x00000000 e32 m1 l16 v1  0000ffff 0x00000002 00000002 00000002 00000002 00000002 00000002 00000002 00000002 00000002 00000002 00000002 00000002 00000002 00000002 00000002 00000002 
core   1: 0x80000200 (0x5e02c0d7) vmv.v.x v1, x5
core   1: 3 0x80000200 (0x5e02c0d7) c8_vstart 0x00000000 e32 m1 l16 v1  0000ffff 0x00000002 00000002 00000002 00000002 00000002 00000002 00000002 00000002 00000002 00000002 00000002 00000002 00000002 00000002 00000002 00000002 
core   2: 0x80000200 (0x5e02c0d7) vmv.v.x v1, x5
core   2: 3 0x80000200 (0x5e02c0d7) c8_vstart 0x00000000 e32 m1 l16 v1  0000ffff 0x00000002 00000002 00000002 00000002 00000002 00000002 00000002 00000002 00000002 00000002 00000002 00000002 00000002 00000002 00000002 00000002 
core   3: 0x80000200 (0x5e02c0d7) vmv.v.x v1, x5
core   3: 3 0x80000200 (0x5e02c0d7) c8_vstart 0x00000000 e32 m1 l16 v1  0000ffff 0x00000002 00000002 00000002 00000002 00000002 00000002 00000002 00000002 00000002 00000002 00000002 00000002 00000002 00000002 00000002 00000002 
core   0: 0x80000204 (0x00000317) auipc   x6, 0x0
core   0: 3 0x80000204 (0x00000317) x6  0x80000204
core   1: 0x80000204 (0x00000317) auipc   x6, 0x0
core   1: 3 0x80000204 (0x00000317) x6  0x80000204
core   2: 0x80000204 (0x00000317) auipc   x6, 0x0
core   2: 3 0x80000204 (0x00000317) x6  0x80000204
core   3: 0x80000204 (0x00000317) auipc   x6, 0x0
core   3: 3 0x80000204 (0x00000317) x6  0x80000204
core   0: 0x80000208 (0x04c3305b) setrpc  x0, x6, 76
core   0: 3 0x80000208 (0x04c3305b) c2060_rpc 0x80000250 current mask:	0000ffff current npc:	80000234 stack size: 0
core   1: 0x80000208 (0x04c3305b) setrpc  x0, x6, 76
core   1: 3 0x80000208 (0x04c3305b) c2060_rpc 0x80000250 current mask:	0000ffff current npc:	80000234 stack size: 0
core   2: 0x80000208 (0x04c3305b) setrpc  x0, x6, 76
core   2: 3 0x80000208 (0x04c3305b) c2060_rpc 0x80000250 current mask:	0000ffff current npc:	80000234 stack size: 0
core   3: 0x80000208 (0x04c3305b) setrpc  x0, x6, 76
core   3: 3 0x80000208 (0x04c3305b) c2060_rpc 0x80000250 current mask:	0000ffff current npc:	80000234 stack size: 0
core   0: 0x8000020c (0x0200885b) vbeq    v0, v1, pc + 48
core   0: 3 0x8000020c (0x0200885b) c8_vstart 0x00000000 e32 m1 l16 current mask:	0000ffff current npc:	80000210 stack size: 0
core   1: 0x8000020c (0x0200885b) vbeq    v0, v1, pc + 48
core   1: 3 0x8000020c (0x0200885b) c8_vstart 0x00000000 e32 m1 l16 current mask:	0000ffff current npc:	80000210 stack size: 0
core   2: 0x8000020c (0x0200885b) vbeq    v0, v1, pc + 48
core   2: 3 0x8000020c (0x0200885b) c8_vstart 0x00000000 e32 m1 l16 current mask:	0000ffff current npc:	80000210 stack size: 0
core   3: 0x8000020c (0x0200885b) vbeq    v0, v1, pc + 48
core   3: 3 0x8000020c (0x0200885b) c8_vstart 0x00000000 e32 m1 l16 current mask:	0000ffff current npc:	80000210 stack size: 0
core   0: 0x80000210 (0x00100293) li      x5, 1
core   0: 3 0x80000210 (0x00100293) x5  0x00000001
core   1: 0x80000210 (0x00100293) li      x5, 1
core   1: 3 0x80000210 (0x00100293) x5  0x00000001
core   2: 0x80000210 (0x00100293) li      x5, 1
core   2: 3 0x80000210 (0x00100293) x5  0x00000001
core   3: 0x80000210 (0x00100293) li      x5, 1
core   3: 3 0x80000210 (0x00100293) x5  0x00000001
core   0: 0x80000214 (0x5e02c0d7) vmv.v.x v1, x5
core   0: 3 0x80000214 (0x5e02c0d7) c8_vstart 0x00000000 e32 m1 l16 v1  0000ffff 0x00000001 00000001 00000001 00000001 00000001 00000001 00000001 00000001 00000001 00000001 00000001 00000001 00000001 00000001 00000001 00000001 
core   1: 0x80000214 (0x5e02c0d7) vmv.v.x v1, x5
core   1: 3 0x80000214 (0x5e02c0d7) c8_vstart 0x00000000 e32 m1 l16 v1  0000ffff 0x00000001 00000001 00000001 00000001 00000001 00000001 00000001 00000001 00000001 00000001 00000001 00000001 00000001 00000001 00000001 00000001 
core   2: 0x80000214 (0x5e02c0d7) vmv.v.x v1, x5
core   2: 3 0x80000214 (0x5e02c0d7) c8_vstart 0x00000000 e32 m1 l16 v1  0000ffff 0x00000001 00000001 00000001 00000001 00000001 00000001 00000001 00000001 00000001 00000001 00000001 00000001 00000001 00000001 00000001 00000001 
core   3: 0x80000214 (0x5e02c0d7) vmv.v.x v1, x5
core   3: 3 0x80000214 (0x5e02c0d7) c8_vstart 0x00000000 e32 m1 l16 v1  0000ffff 0x00000001 00000001 00000001 00000001 00000001 00000001 00000001 00000001 00000001 00000001 00000001 00000001 00000001 00000001 00000001 00000001 
core   0: 0x80000218 (0x00000317) auipc   x6, 0x0
core   0: 3 0x80000218 (0x00000317) x6  0x80000218
core   1: 0x80000218 (0x00000317) auipc   x6, 0x0
core   1: 3 0x80000218 (0x00000317) x6  0x80000218
core   2: 0x80000218 (0x00000317) auipc   x6, 0x0
core   2: 3 0x80000218 (0x00000317) x6  0x80000218
core   3: 0x80000218 (0x00000317) auipc   x6, 0x0
core   3: 3 0x80000218 (0x00000317) x6  0x80000218
core   0: 0x8000021c (0x0383305b) setrpc  x0, x6, 56
core   0: 3 0x8000021c (0x0383305b) c2060_rpc 0x80000250 current mask:	0000ffff current npc:	80000210 stack size: 0
core   1: 0x8000021c (0x0383305b) setrpc  x0, x6, 56
core   1: 3 0x8000021c (0x0383305b) c2060_rpc 0x80000250 current mask:	0000ffff current npc:	80000210 stack size: 0
core   2: 0x8000021c (0x0383305b) setrpc  x0, x6, 56
core   2: 3 0x8000021c (0x0383305b) c2060_rpc 0x80000250 current mask:	0000ffff current npc:	80000210 stack size: 0
core   3: 0x8000021c (0x0383305b) setrpc  x0, x6, 56
core   3: 3 0x8000021c (0x0383305b) c2060_rpc 0x80000250 current mask:	0000ffff current npc:	80000210 stack size: 0
core   0: 0x80000220 (0x0200825b) vbeq    v0, v1, pc + 36
core   0: 3 0x80000220 (0x0200825b) c8_vstart 0x00000000 e32 m1 l16 current mask:	0000ffff current npc:	80000244 stack size: 0
core   1: 0x80000220 (0x0200825b) vbeq    v0, v1, pc + 36
core   1: 3 0x80000220 (0x0200825b) c8_vstart 0x00000000 e32 m1 l16 current mask:	0000ffff current npc:	80000244 stack size: 0
core   2: 0x80000220 (0x0200825b) vbeq    v0, v1, pc + 36
core   2: 3 0x80000220 (0x0200825b) c8_vstart 0x00000000 e32 m1 l16 current mask:	0000ffff current npc:	80000244 stack size: 0
core   3: 0x80000220 (0x0200825b) vbeq    v0, v1, pc + 36
core   3: 3 0x80000220 (0x0200825b) c8_vstart 0x00000000 e32 m1 l16 current mask:	0000ffff current npc:	80000244 stack size: 0
core   0: 0x80000244 (0x1c4000ef) jal     pc + 0x1c4
core   0: 3 0x80000244 (0x1c4000ef) x1  0x80000248
core   1: 0x80000244 (0x1c4000ef) jal     pc + 0x1c4
core   1: 3 0x80000244 (0x1c4000ef) x1  0x80000248
core   2: 0x80000244 (0x1c4000ef) jal     pc + 0x1c4
core   2: 3 0x80000244 (0x1c4000ef) x1  0x80000248
core   3: 0x80000244 (0x1c4000ef) jal     pc + 0x1c4
core   3: 3 0x80000244 (0x1c4000ef) x1  0x80000248
core   0: 0x80000408 (0x00410113) addi    x2, x2, 4
core   0: 3 0x80000408 (0x00410113) x2  0x70000014
core   1: 0x80000408 (0x00410113) addi    x2, x2, 4
core   1: 3 0x80000408 (0x00410113) x2  0x70000414
core   2: 0x80000408 (0x00410113) addi    x2, x2, 4
core   2: 3 0x80000408 (0x00410113) x2  0x70000814
core   3: 0x80000408 (0x00410113) addi    x2, x2, 4
core   3: 3 0x80000408 (0x00410113) x2  0x70000c14
core   0: 0x8000040c (0xfe112e23) sw      x1, -4(x2)
core   0: 3 0x8000040c (0xfe112e23) mem 0x70000010 0x80000248
core   1: 0x8000040c (0xfe112e23) sw      x1, -4(x2)
core   1: 3 0x8000040c (0xfe112e23) mem 0x70000410 0x80000248
core   2: 0x8000040c (0xfe112e23) sw      x1, -4(x2)
core   2: 3 0x8000040c (0xfe112e23) mem 0x70000810 0x80000248
core   3: 0x8000040c (0xfe112e23) sw      x1, -4(x2)
core   3: 3 0x8000040c (0xfe112e23) mem 0x70000c10 0x80000248
core   0: 0x80000410 (0xf19ff0ef) jal     pc - 0xe8
core   0: 3 0x80000410 (0xf19ff0ef) x1  0x80000414
core   1: 0x80000410 (0xf19ff0ef) jal     pc - 0xe8
core   1: 3 0x80000410 (0xf19ff0ef) x1  0x80000414
core   2: 0x80000410 (0xf19ff0ef) jal     pc - 0xe8
core   2: 3 0x80000410 (0xf19ff0ef) x1  0x80000414
core   3: 0x80000410 (0xf19ff0ef) jal     pc - 0xe8
core   3: 3 0x80000410 (0xf19ff0ef) x1  0x80000414
core   0: 0x80000328 (0x00410113) addi    x2, x2, 4
core   0: 3 0x80000328 (0x00410113) x2  0x70000018
core   1: 0x80000328 (0x00410113) addi    x2, x2, 4
core   1: 3 0x80000328 (0x00410113) x2  0x70000418
core   2: 0x80000328 (0x00410113) addi    x2, x2, 4
core   2: 3 0x80000328 (0x00410113) x2  0x70000818
core   3: 0x80000328 (0x00410113) addi    x2, x2, 4
core   3: 3 0x80000328 (0x00410113) x2  0x70000c18
core   0: 0x8000032c (0xfe112e23) sw      x1, -4(x2)
core   0: 3 0x8000032c (0xfe112e23) mem 0x70000014 0x80000414
core   1: 0x8000032c (0xfe112e23) sw      x1, -4(x2)
core   1: 3 0x8000032c (0xfe112e23) mem 0x70000414 0x80000414
core   2: 0x8000032c (0xfe112e23) sw      x1, -4(x2)
core   2: 3 0x8000032c (0xfe112e23) mem 0x70000814 0x80000414
core   3: 0x8000032c (0xfe112e23) sw      x1, -4(x2)
core   3: 3 0x8000032c (0xfe112e23) mem 0x70000c14 0x80000414
core   0: 0x80000330 (0x80302573) csrr    x10, knl
core   0: 3 0x80000330 (0x80302573) x10 0x90044000
core   1: 0x80000330 (0x80302573) csrr    x10, knl
core   1: 3 0x80000330 (0x80302573) x10 0x90044000
core   2: 0x80000330 (0x80302573) csrr    x10, knl
core   2: 3 0x80000330 (0x80302573) x10 0x90044000
core   3: 0x80000330 (0x80302573) csrr    x10, knl
core   3: 3 0x80000330 (0x80302573) x10 0x90044000
core   0: 0x80000334 (0x00852283) lw      x5, 8(x10)
core   0: 3 0x80000334 (0x00852283) x5  0x00000002 mem 0x90044008
core   1: 0x80000334 (0x00852283) lw      x5, 8(x10)
core   1: 3 0x80000334 (0x00852283) x5  0x00000002 mem 0x90044008
core   2: 0x80000334 (0x00852283) lw      x5, 8(x10)
core   2: 3 0x80000334 (0x00852283) x5  0x00000002 mem 0x90044008
core   3: 0x80000334 (0x00852283) lw      x5, 8(x10)
core   3: 3 0x80000334 (0x00852283) x5  0x00000002 mem 0x90044008
core   0: 0x80000338 (0x80002373) csrr    x6, tid
core   0: 3 0x80000338 (0x80002373) x6  0x00000000
core   1: 0x80000338 (0x80002373) csrr    x6, tid
core   1: 3 0x80000338 (0x80002373) x6  0x00000010
core   2: 0x80000338 (0x80002373) csrr    x6, tid
core   2: 3 0x80000338 (0x80002373) x6  0x00000020
core   3: 0x80000338 (0x80002373) csrr    x6, tid
core   3: 3 0x80000338 (0x80002373) x6  0x00000030
core   0: 0x8000033c (0x5208a157) vid.v   v2
core   0: 3 0x8000033c (0x5208a157) c8_vstart 0x00000000 e32 m1 l16 v2  0000ffff 0x0000000f 0000000e 0000000d 0000000c 0000000b 0000000a 00000009 00000008 00000007 00000006 00000005 00000004 00000003 00000002 00000001 00000000 
core   1: 0x8000033c (0x5208a157) vid.v   v2
core   1: 3 0x8000033c (0x5208a157) c8_vstart 0x00000000 e32 m1 l16 v2  0000ffff 0x0000000f 0000000e 0000000d 0000000c 0000000b 0000000a 00000009 00000008 00000007 00000006 00000005 00000004 00000003 00000002 00000001 00000000 
core   2: 0x8000033c (0x5208a157) vid.v   v2
core   2: 3 0x8000033c (0x5208a157) c8_vstart 0x00000000 e32 m1 l16 v2  0000ffff 0x0000000f 0000000e 0000000d 0000000c 0000000b 0000000a 00000009 00000008 00000007 00000006 00000005 00000004 00000003 00000002 00000001 00000000 
core   3: 0x8000033c (0x5208a157) vid.v   v2
core   3: 3 0x8000033c (0x5208a157) c8_vstart 0x00000000 e32 m1 l16 v2  0000ffff 0x0000000f 0000000e 0000000d 0000000c 0000000b 0000000a 00000009 00000008 00000007 00000006 00000005 00000004 00000003 00000002 00000001 00000000 
core   0: 0x80000340 (0x02234057) vadd.vx v0, v2, x6
core   0: 3 0x80000340 (0x02234057) c8_vstart 0x00000000 e32 m1 l16 v0  0000ffff 0x0000000f 0000000e 0000000d 0000000c 0000000b 0000000a 00000009 00000008 00000007 00000006 00000005 00000004 00000003 00000002 00000001 00000000 
core   1: 0x80000340 (0x02234057) vadd.vx v0, v2, x6
core   1: 3 0x80000340 (0x02234057) c8_vstart 0x00000000 e32 m1 l16 v0  0000ffff 0x0000001f 0000001e 0000001d 0000001c 0000001b 0000001a 00000019 00000018 00000017 00000016 00000015 00000014 00000013 00000012 00000011 00000010 
core   2: 0x80000340 (0x02234057) vadd.vx v0, v2, x6
core   2: 3 0x80000340 (0x02234057) c8_vstart 0x00000000 e32 m1 l16 v0  0000ffff 0x0000002f 0000002e 0000002d 0000002c 0000002b 0000002a 00000029 00000028 00000027 00000026 00000025 00000024 00000023 00000022 00000021 00000020 
core   3: 0x80000340 (0x02234057) vadd.vx v0, v2, x6
core   3: 3 0x80000340 (0x02234057) c8_vstart 0x00000000 e32 m1 l16 v0  0000ffff 0x0000003f 0000003e 0000003d 0000003c 0000003b 0000003a 00000039 00000038 00000037 00000036 00000035 00000034 00000033 00000032 00000031 00000030 
core   0: 0x80000344 (0x01852e03) lw      x28, 24(x10)
core   0: 3 0x80000344 (0x01852e03) x28 0x00000008 mem 0x90044018
core   1: 0x80000344 (0x01852e03) lw      x28, 24(x10)
core   1: 3 0x80000344 (0x01852e03) x28 0x00000008 mem 0x90044018
core   2: 0x80000344 (0x01852e03) lw      x28, 24(x10)
core   2: 3 0x80000344 (0x01852e03) x28 0x00000008 mem 0x90044018
core   3: 0x80000344 (0x01852e03) lw      x28, 24(x10)
core   3: 3 0x80000344 (0x01852e03) x28 0x00000008 mem 0x90044018
core   0: 0x80000348 (0x01c52e83) lw      x29, 28(x10)
core   0: 3 0x80000348 (0x01c52e83) x29 0x00000008 mem 0x9004401c
core   1: 0x80000348 (0x01c52e83) lw      x29, 28(x10)
core   1: 3 0x80000348 (0x01c52e83) x29 0x00000008 mem 0x9004401c
core   2: 0x80000348 (0x01c52e83) lw      x29, 28(x10)
core   2: 3 0x80000348 (0x01c52e83) x29 0x00000008 mem 0x9004401c
core   3: 0x80000348 (0x01c52e83) lw      x29, 28(x10)
core   3: 3 0x80000348 (0x01c52e83) x29 0x00000008 mem 0x9004401c
core   0: 0x8000034c (0x03ce8f33) mul     x30, x29, x28
core   0: 3 0x8000034c (0x03ce8f33) x30 0x00000040
core   1: 0x8000034c (0x03ce8f33) mul     x30, x29, x28
core   1: 3 0x8000034c (0x03ce8f33) x30 0x00000040
core   2: 0x8000034c (0x03ce8f33) mul     x30, x29, x28
core   2: 3 0x8000034c (0x03ce8f33) x30 0x00000040
core   3: 0x8000034c (0x03ce8f33) mul     x30, x29, x28
core   3: 3 0x8000034c (0x03ce8f33) x30 0x00000040
core   0: 0x80000350 (0x8a0f6057) vremu.vx v0, v0, x30
core   0: 3 0x80000350 (0x8a0f6057) c8_vstart 0x00000000 e32 m1 l16 v0  0000ffff 0x0000000f 0000000e 0000000d 0000000c 0000000b 0000000a 00000009 00000008 00000007 00000006 00000005 00000004 00000003 00000002 00000001 00000000 
core   1: 0x80000350 (0x8a0f6057) vremu.vx v0, v0, x30
core   1: 3 0x80000350 (0x8a0f6057) c8_vstart 0x00000000 e32 m1 l16 v0  0000ffff 0x0000001f 0000001e 0000001d 0000001c 0000001b 0000001a 00000019 00000018 00000017 00000016 00000015 00000014 00000013 00000012 00000011 00000010 
core   2: 0x80000350 (0x8a0f6057) vremu.vx v0, v0, x30
core   2: 3 0x80000350 (0x8a0f6057) c8_vstart 0x00000000 e32 m1 l16 v0  0000ffff 0x0000002f 0000002e 0000002d 0000002c 0000002b 0000002a 00000029 00000028 00000027 00000026 00000025 00000024 00000023 00000022 00000021 00000020 
core   3: 0x80000350 (0x8a0f6057) vremu.vx v0, v0, x30
core   3: 3 0x80000350 (0x8a0f6057) c8_vstart 0x00000000 e32 m1 l16 v0  0000ffff 0x0000003f 0000003e 0000003d 0000003c 0000003b 0000003a 00000039 00000038 00000037 00000036 00000035 00000034 00000033 00000032 00000031 00000030 
core   0: 0x80000354 (0x820e6057) vdivu.vx v0, v0, x28
core   0: 3 0x80000354 (0x820e6057) c8_vstart 0x00000000 e32 m1 l16 v0  0000ffff 0x00000001 00000001 00000001 00000001 00000001 00000001 00000001 00000001 00000000 00000000 00000000 00000000 00000000 00000000 00000000 00000000 
core   1: 0x80000354 (0x820e6057) vdivu.vx v0, v0, x28
core   1: 3 0x80000354 (0x820e6057) c8_vstart 0x00000000 e32 m1 l16 v0  0000ffff 0x00000003 00000003 00000003 00000003 00000003 00000003 00000003 00000003 00000002 00000002 00000002 00000002 00000002 00000002 00000002 00000002 
core   2: 0x80000354 (0x820e6057) vdivu.vx v0, v0, x28
core   2: 3 0x80000354 (0x820e6057) c8_vstart 0x00000000 e32 m1 l16 v0  0000ffff 0x00000005 00000005 00000005 00000005 00000005 00000005 00000005 00000005 00000004 00000004 00000004 00000004 00000004 00000004 00000004 00000004 
core   3: 0x80000354 (0x820e6057) vdivu.vx v0, v0, x28
core   3: 3 0x80000354 (0x820e6057) c8_vstart 0x00000000 e32 m1 l16 v0  0000ffff 0x00000007 00000007 00000007 00000007 00000007 00000007 00000007 00000007 00000006 00000006 00000006 00000006 00000006 00000006 00000006 00000006 
core   0: 0x80000358 (0x5e0ec0d7) vmv.v.x v1, x29
core   0: 3 0x80000358 (0x5e0ec0d7) c8_vstart 0x00000000 e32 m1 l16 v1  0000ffff 0x00000008 00000008 00000008 00000008 00000008 00000008 00000008 00000008 00000008 00000008 00000008 00000008 00000008 00000008 00000008 00000008 
core   1: 0x80000358 (0x5e0ec0d7) vmv.v.x v1, x29
core   1: 3 0x80000358 (0x5e0ec0d7) c8_vstart 0x00000000 e32 m1 l16 v1  0000ffff 0x00000008 00000008 00000008 00000008 00000008 00000008 00000008 00000008 00000008 00000008 00000008 00000008 00000008 00000008 00000008 00000008 
core   2: 0x80000358 (0x5e0ec0d7) vmv.v.x v1, x29
core   2: 3 0x80000358 (0x5e0ec0d7) c8_vstart 0x00000000 e32 m1 l16 v1  0000ffff 0x00000008 00000008 00000008 00000008 00000008 00000008 00000008 00000008 00000008 00000008 00000008 00000008 00000008 00000008 00000008 00000008 
core   3: 0x80000358 (0x5e0ec0d7) vmv.v.x v1, x29
core   3: 3 0x80000358 (0x5e0ec0d7) c8_vstart 0x00000000 e32 m1 l16 v1  0000ffff 0x00000008 00000008 00000008 00000008 00000008 00000008 00000008 00000008 00000008 00000008 00000008 00000008 00000008 00000008 00000008 00000008 
core   0: 0x8000035c (0x00000317) auipc   x6, 0x0
core   0: 3 0x8000035c (0x00000317) x6  0x8000035c
core   1: 0x8000035c (0x00000317) auipc   x6, 0x0
core   1: 3 0x8000035c (0x00000317) x6  0x8000035c
core   2: 0x8000035c (0x00000317) auipc   x6, 0x0
core   2: 3 0x8000035c (0x00000317) x6  0x8000035c
core   3: 0x8000035c (0x00000317) auipc   x6, 0x0
core   3: 3 0x8000035c (0x00000317) x6  0x8000035c
core   0: 0x80000360 (0x0143305b) setrpc  x0, x6, 20
core   0: 3 0x80000360 (0x0143305b) c2060_rpc 0x80000370 current mask:	0000ffff current npc:	80000244 stack size: 0
core   1: 0x80000360 (0x0143305b) setrpc  x0, x6, 20
core   1: 3 0x80000360 (0x0143305b) c2060_rpc 0x80000370 current mask:	0000ffff current npc:	80000244 stack size: 0
core   2: 0x80000360 (0x0143305b) setrpc  x0, x6, 20
core   2: 3 0x80000360 (0x0143305b) c2060_rpc 0x80000370 current mask:	0000ffff current npc:	80000244 stack size: 0
core   3: 0x80000360 (0x0143305b) setrpc  x0, x6, 20
core   3: 3 0x80000360 (0x0143305b) c2060_rpc 0x80000370 current mask:	0000ffff current npc:	80000244 stack size: 0
core   0: 0x80000364 (0x0000c65b) vblt    v0, v1, pc + 12
core   0: 3 0x80000364 (0x0000c65b) c8_vstart 0x00000000 e32 m1 l16 current mask:	0000ffff current npc:	80000370 stack size: 0
core   1: 0x80000364 (0x0000c65b) vblt    v0, v1, pc + 12
core   1: 3 0x80000364 (0x0000c65b) c8_vstart 0x00000000 e32 m1 l16 current mask:	0000ffff current npc:	80000370 stack size: 0
core   2: 0x80000364 (0x0000c65b) vblt    v0, v1, pc + 12
core   2: 3 0x80000364 (0x0000c65b) c8_vstart 0x00000000 e32 m1 l16 current mask:	0000ffff current npc:	80000370 stack size: 0
core   3: 0x80000364 (0x0000c65b) vblt    v0, v1, pc + 12
core   3: 3 0x80000364 (0x0000c65b) c8_vstart 0x00000000 e32 m1 l16 current mask:	0000ffff current npc:	80000370 stack size: 0
core   0: 0x80000370 (0x0000205b) join    v0, v0, pc + 0
core   0: 3 0x80000370 (0x0000205b) current mask:	0000ffff current npc:	80000370 stack size: 0
core   1: 0x80000370 (0x0000205b) join    v0, v0, pc + 0
core   1: 3 0x80000370 (0x0000205b) current mask:	0000ffff current npc:	80000370 stack size: 0
core   2: 0x80000370 (0x0000205b) join    v0, v0, pc + 0
core   2: 3 0x80000370 (0x0000205b) current mask:	0000ffff current npc:	80000370 stack size: 0
core   3: 0x80000370 (0x0000205b) join    v0, v0, pc + 0
core   3: 3 0x80000370 (0x0000205b) current mask:	0000ffff current npc:	80000370 stack size: 0
core   0: 0x80000374 (0xffc12083) lw      x1, -4(x2)
core   0: 3 0x80000374 (0xffc12083) x1  0x80000414 mem 0x70000014
core   1: 0x80000374 (0xffc12083) lw      x1, -4(x2)
core   1: 3 0x80000374 (0xffc12083) x1  0x80000414 mem 0x70000414
core   2: 0x80000374 (0xffc12083) lw      x1, -4(x2)
core   2: 3 0x80000374 (0xffc12083) x1  0x80000414 mem 0x70000814
core   3: 0x80000374 (0xffc12083) lw      x1, -4(x2)
core   3: 3 0x80000374 (0xffc12083) x1  0x80000414 mem 0x70000c14
core   0: 0x80000378 (0xffc10113) addi    x2, x2, -4
core   0: 3 0x80000378 (0xffc10113) x2  0x70000014
core   1: 0x80000378 (0xffc10113) addi    x2, x2, -4
core   1: 3 0x80000378 (0xffc10113) x2  0x70000414
core   2: 0x80000378 (0xffc10113) addi    x2, x2, -4
core   2: 3 0x80000378 (0xffc10113) x2  0x70000814
core   3: 0x80000378 (0xffc10113) addi    x2, x2, -4
core   3: 3 0x80000378 (0xffc10113) x2  0x70000c14
core   0: 0x8000037c (0x00008067) ret
core   0: 3 0x8000037c (0x00008067)
core   1: 0x8000037c (0x00008067) ret
core   1: 3 0x8000037c (0x00008067)
core   2: 0x8000037c (0x00008067) ret
core   2: 3 0x8000037c (0x00008067)
core   3: 0x8000037c (0x00008067) ret
core   3: 3 0x8000037c (0x00008067)
core   0: 0x80000414 (0x80902373) csrr    x6, gidy
core   0: 3 0x80000414 (0x80902373) x6  0x00000000
core   1: 0x80000414 (0x80902373) csrr    x6, gidy
core   1: 3 0x80000414 (0x80902373) x6  0x00000000
core   2: 0x80000414 (0x80902373) csrr    x6, gidy
core   2: 3 0x80000414 (0x80902373) x6  0x00000000
core   3: 0x80000414 (0x80902373) csrr    x6, gidy
core   3: 3 0x80000414 (0x80902373) x6  0x00000000
core   0: 0x80000418 (0x01c52383) lw      x7, 28(x10)
core   0: 3 0x80000418 (0x01c52383) x7  0x00000008 mem 0x9004401c
core   1: 0x80000418 (0x01c52383) lw      x7, 28(x10)
core   1: 3 0x80000418 (0x01c52383) x7  0x00000008 mem 0x9004401c
core   2: 0x80000418 (0x01c52383) lw      x7, 28(x10)
core   2: 3 0x80000418 (0x01c52383) x7  0x00000008 mem 0x9004401c
core   3: 0x80000418 (0x01c52383) lw      x7, 28(x10)
core   3: 3 0x80000418 (0x01c52383) x7  0x00000008 mem 0x9004401c
core   0: 0x8000041c (0x02852e83) lw      x29, 40(x10)
core   0: 3 0x8000041c (0x02852e83) x29 0x00000000 mem 0x90044028
core   1: 0x8000041c (0x02852e83) lw      x29, 40(x10)
core   1: 3 0x8000041c (0x02852e83) x29 0x00000000 mem 0x90044028
core   2: 0x8000041c (0x02852e83) lw      x29, 40(x10)
core   2: 3 0x8000041c (0x02852e83) x29 0x00000000 mem 0x90044028
core   3: 0x8000041c (0x02852e83) lw      x29, 40(x10)
core   3: 3 0x8000041c (0x02852e83) x29 0x00000000 mem 0x90044028
core   0: 0x80000420 (0x02730e33) mul     x28, x6, x7
core   0: 3 0x80000420 (0x02730e33) x28 0x00000000
core   1: 0x80000420 (0x02730e33) mul     x28, x6, x7
core   1: 3 0x80000420 (0x02730e33) x28 0x00000000
core   2: 0x80000420 (0x02730e33) mul     x28, x6, x7
core   2: 3 0x80000420 (0x02730e33) x28 0x00000000
core   3: 0x80000420 (0x02730e33) mul     x28, x6, x7
core   3: 3 0x80000420 (0x02730e33) x28 0x00000000
core   0: 0x80000424 (0x01de0e33) add     x28, x28, x29
core   0: 3 0x80000424 (0x01de0e33) x28 0x00000000
core   1: 0x80000424 (0x01de0e33) add     x28, x28, x29
core   1: 3 0x80000424 (0x01de0e33) x28 0x00000000
core   2: 0x80000424 (0x01de0e33) add     x28, x28, x29
core   2: 3 0x80000424 (0x01de0e33) x28 0x00000000
core   3: 0x80000424 (0x01de0e33) add     x28, x28, x29
core   3: 3 0x80000424 (0x01de0e33) x28 0x00000000
core   0: 0x80000428 (0x020e4057) vadd.vx v0, v0, x28
core   0: 3 0x80000428 (0x020e4057) c8_vstart 0x00000000 e32 m1 l16 v0  0000ffff 0x00000001 00000001 00000001 00000001 00000001 00000001 00000001 00000001 00000000 00000000 00000000 00000000 00000000 00000000 00000000 00000000 
core   1: 0x80000428 (0x020e4057) vadd.vx v0, v0, x28
core   1: 3 0x80000428 (0x020e4057) c8_vstart 0x00000000 e32 m1 l16 v0  0000ffff 0x00000003 00000003 00000003 00000003 00000003 00000003 00000003 00000003 00000002 00000002 00000002 00000002 00000002 00000002 00000002 00000002 
core   2: 0x80000428 (0x020e4057) vadd.vx v0, v0, x28
core   2: 3 0x80000428 (0x020e4057) c8_vstart 0x00000000 e32 m1 l16 v0  0000ffff 0x00000005 00000005 00000005 00000005 00000005 00000005 00000005 00000005 00000004 00000004 00000004 00000004 00000004 00000004 00000004 00000004 
core   3: 0x80000428 (0x020e4057) vadd.vx v0, v0, x28
core   3: 3 0x80000428 (0x020e4057) c8_vstart 0x00000000 e32 m1 l16 v0  0000ffff 0x00000007 00000007 00000007 00000007 00000007 00000007 00000007 00000007 00000006 00000006 00000006 00000006 00000006 00000006 00000006 00000006 
core   0: 0x8000042c (0xffc12083) lw      x1, -4(x2)
core   0: 3 0x8000042c (0xffc12083) x1  0x80000248 mem 0x70000010
core   1: 0x8000042c (0xffc12083) lw      x1, -4(x2)
core   1: 3 0x8000042c (0xffc12083) x1  0x80000248 mem 0x70000410
core   2: 0x8000042c (0xffc12083) lw      x1, -4(x2)
core   2: 3 0x8000042c (0xffc12083) x1  0x80000248 mem 0x70000810
core   3: 0x8000042c (0xffc12083) lw      x1, -4(x2)
core   3: 3 0x8000042c (0xffc12083) x1  0x80000248 mem 0x70000c10
core   0: 0x80000430 (0xffc10113) addi    x2, x2, -4
core   0: 3 0x80000430 (0xffc10113) x2  0x70000010
core   1: 0x80000430 (0xffc10113) addi    x2, x2, -4
core   1: 3 0x80000430 (0xffc10113) x2  0x70000410
core   2: 0x80000430 (0xffc10113) addi    x2, x2, -4
core   2: 3 0x80000430 (0xffc10113) x2  0x70000810
core   3: 0x80000430 (0xffc10113) addi    x2, x2, -4
core   3: 3 0x80000430 (0xffc10113) x2  0x70000c10
core   0: 0x80000434 (0x00008067) ret
core   0: 3 0x80000434 (0x00008067)
core   1: 0x80000434 (0x00008067) ret
core   1: 3 0x80000434 (0x00008067)
core   2: 0x80000434 (0x00008067) ret
core   2: 3 0x80000434 (0x00008067)
core   3: 0x80000434 (0x00008067) ret
core   3: 3 0x80000434 (0x00008067)
core   0: 0x80000248 (0x0080006f) j       pc + 0x8
core   0: 3 0x80000248 (0x0080006f)
core   1: 0x80000248 (0x0080006f) j       pc + 0x8
core   1: 3 0x80000248 (0x0080006f)
core   2: 0x80000248 (0x0080006f) j       pc + 0x8
core   2: 3 0x80000248 (0x0080006f)
core   3: 0x80000248 (0x0080006f) j       pc + 0x8
core   3: 3 0x80000248 (0x0080006f)
core   0: 0x80000250 (0x0000205b) join    v0, v0, pc + 0
core   0: 3 0x80000250 (0x0000205b) current mask:	0000ffff current npc:	80000370 stack size: 0
core   1: 0x80000250 (0x0000205b) join    v0, v0, pc + 0
core   1: 3 0x80000250 (0x0000205b) current mask:	0000ffff current npc:	80000370 stack size: 0
core   2: 0x80000250 (0x0000205b) join    v0, v0, pc + 0
core   2: 3 0x80000250 (0x0000205b) current mask:	0000ffff current npc:	80000370 stack size: 0
core   3: 0x80000250 (0x0000205b) join    v0, v0, pc + 0
core   3: 3 0x80000250 (0x0000205b) current mask:	0000ffff current npc:	80000370 stack size: 0
core   0: 0x80000254 (0xffc12083) lw      x1, -4(x2)
core   0: 3 0x80000254 (0xffc12083) x1  0x80000120 mem 0x7000000c
core   1: 0x80000254 (0xffc12083) lw      x1, -4(x2)
core   1: 3 0x80000254 (0xffc12083) x1  0x80000120 mem 0x7000040c
core   2: 0x80000254 (0xffc12083) lw      x1, -4(x2)
core   2: 3 0x80000254 (0xffc12083) x1  0x80000120 mem 0x7000080c
core   3: 0x80000254 (0xffc12083) lw      x1, -4(x2)
core   3: 3 0x80000254 (0xffc12083) x1  0x80000120 mem 0x70000c0c
core   0: 0x80000258 (0xffc10113) addi    x2, x2, -4
core   0: 3 0x80000258 (0xffc10113) x2  0x7000000c
core   1: 0x80000258 (0xffc10113) addi    x2, x2, -4
core   1: 3 0x80000258 (0xffc10113) x2  0x7000040c
core   2: 0x80000258 (0xffc10113) addi    x2, x2, -4
core   2: 3 0x80000258 (0xffc10113) x2  0x7000080c
core   3: 0x80000258 (0xffc10113) addi    x2, x2, -4
core   3: 3 0x80000258 (0xffc10113) x2  0x70000c0c
core   0: 0x8000025c (0x00008067) ret
core   0: 3 0x8000025c (0x00008067)
core   1: 0x8000025c (0x00008067) ret
core   1: 3 0x8000025c (0x00008067)
core   2: 0x8000025c (0x00008067) ret
core   2: 3 0x8000025c (0x00008067)
core   3: 0x8000025c (0x00008067) ret
core   3: 3 0x8000025c (0x00008067)
core   0: 0x80000120 (0x800032b7) lui     x5, 0x80003
core   0: 3 0x80000120 (0x800032b7) x5  0x80003000
core   1: 0x80000120 (0x800032b7) lui     x5, 0x80003
core   1: 3 0x80000120 (0x800032b7) x5  0x80003000
core   2: 0x80000120 (0x800032b7) lui     x5, 0x80003
core   2: 3 0x80000120 (0x800032b7) x5  0x80003000
core   3: 0x80000120 (0x800032b7) lui     x5, 0x80003
core   3: 3 0x80000120 (0x800032b7) x5  0x80003000
core   0: 0x80000124 (0x0082a283) lw      x5, 8(x5)
core   0: 3 0x80000124 (0x0082a283) x5  0x00000000 mem 0x80003008
core   1: 0x80000124 (0x0082a283) lw      x5, 8(x5)
core   1: 3 0x80000124 (0x0082a283) x5  0x00000000 mem 0x80003008
core   2: 0x80000124 (0x0082a283) lw      x5, 8(x5)
core   2: 3 0x80000124 (0x0082a283) x5  0x00000000 mem 0x80003008
core   3: 0x80000124 (0x0082a283) lw      x5, 8(x5)
core   3: 3 0x80000124 (0x0082a283) x5  0x00000000 mem 0x80003008
core   0: 0x80000128 (0xffc12303) lw      x6, -4(x2)
core   0: 3 0x80000128 (0xffc12303) x6  0x00000008 mem 0x70000008
core   1: 0x80000128 (0xffc12303) lw      x6, -4(x2)
core   1: 3 0x80000128 (0xffc12303) x6  0x00000008 mem 0x70000408
core   2: 0x80000128 (0xffc12303) lw      x6, -4(x2)
core   2: 3 0x80000128 (0xffc12303) x6  0x00000008 mem 0x70000808
core   3: 0x80000128 (0xffc12303) lw      x6, -4(x2)
core   3: 3 0x80000128 (0xffc12303) x6  0x00000008 mem 0x70000c08
core   0: 0x8000012c (0x06605c63) bge     x0, x6, pc + 120
core   0: 3 0x8000012c (0x06605c63)
core   1: 0x8000012c (0x06605c63) bge     x0, x6, pc + 120
core   1: 3 0x8000012c (0x06605c63)
core   2: 0x8000012c (0x06605c63) bge     x0, x6, pc + 120
core   2: 3 0x8000012c (0x06605c63)
core   3: 0x8000012c (0x06605c63) bge     x0, x6, pc + 120
core   3: 3 0x8000012c (0x06605c63)
core   0: 0x80000130 (0xff812383) lw      x7, -8(x2)
core   0: 3 0x80000130 (0xff812383) x7  0x90003000 mem 0x70000004
core   1: 0x80000130 (0xff812383) lw      x7, -8(x2)
core   1: 3 0x80000130 (0xff812383) x7  0x90003000 mem 0x70000404
core   2: 0x80000130 (0xff812383) lw      x7, -8(x2)
core   2: 3 0x80000130 (0xff812383) x7  0x90003000 mem 0x70000804
core   3: 0x80000130 (0xff812383) lw      x7, -8(x2)
core   3: 3 0x80000130 (0xff812383) x7  0x90003000 mem 0x70000c04
core   0: 0x80000134 (0x0043a303) lw      x6, 4(x7)
core   0: 3 0x80000134 (0x0043a303) x6  0x90001000 mem 0x90003004
core   1: 0x80000134 (0x0043a303) lw      x6, 4(x7)
core   1: 3 0x80000134 (0x0043a303) x6  0x90001000 mem 0x90003004
core   2: 0x80000134 (0x0043a303) lw      x6, 4(x7)
core   2: 3 0x80000134 (0x0043a303) x6  0x90001000 mem 0x90003004
core   3: 0x80000134 (0x0043a303) lw      x6, 4(x7)
core   3: 3 0x80000134 (0x0043a303) x6  0x90001000 mem 0x90003004
core   0: 0x80000138 (0x0003a383) lw      x7, 0(x7)
core   0: 3 0x80000138 (0x0003a383) x7  0x90000000 mem 0x90003000
core   1: 0x80000138 (0x0003a383) lw      x7, 0(x7)
core   1: 3 0x80000138 (0x0003a383) x7  0x90000000 mem 0x90003000
core   2: 0x80000138 (0x0003a383) lw      x7, 0(x7)
core   2: 3 0x80000138 (0x0003a383) x7  0x90000000 mem 0x90003000
core   3: 0x80000138 (0x0003a383) lw      x7, 0(x7)
core   3: 3 0x80000138 (0x0003a383) x7  0x90000000 mem 0x90003000
core   0: 0x8000013c (0x5e0340d7) vmv.v.x v1, x6
core   0: 3 0x8000013c (0x5e0340d7) c8_vstart 0x00000000 e32 m1 l16 v1  0000ffff 0x90001000 90001000 90001000 90001000 90001000 90001000 90001000 90001000 90001000 90001000 90001000 90001000 90001000 90001000 90001000 90001000 
core   1: 0x8000013c (0x5e0340d7) vmv.v.x v1, x6
core   1: 3 0x8000013c (0x5e0340d7) c8_vstart 0x00000000 e32 m1 l16 v1  0000ffff 0x90001000 90001000 90001000 90001000 90001000 90001000 90001000 90001000 90001000 90001000 90001000 90001000 90001000 90001000 90001000 90001000 
core   2: 0x8000013c (0x5e0340d7) vmv.v.x v1, x6
core   2: 3 0x8000013c (0x5e0340d7) c8_vstart 0x00000000 e32 m1 l16 v1  0000ffff 0x90001000 90001000 90001000 90001000 90001000 90001000 90001000 90001000 90001000 90001000 90001000 90001000 90001000 90001000 90001000 90001000 
core   3: 0x8000013c (0x5e0340d7) vmv.v.x v1, x6
core   3: 3 0x8000013c (0x5e0340d7) c8_vstart 0x00000000 e32 m1 l16 v1  0000ffff 0x90001000 90001000 90001000 90001000 90001000 90001000 90001000 90001000 90001000 90001000 90001000 90001000 90001000 90001000 90001000 90001000 
core   0: 0x80000140 (0x5e03c157) vmv.v.x v2, x7
core   0: 3 0x80000140 (0x5e03c157) c8_vstart 0x00000000 e32 m1 l16 v2  0000ffff 0x90000000 90000000 90000000 90000000 90000000 90000000 90000000 90000000 90000000 90000000 90000000 90000000 90000000 90000000 90000000 90000000 
core   1: 0x80000140 (0x5e03c157) vmv.v.x v2, x7
core   1: 3 0x80000140 (0x5e03c157) c8_vstart 0x00000000 e32 m1 l16 v2  0000ffff 0x90000000 90000000 90000000 90000000 90000000 90000000 90000000 90000000 90000000 90000000 90000000 90000000 90000000 90000000 90000000 90000000 
core   2: 0x80000140 (0x5e03c157) vmv.v.x v2, x7
core   2: 3 0x80000140 (0x5e03c157) c8_vstart 0x00000000 e32 m1 l16 v2  0000ffff 0x90000000 90000000 90000000 90000000 90000000 90000000 90000000 90000000 90000000 90000000 90000000 90000000 90000000 90000000 90000000 90000000 
core   3: 0x80000140 (0x5e03c157) vmv.v.x v2, x7
core   3: 3 0x80000140 (0x5e03c157) c8_vstart 0x00000000 e32 m1 l16 v2  0000ffff 0x90000000 90000000 90000000 90000000 90000000 90000000 90000000 90000000 90000000 90000000 90000000 90000000 90000000 90000000 90000000 90000000 
core   0: 0x80000144 (0x0400200b) regext  x0, x0,  0 1 0 0 
core   0: 3 0x80000144 (0x0400200b)
core   1: 0x80000144 (0x0400200b) regext  x0, x0,  0 1 0 0 
core   1: 3 0x80000144 (0x0400200b)
core   2: 0x80000144 (0x0400200b) regext  x0, x0,  0 1 0 0 
core   2: 3 0x80000144 (0x0400200b)
core   3: 0x80000144 (0x0400200b) regext  x0, x0,  0 1 0 0 
core   3: 3 0x80000144 (0x0400200b)
core   0: 0x80000148 (0x963021d7) vmul.vv v3, v3, v0
core   0: 3 0x80000148 (0x963021d7) c8_vstart 0x00000000 e32 m1 l16 v3  0000ffff 0x00000008 00000008 00000008 00000008 00000008 00000008 00000008 00000008 00000000 00000000 00000000 00000000 00000000 00000000 00000000 00000000 
core   1: 0x80000148 (0x963021d7) vmul.vv v3, v3, v0
core   1: 3 0x80000148 (0x963021d7) c8_vstart 0x00000000 e32 m1 l16 v3  0000ffff 0x00000018 00000018 00000018 00000018 00000018 00000018 00000018 00000018 00000010 00000010 00000010 00000010 00000010 00000010 00000010 00000010 
core   2: 0x80000148 (0x963021d7) vmul.vv v3, v3, v0
core   2: 3 0x80000148 (0x963021d7) c8_vstart 0x00000000 e32 m1 l16 v3  0000ffff 0x00000028 00000028 00000028 00000028 00000028 00000028 00000028 00000028 00000020 00000020 00000020 00000020 00000020 00000020 00000020 00000020 
core   3: 0x80000148 (0x963021d7) vmul.vv v3, v3, v0
core   3: 3 0x80000148 (0x963021d7) c8_vstart 0x00000000 e32 m1 l16 v3  0000ffff 0x00000038 00000038 00000038 00000038 00000038 00000038 00000038 00000038 00000030 00000030 00000030 00000030 00000030 00000030 00000030 00000030 
core   0: 0x8000014c (0x963131d7) vsll.vi v3, v3, 2
core   0: 3 0x8000014c (0x963131d7) c8_vstart 0x00000000 e32 m1 l16 v3  0000ffff 0x00000020 00000020 00000020 00000020 00000020 00000020 00000020 00000020 00000000 00000000 00000000 00000000 00000000 00000000 00000000 00000000 
core   1: 0x8000014c (0x963131d7) vsll.vi v3, v3, 2
core   1: 3 0x8000014c (0x963131d7) c8_vstart 0x00000000 e32 m1 l16 v3  0000ffff 0x00000060 00000060 00000060 00000060 00000060 00000060 00000060 00000060 00000040 00000040 00000040 00000040 00000040 00000040 00000040 00000040 
core   2: 0x8000014c (0x963131d7) vsll.vi v3, v3, 2
core   2: 3 0x8000014c (0x963131d7) c8_vstart 0x00000000 e32 m1 l16 v3  0000ffff 0x000000a0 000000a0 000000a0 000000a0 000000a0 000000a0 000000a0 000000a0 00000080 00000080 00000080 00000080 00000080 00000080 00000080 00000080 
core   3: 0x8000014c (0x963131d7) vsll.vi v3, v3, 2
core   3: 3 0x8000014c (0x963131d7) c8_vstart 0x00000000 e32 m1 l16 v3  0000ffff 0x000000e0 000000e0 000000e0 000000e0 000000e0 000000e0 000000e0 000000e0 000000c0 000000c0 000000c0 000000c0 000000c0 000000c0 000000c0 000000c0 
core   0: 0x80000150 (0x021180d7) vadd.vv v1, v1, v3
core   0: 3 0x80000150 (0x021180d7) c8_vstart 0x00000000 e32 m1 l16 v1  0000ffff 0x90001020 90001020 90001020 90001020 90001020 90001020 90001020 90001020 90001000 90001000 90001000 90001000 90001000 90001000 90001000 90001000 
core   1: 0x80000150 (0x021180d7) vadd.vv v1, v1, v3
core   1: 3 0x80000150 (0x021180d7) c8_vstart 0x00000000 e32 m1 l16 v1  0000ffff 0x90001060 90001060 90001060 90001060 90001060 90001060 90001060 90001060 90001040 90001040 90001040 90001040 90001040 90001040 90001040 90001040 
core   2: 0x80000150 (0x021180d7) vadd.vv v1, v1, v3
core   2: 3 0x80000150 (0x021180d7) c8_vstart 0x00000000 e32 m1 l16 v1  0000ffff 0x900010a0 900010a0 900010a0 900010a0 900010a0 900010a0 900010a0 900010a0 90001080 90001080 90001080 90001080 90001080 90001080 90001080 90001080 
core   3: 0x80000150 (0x021180d7) vadd.vv v1, v1, v3
core   3: 3 0x80000150 (0x021180d7) c8_vstart 0x00000000 e32 m1 l16 v1  0000ffff 0x900010e0 900010e0 900010e0 900010e0 900010e0 900010e0 900010e0 900010e0 900010c0 900010c0 900010c0 900010c0 900010c0 900010c0 900010c0 900010c0 
core   0: 0x80000154 (0x0400200b) regext  x0, x0,  0 1 0 0 
core   0: 3 0x80000154 (0x0400200b)
core   1: 0x80000154 (0x0400200b) regext  x0, x0,  0 1 0 0 
core   1: 3 0x80000154 (0x0400200b)
core   2: 0x80000154 (0x0400200b) regext  x0, x0,  0 1 0 0 
core   2: 3 0x80000154 (0x0400200b)
core   3: 0x80000154 (0x0400200b) regext  x0, x0,  0 1 0 0 
core   3: 3 0x80000154 (0x0400200b)
core   0: 0x80000158 (0x961131d7) vsll.vi v3, v1, 2
core   0: 3 0x80000158 (0x961131d7) c8_vstart 0x00000000 e32 m1 l16 v3  0000ffff 0x0000001c 00000018 00000014 00000010 0000000c 00000008 00000004 00000000 0000001c 00000018 00000014 00000010 0000000c 00000008 00000004 00000000 
core   1: 0x80000158 (0x961131d7) vsll.vi v3, v1, 2
core   1: 3 0x80000158 (0x961131d7) c8_vstart 0x00000000 e32 m1 l16 v3  0000ffff 0x0000001c 00000018 00000014 00000010 0000000c 00000008 00000004 00000000 0000001c 00000018 00000014 00000010 0000000c 00000008 00000004 00000000 
core   2: 0x80000158 (0x961131d7) vsll.vi v3, v1, 2
core   2: 3 0x80000158 (0x961131d7) c8_vstart 0x00000000 e32 m1 l16 v3  0000ffff 0x0000001c 00000018 00000014 00000010 0000000c 00000008 00000004 00000000 0000001c 00000018 00000014 00000010 0000000c 00000008 00000004 00000000 
core   3: 0x80000158 (0x961131d7) vsll.vi v3, v1, 2
core   3: 3 0x80000158 (0x961131d7) c8_vstart 0x00000000 e32 m1 l16 v3  0000ffff 0x0000001c 00000018 00000014 00000010 0000000c 00000008 00000004 00000000 0000001c 00000018 00000014 00000010 0000000c 00000008 00000004 00000000 
core   0: 0x8000015c (0x02218157) vadd.vv v2, v2, v3
core   0: 3 0x8000015c (0x02218157) c8_vstart 0x00000000 e32 m1 l16 v2  0000ffff 0x9000001c 90000018 90000014 90000010 9000000c 90000008 90000004 90000000 9000001c 90000018 90000014 90000010 9000000c 90000008 90000004 90000000 
core   1: 0x8000015c (0x02218157) vadd.vv v2, v2, v3
core   1: 3 0x8000015c (0x02218157) c8_vstart 0x00000000 e32 m1 l16 v2  0000ffff 0x9000001c 90000018 90000014 90000010 9000000c 90000008 90000004 90000000 9000001c 90000018 90000014 90000010 9000000c 90000008 90000004 90000000 
core   2: 0x8000015c (0x02218157) vadd.vv v2, v2, v3
core   2: 3 0x8000015c (0x02218157) c8_vstart 0x00000000 e32 m1 l16 v2  0000ffff 0x9000001c 90000018 90000014 90000010 9000000c 90000008 90000004 90000000 9000001c 90000018 90000014 90000010 9000000c 90000008 90000004 90000000 
core   3: 0x8000015c (0x02218157) vadd.vv v2, v2, v3
core   3: 3 0x8000015c (0x02218157) c8_vstart 0x00000000 e32 m1 l16 v2  0000ffff 0x9000001c 90000018 90000014 90000010 9000000c 90000008 90000004 90000000 9000001c 90000018 90000014 90000010 9000000c 90000008 90000004 90000000 
core   0: 0x80000160 (0x0400200b) regext  x0, x0,  0 1 0 0 
core   0: 3 0x80000160 (0x0400200b)
core   1: 0x80000160 (0x0400200b) regext  x0, x0,  0 1 0 0 
core   1: 3 0x80000160 (0x0400200b)
core   2: 0x80000160 (0x0400200b) regext  x0, x0,  0 1 0 0 
core   2: 3 0x80000160 (0x0400200b)
core   3: 0x80000160 (0x0400200b) regext  x0, x0,  0 1 0 0 
core   3: 3 0x80000160 (0x0400200b)
core   0: 0x80000164 (0x963131d7) vsll.vi v3, v3, 2
core   0: 3 0x80000164 (0x963131d7) c8_vstart 0x00000000 e32 m1 l16 v3  0000ffff 0x00000020 00000020 00000020 00000020 00000020 00000020 00000020 00000020 00000020 00000020 00000020 00000020 00000020 00000020 00000020 00000020 
core   1: 0x80000164 (0x963131d7) vsll.vi v3, v3, 2
core   1: 3 0x80000164 (0x963131d7) c8_vstart 0x00000000 e32 m1 l16 v3  0000ffff 0x00000020 00000020 00000020 00000020 00000020 00000020 00000020 00000020 00000020 00000020 00000020 00000020 00000020 00000020 00000020 00000020 
core   2: 0x80000164 (0x963131d7) vsll.vi v3, v3, 2
core   2: 3 0x80000164 (0x963131d7) c8_vstart 0x00000000 e32 m1 l16 v3  0000ffff 0x00000020 00000020 00000020 00000020 00000020 00000020 00000020 00000020 00000020 00000020 00000020 00000020 00000020 00000020 00000020 00000020 
core   3: 0x80000164 (0x963131d7) vsll.vi v3, v3, 2
core   3: 3 0x80000164 (0x963131d7) c8_vstart 0x00000000 e32 m1 l16 v3  0000ffff 0x00000020 00000020 00000020 00000020 00000020 00000020 00000020 00000020 00000020 00000020 00000020 00000020 00000020 00000020 00000020 00000020 
core   0: 0x80000168 (0x0400200b) regext  x0, x0,  0 1 0 0 
core   0: 3 0x80000168 (0x0400200b)
core   1: 0x80000168 (0x0400200b) regext  x0, x0,  0 1 0 0 
core   1: 3 0x80000168 (0x0400200b)
core   2: 0x80000168 (0x0400200b) regext  x0, x0,  0 1 0 0 
core   2: 3 0x80000168 (0x0400200b)
core   3: 0x80000168 (0x0400200b) regext  x0, x0,  0 1 0 0 
core   3: 3 0x80000168 (0x0400200b)
core   0: 0x8000016c (0x023042d7) vadd.vx v5, v3, x0
core   0: 3 0x8000016c (0x023042d7) c8_vstart 0x00000000 e32 m1 l16 v5  0000ffff 0x00000008 00000008 00000008 00000008 00000008 00000008 00000008 00000008 00000008 00000008 00000008 00000008 00000008 00000008 00000008 00000008 
core   1: 0x8000016c (0x023042d7) vadd.vx v5, v3, x0
core   1: 3 0x8000016c (0x023042d7) c8_vstart 0x00000000 e32 m1 l16 v5  0000ffff 0x00000008 00000008 00000008 00000008 00000008 00000008 00000008 00000008 00000008 00000008 00000008 00000008 00000008 00000008 00000008 00000008 
core   2: 0x8000016c (0x023042d7) vadd.vx v5, v3, x0
core   2: 3 0x8000016c (0x023042d7) c8_vstart 0x00000000 e32 m1 l16 v5  0000ffff 0x00000008 00000008 00000008 00000008 00000008 00000008 00000008 00000008 00000008 00000008 00000008 00000008 00000008 00000008 00000008 00000008 
core   3: 0x8000016c (0x023042d7) vadd.vx v5, v3, x0
core   3: 3 0x8000016c (0x023042d7) c8_vstart 0x00000000 e32 m1 l16 v5  0000ffff 0x00000008 00000008 00000008 00000008 00000008 00000008 00000008 00000008 00000008 00000008 00000008 00000008 00000008 00000008 00000008 00000008 
core   0: 0x80000170 (0x5e02c357) vmv.v.x v6, x5
core   0: 3 0x80000170 (0x5e02c357) c8_vstart 0x00000000 e32 m1 l16 v6  0000ffff 0x00000000 00000000 00000000 00000000 00000000 00000000 00000000 00000000 00000000 00000000 00000000 00000000 00000000 00000000 00000000 00000000 
core   1: 0x80000170 (0x5e02c357) vmv.v.x v6, x5
core   1: 3 0x80000170 (0x5e02c357) c8_vstart 0x00000000 e32 m1 l16 v6  0000ffff 0x00000000 00000000 00000000 00000000 00000000 00000000 00000000 00000000 00000000 00000000 00000000 00000000 00000000 00000000 00000000 00000000 
core   2: 0x80000170 (0x5e02c357) vmv.v.x v6, x5
core   2: 3 0x80000170 (0x5e02c357) c8_vstart 0x00000000 e32 m1 l16 v6  0000ffff 0x00000000 00000000 00000000 00000000 00000000 00000000 00000000 00000000 00000000 00000000 00000000 00000000 00000000 00000000 00000000 00000000 
core   3: 0x80000170 (0x5e02c357) vmv.v.x v6, x5
core   3: 3 0x80000170 (0x5e02c357) c8_vstart 0x00000000 e32 m1 l16 v6  0000ffff 0x00000000 00000000 00000000 00000000 00000000 00000000 00000000 00000000 00000000 00000000 00000000 00000000 00000000 00000000 00000000 00000000 
core   0: 0x80000174 (0x5e004457) vmv.v.x v8, x0
core   0: 3 0x80000174 (0x5e004457) c8_vstart 0x00000000 e32 m1 l16 v8  0000ffff 0x00000000 00000000 00000000 00000000 00000000 00000000 00000000 00000000 00000000 00000000 00000000 00000000 00000000 00000000 00000000 00000000 
core   1: 0x80000174 (0x5e004457) vmv.v.x v8, x0
core   1: 3 0x80000174 (0x5e004457) c8_vstart 0x00000000 e32 m1 l16 v8  0000ffff 0x00000000 00000000 00000000 00000000 00000000 00000000 00000000 00000000 00000000 00000000 00000000 00000000 00000000 00000000 00000000 00000000 
core   2: 0x80000174 (0x5e004457) vmv.v.x v8, x0
core   2: 3 0x80000174 (0x5e004457) c8_vstart 0x00000000 e32 m1 l16 v8  0000ffff 0x00000000 00000000 00000000 00000000 00000000 00000000 00000000 00000000 00000000 00000000 00000000 00000000 00000000 00000000 00000000 00000000 
core   3: 0x80000174 (0x5e004457) vmv.v.x v8, x0
core   3: 3 0x80000174 (0x5e004457) c8_vstart 0x00000000 e32 m1 l16 v8  0000ffff 0x00000000 00000000 00000000 00000000 00000000 00000000 00000000 00000000 00000000 00000000 00000000 00000000 00000000 00000000 00000000 00000000 
core   0: 0x80000178 (0x0001227b) vlw12.v v4, v2, 0
core   0: 3 0x80000178 (0x0001227b) e32 m1 l16 v4  0000ffff 0x00000000 00000000 00000000 00000000 00000000 00000000 00000000 00000000 00000000 00000000 00000000 00000000 00000000 00000000 00000000 00000000  c8_vstart 0x00000000 mem 0x90000000 mem 0x90000004 mem 0x90000008 mem 0x9000000c mem 0x90000010 mem 0x90000014 mem 0x90000018 mem 0x9000001c mem 0x90000000 mem 0x90000004 mem 0x90000008 mem 0x9000000c mem 0x90000010 mem 0x90000014 mem 0x90000018 mem 0x9000001c
core   1: 0x80000178 (0x0001227b) vlw12.v v4, v2, 0
core   1: 3 0x80000178 (0x0001227b) e32 m1 l16 v4  0000ffff 0x00000000 00000000 00000000 00000000 00000000 00000000 00000000 00000000 00000000 00000000 00000000 00000000 00000000 00000000 00000000 00000000  c8_vstart 0x00000000 mem 0x90000000 mem 0x90000004 mem 0x90000008 mem 0x9000000c mem 0x90000010 mem 0x90000014 mem 0x90000018 mem 0x9000001c mem 0x90000000 mem 0x90000004 mem 0x90000008 mem 0x9000000c mem 0x90000010 mem 0x90000014 mem 0x90000018 mem 0x9000001c
core   2: 0x80000178 (0x0001227b) vlw12.v v4, v2, 0
core   2: 3 0x80000178 (0x0001227b) e32 m1 l16 v4  0000ffff 0x00000000 00000000 00000000 00000000 00000000 00000000 00000000 00000000 00000000 00000000 00000000 00000000 00000000 00000000 00000000 00000000  c8_vstart 0x00000000 mem 0x90000000 mem 0x90000004 mem 0x90000008 mem 0x9000000c mem 0x90000010 mem 0x90000014 mem 0x90000018 mem 0x9000001c mem 0x90000000 mem 0x90000004 mem 0x90000008 mem 0x9000000c mem 0x90000010 mem 0x90000014 mem 0x90000018 mem 0x9000001c
core   3: 0x80000178 (0x0001227b) vlw12.v v4, v2, 0
core   3: 3 0x80000178 (0x0001227b) e32 m1 l16 v4  0000ffff 0x00000000 00000000 00000000 00000000 00000000 00000000 00000000 00000000 00000000 00000000 00000000 00000000 00000000 00000000 00000000 00000000  c8_vstart 0x00000000 mem 0x90000000 mem 0x90000004 mem 0x90000008 mem 0x9000000c mem 0x90000010 mem 0x90000014 mem 0x90000018 mem 0x9000001c mem 0x90000000 mem 0x90000004 mem 0x90000008 mem 0x9000000c mem 0x90000010 mem 0x90000014 mem 0x90000018 mem 0x9000001c
core   0: 0x8000017c (0x0000a3fb) vlw12.v v7, v1, 0
core   0: 3 0x8000017c (0x0000a3fb) e32 m1 l16 v7  0000ffff 0x00000000 00000000 00000000 00000000 00000000 00000000 00000000 00000000 00000000 00000000 00000000 00000000 00000000 00000000 00000000 00000000  c8_vstart 0x00000000 mem 0x90001000 mem 0x90001000 mem 0x90001000 mem 0x90001000 mem 0x90001000 mem 0x90001000 mem 0x90001000 mem 0x90001000 mem 0x90001020 mem 0x90001020 mem 0x90001020 mem 0x90001020 mem 0x90001020 mem 0x90001020 mem 0x90001020 mem 0x90001020
core   1: 0x8000017c (0x0000a3fb) vlw12.v v7, v1, 0
core   1: 3 0x8000017c (0x0000a3fb) e32 m1 l16 v7  0000ffff 0x00000000 00000000 00000000 00000000 00000000 00000000 00000000 00000000 00000000 00000000 00000000 00000000 00000000 00000000 00000000 00000000  c8_vstart 0x00000000 mem 0x90001040 mem 0x90001040 mem 0x90001040 mem 0x90001040 mem 0x90001040 mem 0x90001040 mem 0x90001040 mem 0x90001040 mem 0x90001060 mem 0x90001060 mem 0x90001060 mem 0x90001060 mem 0x90001060 mem 0x90001060 mem 0x90001060 mem 0x90001060
core   2: 0x8000017c (0x0000a3fb) vlw12.v v7, v1, 0
core   2: 3 0x8000017c (0x0000a3fb) e32 m1 l16 v7  0000ffff 0x00000000 00000000 00000000 00000000 00000000 00000000 00000000 00000000 00000000 00000000 00000000 00000000 00000000 00000000 00000000 00000000  c8_vstart 0x00000000 mem 0x90001080 mem 0x90001080 mem 0x90001080 mem 0x90001080 mem 0x90001080 mem 0x90001080 mem 0x90001080 mem 0x90001080 mem 0x900010a0 mem 0x900010a0 mem 0x900010a0 mem 0x900010a0 mem 0x900010a0 mem 0x900010a0 mem 0x900010a0 mem 0x900010a0
core   3: 0x8000017c (0x0000a3fb) vlw12.v v7, v1, 0
core   3: 3 0x8000017c (0x0000a3fb) e32 m1 l16 v7  0000ffff 0x00000000 00000000 00000000 00000000 00000000 00000000 00000000 00000000 00000000 00000000 00000000 00000000 00000000 00000000 00000000 00000000  c8_vstart 0x00000000 mem 0x900010c0 mem 0x900010c0 mem 0x900010c0 mem 0x900010c0 mem 0x900010c0 mem 0x900010c0 mem 0x900010c0 mem 0x900010c0 mem 0x900010e0 mem 0x900010e0 mem 0x900010e0 mem 0x900010e0 mem 0x900010e0 mem 0x900010e0 mem 0x900010e0 mem 0x900010e0
core   0: 0x80000180 (0xa2639257) vfmadd.vv v4, v6, v7
core   0: 3 0x80000180 (0xa2639257) c8_vstart 0x00000000 e32 m1 l16 v4  0000ffff 0x00000000 00000000 00000000 00000000 00000000 00000000 00000000 00000000 00000000 00000000 00000000 00000000 00000000 00000000 00000000 00000000 
core   1: 0x80000180 (0xa2639257) vfmadd.vv v4, v6, v7
core   1: 3 0x80000180 (0xa2639257) c8_vstart 0x00000000 e32 m1 l16 v4  0000ffff 0x00000000 00000000 00000000 00000000 00000000 00000000 00000000 00000000 00000000 00000000 00000000 00000000 00000000 00000000 00000000 00000000 
core   2: 0x80000180 (0xa2639257) vfmadd.vv v4, v6, v7
core   2: 3 0x80000180 (0xa2639257) c8_vstart 0x00000000 e32 m1 l16 v4  0000ffff 0x00000000 00000000 00000000 00000000 00000000 00000000 00000000 00000000 00000000 00000000 00000000 00000000 00000000 00000000 00000000 00000000 
core   3: 0x80000180 (0xa2639257) vfmadd.vv v4, v6, v7
core   3: 3 0x80000180 (0xa2639257) c8_vstart 0x00000000 e32 m1 l16 v4  0000ffff 0x00000000 00000000 00000000 00000000 00000000 00000000 00000000 00000000 00000000 00000000 00000000 00000000 00000000 00000000 00000000 00000000 
core   0: 0x80000184 (0x0012928b) vsub12.vi v5, v5, 1
core   0: 3 0x80000184 (0x0012928b) c8_vstart 0x00000000 e32 m1 l16 v5  0000ffff 0x00000007 00000007 00000007 00000007 00000007 00000007 00000007 00000007 00000007 00000007 00000007 00000007 00000007 00000007 00000007 00000007 
core   1: 0x80000184 (0x0012928b) vsub12.vi v5, v5, 1
core   1: 3 0x80000184 (0x0012928b) c8_vstart 0x00000000 e32 m1 l16 v5  0000ffff 0x00000007 00000007 00000007 00000007 00000007 00000007 00000007 00000007 00000007 00000007 00000007 00000007 00000007 00000007 00000007 00000007 
core   2: 0x80000184 (0x0012928b) vsub12.vi v5, v5, 1
core   2: 3 0x80000184 (0x0012928b) c8_vstart 0x00000000 e32 m1 l16 v5  0000ffff 0x00000007 00000007 00000007 00000007 00000007 00000007 00000007 00000007 00000007 00000007 00000007 00000007 00000007 00000007 00000007 00000007 
core   3: 0x80000184 (0x0012928b) vsub12.vi v5, v5, 1
core   3: 3 0x80000184 (0x0012928b) c8_vstart 0x00000000 e32 m1 l16 v5  0000ffff 0x00000007 00000007 00000007 00000007 00000007 00000007 00000007 00000007 00000007 00000007 00000007 00000007 00000007 00000007 00000007 00000007 
core   0: 0x80000188 (0x021230d7) vadd.vi v1, v1, 4
core   0: 3 0x80000188 (0x021230d7) c8_vstart 0x00000000 e32 m1 l16 v1  0000ffff 0x90001024 90001024 90001024 90001024 90001024 90001024 90001024 90001024 90001004 90001004 90001004 90001004 90001004 90001004 90001004 90001004 
core   1: 0x80000188 (0x021230d7) vadd.vi v1, v1, 4
core   1: 3 0x80000188 (0x021230d7) c8_vstart 0x00000000 e32 m1 l16 v1  0000ffff 0x90001064 90001064 90001064 90001064 90001064 90001064 90001064 90001064 90001044 90001044 90001044 90001044 90001044 90001044 90001044 90001044 
core   2: 0x80000188 (0x021230d7) vadd.vi v1, v1, 4
core   2: 3 0x80000188 (0x021230d7) c8_vstart 0x00000000 e32 m1 l16 v1  0000ffff 0x900010a4 900010a4 900010a4 900010a4 900010a4 900010a4 900010a4 900010a4 90001084 90001084 90001084 90001084 90001084 90001084 90001084 90001084 
core   3: 0x80000188 (0x021230d7) vadd.vi v1, v1, 4
core   3: 3 0x80000188 (0x021230d7) c8_vstart 0x00000000 e32 m1 l16 v1  0000ffff 0x900010e4 900010e4 900010e4 900010e4 900010e4 900010e4 900010e4 900010e4 900010c4 900010c4 900010c4 900010c4 900010c4 900010c4 900010c4 900010c4 
core   0: 0x8000018c (0x02218157) vadd.vv v2, v2, v3
core   0: 3 0x8000018c (0x02218157) c8_vstart 0x00000000 e32 m1 l16 v2  0000ffff 0x9000003c 90000038 90000034 90000030 9000002c 90000028 90000024 90000020 9000003c 90000038 90000034 90000030 9000002c 90000028 90000024 90000020 
core   1: 0x8000018c (0x02218157) vadd.vv v2, v2, v3
core   1: 3 0x8000018c (0x02218157) c8_vstart 0x00000000 e32 m1 l16 v2  0000ffff 0x9000003c 90000038 90000034 90000030 9000002c 90000028 90000024 90000020 9000003c 90000038 90000034 90000030 9000002c 90000028 90000024 90000020 
core   2: 0x8000018c (0x02218157) vadd.vv v2, v2, v3
core   2: 3 0x8000018c (0x02218157) c8_vstart 0x00000000 e32 m1 l16 v2  0000ffff 0x9000003c 90000038 90000034 90000030 9000002c 90000028 90000024 90000020 9000003c 90000038 90000034 90000030 9000002c 90000028 90000024 90000020 
core   3: 0x8000018c (0x02218157) vadd.vv v2, v2, v3
core   3: 3 0x8000018c (0x02218157) c8_vstart 0x00000000 e32 m1 l16 v2  0000ffff 0x9000003c 90000038 90000034 90000030 9000002c 90000028 90000024 90000020 9000003c 90000038 90000034 90000030 9000002c 90000028 90000024 90000020 
core   0: 0x80000190 (0x02404357) vadd.vx v6, v4, x0
core   0: 3 0x80000190 (0x02404357) c8_vstart 0x00000000 e32 m1 l16 v6  0000ffff 0x00000000 00000000 00000000 00000000 00000000 00000000 00000000 00000000 00000000 00000000 00000000 00000000 00000000 00000000 00000000 00000000 
core   1: 0x80000190 (0x02404357) vadd.vx v6, v4, x0
core   1: 3 0x80000190 (0x02404357) c8_vstart 0x00000000 e32 m1 l16 v6  0000ffff 0x00000000 00000000 00000000 00000000 00000000 00000000 00000000 00000000 00000000 00000000 00000000 00000000 00000000 00000000 00000000 00000000 
core   2: 0x80000190 (0x02404357) vadd.vx v6, v4, x0
core   2: 3 0x80000190 (0x02404357) c8_vstart 0x00000000 e32 m1 l16 v6  0000ffff 0x00000000 00000000 00000000 00000000 00000000 00000000 00000000 00000000 00000000 00000000 00000000 00000000 00000000 00000000 00000000 00000000 
core   3: 0x80000190 (0x02404357) vadd.vx v6, v4, x0
core   3: 3 0x80000190 (0x02404357) c8_vstart 0x00000000 e32 m1 l16 v6  0000ffff 0x00000000 00000000 00000000 00000000 00000000 00000000 00000000 00000000 00000000 00000000 00000000 00000000 00000000 00000000 00000000 00000000 
core   0: 0x80000194 (0x00000317) auipc   x6, 0x0
core   0: 3 0x80000194 (0x00000317) x6  0x80000194
core   1: 0x80000194 (0x00000317) auipc   x6, 0x0
core   1: 3 0x80000194 (0x00000317) x6  0x80000194
core   2: 0x80000194 (0x00000317) auipc   x6, 0x0
core   2: 3 0x80000194 (0x00000317) x6  0x80000194
core   3: 0x80000194 (0x00000317) auipc   x6, 0x0
core   3: 3 0x80000194 (0x00000317) x6  0x80000194
core   0: 0x80000198 (0x0143305b) setrpc  x0, x6, 20
core   0: 3 0x80000198 (0x0143305b) c2060_rpc 0x800001a8 current mask:	0000ffff current npc:	80000370 stack size: 0
core   1: 0x80000198 (0x0143305b) setrpc  x0, x6, 20
core   1: 3 0x80000198 (0x0143305b) c2060_rpc 0x800001a8 current mask:	0000ffff current npc:	80000370 stack size: 0
core   2: 0x80000198 (0x0143305b) setrpc  x0, x6, 20
core   2: 3 0x80000198 (0x0143305b) c2060_rpc 0x800001a8 current mask:	0000ffff current npc:	80000370 stack size: 0
core   3: 0x80000198 (0x0143305b) setrpc  x0, x6, 20
core   3: 3 0x80000198 (0x0143305b) c2060_rpc 0x800001a8 current mask:	0000ffff current npc:	80000370 stack size: 0
core   0: 0x8000019c (0xfc541edb) vbne    v5, v8, pc - 36
core   0: 3 0x8000019c (0xfc541edb) c8_vstart 0x00000000 e32 m1 l16 current mask:	0000ffff current npc:	80000178 stack size: 0
core   1: 0x8000019c (0xfc541edb) vbne    v5, v8, pc - 36
core   1: 3 0x8000019c (0xfc541edb) c8_vstart 0x00000000 e32 m1 l16 current mask:	0000ffff current npc:	80000178 stack size: 0
core   2: 0x8000019c (0xfc541edb) vbne    v5, v8, pc - 36
core   2: 3 0x8000019c (0xfc541edb) c8_vstart 0x00000000 e32 m1 l16 current mask:	0000ffff current npc:	80000178 stack size: 0
core   3: 0x8000019c (0xfc541edb) vbne    v5, v8, pc - 36
core   3: 3 0x8000019c (0xfc541edb) c8_vstart 0x00000000 e32 m1 l16 current mask:	0000ffff current npc:	80000178 stack size: 0
core   0: 0x80000178 (0x0001227b) vlw12.v v4, v2, 0
core   0: 3 0x80000178 (0x0001227b) e32 m1 l16 v4  0000ffff 0x00000000 00000000 00000000 00000000 00000000 00000000 00000000 00000000 00000000 00000000 00000000 00000000 00000000 00000000 00000000 00000000  c8_vstart 0x00000000 mem 0x90000020 mem 0x90000024 mem 0x90000028 mem 0x9000002c mem 0x90000030 mem 0x90000034 mem 0x90000038 mem 0x9000003c mem 0x90000020 mem 0x90000024 mem 0x90000028 mem 0x9000002c mem 0x90000030 mem 0x90000034 mem 0x90000038 mem 0x9000003c
core   1: 0x80000178 (0x0001227b) vlw12.v v4, v2, 0
core   1: 3 0x80000178 (0x0001227b) e32 m1 l16 v4  0000ffff 0x00000000 00000000 00000000 00000000 00000000 00000000 00000000 00000000 00000000 00000000 00000000 00000000 00000000 00000000 00000000 00000000  c8_vstart 0x00000000 mem 0x90000020 mem 0x90000024 mem 0x90000028 mem 0x9000002c mem 0x90000030 mem 0x90000034 mem 0x90000038 mem 0x9000003c mem 0x90000020 mem 0x90000024 mem 0x90000028 mem 0x9000002c mem 0x90000030 mem 0x90000034 mem 0x90000038 mem 0x9000003c
core   2: 0x80000178 (0x0001227b) vlw12.v v4, v2, 0
core   2: 3 0x80000178 (0x0001227b) e32 m1 l16 v4  0000ffff 0x00000000 00000000 00000000 00000000 00000000 00000000 00000000 00000000 00000000 00000000 00000000 00000000 00000000 00000000 00000000 00000000  c8_vstart 0x00000000 mem 0x90000020 mem 0x90000024 mem 0x90000028 mem 0x9000002c mem 0x90000030 mem 0x90000034 mem 0x90000038 mem 0x9000003c mem 0x90000020 mem 0x90000024 mem 0x90000028 mem 0x9000002c mem 0x90000030 mem 0x90000034 mem 0x90000038 mem 0x9000003c
core   3: 0x80000178 (0x0001227b) vlw12.v v4, v2, 0
core   3: 3 0x80000178 (0x0001227b) e32 m1 l16 v4  0000ffff 0x00000000 00000000 00000000 00000000 00000000 00000000 00000000 00000000 00000000 00000000 00000000 00000000 00000000 00000000 00000000 00000000  c8_vstart 0x00000000 mem 0x90000020 mem 0x90000024 mem 0x90000028 mem 0x9000002c mem 0x90000030 mem 0x90000034 mem 0x90000038 mem 0x9000003c mem 0x90000020 mem 0x90000024 mem 0x90000028 mem 0x9000002c mem 0x90000030 mem 0x90000034 mem 0x90000038 mem 0x9000003c
core   0: 0x8000017c (0x0000a3fb) vlw12.v v7, v1, 0
core   0: 3 0x8000017c (0x0000a3fb) e32 m1 l16 v7  0000ffff 0x00000000 00000000 00000000 00000000 00000000 00000000 00000000 00000000 00000000 00000000 00000000 00000000 00000000 00000000 00000000 00000000  c8_vstart 0x00000000 mem 0x90001004 mem 0x90001004 mem 0x90001004 mem 0x90001004 mem 0x90001004 mem 0x90001004 mem 0x90001004 mem 0x90001004 mem 0x90001024 mem 0x90001024 mem 0x90001024 mem 0x90001024 mem 0x90001024 mem 0x90001024 mem 0x90001024 mem 0x90001024
core   1: 0x8000017c (0x0000a3fb) vlw12.v v7, v1, 0
core   1: 3 0x8000017c (0x0000a3fb) e32 m1 l16 v7  0000ffff 0x00000000 00000000 00000000 00000000 00000000 00000000 00000000 00000000 00000000 00000000 00000000 00000000 00000000 00000000 00000000 00000000  c8_vstart 0x00000000 mem 0x90001044 mem 0x90001044 mem 0x90001044 mem 0x90001044 mem 0x90001044 mem 0x90001044 mem 0x90001044 mem 0x90001044 mem 0x90001064 mem 0x90001064 mem 0x90001064 mem 0x90001064 mem 0x90001064 mem 0x90001064 mem 0x90001064 mem 0x90001064
core   2: 0x8000017c (0x0000a3fb) vlw12.v v7, v1, 0
core   2: 3 0x8000017c (0x0000a3fb) e32 m1 l16 v7  0000ffff 0x00000000 00000000 00000000 00000000 00000000 00000000 00000000 00000000 00000000 00000000 00000000 00000000 00000000 00000000 00000000 00000000  c8_vstart 0x00000000 mem 0x90001084 mem 0x90001084 mem 0x90001084 mem 0x90001084 mem 0x90001084 mem 0x90001084 mem 0x90001084 mem 0x90001084 mem 0x900010a4 mem 0x900010a4 mem 0x900010a4 mem 0x900010a4 mem 0x900010a4 mem 0x900010a4 mem 0x900010a4 mem 0x900010a4
core   3: 0x8000017c (0x0000a3fb) vlw12.v v7, v1, 0
core   3: 3 0x8000017c (0x0000a3fb) e32 m1 l16 v7  0000ffff 0x00000000 00000000 00000000 00000000 00000000 00000000 00000000 00000000 00000000 00000000 00000000 00000000 00000000 00000000 00000000 00000000  c8_vstart 0x00000000 mem 0x900010c4 mem 0x900010c4 mem 0x900010c4 mem 0x900010c4 mem 0x900010c4 mem 0x900010c4 mem 0x900010c4 mem 0x900010c4 mem 0x900010e4 mem 0x900010e4 mem 0x900010e4 mem 0x900010e4 mem 0x900010e4 mem 0x900010e4 mem 0x900010e4 mem 0x900010e4
core   0: 0x80000180 (0xa2639257) vfmadd.vv v4, v6, v7
core   0: 3 0x80000180 (0xa2639257) c8_vstart 0x00000000 e32 m1 l16 v4  0000ffff 0x00000000 00000000 00000000 00000000 00000000 00000000 00000000 00000000 00000000 00000000 00000000 00000000 00000000 00000000 00000000 00000000 
core   1: 0x80000180 (0xa2639257) vfmadd.vv v4, v6, v7
core   1: 3 0x80000180 (0xa2639257) c8_vstart 0x00000000 e32 m1 l16 v4  0000ffff 0x00000000 00000000 00000000 00000000 00000000 00000000 00000000 00000000 00000000 00000000 00000000 00000000 00000000 00000000 00000000 00000000 
core   2: 0x80000180 (0xa2639257) vfmadd.vv v4, v6, v7
core   2: 3 0x80000180 (0xa2639257) c8_vstart 0x00000000 e32 m1 l16 v4  0000ffff 0x00000000 00000000 00000000 00000000 00000000 00000000 00000000 00000000 00000000 00000000 00000000 00000000 00000000 00000000 00000000 00000000 
core   3: 0x80000180 (0xa2639257) vfmadd.vv v4, v6, v7
core   3: 3 0x80000180 (0xa2639257) c8_vstart 0x00000000 e32 m1 l16 v4  0000ffff 0x00000000 00000000 00000000 00000000 00000000 00000000 00000000 00000000 00000000 00000000 00000000 00000000 00000000 00000000 00000000 00000000 
core   0: 0x80000184 (0x0012928b) vsub12.vi v5, v5, 1
core   0: 3 0x80000184 (0x0012928b) c8_vstart 0x00000000 e32 m1 l16 v5  0000ffff 0x00000006 00000006 00000006 00000006 00000006 00000006 00000006 00000006 00000006 00000006 00000006 00000006 00000006 00000006 00000006 00000006 
core   1: 0x80000184 (0x0012928b) vsub12.vi v5, v5, 1
core   1: 3 0x80000184 (0x0012928b) c8_vstart 0x00000000 e32 m1 l16 v5  0000ffff 0x00000006 00000006 00000006 00000006 00000006 00000006 00000006 00000006 00000006 00000006 00000006 00000006 00000006 00000006 00000006 00000006 
core   2: 0x80000184 (0x0012928b) vsub12.vi v5, v5, 1
core   2: 3 0x80000184 (0x0012928b) c8_vstart 0x00000000 e32 m1 l16 v5  0000ffff 0x00000006 00000006 00000006 00000006 00000006 00000006 00000006 00000006 00000006 00000006 00000006 00000006 00000006 00000006 00000006 00000006 
core   3: 0x80000184 (0x0012928b) vsub12.vi v5, v5, 1
core   3: 3 0x80000184 (0x0012928b) c8_vstart 0x00000000 e32 m1 l16 v5  0000ffff 0x00000006 00000006 00000006 00000006 00000006 00000006 00000006 00000006 00000006 00000006 00000006 00000006 00000006 00000006 00000006 00000006 
core   0: 0x80000188 (0x021230d7) vadd.vi v1, v1, 4
core   0: 3 0x80000188 (0x021230d7) c8_vstart 0x00000000 e32 m1 l16 v1  0000ffff 0x90001028 90001028 90001028 90001028 90001028 90001028 90001028 90001028 90001008 90001008 90001008 90001008 90001008 90001008 90001008 90001008 
core   1: 0x80000188 (0x021230d7) vadd.vi v1, v1, 4
core   1: 3 0x80000188 (0x021230d7) c8_vstart 0x00000000 e32 m1 l16 v1  0000ffff 0x90001068 90001068 90001068 90001068 90001068 90001068 90001068 90001068 90001048 90001048 90001048 90001048 90001048 90001048 90001048 90001048 
core   2: 0x80000188 (0x021230d7) vadd.vi v1, v1, 4
core   2: 3 0x80000188 (0x021230d7) c8_vstart 0x00000000 e32 m1 l16 v1  0000ffff 0x900010a8 900010a8 900010a8 900010a8 900010a8 900010a8 900010a8 900010a8 90001088 90001088 90001088 90001088 90001088 90001088 90001088 90001088 
core   3: 0x80000188 (0x021230d7) vadd.vi v1, v1, 4
core   3: 3 0x80000188 (0x021230d7) c8_vstart 0x00000000 e32 m1 l16 v1  0000ffff 0x900010e8 900010e8 900010e8 900010e8 900010e8 900010e8 900010e8 900010e8 900010c8 900010c8 900010c8 900010c8 900010c8 900010c8 900010c8 900010c8 
core   0: 0x8000018c (0x02218157) vadd.vv v2, v2, v3
core   0: 3 0x8000018c (0x02218157) c8_vstart 0x00000000 e32 m1 l16 v2  0000ffff 0x9000005c 90000058 90000054 90000050 9000004c 90000048 90000044 90000040 9000005c 90000058 90000054 90000050 9000004c 90000048 90000044 90000040 
core   1: 0x8000018c (0x02218157) vadd.vv v2, v2, v3
core   1: 3 0x8000018c (0x02218157) c8_vstart 0x00000000 e32 m1 l16 v2  0000ffff 0x9000005c 90000058 90000054 90000050 9000004c 90000048 90000044 90000040 9000005c 90000058 90000054 90000050 9000004c 90000048 90000044 90000040 
core   2: 0x8000018c (0x02218157) vadd.vv v2, v2, v3
core   2: 3 0x8000018c (0x02218157) c8_vstart 0x00000000 e32 m1 l16 v2  0000ffff 0x9000005c 90000058 90000054 90000050 9000004c 90000048 90000044 90000040 9000005c 90000058 90000054 90000050 9000004c 90000048 90000044 90000040 
core   3: 0x8000018c (0x02218157) vadd.vv v2, v2, v3
core   3: 3 0x8000018c (0x02218157) c8_vstart 0x00000000 e32 m1 l16 v2  0000ffff 0x9000005c 90000058 90000054 90000050 9000004c 90000048 90000044 90000040 9000005c 90000058 90000054 90000050 9000004c 90000048 90000044 90000040 
core   0: 0x80000190 (0x02404357) vadd.vx v6, v4, x0
core   0: 3 0x80000190 (0x02404357) c8_vstart 0x00000000 e32 m1 l16 v6  0000ffff 0x00000000 00000000 00000000 00000000 00000000 00000000 00000000 00000000 00000000 00000000 00000000 00000000 00000000 00000000 00000000 00000000 
core   1: 0x80000190 (0x02404357) vadd.vx v6, v4, x0
core   1: 3 0x80000190 (0x02404357) c8_vstart 0x00000000 e32 m1 l16 v6  0000ffff 0x00000000 00000000 00000000 00000000 00000000 00000000 00000000 00000000 00000000 00000000 00000000 00000000 00000000 00000000 00000000 00000000 
core   2: 0x80000190 (0x02404357) vadd.vx v6, v4, x0
core   2: 3 0x80000190 (0x02404357) c8_vstart 0x00000000 e32 m1 l16 v6  0000ffff 0x00000000 00000000 00000000 00000000 00000000 00000000 00000000 00000000 00000000 00000000 00000000 00000000 00000000 00000000 00000000 00000000 
core   3: 0x80000190 (0x02404357) vadd.vx v6, v4, x0
core   3: 3 0x80000190 (0x02404357) c8_vstart 0x00000000 e32 m1 l16 v6  0000ffff 0x00000000 00000000 00000000 00000000 00000000 00000000 00000000 00000000 00000000 00000000 00000000 00000000 00000000 00000000 00000000 00000000 
core   0: 0x80000194 (0x00000317) auipc   x6, 0x0
core   0: 3 0x80000194 (0x00000317) x6  0x80000194
core   1: 0x80000194 (0x00000317) auipc   x6, 0x0
core   1: 3 0x80000194 (0x00000317) x6  0x80000194
core   2: 0x80000194 (0x00000317) auipc   x6, 0x0
core   2: 3 0x80000194 (0x00000317) x6  0x80000194
core   3: 0x80000194 (0x00000317) auipc   x6, 0x0
core   3: 3 0x80000194 (0x00000317) x6  0x80000194
core   0: 0x80000198 (0x0143305b) setrpc  x0, x6, 20
core   0: 3 0x80000198 (0x0143305b) c2060_rpc 0x800001a8 current mask:	0000ffff current npc:	80000178 stack size: 0
core   1: 0x80000198 (0x0143305b) setrpc  x0, x6, 20
core   1: 3 0x80000198 (0x0143305b) c2060_rpc 0x800001a8 current mask:	0000ffff current npc:	80000178 stack size: 0
core   2: 0x80000198 (0x0143305b) setrpc  x0, x6, 20
core   2: 3 0x80000198 (0x0143305b) c2060_rpc 0x800001a8 current mask:	0000ffff current npc:	80000178 stack size: 0
core   3: 0x80000198 (0x0143305b) setrpc  x0, x6, 20
core   3: 3 0x80000198 (0x0143305b) c2060_rpc 0x800001a8 current mask:	0000ffff current npc:	80000178 stack size: 0
core   0: 0x8000019c (0xfc541edb) vbne    v5, v8, pc - 36
core   0: 3 0x8000019c (0xfc541edb) c8_vstart 0x00000000 e32 m1 l16 current mask:	0000ffff current npc:	80000178 stack size: 0
core   1: 0x8000019c (0xfc541edb) vbne    v5, v8, pc - 36
core   1: 3 0x8000019c (0xfc541edb) c8_vstart 0x00000000 e32 m1 l16 current mask:	0000ffff current npc:	80000178 stack size: 0
core   2: 0x8000019c (0xfc541edb) vbne    v5, v8, pc - 36
core   2: 3 0x8000019c (0xfc541edb) c8_vstart 0x00000000 e32 m1 l16 current mask:	0000ffff current npc:	80000178 stack size: 0
core   3: 0x8000019c (0xfc541edb) vbne    v5, v8, pc - 36
core   3: 3 0x8000019c (0xfc541edb) c8_vstart 0x00000000 e32 m1 l16 current mask:	0000ffff current npc:	80000178 stack size: 0
core   0: 0x80000178 (0x0001227b) vlw12.v v4, v2, 0
core   0: 3 0x80000178 (0x0001227b) e32 m1 l16 v4  0000ffff 0x00000000 00000000 00000000 00000000 00000000 00000000 00000000 00000000 00000000 00000000 00000000 00000000 00000000 00000000 00000000 00000000  c8_vstart 0x00000000 mem 0x90000040 mem 0x90000044 mem 0x90000048 mem 0x9000004c mem 0x90000050 mem 0x90000054 mem 0x90000058 mem 0x9000005c mem 0x90000040 mem 0x90000044 mem 0x90000048 mem 0x9000004c mem 0x90000050 mem 0x90000054 mem 0x90000058 mem 0x9000005c
core   1: 0x80000178 (0x0001227b) vlw12.v v4, v2, 0
core   1: 3 0x80000178 (0x0001227b) e32 m1 l16 v4  0000ffff 0x00000000 00000000 00000000 00000000 00000000 00000000 00000000 00000000 00000000 00000000 00000000 00000000 00000000 00000000 00000000 00000000  c8_vstart 0x00000000 mem 0x90000040 mem 0x90000044 mem 0x90000048 mem 0x9000004c mem 0x90000050 mem 0x90000054 mem 0x90000058 mem 0x9000005c mem 0x90000040 mem 0x90000044 mem 0x90000048 mem 0x9000004c mem 0x90000050 mem 0x90000054 mem 0x90000058 mem 0x9000005c
core   2: 0x80000178 (0x0001227b) vlw12.v v4, v2, 0
core   2: 3 0x80000178 (0x0001227b) e32 m1 l16 v4  0000ffff 0x00000000 00000000 00000000 00000000 00000000 00000000 00000000 00000000 00000000 00000000 00000000 00000000 00000000 00000000 00000000 00000000  c8_vstart 0x00000000 mem 0x90000040 mem 0x90000044 mem 0x90000048 mem 0x9000004c mem 0x90000050 mem 0x90000054 mem 0x90000058 mem 0x9000005c mem 0x90000040 mem 0x90000044 mem 0x90000048 mem 0x9000004c mem 0x90000050 mem 0x90000054 mem 0x90000058 mem 0x9000005c
core   3: 0x80000178 (0x0001227b) vlw12.v v4, v2, 0
core   3: 3 0x80000178 (0x0001227b) e32 m1 l16 v4  0000ffff 0x00000000 00000000 00000000 00000000 00000000 00000000 00000000 00000000 00000000 00000000 00000000 00000000 00000000 00000000 00000000 00000000  c8_vstart 0x00000000 mem 0x90000040 mem 0x90000044 mem 0x90000048 mem 0x9000004c mem 0x90000050 mem 0x90000054 mem 0x90000058 mem 0x9000005c mem 0x90000040 mem 0x90000044 mem 0x90000048 mem 0x9000004c mem 0x90000050 mem 0x90000054 mem 0x90000058 mem 0x9000005c
core   0: 0x8000017c (0x0000a3fb) vlw12.v v7, v1, 0
core   0: 3 0x8000017c (0x0000a3fb) e32 m1 l16 v7  0000ffff 0x00000000 00000000 00000000 00000000 00000000 00000000 00000000 00000000 00000000 00000000 00000000 00000000 00000000 00000000 00000000 00000000  c8_vstart 0x00000000 mem 0x90001008 mem 0x90001008 mem 0x90001008 mem 0x90001008 mem 0x90001008 mem 0x90001008 mem 0x90001008 mem 0x90001008 mem 0x90001028 mem 0x90001028 mem 0x90001028 mem 0x90001028 mem 0x90001028 mem 0x90001028 mem 0x90001028 mem 0x90001028
core   1: 0x8000017c (0x0000a3fb) vlw12.v v7, v1, 0
core   1: 3 0x8000017c (0x0000a3fb) e32 m1 l16 v7  0000ffff 0x00000000 00000000 00000000 00000000 00000000 00000000 00000000 00000000 00000000 00000000 00000000 00000000 00000000 00000000 00000000 00000000  c8_vstart 0x00000000 mem 0x90001048 mem 0x90001048 mem 0x90001048 mem 0x90001048 mem 0x90001048 mem 0x90001048 mem 0x90001048 mem 0x90001048 mem 0x90001068 mem 0x90001068 mem 0x90001068 mem 0x90001068 mem 0x90001068 mem 0x90001068 mem 0x90001068 mem 0x90001068
core   2: 0x8000017c (0x0000a3fb) vlw12.v v7, v1, 0
core   2: 3 0x8000017c (0x0000a3fb) e32 m1 l16 v7  0000ffff 0x00000000 00000000 00000000 00000000 00000000 00000000 00000000 00000000 00000000 00000000 00000000 00000000 00000000 00000000 00000000 00000000  c8_vstart 0x00000000 mem 0x90001088 mem 0x90001088 mem 0x90001088 mem 0x90001088 mem 0x90001088 mem 0x90001088 mem 0x90001088 mem 0x90001088 mem 0x900010a8 mem 0x900010a8 mem 0x900010a8 mem 0x900010a8 mem 0x900010a8 mem 0x900010a8 mem 0x900010a8 mem 0x900010a8
core   3: 0x8000017c (0x0000a3fb) vlw12.v v7, v1, 0
core   3: 3 0x8000017c (0x0000a3fb) e32 m1 l16 v7  0000ffff 0x00000000 00000000 00000000 00000000 00000000 00000000 00000000 00000000 00000000 00000000 00000000 00000000 00000000 00000000 00000000 00000000  c8_vstart 0x00000000 mem 0x900010c8 mem 0x900010c8 mem 0x900010c8 mem 0x900010c8 mem 0x900010c8 mem 0x900010c8 mem 0x900010c8 mem 0x900010c8 mem 0x900010e8 mem 0x900010e8 mem 0x900010e8 mem 0x900010e8 mem 0x900010e8 mem 0x900010e8 mem 0x900010e8 mem 0x900010e8
core   0: 0x80000180 (0xa2639257) vfmadd.vv v4, v6, v7
core   0: 3 0x80000180 (0xa2639257) c8_vstart 0x00000000 e32 m1 l16 v4  0000ffff 0x00000000 00000000 00000000 00000000 00000000 00000000 00000000 00000000 00000000 00000000 00000000 00000000 00000000 00000000 00000000 00000000 
core   1: 0x80000180 (0xa2639257) vfmadd.vv v4, v6, v7
core   1: 3 0x80000180 (0xa2639257) c8_vstart 0x00000000 e32 m1 l16 v4  0000ffff 0x00000000 00000000 00000000 00000000 00000000 00000000 00000000 00000000 00000000 00000000 00000000 00000000 00000000 00000000 00000000 00000000 
core   2: 0x80000180 (0xa2639257) vfmadd.vv v4, v6, v7
core   2: 3 0x80000180 (0xa2639257) c8_vstart 0x00000000 e32 m1 l16 v4  0000ffff 0x00000000 00000000 00000000 00000000 00000000 00000000 00000000 00000000 00000000 00000000 00000000 00000000 00000000 00000000 00000000 00000000 
core   3: 0x80000180 (0xa2639257) vfmadd.vv v4, v6, v7
core   3: 3 0x80000180 (0xa2639257) c8_vstart 0x00000000 e32 m1 l16 v4  0000ffff 0x00000000 00000000 00000000 00000000 00000000 00000000 00000000 00000000 00000000 00000000 00000000 00000000 00000000 00000000 00000000 00000000 
core   0: 0x80000184 (0x0012928b) vsub12.vi v5, v5, 1
core   0: 3 0x80000184 (0x0012928b) c8_vstart 0x00000000 e32 m1 l16 v5  0000ffff 0x00000005 00000005 00000005 00000005 00000005 00000005 00000005 00000005 00000005 00000005 00000005 00000005 00000005 00000005 00000005 00000005 
core   1: 0x80000184 (0x0012928b) vsub12.vi v5, v5, 1
core   1: 3 0x80000184 (0x0012928b) c8_vstart 0x00000000 e32 m1 l16 v5  0000ffff 0x00000005 00000005 00000005 00000005 00000005 00000005 00000005 00000005 00000005 00000005 00000005 00000005 00000005 00000005 00000005 00000005 
core   2: 0x80000184 (0x0012928b) vsub12.vi v5, v5, 1
core   2: 3 0x80000184 (0x0012928b) c8_vstart 0x00000000 e32 m1 l16 v5  0000ffff 0x00000005 00000005 00000005 00000005 00000005 00000005 00000005 00000005 00000005 00000005 00000005 00000005 00000005 00000005 00000005 00000005 
core   3: 0x80000184 (0x0012928b) vsub12.vi v5, v5, 1
core   3: 3 0x80000184 (0x0012928b) c8_vstart 0x00000000 e32 m1 l16 v5  0000ffff 0x00000005 00000005 00000005 00000005 00000005 00000005 00000005 00000005 00000005 00000005 00000005 00000005 00000005 00000005 00000005 00000005 
core   0: 0x80000188 (0x021230d7) vadd.vi v1, v1, 4
core   0: 3 0x80000188 (0x021230d7) c8_vstart 0x00000000 e32 m1 l16 v1  0000ffff 0x9000102c 9000102c 9000102c 9000102c 9000102c 9000102c 9000102c 9000102c 9000100c 9000100c 9000100c 9000100c 9000100c 9000100c 9000100c 9000100c 
core   1: 0x80000188 (0x021230d7) vadd.vi v1, v1, 4
core   1: 3 0x80000188 (0x021230d7) c8_vstart 0x00000000 e32 m1 l16 v1  0000ffff 0x9000106c 9000106c 9000106c 9000106c 9000106c 9000106c 9000106c 9000106c 9000104c 9000104c 9000104c 9000104c 9000104c 9000104c 9000104c 9000104c 
core   2: 0x80000188 (0x021230d7) vadd.vi v1, v1, 4
core   2: 3 0x80000188 (0x021230d7) c8_vstart 0x00000000 e32 m1 l16 v1  0000ffff 0x900010ac 900010ac 900010ac 900010ac 900010ac 900010ac 900010ac 900010ac 9000108c 9000108c 9000108c 9000108c 9000108c 9000108c 9000108c 9000108c 
core   3: 0x80000188 (0x021230d7) vadd.vi v1, v1, 4
core   3: 3 0x80000188 (0x021230d7) c8_vstart 0x00000000 e32 m1 l16 v1  0000ffff 0x900010ec 900010ec 900010ec 900010ec 900010ec 900010ec 900010ec 900010ec 900010cc 900010cc 900010cc 900010cc 900010cc 900010cc 900010cc 900010cc 
core   0: 0x8000018c (0x02218157) vadd.vv v2, v2, v3
core   0: 3 0x8000018c (0x02218157) c8_vstart 0x00000000 e32 m1 l16 v2  0000ffff 0x9000007c 90000078 90000074 90000070 9000006c 90000068 90000064 90000060 9000007c 90000078 90000074 90000070 9000006c 90000068 90000064 90000060 
core   1: 0x8000018c (0x02218157) vadd.vv v2, v2, v3
core   1: 3 0x8000018c (0x02218157) c8_vstart 0x00000000 e32 m1 l16 v2  0000ffff 0x9000007c 90000078 90000074 90000070 9000006c 90000068 90000064 90000060 9000007c 90000078 90000074 90000070 9000006c 90000068 90000064 90000060 
core   2: 0x8000018c (0x02218157) vadd.vv v2, v2, v3
core   2: 3 0x8000018c (0x02218157) c8_vstart 0x00000000 e32 m1 l16 v2  0000ffff 0x9000007c 90000078 90000074 90000070 9000006c 90000068 90000064 90000060 9000007c 90000078 90000074 90000070 9000006c 90000068 90000064 90000060 
core   3: 0x8000018c (0x02218157) vadd.vv v2, v2, v3
core   3: 3 0x8000018c (0x02218157) c8_vstart 0x00000000 e32 m1 l16 v2  0000ffff 0x9000007c 90000078 90000074 90000070 9000006c 90000068 90000064 90000060 9000007c 90000078 90000074 90000070 9000006c 90000068 90000064 90000060 
core   0: 0x80000190 (0x02404357) vadd.vx v6, v4, x0
core   0: 3 0x80000190 (0x02404357) c8_vstart 0x00000000 e32 m1 l16 v6  0000ffff 0x00000000 00000000 00000000 00000000 00000000 00000000 00000000 00000000 00000000 00000000 00000000 00000000 00000000 00000000 00000000 00000000 
core   1: 0x80000190 (0x02404357) vadd.vx v6, v4, x0
core   1: 3 0x80000190 (0x02404357) c8_vstart 0x00000000 e32 m1 l16 v6  0000ffff 0x00000000 00000000 00000000 00000000 00000000 00000000 00000000 00000000 00000000 00000000 00000000 00000000 00000000 00000000 00000000 00000000 
core   2: 0x80000190 (0x02404357) vadd.vx v6, v4, x0
core   2: 3 0x80000190 (0x02404357) c8_vstart 0x00000000 e32 m1 l16 v6  0000ffff 0x00000000 00000000 00000000 00000000 00000000 00000000 00000000 00000000 00000000 00000000 00000000 00000000 00000000 00000000 00000000 00000000 
core   3: 0x80000190 (0x02404357) vadd.vx v6, v4, x0
core   3: 3 0x80000190 (0x02404357) c8_vstart 0x00000000 e32 m1 l16 v6  0000ffff 0x00000000 00000000 00000000 00000000 00000000 00000000 00000000 00000000 00000000 00000000 00000000 00000000 00000000 00000000 00000000 00000000 
core   0: 0x80000194 (0x00000317) auipc   x6, 0x0
core   0: 3 0x80000194 (0x00000317) x6  0x80000194
core   1: 0x80000194 (0x00000317) auipc   x6, 0x0
core   1: 3 0x80000194 (0x00000317) x6  0x80000194
core   2: 0x80000194 (0x00000317) auipc   x6, 0x0
core   2: 3 0x80000194 (0x00000317) x6  0x80000194
core   3: 0x80000194 (0x00000317) auipc   x6, 0x0
core   3: 3 0x80000194 (0x00000317) x6  0x80000194
core   0: 0x80000198 (0x0143305b) setrpc  x0, x6, 20
core   0: 3 0x80000198 (0x0143305b) c2060_rpc 0x800001a8 current mask:	0000ffff current npc:	80000178 stack size: 0
core   1: 0x80000198 (0x0143305b) setrpc  x0, x6, 20
core   1: 3 0x80000198 (0x0143305b) c2060_rpc 0x800001a8 current mask:	0000ffff current npc:	80000178 stack size: 0
core   2: 0x80000198 (0x0143305b) setrpc  x0, x6, 20
core   2: 3 0x80000198 (0x0143305b) c2060_rpc 0x800001a8 current mask:	0000ffff current npc:	80000178 stack size: 0
core   3: 0x80000198 (0x0143305b) setrpc  x0, x6, 20
core   3: 3 0x80000198 (0x0143305b) c2060_rpc 0x800001a8 current mask:	0000ffff current npc:	80000178 stack size: 0
core   0: 0x8000019c (0xfc541edb) vbne    v5, v8, pc - 36
core   0: 3 0x8000019c (0xfc541edb) c8_vstart 0x00000000 e32 m1 l16 current mask:	0000ffff current npc:	80000178 stack size: 0
core   1: 0x8000019c (0xfc541edb) vbne    v5, v8, pc - 36
core   1: 3 0x8000019c (0xfc541edb) c8_vstart 0x00000000 e32 m1 l16 current mask:	0000ffff current npc:	80000178 stack size: 0
core   2: 0x8000019c (0xfc541edb) vbne    v5, v8, pc - 36
core   2: 3 0x8000019c (0xfc541edb) c8_vstart 0x00000000 e32 m1 l16 current mask:	0000ffff current npc:	80000178 stack size: 0
core   3: 0x8000019c (0xfc541edb) vbne    v5, v8, pc - 36
core   3: 3 0x8000019c (0xfc541edb) c8_vstart 0x00000000 e32 m1 l16 current mask:	0000ffff current npc:	80000178 stack size: 0
core   0: 0x80000178 (0x0001227b) vlw12.v v4, v2, 0
core   0: 3 0x80000178 (0x0001227b) e32 m1 l16 v4  0000ffff 0x00000000 00000000 00000000 00000000 00000000 00000000 00000000 00000000 00000000 00000000 00000000 00000000 00000000 00000000 00000000 00000000  c8_vstart 0x00000000 mem 0x90000060 mem 0x90000064 mem 0x90000068 mem 0x9000006c mem 0x90000070 mem 0x90000074 mem 0x90000078 mem 0x9000007c mem 0x90000060 mem 0x90000064 mem 0x90000068 mem 0x9000006c mem 0x90000070 mem 0x90000074 mem 0x90000078 mem 0x9000007c
core   1: 0x80000178 (0x0001227b) vlw12.v v4, v2, 0
core   1: 3 0x80000178 (0x0001227b) e32 m1 l16 v4  0000ffff 0x00000000 00000000 00000000 00000000 00000000 00000000 00000000 00000000 00000000 00000000 00000000 00000000 00000000 00000000 00000000 00000000  c8_vstart 0x00000000 mem 0x90000060 mem 0x90000064 mem 0x90000068 mem 0x9000006c mem 0x90000070 mem 0x90000074 mem 0x90000078 mem 0x9000007c mem 0x90000060 mem 0x90000064 mem 0x90000068 mem 0x9000006c mem 0x90000070 mem 0x90000074 mem 0x90000078 mem 0x9000007c
core   2: 0x80000178 (0x0001227b) vlw12.v v4, v2, 0
core   2: 3 0x80000178 (0x0001227b) e32 m1 l16 v4  0000ffff 0x00000000 00000000 00000000 00000000 00000000 00000000 00000000 00000000 00000000 00000000 00000000 00000000 00000000 00000000 00000000 00000000  c8_vstart 0x00000000 mem 0x90000060 mem 0x90000064 mem 0x90000068 mem 0x9000006c mem 0x90000070 mem 0x90000074 mem 0x90000078 mem 0x9000007c mem 0x90000060 mem 0x90000064 mem 0x90000068 mem 0x9000006c mem 0x90000070 mem 0x90000074 mem 0x90000078 mem 0x9000007c
core   3: 0x80000178 (0x0001227b) vlw12.v v4, v2, 0
core   3: 3 0x80000178 (0x0001227b) e32 m1 l16 v4  0000ffff 0x00000000 00000000 00000000 00000000 00000000 00000000 00000000 00000000 00000000 00000000 00000000 00000000 00000000 00000000 00000000 00000000  c8_vstart 0x00000000 mem 0x90000060 mem 0x90000064 mem 0x90000068 mem 0x9000006c mem 0x90000070 mem 0x90000074 mem 0x90000078 mem 0x9000007c mem 0x90000060 mem 0x90000064 mem 0x90000068 mem 0x9000006c mem 0x90000070 mem 0x90000074 mem 0x90000078 mem 0x9000007c
core   0: 0x8000017c (0x0000a3fb) vlw12.v v7, v1, 0
core   0: 3 0x8000017c (0x0000a3fb) e32 m1 l16 v7  0000ffff 0x00000000 00000000 00000000 00000000 00000000 00000000 00000000 00000000 00000000 00000000 00000000 00000000 00000000 00000000 00000000 00000000  c8_vstart 0x00000000 mem 0x9000100c mem 0x9000100c mem 0x9000100c mem 0x9000100c mem 0x9000100c mem 0x9000100c mem 0x9000100c mem 0x9000100c mem 0x9000102c mem 0x9000102c mem 0x9000102c mem 0x9000102c mem 0x9000102c mem 0x9000102c mem 0x9000102c mem 0x9000102c
core   1: 0x8000017c (0x0000a3fb) vlw12.v v7, v1, 0
core   1: 3 0x8000017c (0x0000a3fb) e32 m1 l16 v7  0000ffff 0x00000000 00000000 00000000 00000000 00000000 00000000 00000000 00000000 00000000 00000000 00000000 00000000 00000000 00000000 00000000 00000000  c8_vstart 0x00000000 mem 0x9000104c mem 0x9000104c mem 0x9000104c mem 0x9000104c mem 0x9000104c mem 0x9000104c mem 0x9000104c mem 0x9000104c mem 0x9000106c mem 0x9000106c mem 0x9000106c mem 0x9000106c mem 0x9000106c mem 0x9000106c mem 0x9000106c mem 0x9000106c
core   2: 0x8000017c (0x0000a3fb) vlw12.v v7, v1, 0
core   2: 3 0x8000017c (0x0000a3fb) e32 m1 l16 v7  0000ffff 0x00000000 00000000 00000000 00000000 00000000 00000000 00000000 00000000 00000000 00000000 00000000 00000000 00000000 00000000 00000000 00000000  c8_vstart 0x00000000 mem 0x9000108c mem 0x9000108c mem 0x9000108c mem 0x9000108c mem 0x9000108c mem 0x9000108c mem 0x9000108c mem 0x9000108c mem 0x900010ac mem 0x900010ac mem 0x900010ac mem 0x900010ac mem 0x900010ac mem 0x900010ac mem 0x900010ac mem 0x900010ac
core   3: 0x8000017c (0x0000a3fb) vlw12.v v7, v1, 0
core   3: 3 0x8000017c (0x0000a3fb) e32 m1 l16 v7  0000ffff 0x00000000 00000000 00000000 00000000 00000000 00000000 00000000 00000000 00000000 00000000 00000000 00000000 00000000 00000000 00000000 00000000  c8_vstart 0x00000000 mem 0x900010cc mem 0x900010cc mem 0x900010cc mem 0x900010cc mem 0x900010cc mem 0x900010cc mem 0x900010cc mem 0x900010cc mem 0x900010ec mem 0x900010ec mem 0x900010ec mem 0x900010ec mem 0x900010ec mem 0x900010ec mem 0x900010ec mem 0x900010ec
core   0: 0x80000180 (0xa2639257) vfmadd.vv v4, v6, v7
core   0: 3 0x80000180 (0xa2639257) c8_vstart 0x00000000 e32 m1 l16 v4  0000ffff 0x00000000 00000000 00000000 00000000 00000000 00000000 00000000 00000000 00000000 00000000 00000000 00000000 00000000 00000000 00000000 00000000 
core   1: 0x80000180 (0xa2639257) vfmadd.vv v4, v6, v7
core   1: 3 0x80000180 (0xa2639257) c8_vstart 0x00000000 e32 m1 l16 v4  0000ffff 0x00000000 00000000 00000000 00000000 00000000 00000000 00000000 00000000 00000000 00000000 00000000 00000000 00000000 00000000 00000000 00000000 
core   2: 0x80000180 (0xa2639257) vfmadd.vv v4, v6, v7
core   2: 3 0x80000180 (0xa2639257) c8_vstart 0x00000000 e32 m1 l16 v4  0000ffff 0x00000000 00000000 00000000 00000000 00000000 00000000 00000000 00000000 00000000 00000000 00000000 00000000 00000000 00000000 00000000 00000000 
core   3: 0x80000180 (0xa2639257) vfmadd.vv v4, v6, v7
core   3: 3 0x80000180 (0xa2639257) c8_vstart 0x00000000 e32 m1 l16 v4  0000ffff 0x00000000 00000000 00000000 00000000 00000000 00000000 00000000 00000000 00000000 00000000 00000000 00000000 00000000 00000000 00000000 00000000 
core   0: 0x80000184 (0x0012928b) vsub12.vi v5, v5, 1
core   0: 3 0x80000184 (0x0012928b) c8_vstart 0x00000000 e32 m1 l16 v5  0000ffff 0x00000004 00000004 00000004 00000004 00000004 00000004 00000004 00000004 00000004 00000004 00000004 00000004 00000004 00000004 00000004 00000004 
core   1: 0x80000184 (0x0012928b) vsub12.vi v5, v5, 1
core   1: 3 0x80000184 (0x0012928b) c8_vstart 0x00000000 e32 m1 l16 v5  0000ffff 0x00000004 00000004 00000004 00000004 00000004 00000004 00000004 00000004 00000004 00000004 00000004 00000004 00000004 00000004 00000004 00000004 
core   2: 0x80000184 (0x0012928b) vsub12.vi v5, v5, 1
core   2: 3 0x80000184 (0x0012928b) c8_vstart 0x00000000 e32 m1 l16 v5  0000ffff 0x00000004 00000004 00000004 00000004 00000004 00000004 00000004 00000004 00000004 00000004 00000004 00000004 00000004 00000004 00000004 00000004 
core   3: 0x80000184 (0x0012928b) vsub12.vi v5, v5, 1
core   3: 3 0x80000184 (0x0012928b) c8_vstart 0x00000000 e32 m1 l16 v5  0000ffff 0x00000004 00000004 00000004 00000004 00000004 00000004 00000004 00000004 00000004 00000004 00000004 00000004 00000004 00000004 00000004 00000004 
core   0: 0x80000188 (0x021230d7) vadd.vi v1, v1, 4
core   0: 3 0x80000188 (0x021230d7) c8_vstart 0x00000000 e32 m1 l16 v1  0000ffff 0x90001030 90001030 90001030 90001030 90001030 90001030 90001030 90001030 90001010 90001010 90001010 90001010 90001010 90001010 90001010 90001010 
core   1: 0x80000188 (0x021230d7) vadd.vi v1, v1, 4
core   1: 3 0x80000188 (0x021230d7) c8_vstart 0x00000000 e32 m1 l16 v1  0000ffff 0x90001070 90001070 90001070 90001070 90001070 90001070 90001070 90001070 90001050 90001050 90001050 90001050 90001050 90001050 90001050 90001050 
core   2: 0x80000188 (0x021230d7) vadd.vi v1, v1, 4
core   2: 3 0x80000188 (0x021230d7) c8_vstart 0x00000000 e32 m1 l16 v1  0000ffff 0x900010b0 900010b0 900010b0 900010b0 900010b0 900010b0 900010b0 900010b0 90001090 90001090 90001090 90001090 90001090 90001090 90001090 90001090 
core   3: 0x80000188 (0x021230d7) vadd.vi v1, v1, 4
core   3: 3 0x80000188 (0x021230d7) c8_vstart 0x00000000 e32 m1 l16 v1  0000ffff 0x900010f0 900010f0 900010f0 900010f0 900010f0 900010f0 900010f0 900010f0 900010d0 900010d0 900010d0 900010d0 900010d0 900010d0 900010d0 900010d0 
core   0: 0x8000018c (0x02218157) vadd.vv v2, v2, v3
core   0: 3 0x8000018c (0x02218157) c8_vstart 0x00000000 e32 m1 l16 v2  0000ffff 0x9000009c 90000098 90000094 90000090 9000008c 90000088 90000084 90000080 9000009c 90000098 90000094 90000090 9000008c 90000088 90000084 90000080 
core   1: 0x8000018c (0x02218157) vadd.vv v2, v2, v3
core   1: 3 0x8000018c (0x02218157) c8_vstart 0x00000000 e32 m1 l16 v2  0000ffff 0x9000009c 90000098 90000094 90000090 9000008c 90000088 90000084 90000080 9000009c 90000098 90000094 90000090 9000008c 90000088 90000084 90000080 
core   2: 0x8000018c (0x02218157) vadd.vv v2, v2, v3
core   2: 3 0x8000018c (0x02218157) c8_vstart 0x00000000 e32 m1 l16 v2  0000ffff 0x9000009c 90000098 90000094 90000090 9000008c 90000088 90000084 90000080 9000009c 90000098 90000094 90000090 9000008c 90000088 90000084 90000080 
core   3: 0x8000018c (0x02218157) vadd.vv v2, v2, v3
core   3: 3 0x8000018c (0x02218157) c8_vstart 0x00000000 e32 m1 l16 v2  0000ffff 0x9000009c 90000098 90000094 90000090 9000008c 90000088 90000084 90000080 9000009c 90000098 90000094 90000090 9000008c 90000088 90000084 90000080 
core   0: 0x80000190 (0x02404357) vadd.vx v6, v4, x0
core   0: 3 0x80000190 (0x02404357) c8_vstart 0x00000000 e32 m1 l16 v6  0000ffff 0x00000000 00000000 00000000 00000000 00000000 00000000 00000000 00000000 00000000 00000000 00000000 00000000 00000000 00000000 00000000 00000000 
core   1: 0x80000190 (0x02404357) vadd.vx v6, v4, x0
core   1: 3 0x80000190 (0x02404357) c8_vstart 0x00000000 e32 m1 l16 v6  0000ffff 0x00000000 00000000 00000000 00000000 00000000 00000000 00000000 00000000 00000000 00000000 00000000 00000000 00000000 00000000 00000000 00000000 
core   2: 0x80000190 (0x02404357) vadd.vx v6, v4, x0
core   2: 3 0x80000190 (0x02404357) c8_vstart 0x00000000 e32 m1 l16 v6  0000ffff 0x00000000 00000000 00000000 00000000 00000000 00000000 00000000 00000000 00000000 00000000 00000000 00000000 00000000 00000000 00000000 00000000 
core   3: 0x80000190 (0x02404357) vadd.vx v6, v4, x0
core   3: 3 0x80000190 (0x02404357) c8_vstart 0x00000000 e32 m1 l16 v6  0000ffff 0x00000000 00000000 00000000 00000000 00000000 00000000 00000000 00000000 00000000 00000000 00000000 00000000 00000000 00000000 00000000 00000000 
core   0: 0x80000194 (0x00000317) auipc   x6, 0x0
core   0: 3 0x80000194 (0x00000317) x6  0x80000194
core   1: 0x80000194 (0x00000317) auipc   x6, 0x0
core   1: 3 0x80000194 (0x00000317) x6  0x80000194
core   2: 0x80000194 (0x00000317) auipc   x6, 0x0
core   2: 3 0x80000194 (0x00000317) x6  0x80000194
core   3: 0x80000194 (0x00000317) auipc   x6, 0x0
core   3: 3 0x80000194 (0x00000317) x6  0x80000194
core   0: 0x80000198 (0x0143305b) setrpc  x0, x6, 20
core   0: 3 0x80000198 (0x0143305b) c2060_rpc 0x800001a8 current mask:	0000ffff current npc:	80000178 stack size: 0
core   1: 0x80000198 (0x0143305b) setrpc  x0, x6, 20
core   1: 3 0x80000198 (0x0143305b) c2060_rpc 0x800001a8 current mask:	0000ffff current npc:	80000178 stack size: 0
core   2: 0x80000198 (0x0143305b) setrpc  x0, x6, 20
core   2: 3 0x80000198 (0x0143305b) c2060_rpc 0x800001a8 current mask:	0000ffff current npc:	80000178 stack size: 0
core   3: 0x80000198 (0x0143305b) setrpc  x0, x6, 20
core   3: 3 0x80000198 (0x0143305b) c2060_rpc 0x800001a8 current mask:	0000ffff current npc:	80000178 stack size: 0
core   0: 0x8000019c (0xfc541edb) vbne    v5, v8, pc - 36
core   0: 3 0x8000019c (0xfc541edb) c8_vstart 0x00000000 e32 m1 l16 current mask:	0000ffff current npc:	80000178 stack size: 0
core   1: 0x8000019c (0xfc541edb) vbne    v5, v8, pc - 36
core   1: 3 0x8000019c (0xfc541edb) c8_vstart 0x00000000 e32 m1 l16 current mask:	0000ffff current npc:	80000178 stack size: 0
core   2: 0x8000019c (0xfc541edb) vbne    v5, v8, pc - 36
core   2: 3 0x8000019c (0xfc541edb) c8_vstart 0x00000000 e32 m1 l16 current mask:	0000ffff current npc:	80000178 stack size: 0
core   3: 0x8000019c (0xfc541edb) vbne    v5, v8, pc - 36
core   3: 3 0x8000019c (0xfc541edb) c8_vstart 0x00000000 e32 m1 l16 current mask:	0000ffff current npc:	80000178 stack size: 0
core   0: 0x80000178 (0x0001227b) vlw12.v v4, v2, 0
core   0: 3 0x80000178 (0x0001227b) e32 m1 l16 v4  0000ffff 0x00000000 00000000 00000000 00000000 00000000 00000000 00000000 00000000 00000000 00000000 00000000 00000000 00000000 00000000 00000000 00000000  c8_vstart 0x00000000 mem 0x90000080 mem 0x90000084 mem 0x90000088 mem 0x9000008c mem 0x90000090 mem 0x90000094 mem 0x90000098 mem 0x9000009c mem 0x90000080 mem 0x90000084 mem 0x90000088 mem 0x9000008c mem 0x90000090 mem 0x90000094 mem 0x90000098 mem 0x9000009c
core   1: 0x80000178 (0x0001227b) vlw12.v v4, v2, 0
core   1: 3 0x80000178 (0x0001227b) e32 m1 l16 v4  0000ffff 0x00000000 00000000 00000000 00000000 00000000 00000000 00000000 00000000 00000000 00000000 00000000 00000000 00000000 00000000 00000000 00000000  c8_vstart 0x00000000 mem 0x90000080 mem 0x90000084 mem 0x90000088 mem 0x9000008c mem 0x90000090 mem 0x90000094 mem 0x90000098 mem 0x9000009c mem 0x90000080 mem 0x90000084 mem 0x90000088 mem 0x9000008c mem 0x90000090 mem 0x90000094 mem 0x90000098 mem 0x9000009c
core   2: 0x80000178 (0x0001227b) vlw12.v v4, v2, 0
core   2: 3 0x80000178 (0x0001227b) e32 m1 l16 v4  0000ffff 0x00000000 00000000 00000000 00000000 00000000 00000000 00000000 00000000 00000000 00000000 00000000 00000000 00000000 00000000 00000000 00000000  c8_vstart 0x00000000 mem 0x90000080 mem 0x90000084 mem 0x90000088 mem 0x9000008c mem 0x90000090 mem 0x90000094 mem 0x90000098 mem 0x9000009c mem 0x90000080 mem 0x90000084 mem 0x90000088 mem 0x9000008c mem 0x90000090 mem 0x90000094 mem 0x90000098 mem 0x9000009c
core   3: 0x80000178 (0x0001227b) vlw12.v v4, v2, 0
core   3: 3 0x80000178 (0x0001227b) e32 m1 l16 v4  0000ffff 0x00000000 00000000 00000000 00000000 00000000 00000000 00000000 00000000 00000000 00000000 00000000 00000000 00000000 00000000 00000000 00000000  c8_vstart 0x00000000 mem 0x90000080 mem 0x90000084 mem 0x90000088 mem 0x9000008c mem 0x90000090 mem 0x90000094 mem 0x90000098 mem 0x9000009c mem 0x90000080 mem 0x90000084 mem 0x90000088 mem 0x9000008c mem 0x90000090 mem 0x90000094 mem 0x90000098 mem 0x9000009c
core   0: 0x8000017c (0x0000a3fb) vlw12.v v7, v1, 0
core   0: 3 0x8000017c (0x0000a3fb) e32 m1 l16 v7  0000ffff 0x00000000 00000000 00000000 00000000 00000000 00000000 00000000 00000000 00000000 00000000 00000000 00000000 00000000 00000000 00000000 00000000  c8_vstart 0x00000000 mem 0x90001010 mem 0x90001010 mem 0x90001010 mem 0x90001010 mem 0x90001010 mem 0x90001010 mem 0x90001010 mem 0x90001010 mem 0x90001030 mem 0x90001030 mem 0x90001030 mem 0x90001030 mem 0x90001030 mem 0x90001030 mem 0x90001030 mem 0x90001030
core   1: 0x8000017c (0x0000a3fb) vlw12.v v7, v1, 0
core   1: 3 0x8000017c (0x0000a3fb) e32 m1 l16 v7  0000ffff 0x00000000 00000000 00000000 00000000 00000000 00000000 00000000 00000000 00000000 00000000 00000000 00000000 00000000 00000000 00000000 00000000  c8_vstart 0x00000000 mem 0x90001050 mem 0x90001050 mem 0x90001050 mem 0x90001050 mem 0x90001050 mem 0x90001050 mem 0x90001050 mem 0x90001050 mem 0x90001070 mem 0x90001070 mem 0x90001070 mem 0x90001070 mem 0x90001070 mem 0x90001070 mem 0x90001070 mem 0x90001070
core   2: 0x8000017c (0x0000a3fb) vlw12.v v7, v1, 0
core   2: 3 0x8000017c (0x0000a3fb) e32 m1 l16 v7  0000ffff 0x00000000 00000000 00000000 00000000 00000000 00000000 00000000 00000000 00000000 00000000 00000000 00000000 00000000 00000000 00000000 00000000  c8_vstart 0x00000000 mem 0x90001090 mem 0x90001090 mem 0x90001090 mem 0x90001090 mem 0x90001090 mem 0x90001090 mem 0x90001090 mem 0x90001090 mem 0x900010b0 mem 0x900010b0 mem 0x900010b0 mem 0x900010b0 mem 0x900010b0 mem 0x900010b0 mem 0x900010b0 mem 0x900010b0
core   3: 0x8000017c (0x0000a3fb) vlw12.v v7, v1, 0
core   3: 3 0x8000017c (0x0000a3fb) e32 m1 l16 v7  0000ffff 0x00000000 00000000 00000000 00000000 00000000 00000000 00000000 00000000 00000000 00000000 00000000 00000000 00000000 00000000 00000000 00000000  c8_vstart 0x00000000 mem 0x900010d0 mem 0x900010d0 mem 0x900010d0 mem 0x900010d0 mem 0x900010d0 mem 0x900010d0 mem 0x900010d0 mem 0x900010d0 mem 0x900010f0 mem 0x900010f0 mem 0x900010f0 mem 0x900010f0 mem 0x900010f0 mem 0x900010f0 mem 0x900010f0 mem 0x900010f0
core   0: 0x80000180 (0xa2639257) vfmadd.vv v4, v6, v7
core   0: 3 0x80000180 (0xa2639257) c8_vstart 0x00000000 e32 m1 l16 v4  0000ffff 0x00000000 00000000 00000000 00000000 00000000 00000000 00000000 00000000 00000000 00000000 00000000 00000000 00000000 00000000 00000000 00000000 
core   1: 0x80000180 (0xa2639257) vfmadd.vv v4, v6, v7
core   1: 3 0x80000180 (0xa2639257) c8_vstart 0x00000000 e32 m1 l16 v4  0000ffff 0x00000000 00000000 00000000 00000000 00000000 00000000 00000000 00000000 00000000 00000000 00000000 00000000 00000000 00000000 00000000 00000000 
core   2: 0x80000180 (0xa2639257) vfmadd.vv v4, v6, v7
core   2: 3 0x80000180 (0xa2639257) c8_vstart 0x00000000 e32 m1 l16 v4  0000ffff 0x00000000 00000000 00000000 00000000 00000000 00000000 00000000 00000000 00000000 00000000 00000000 00000000 00000000 00000000 00000000 00000000 
core   3: 0x80000180 (0xa2639257) vfmadd.vv v4, v6, v7
core   3: 3 0x80000180 (0xa2639257) c8_vstart 0x00000000 e32 m1 l16 v4  0000ffff 0x00000000 00000000 00000000 00000000 00000000 00000000 00000000 00000000 00000000 00000000 00000000 00000000 00000000 00000000 00000000 00000000 
core   0: 0x80000184 (0x0012928b) vsub12.vi v5, v5, 1
core   0: 3 0x80000184 (0x0012928b) c8_vstart 0x00000000 e32 m1 l16 v5  0000ffff 0x00000003 00000003 00000003 00000003 00000003 00000003 00000003 00000003 00000003 00000003 00000003 00000003 00000003 00000003 00000003 00000003 
core   1: 0x80000184 (0x0012928b) vsub12.vi v5, v5, 1
core   1: 3 0x80000184 (0x0012928b) c8_vstart 0x00000000 e32 m1 l16 v5  0000ffff 0x00000003 00000003 00000003 00000003 00000003 00000003 00000003 00000003 00000003 00000003 00000003 00000003 00000003 00000003 00000003 00000003 
core   2: 0x80000184 (0x0012928b) vsub12.vi v5, v5, 1
core   2: 3 0x80000184 (0x0012928b) c8_vstart 0x00000000 e32 m1 l16 v5  0000ffff 0x00000003 00000003 00000003 00000003 00000003 00000003 00000003 00000003 00000003 00000003 00000003 00000003 00000003 00000003 00000003 00000003 
core   3: 0x80000184 (0x0012928b) vsub12.vi v5, v5, 1
core   3: 3 0x80000184 (0x0012928b) c8_vstart 0x00000000 e32 m1 l16 v5  0000ffff 0x00000003 00000003 00000003 00000003 00000003 00000003 00000003 00000003 00000003 00000003 00000003 00000003 00000003 00000003 00000003 00000003 
core   0: 0x80000188 (0x021230d7) vadd.vi v1, v1, 4
core   0: 3 0x80000188 (0x021230d7) c8_vstart 0x00000000 e32 m1 l16 v1  0000ffff 0x90001034 90001034 90001034 90001034 90001034 90001034 90001034 90001034 90001014 90001014 90001014 90001014 90001014 90001014 90001014 90001014 
core   1: 0x80000188 (0x021230d7) vadd.vi v1, v1, 4
core   1: 3 0x80000188 (0x021230d7) c8_vstart 0x00000000 e32 m1 l16 v1  0000ffff 0x90001074 90001074 90001074 90001074 90001074 90001074 90001074 90001074 90001054 90001054 90001054 90001054 90001054 90001054 90001054 90001054 
core   2: 0x80000188 (0x021230d7) vadd.vi v1, v1, 4
core   2: 3 0x80000188 (0x021230d7) c8_vstart 0x00000000 e32 m1 l16 v1  0000ffff 0x900010b4 900010b4 900010b4 900010b4 900010b4 900010b4 900010b4 900010b4 90001094 90001094 90001094 90001094 90001094 90001094 90001094 90001094 
core   3: 0x80000188 (0x021230d7) vadd.vi v1, v1, 4
core   3: 3 0x80000188 (0x021230d7) c8_vstart 0x00000000 e32 m1 l16 v1  0000ffff 0x900010f4 900010f4 900010f4 900010f4 900010f4 900010f4 900010f4 900010f4 900010d4 900010d4 900010d4 900010d4 900010d4 900010d4 900010d4 900010d4 
core   0: 0x8000018c (0x02218157) vadd.vv v2, v2, v3
core   0: 3 0x8000018c (0x02218157) c8_vstart 0x00000000 e32 m1 l16 v2  0000ffff 0x900000bc 900000b8 900000b4 900000b0 900000ac 900000a8 900000a4 900000a0 900000bc 900000b8 900000b4 900000b0 900000ac 900000a8 900000a4 900000a0 
core   1: 0x8000018c (0x02218157) vadd.vv v2, v2, v3
core   1: 3 0x8000018c (0x02218157) c8_vstart 0x00000000 e32 m1 l16 v2  0000ffff 0x900000bc 900000b8 900000b4 900000b0 900000ac 900000a8 900000a4 900000a0 900000bc 900000b8 900000b4 900000b0 900000ac 900000a8 900000a4 900000a0 
core   2: 0x8000018c (0x02218157) vadd.vv v2, v2, v3
core   2: 3 0x8000018c (0x02218157) c8_vstart 0x00000000 e32 m1 l16 v2  0000ffff 0x900000bc 900000b8 900000b4 900000b0 900000ac 900000a8 900000a4 900000a0 900000bc 900000b8 900000b4 900000b0 900000ac 900000a8 900000a4 900000a0 
core   3: 0x8000018c (0x02218157) vadd.vv v2, v2, v3
core   3: 3 0x8000018c (0x02218157) c8_vstart 0x00000000 e32 m1 l16 v2  0000ffff 0x900000bc 900000b8 900000b4 900000b0 900000ac 900000a8 900000a4 900000a0 900000bc 900000b8 900000b4 900000b0 900000ac 900000a8 900000a4 900000a0 
core   0: 0x80000190 (0x02404357) vadd.vx v6, v4, x0
core   0: 3 0x80000190 (0x02404357) c8_vstart 0x00000000 e32 m1 l16 v6  0000ffff 0x00000000 00000000 00000000 00000000 00000000 00000000 00000000 00000000 00000000 00000000 00000000 00000000 00000000 00000000 00000000 00000000 
core   1: 0x80000190 (0x02404357) vadd.vx v6, v4, x0
core   1: 3 0x80000190 (0x02404357) c8_vstart 0x00000000 e32 m1 l16 v6  0000ffff 0x00000000 00000000 00000000 00000000 00000000 00000000 00000000 00000000 00000000 00000000 00000000 00000000 00000000 00000000 00000000 00000000 
core   2: 0x80000190 (0x02404357) vadd.vx v6, v4, x0
core   2: 3 0x80000190 (0x02404357) c8_vstart 0x00000000 e32 m1 l16 v6  0000ffff 0x00000000 00000000 00000000 00000000 00000000 00000000 00000000 00000000 00000000 00000000 00000000 00000000 00000000 00000000 00000000 00000000 
core   3: 0x80000190 (0x02404357) vadd.vx v6, v4, x0
core   3: 3 0x80000190 (0x02404357) c8_vstart 0x00000000 e32 m1 l16 v6  0000ffff 0x00000000 00000000 00000000 00000000 00000000 00000000 00000000 00000000 00000000 00000000 00000000 00000000 00000000 00000000 00000000 00000000 
core   0: 0x80000194 (0x00000317) auipc   x6, 0x0
core   0: 3 0x80000194 (0x00000317) x6  0x80000194
core   1: 0x80000194 (0x00000317) auipc   x6, 0x0
core   1: 3 0x80000194 (0x00000317) x6  0x80000194
core   2: 0x80000194 (0x00000317) auipc   x6, 0x0
core   2: 3 0x80000194 (0x00000317) x6  0x80000194
core   3: 0x80000194 (0x00000317) auipc   x6, 0x0
core   3: 3 0x80000194 (0x00000317) x6  0x80000194
core   0: 0x80000198 (0x0143305b) setrpc  x0, x6, 20
core   0: 3 0x80000198 (0x0143305b) c2060_rpc 0x800001a8 current mask:	0000ffff current npc:	80000178 stack size: 0
core   1: 0x80000198 (0x0143305b) setrpc  x0, x6, 20
core   1: 3 0x80000198 (0x0143305b) c2060_rpc 0x800001a8 current mask:	0000ffff current npc:	80000178 stack size: 0
core   2: 0x80000198 (0x0143305b) setrpc  x0, x6, 20
core   2: 3 0x80000198 (0x0143305b) c2060_rpc 0x800001a8 current mask:	0000ffff current npc:	80000178 stack size: 0
core   3: 0x80000198 (0x0143305b) setrpc  x0, x6, 20
core   3: 3 0x80000198 (0x0143305b) c2060_rpc 0x800001a8 current mask:	0000ffff current npc:	80000178 stack size: 0
core   0: 0x8000019c (0xfc541edb) vbne    v5, v8, pc - 36
core   0: 3 0x8000019c (0xfc541edb) c8_vstart 0x00000000 e32 m1 l16 current mask:	0000ffff current npc:	80000178 stack size: 0
core   1: 0x8000019c (0xfc541edb) vbne    v5, v8, pc - 36
core   1: 3 0x8000019c (0xfc541edb) c8_vstart 0x00000000 e32 m1 l16 current mask:	0000ffff current npc:	80000178 stack size: 0
core   2: 0x8000019c (0xfc541edb) vbne    v5, v8, pc - 36
core   2: 3 0x8000019c (0xfc541edb) c8_vstart 0x00000000 e32 m1 l16 current mask:	0000ffff current npc:	80000178 stack size: 0
core   3: 0x8000019c (0xfc541edb) vbne    v5, v8, pc - 36
core   3: 3 0x8000019c (0xfc541edb) c8_vstart 0x00000000 e32 m1 l16 current mask:	0000ffff current npc:	80000178 stack size: 0
core   0: 0x80000178 (0x0001227b) vlw12.v v4, v2, 0
core   0: 3 0x80000178 (0x0001227b) e32 m1 l16 v4  0000ffff 0x00000000 00000000 00000000 00000000 00000000 00000000 00000000 00000000 00000000 00000000 00000000 00000000 00000000 00000000 00000000 00000000  c8_vstart 0x00000000 mem 0x900000a0 mem 0x900000a4 mem 0x900000a8 mem 0x900000ac mem 0x900000b0 mem 0x900000b4 mem 0x900000b8 mem 0x900000bc mem 0x900000a0 mem 0x900000a4 mem 0x900000a8 mem 0x900000ac mem 0x900000b0 mem 0x900000b4 mem 0x900000b8 mem 0x900000bc
core   1: 0x80000178 (0x0001227b) vlw12.v v4, v2, 0
core   1: 3 0x80000178 (0x0001227b) e32 m1 l16 v4  0000ffff 0x00000000 00000000 00000000 00000000 00000000 00000000 00000000 00000000 00000000 00000000 00000000 00000000 00000000 00000000 00000000 00000000  c8_vstart 0x00000000 mem 0x900000a0 mem 0x900000a4 mem 0x900000a8 mem 0x900000ac mem 0x900000b0 mem 0x900000b4 mem 0x900000b8 mem 0x900000bc mem 0x900000a0 mem 0x900000a4 mem 0x900000a8 mem 0x900000ac mem 0x900000b0 mem 0x900000b4 mem 0x900000b8 mem 0x900000bc
core   2: 0x80000178 (0x0001227b) vlw12.v v4, v2, 0
core   2: 3 0x80000178 (0x0001227b) e32 m1 l16 v4  0000ffff 0x00000000 00000000 00000000 00000000 00000000 00000000 00000000 00000000 00000000 00000000 00000000 00000000 00000000 00000000 00000000 00000000  c8_vstart 0x00000000 mem 0x900000a0 mem 0x900000a4 mem 0x900000a8 mem 0x900000ac mem 0x900000b0 mem 0x900000b4 mem 0x900000b8 mem 0x900000bc mem 0x900000a0 mem 0x900000a4 mem 0x900000a8 mem 0x900000ac mem 0x900000b0 mem 0x900000b4 mem 0x900000b8 mem 0x900000bc
core   3: 0x80000178 (0x0001227b) vlw12.v v4, v2, 0
core   3: 3 0x80000178 (0x0001227b) e32 m1 l16 v4  0000ffff 0x00000000 00000000 00000000 00000000 00000000 00000000 00000000 00000000 00000000 00000000 00000000 00000000 00000000 00000000 00000000 00000000  c8_vstart 0x00000000 mem 0x900000a0 mem 0x900000a4 mem 0x900000a8 mem 0x900000ac mem 0x900000b0 mem 0x900000b4 mem 0x900000b8 mem 0x900000bc mem 0x900000a0 mem 0x900000a4 mem 0x900000a8 mem 0x900000ac mem 0x900000b0 mem 0x900000b4 mem 0x900000b8 mem 0x900000bc
core   0: 0x8000017c (0x0000a3fb) vlw12.v v7, v1, 0
core   0: 3 0x8000017c (0x0000a3fb) e32 m1 l16 v7  0000ffff 0x00000000 00000000 00000000 00000000 00000000 00000000 00000000 00000000 00000000 00000000 00000000 00000000 00000000 00000000 00000000 00000000  c8_vstart 0x00000000 mem 0x90001014 mem 0x90001014 mem 0x90001014 mem 0x90001014 mem 0x90001014 mem 0x90001014 mem 0x90001014 mem 0x90001014 mem 0x90001034 mem 0x90001034 mem 0x90001034 mem 0x90001034 mem 0x90001034 mem 0x90001034 mem 0x90001034 mem 0x90001034
core   1: 0x8000017c (0x0000a3fb) vlw12.v v7, v1, 0
core   1: 3 0x8000017c (0x0000a3fb) e32 m1 l16 v7  0000ffff 0x00000000 00000000 00000000 00000000 00000000 00000000 00000000 00000000 00000000 00000000 00000000 00000000 00000000 00000000 00000000 00000000  c8_vstart 0x00000000 mem 0x90001054 mem 0x90001054 mem 0x90001054 mem 0x90001054 mem 0x90001054 mem 0x90001054 mem 0x90001054 mem 0x90001054 mem 0x90001074 mem 0x90001074 mem 0x90001074 mem 0x90001074 mem 0x90001074 mem 0x90001074 mem 0x90001074 mem 0x90001074
core   2: 0x8000017c (0x0000a3fb) vlw12.v v7, v1, 0
core   2: 3 0x8000017c (0x0000a3fb) e32 m1 l16 v7  0000ffff 0x00000000 00000000 00000000 00000000 00000000 00000000 00000000 00000000 00000000 00000000 00000000 00000000 00000000 00000000 00000000 00000000  c8_vstart 0x00000000 mem 0x90001094 mem 0x90001094 mem 0x90001094 mem 0x90001094 mem 0x90001094 mem 0x90001094 mem 0x90001094 mem 0x90001094 mem 0x900010b4 mem 0x900010b4 mem 0x900010b4 mem 0x900010b4 mem 0x900010b4 mem 0x900010b4 mem 0x900010b4 mem 0x900010b4
core   3: 0x8000017c (0x0000a3fb) vlw12.v v7, v1, 0
core   3: 3 0x8000017c (0x0000a3fb) e32 m1 l16 v7  0000ffff 0x00000000 00000000 00000000 00000000 00000000 00000000 00000000 00000000 00000000 00000000 00000000 00000000 00000000 00000000 00000000 00000000  c8_vstart 0x00000000 mem 0x900010d4 mem 0x900010d4 mem 0x900010d4 mem 0x900010d4 mem 0x900010d4 mem 0x900010d4 mem 0x900010d4 mem 0x900010d4 mem 0x900010f4 mem 0x900010f4 mem 0x900010f4 mem 0x900010f4 mem 0x900010f4 mem 0x900010f4 mem 0x900010f4 mem 0x900010f4
core   0: 0x80000180 (0xa2639257) vfmadd.vv v4, v6, v7
core   0: 3 0x80000180 (0xa2639257) c8_vstart 0x00000000 e32 m1 l16 v4  0000ffff 0x00000000 00000000 00000000 00000000 00000000 00000000 00000000 00000000 00000000 00000000 00000000 00000000 00000000 00000000 00000000 00000000 
core   1: 0x80000180 (0xa2639257) vfmadd.vv v4, v6, v7
core   1: 3 0x80000180 (0xa2639257) c8_vstart 0x00000000 e32 m1 l16 v4  0000ffff 0x00000000 00000000 00000000 00000000 00000000 00000000 00000000 00000000 00000000 00000000 00000000 00000000 00000000 00000000 00000000 00000000 
core   2: 0x80000180 (0xa2639257) vfmadd.vv v4, v6, v7
core   2: 3 0x80000180 (0xa2639257) c8_vstart 0x00000000 e32 m1 l16 v4  0000ffff 0x00000000 00000000 00000000 00000000 00000000 00000000 00000000 00000000 00000000 00000000 00000000 00000000 00000000 00000000 00000000 00000000 
core   3: 0x80000180 (0xa2639257) vfmadd.vv v4, v6, v7
core   3: 3 0x80000180 (0xa2639257) c8_vstart 0x00000000 e32 m1 l16 v4  0000ffff 0x00000000 00000000 00000000 00000000 00000000 00000000 00000000 00000000 00000000 00000000 00000000 00000000 00000000 00000000 00000000 00000000 
core   0: 0x80000184 (0x0012928b) vsub12.vi v5, v5, 1
core   0: 3 0x80000184 (0x0012928b) c8_vstart 0x00000000 e32 m1 l16 v5  0000ffff 0x00000002 00000002 00000002 00000002 00000002 00000002 00000002 00000002 00000002 00000002 00000002 00000002 00000002 00000002 00000002 00000002 
core   1: 0x80000184 (0x0012928b) vsub12.vi v5, v5, 1
core   1: 3 0x80000184 (0x0012928b) c8_vstart 0x00000000 e32 m1 l16 v5  0000ffff 0x00000002 00000002 00000002 00000002 00000002 00000002 00000002 00000002 00000002 00000002 00000002 00000002 00000002 00000002 00000002 00000002 
core   2: 0x80000184 (0x0012928b) vsub12.vi v5, v5, 1
core   2: 3 0x80000184 (0x0012928b) c8_vstart 0x00000000 e32 m1 l16 v5  0000ffff 0x00000002 00000002 00000002 00000002 00000002 00000002 00000002 00000002 00000002 00000002 00000002 00000002 00000002 00000002 00000002 00000002 
core   3: 0x80000184 (0x0012928b) vsub12.vi v5, v5, 1
core   3: 3 0x80000184 (0x0012928b) c8_vstart 0x00000000 e32 m1 l16 v5  0000ffff 0x00000002 00000002 00000002 00000002 00000002 00000002 00000002 00000002 00000002 00000002 00000002 00000002 00000002 00000002 00000002 00000002 
core   0: 0x80000188 (0x021230d7) vadd.vi v1, v1, 4
core   0: 3 0x80000188 (0x021230d7) c8_vstart 0x00000000 e32 m1 l16 v1  0000ffff 0x90001038 90001038 90001038 90001038 90001038 90001038 90001038 90001038 90001018 90001018 90001018 90001018 90001018 90001018 90001018 90001018 
core   1: 0x80000188 (0x021230d7) vadd.vi v1, v1, 4
core   1: 3 0x80000188 (0x021230d7) c8_vstart 0x00000000 e32 m1 l16 v1  0000ffff 0x90001078 90001078 90001078 90001078 90001078 90001078 90001078 90001078 90001058 90001058 90001058 90001058 90001058 90001058 90001058 90001058 
core   2: 0x80000188 (0x021230d7) vadd.vi v1, v1, 4
core   2: 3 0x80000188 (0x021230d7) c8_vstart 0x00000000 e32 m1 l16 v1  0000ffff 0x900010b8 900010b8 900010b8 900010b8 900010b8 900010b8 900010b8 900010b8 90001098 90001098 90001098 90001098 90001098 90001098 90001098 90001098 
core   3: 0x80000188 (0x021230d7) vadd.vi v1, v1, 4
core   3: 3 0x80000188 (0x021230d7) c8_vstart 0x00000000 e32 m1 l16 v1  0000ffff 0x900010f8 900010f8 900010f8 900010f8 900010f8 900010f8 900010f8 900010f8 900010d8 900010d8 900010d8 900010d8 900010d8 900010d8 900010d8 900010d8 
core   0: 0x8000018c (0x02218157) vadd.vv v2, v2, v3
core   0: 3 0x8000018c (0x02218157) c8_vstart 0x00000000 e32 m1 l16 v2  0000ffff 0x900000dc 900000d8 900000d4 900000d0 900000cc 900000c8 900000c4 900000c0 900000dc 900000d8 900000d4 900000d0 900000cc 900000c8 900000c4 900000c0 
core   1: 0x8000018c (0x02218157) vadd.vv v2, v2, v3
core   1: 3 0x8000018c (0x02218157) c8_vstart 0x00000000 e32 m1 l16 v2  0000ffff 0x900000dc 900000d8 900000d4 900000d0 900000cc 900000c8 900000c4 900000c0 900000dc 900000d8 900000d4 900000d0 900000cc 900000c8 900000c4 900000c0 
core   2: 0x8000018c (0x02218157) vadd.vv v2, v2, v3
core   2: 3 0x8000018c (0x02218157) c8_vstart 0x00000000 e32 m1 l16 v2  0000ffff 0x900000dc 900000d8 900000d4 900000d0 900000cc 900000c8 900000c4 900000c0 900000dc 900000d8 900000d4 900000d0 900000cc 900000c8 900000c4 900000c0 
core   3: 0x8000018c (0x02218157) vadd.vv v2, v2, v3
core   3: 3 0x8000018c (0x02218157) c8_vstart 0x00000000 e32 m1 l16 v2  0000ffff 0x900000dc 900000d8 900000d4 900000d0 900000cc 900000c8 900000c4 900000c0 900000dc 900000d8 900000d4 900000d0 900000cc 900000c8 900000c4 900000c0 
core   0: 0x80000190 (0x02404357) vadd.vx v6, v4, x0
core   0: 3 0x80000190 (0x02404357) c8_vstart 0x00000000 e32 m1 l16 v6  0000ffff 0x00000000 00000000 00000000 00000000 00000000 00000000 00000000 00000000 00000000 00000000 00000000 00000000 00000000 00000000 00000000 00000000 
core   1: 0x80000190 (0x02404357) vadd.vx v6, v4, x0
core   1: 3 0x80000190 (0x02404357) c8_vstart 0x00000000 e32 m1 l16 v6  0000ffff 0x00000000 00000000 00000000 00000000 00000000 00000000 00000000 00000000 00000000 00000000 00000000 00000000 00000000 00000000 00000000 00000000 
core   2: 0x80000190 (0x02404357) vadd.vx v6, v4, x0
core   2: 3 0x80000190 (0x02404357) c8_vstart 0x00000000 e32 m1 l16 v6  0000ffff 0x00000000 00000000 00000000 00000000 00000000 00000000 00000000 00000000 00000000 00000000 00000000 00000000 00000000 00000000 00000000 00000000 
core   3: 0x80000190 (0x02404357) vadd.vx v6, v4, x0
core   3: 3 0x80000190 (0x02404357) c8_vstart 0x00000000 e32 m1 l16 v6  0000ffff 0x00000000 00000000 00000000 00000000 00000000 00000000 00000000 00000000 00000000 00000000 00000000 00000000 00000000 00000000 00000000 00000000 
core   0: 0x80000194 (0x00000317) auipc   x6, 0x0
core   0: 3 0x80000194 (0x00000317) x6  0x80000194
core   1: 0x80000194 (0x00000317) auipc   x6, 0x0
core   1: 3 0x80000194 (0x00000317) x6  0x80000194
core   2: 0x80000194 (0x00000317) auipc   x6, 0x0
core   2: 3 0x80000194 (0x00000317) x6  0x80000194
core   3: 0x80000194 (0x00000317) auipc   x6, 0x0
core   3: 3 0x80000194 (0x00000317) x6  0x80000194
core   0: 0x80000198 (0x0143305b) setrpc  x0, x6, 20
core   0: 3 0x80000198 (0x0143305b) c2060_rpc 0x800001a8 current mask:	0000ffff current npc:	80000178 stack size: 0
core   1: 0x80000198 (0x0143305b) setrpc  x0, x6, 20
core   1: 3 0x80000198 (0x0143305b) c2060_rpc 0x800001a8 current mask:	0000ffff current npc:	80000178 stack size: 0
core   2: 0x80000198 (0x0143305b) setrpc  x0, x6, 20
core   2: 3 0x80000198 (0x0143305b) c2060_rpc 0x800001a8 current mask:	0000ffff current npc:	80000178 stack size: 0
core   3: 0x80000198 (0x0143305b) setrpc  x0, x6, 20
core   3: 3 0x80000198 (0x0143305b) c2060_rpc 0x800001a8 current mask:	0000ffff current npc:	80000178 stack size: 0
core   0: 0x8000019c (0xfc541edb) vbne    v5, v8, pc - 36
core   0: 3 0x8000019c (0xfc541edb) c8_vstart 0x00000000 e32 m1 l16 current mask:	0000ffff current npc:	80000178 stack size: 0
core   1: 0x8000019c (0xfc541edb) vbne    v5, v8, pc - 36
core   1: 3 0x8000019c (0xfc541edb) c8_vstart 0x00000000 e32 m1 l16 current mask:	0000ffff current npc:	80000178 stack size: 0
core   2: 0x8000019c (0xfc541edb) vbne    v5, v8, pc - 36
core   2: 3 0x8000019c (0xfc541edb) c8_vstart 0x00000000 e32 m1 l16 current mask:	0000ffff current npc:	80000178 stack size: 0
core   3: 0x8000019c (0xfc541edb) vbne    v5, v8, pc - 36
core   3: 3 0x8000019c (0xfc541edb) c8_vstart 0x00000000 e32 m1 l16 current mask:	0000ffff current npc:	80000178 stack size: 0
core   0: 0x80000178 (0x0001227b) vlw12.v v4, v2, 0
core   0: 3 0x80000178 (0x0001227b) e32 m1 l16 v4  0000ffff 0x00000000 00000000 00000000 00000000 00000000 00000000 00000000 00000000 00000000 00000000 00000000 00000000 00000000 00000000 00000000 00000000  c8_vstart 0x00000000 mem 0x900000c0 mem 0x900000c4 mem 0x900000c8 mem 0x900000cc mem 0x900000d0 mem 0x900000d4 mem 0x900000d8 mem 0x900000dc mem 0x900000c0 mem 0x900000c4 mem 0x900000c8 mem 0x900000cc mem 0x900000d0 mem 0x900000d4 mem 0x900000d8 mem 0x900000dc
core   1: 0x80000178 (0x0001227b) vlw12.v v4, v2, 0
core   1: 3 0x80000178 (0x0001227b) e32 m1 l16 v4  0000ffff 0x00000000 00000000 00000000 00000000 00000000 00000000 00000000 00000000 00000000 00000000 00000000 00000000 00000000 00000000 00000000 00000000  c8_vstart 0x00000000 mem 0x900000c0 mem 0x900000c4 mem 0x900000c8 mem 0x900000cc mem 0x900000d0 mem 0x900000d4 mem 0x900000d8 mem 0x900000dc mem 0x900000c0 mem 0x900000c4 mem 0x900000c8 mem 0x900000cc mem 0x900000d0 mem 0x900000d4 mem 0x900000d8 mem 0x900000dc
core   2: 0x80000178 (0x0001227b) vlw12.v v4, v2, 0
core   2: 3 0x80000178 (0x0001227b) e32 m1 l16 v4  0000ffff 0x00000000 00000000 00000000 00000000 00000000 00000000 00000000 00000000 00000000 00000000 00000000 00000000 00000000 00000000 00000000 00000000  c8_vstart 0x00000000 mem 0x900000c0 mem 0x900000c4 mem 0x900000c8 mem 0x900000cc mem 0x900000d0 mem 0x900000d4 mem 0x900000d8 mem 0x900000dc mem 0x900000c0 mem 0x900000c4 mem 0x900000c8 mem 0x900000cc mem 0x900000d0 mem 0x900000d4 mem 0x900000d8 mem 0x900000dc
core   3: 0x80000178 (0x0001227b) vlw12.v v4, v2, 0
core   3: 3 0x80000178 (0x0001227b) e32 m1 l16 v4  0000ffff 0x00000000 00000000 00000000 00000000 00000000 00000000 00000000 00000000 00000000 00000000 00000000 00000000 00000000 00000000 00000000 00000000  c8_vstart 0x00000000 mem 0x900000c0 mem 0x900000c4 mem 0x900000c8 mem 0x900000cc mem 0x900000d0 mem 0x900000d4 mem 0x900000d8 mem 0x900000dc mem 0x900000c0 mem 0x900000c4 mem 0x900000c8 mem 0x900000cc mem 0x900000d0 mem 0x900000d4 mem 0x900000d8 mem 0x900000dc
core   0: 0x8000017c (0x0000a3fb) vlw12.v v7, v1, 0
core   0: 3 0x8000017c (0x0000a3fb) e32 m1 l16 v7  0000ffff 0x00000000 00000000 00000000 00000000 00000000 00000000 00000000 00000000 00000000 00000000 00000000 00000000 00000000 00000000 00000000 00000000  c8_vstart 0x00000000 mem 0x90001018 mem 0x90001018 mem 0x90001018 mem 0x90001018 mem 0x90001018 mem 0x90001018 mem 0x90001018 mem 0x90001018 mem 0x90001038 mem 0x90001038 mem 0x90001038 mem 0x90001038 mem 0x90001038 mem 0x90001038 mem 0x90001038 mem 0x90001038
core   1: 0x8000017c (0x0000a3fb) vlw12.v v7, v1, 0
core   1: 3 0x8000017c (0x0000a3fb) e32 m1 l16 v7  0000ffff 0x00000000 00000000 00000000 00000000 00000000 00000000 00000000 00000000 00000000 00000000 00000000 00000000 00000000 00000000 00000000 00000000  c8_vstart 0x00000000 mem 0x90001058 mem 0x90001058 mem 0x90001058 mem 0x90001058 mem 0x90001058 mem 0x90001058 mem 0x90001058 mem 0x90001058 mem 0x90001078 mem 0x90001078 mem 0x90001078 mem 0x90001078 mem 0x90001078 mem 0x90001078 mem 0x90001078 mem 0x90001078
core   2: 0x8000017c (0x0000a3fb) vlw12.v v7, v1, 0
core   2: 3 0x8000017c (0x0000a3fb) e32 m1 l16 v7  0000ffff 0x00000000 00000000 00000000 00000000 00000000 00000000 00000000 00000000 00000000 00000000 00000000 00000000 00000000 00000000 00000000 00000000  c8_vstart 0x00000000 mem 0x90001098 mem 0x90001098 mem 0x90001098 mem 0x90001098 mem 0x90001098 mem 0x90001098 mem 0x90001098 mem 0x90001098 mem 0x900010b8 mem 0x900010b8 mem 0x900010b8 mem 0x900010b8 mem 0x900010b8 mem 0x900010b8 mem 0x900010b8 mem 0x900010b8
core   3: 0x8000017c (0x0000a3fb) vlw12.v v7, v1, 0
core   3: 3 0x8000017c (0x0000a3fb) e32 m1 l16 v7  0000ffff 0x00000000 00000000 00000000 00000000 00000000 00000000 00000000 00000000 00000000 00000000 00000000 00000000 00000000 00000000 00000000 00000000  c8_vstart 0x00000000 mem 0x900010d8 mem 0x900010d8 mem 0x900010d8 mem 0x900010d8 mem 0x900010d8 mem 0x900010d8 mem 0x900010d8 mem 0x900010d8 mem 0x900010f8 mem 0x900010f8 mem 0x900010f8 mem 0x900010f8 mem 0x900010f8 mem 0x900010f8 mem 0x900010f8 mem 0x900010f8
core   0: 0x80000180 (0xa2639257) vfmadd.vv v4, v6, v7
core   0: 3 0x80000180 (0xa2639257) c8_vstart 0x00000000 e32 m1 l16 v4  0000ffff 0x00000000 00000000 00000000 00000000 00000000 00000000 00000000 00000000 00000000 00000000 00000000 00000000 00000000 00000000 00000000 00000000 
core   1: 0x80000180 (0xa2639257) vfmadd.vv v4, v6, v7
core   1: 3 0x80000180 (0xa2639257) c8_vstart 0x00000000 e32 m1 l16 v4  0000ffff 0x00000000 00000000 00000000 00000000 00000000 00000000 00000000 00000000 00000000 00000000 00000000 00000000 00000000 00000000 00000000 00000000 
core   2: 0x80000180 (0xa2639257) vfmadd.vv v4, v6, v7
core   2: 3 0x80000180 (0xa2639257) c8_vstart 0x00000000 e32 m1 l16 v4  0000ffff 0x00000000 00000000 00000000 00000000 00000000 00000000 00000000 00000000 00000000 00000000 00000000 00000000 00000000 00000000 00000000 00000000 
core   3: 0x80000180 (0xa2639257) vfmadd.vv v4, v6, v7
core   3: 3 0x80000180 (0xa2639257) c8_vstart 0x00000000 e32 m1 l16 v4  0000ffff 0x00000000 00000000 00000000 00000000 00000000 00000000 00000000 00000000 00000000 00000000 00000000 00000000 00000000 00000000 00000000 00000000 
core   0: 0x80000184 (0x0012928b) vsub12.vi v5, v5, 1
core   0: 3 0x80000184 (0x0012928b) c8_vstart 0x00000000 e32 m1 l16 v5  0000ffff 0x00000001 00000001 00000001 00000001 00000001 00000001 00000001 00000001 00000001 00000001 00000001 00000001 00000001 00000001 00000001 00000001 
core   1: 0x80000184 (0x0012928b) vsub12.vi v5, v5, 1
core   1: 3 0x80000184 (0x0012928b) c8_vstart 0x00000000 e32 m1 l16 v5  0000ffff 0x00000001 00000001 00000001 00000001 00000001 00000001 00000001 00000001 00000001 00000001 00000001 00000001 00000001 00000001 00000001 00000001 
core   2: 0x80000184 (0x0012928b) vsub12.vi v5, v5, 1
core   2: 3 0x80000184 (0x0012928b) c8_vstart 0x00000000 e32 m1 l16 v5  0000ffff 0x00000001 00000001 00000001 00000001 00000001 00000001 00000001 00000001 00000001 00000001 00000001 00000001 00000001 00000001 00000001 00000001 
core   3: 0x80000184 (0x0012928b) vsub12.vi v5, v5, 1
core   3: 3 0x80000184 (0x0012928b) c8_vstart 0x00000000 e32 m1 l16 v5  0000ffff 0x00000001 00000001 00000001 00000001 00000001 00000001 00000001 00000001 00000001 00000001 00000001 00000001 00000001 00000001 00000001 00000001 
core   0: 0x80000188 (0x021230d7) vadd.vi v1, v1, 4
core   0: 3 0x80000188 (0x021230d7) c8_vstart 0x00000000 e32 m1 l16 v1  0000ffff 0x9000103c 9000103c 9000103c 9000103c 9000103c 9000103c 9000103c 9000103c 9000101c 9000101c 9000101c 9000101c 9000101c 9000101c 9000101c 9000101c 
core   1: 0x80000188 (0x021230d7) vadd.vi v1, v1, 4
core   1: 3 0x80000188 (0x021230d7) c8_vstart 0x00000000 e32 m1 l16 v1  0000ffff 0x9000107c 9000107c 9000107c 9000107c 9000107c 9000107c 9000107c 9000107c 9000105c 9000105c 9000105c 9000105c 9000105c 9000105c 9000105c 9000105c 
core   2: 0x80000188 (0x021230d7) vadd.vi v1, v1, 4
core   2: 3 0x80000188 (0x021230d7) c8_vstart 0x00000000 e32 m1 l16 v1  0000ffff 0x900010bc 900010bc 900010bc 900010bc 900010bc 900010bc 900010bc 900010bc 9000109c 9000109c 9000109c 9000109c 9000109c 9000109c 9000109c 9000109c 
core   3: 0x80000188 (0x021230d7) vadd.vi v1, v1, 4
core   3: 3 0x80000188 (0x021230d7) c8_vstart 0x00000000 e32 m1 l16 v1  0000ffff 0x900010fc 900010fc 900010fc 900010fc 900010fc 900010fc 900010fc 900010fc 900010dc 900010dc 900010dc 900010dc 900010dc 900010dc 900010dc 900010dc 
core   0: 0x8000018c (0x02218157) vadd.vv v2, v2, v3
core   0: 3 0x8000018c (0x02218157) c8_vstart 0x00000000 e32 m1 l16 v2  0000ffff 0x900000fc 900000f8 900000f4 900000f0 900000ec 900000e8 900000e4 900000e0 900000fc 900000f8 900000f4 900000f0 900000ec 900000e8 900000e4 900000e0 
core   1: 0x8000018c (0x02218157) vadd.vv v2, v2, v3
core   1: 3 0x8000018c (0x02218157) c8_vstart 0x00000000 e32 m1 l16 v2  0000ffff 0x900000fc 900000f8 900000f4 900000f0 900000ec 900000e8 900000e4 900000e0 900000fc 900000f8 900000f4 900000f0 900000ec 900000e8 900000e4 900000e0 
core   2: 0x8000018c (0x02218157) vadd.vv v2, v2, v3
core   2: 3 0x8000018c (0x02218157) c8_vstart 0x00000000 e32 m1 l16 v2  0000ffff 0x900000fc 900000f8 900000f4 900000f0 900000ec 900000e8 900000e4 900000e0 900000fc 900000f8 900000f4 900000f0 900000ec 900000e8 900000e4 900000e0 
core   3: 0x8000018c (0x02218157) vadd.vv v2, v2, v3
core   3: 3 0x8000018c (0x02218157) c8_vstart 0x00000000 e32 m1 l16 v2  0000ffff 0x900000fc 900000f8 900000f4 900000f0 900000ec 900000e8 900000e4 900000e0 900000fc 900000f8 900000f4 900000f0 900000ec 900000e8 900000e4 900000e0 
core   0: 0x80000190 (0x02404357) vadd.vx v6, v4, x0
core   0: 3 0x80000190 (0x02404357) c8_vstart 0x00000000 e32 m1 l16 v6  0000ffff 0x00000000 00000000 00000000 00000000 00000000 00000000 00000000 00000000 00000000 00000000 00000000 00000000 00000000 00000000 00000000 00000000 
core   1: 0x80000190 (0x02404357) vadd.vx v6, v4, x0
core   1: 3 0x80000190 (0x02404357) c8_vstart 0x00000000 e32 m1 l16 v6  0000ffff 0x00000000 00000000 00000000 00000000 00000000 00000000 00000000 00000000 00000000 00000000 00000000 00000000 00000000 00000000 00000000 00000000 
core   2: 0x80000190 (0x02404357) vadd.vx v6, v4, x0
core   2: 3 0x80000190 (0x02404357) c8_vstart 0x00000000 e32 m1 l16 v6  0000ffff 0x00000000 00000000 00000000 00000000 00000000 00000000 00000000 00000000 00000000 00000000 00000000 00000000 00000000 00000000 00000000 00000000 
core   3: 0x80000190 (0x02404357) vadd.vx v6, v4, x0
core   3: 3 0x80000190 (0x02404357) c8_vstart 0x00000000 e32 m1 l16 v6  0000ffff 0x00000000 00000000 00000000 00000000 00000000 00000000 00000000 00000000 00000000 00000000 00000000 00000000 00000000 00000000 00000000 00000000 
core   0: 0x80000194 (0x00000317) auipc   x6, 0x0
core   0: 3 0x80000194 (0x00000317) x6  0x80000194
core   1: 0x80000194 (0x00000317) auipc   x6, 0x0
core   1: 3 0x80000194 (0x00000317) x6  0x80000194
core   2: 0x80000194 (0x00000317) auipc   x6, 0x0
core   2: 3 0x80000194 (0x00000317) x6  0x80000194
core   3: 0x80000194 (0x00000317) auipc   x6, 0x0
core   3: 3 0x80000194 (0x00000317) x6  0x80000194
core   0: 0x80000198 (0x0143305b) setrpc  x0, x6, 20
core   0: 3 0x80000198 (0x0143305b) c2060_rpc 0x800001a8 current mask:	0000ffff current npc:	80000178 stack size: 0
core   1: 0x80000198 (0x0143305b) setrpc  x0, x6, 20
core   1: 3 0x80000198 (0x0143305b) c2060_rpc 0x800001a8 current mask:	0000ffff current npc:	80000178 stack size: 0
core   2: 0x80000198 (0x0143305b) setrpc  x0, x6, 20
core   2: 3 0x80000198 (0x0143305b) c2060_rpc 0x800001a8 current mask:	0000ffff current npc:	80000178 stack size: 0
core   3: 0x80000198 (0x0143305b) setrpc  x0, x6, 20
core   3: 3 0x80000198 (0x0143305b) c2060_rpc 0x800001a8 current mask:	0000ffff current npc:	80000178 stack size: 0
core   0: 0x8000019c (0xfc541edb) vbne    v5, v8, pc - 36
core   0: 3 0x8000019c (0xfc541edb) c8_vstart 0x00000000 e32 m1 l16 current mask:	0000ffff current npc:	80000178 stack size: 0
core   1: 0x8000019c (0xfc541edb) vbne    v5, v8, pc - 36
core   1: 3 0x8000019c (0xfc541edb) c8_vstart 0x00000000 e32 m1 l16 current mask:	0000ffff current npc:	80000178 stack size: 0
core   2: 0x8000019c (0xfc541edb) vbne    v5, v8, pc - 36
core   2: 3 0x8000019c (0xfc541edb) c8_vstart 0x00000000 e32 m1 l16 current mask:	0000ffff current npc:	80000178 stack size: 0
core   3: 0x8000019c (0xfc541edb) vbne    v5, v8, pc - 36
core   3: 3 0x8000019c (0xfc541edb) c8_vstart 0x00000000 e32 m1 l16 current mask:	0000ffff current npc:	80000178 stack size: 0
core   0: 0x80000178 (0x0001227b) vlw12.v v4, v2, 0
core   0: 3 0x80000178 (0x0001227b) e32 m1 l16 v4  0000ffff 0x00000000 00000000 00000000 00000000 00000000 00000000 00000000 00000000 00000000 00000000 00000000 00000000 00000000 00000000 00000000 00000000  c8_vstart 0x00000000 mem 0x900000e0 mem 0x900000e4 mem 0x900000e8 mem 0x900000ec mem 0x900000f0 mem 0x900000f4 mem 0x900000f8 mem 0x900000fc mem 0x900000e0 mem 0x900000e4 mem 0x900000e8 mem 0x900000ec mem 0x900000f0 mem 0x900000f4 mem 0x900000f8 mem 0x900000fc
core   1: 0x80000178 (0x0001227b) vlw12.v v4, v2, 0
core   1: 3 0x80000178 (0x0001227b) e32 m1 l16 v4  0000ffff 0x00000000 00000000 00000000 00000000 00000000 00000000 00000000 00000000 00000000 00000000 00000000 00000000 00000000 00000000 00000000 00000000  c8_vstart 0x00000000 mem 0x900000e0 mem 0x900000e4 mem 0x900000e8 mem 0x900000ec mem 0x900000f0 mem 0x900000f4 mem 0x900000f8 mem 0x900000fc mem 0x900000e0 mem 0x900000e4 mem 0x900000e8 mem 0x900000ec mem 0x900000f0 mem 0x900000f4 mem 0x900000f8 mem 0x900000fc
core   2: 0x80000178 (0x0001227b) vlw12.v v4, v2, 0
core   2: 3 0x80000178 (0x0001227b) e32 m1 l16 v4  0000ffff 0x00000000 00000000 00000000 00000000 00000000 00000000 00000000 00000000 00000000 00000000 00000000 00000000 00000000 00000000 00000000 00000000  c8_vstart 0x00000000 mem 0x900000e0 mem 0x900000e4 mem 0x900000e8 mem 0x900000ec mem 0x900000f0 mem 0x900000f4 mem 0x900000f8 mem 0x900000fc mem 0x900000e0 mem 0x900000e4 mem 0x900000e8 mem 0x900000ec mem 0x900000f0 mem 0x900000f4 mem 0x900000f8 mem 0x900000fc
core   3: 0x80000178 (0x0001227b) vlw12.v v4, v2, 0
core   3: 3 0x80000178 (0x0001227b) e32 m1 l16 v4  0000ffff 0x00000000 00000000 00000000 00000000 00000000 00000000 00000000 00000000 00000000 00000000 00000000 00000000 00000000 00000000 00000000 00000000  c8_vstart 0x00000000 mem 0x900000e0 mem 0x900000e4 mem 0x900000e8 mem 0x900000ec mem 0x900000f0 mem 0x900000f4 mem 0x900000f8 mem 0x900000fc mem 0x900000e0 mem 0x900000e4 mem 0x900000e8 mem 0x900000ec mem 0x900000f0 mem 0x900000f4 mem 0x900000f8 mem 0x900000fc
core   0: 0x8000017c (0x0000a3fb) vlw12.v v7, v1, 0
core   0: 3 0x8000017c (0x0000a3fb) e32 m1 l16 v7  0000ffff 0x00000000 00000000 00000000 00000000 00000000 00000000 00000000 00000000 00000000 00000000 00000000 00000000 00000000 00000000 00000000 00000000  c8_vstart 0x00000000 mem 0x9000101c mem 0x9000101c mem 0x9000101c mem 0x9000101c mem 0x9000101c mem 0x9000101c mem 0x9000101c mem 0x9000101c mem 0x9000103c mem 0x9000103c mem 0x9000103c mem 0x9000103c mem 0x9000103c mem 0x9000103c mem 0x9000103c mem 0x9000103c
core   1: 0x8000017c (0x0000a3fb) vlw12.v v7, v1, 0
core   1: 3 0x8000017c (0x0000a3fb) e32 m1 l16 v7  0000ffff 0x00000000 00000000 00000000 00000000 00000000 00000000 00000000 00000000 00000000 00000000 00000000 00000000 00000000 00000000 00000000 00000000  c8_vstart 0x00000000 mem 0x9000105c mem 0x9000105c mem 0x9000105c mem 0x9000105c mem 0x9000105c mem 0x9000105c mem 0x9000105c mem 0x9000105c mem 0x9000107c mem 0x9000107c mem 0x9000107c mem 0x9000107c mem 0x9000107c mem 0x9000107c mem 0x9000107c mem 0x9000107c
core   2: 0x8000017c (0x0000a3fb) vlw12.v v7, v1, 0
core   2: 3 0x8000017c (0x0000a3fb) e32 m1 l16 v7  0000ffff 0x00000000 00000000 00000000 00000000 00000000 00000000 00000000 00000000 00000000 00000000 00000000 00000000 00000000 00000000 00000000 00000000  c8_vstart 0x00000000 mem 0x9000109c mem 0x9000109c mem 0x9000109c mem 0x9000109c mem 0x9000109c mem 0x9000109c mem 0x9000109c mem 0x9000109c mem 0x900010bc mem 0x900010bc mem 0x900010bc mem 0x900010bc mem 0x900010bc mem 0x900010bc mem 0x900010bc mem 0x900010bc
core   3: 0x8000017c (0x0000a3fb) vlw12.v v7, v1, 0
core   3: 3 0x8000017c (0x0000a3fb) e32 m1 l16 v7  0000ffff 0x00000000 00000000 00000000 00000000 00000000 00000000 00000000 00000000 00000000 00000000 00000000 00000000 00000000 00000000 00000000 00000000  c8_vstart 0x00000000 mem 0x900010dc mem 0x900010dc mem 0x900010dc mem 0x900010dc mem 0x900010dc mem 0x900010dc mem 0x900010dc mem 0x900010dc mem 0x900010fc mem 0x900010fc mem 0x900010fc mem 0x900010fc mem 0x900010fc mem 0x900010fc mem 0x900010fc mem 0x900010fc
core   0: 0x80000180 (0xa2639257) vfmadd.vv v4, v6, v7
core   0: 3 0x80000180 (0xa2639257) c8_vstart 0x00000000 e32 m1 l16 v4  0000ffff 0x00000000 00000000 00000000 00000000 00000000 00000000 00000000 00000000 00000000 00000000 00000000 00000000 00000000 00000000 00000000 00000000 
core   1: 0x80000180 (0xa2639257) vfmadd.vv v4, v6, v7
core   1: 3 0x80000180 (0xa2639257) c8_vstart 0x00000000 e32 m1 l16 v4  0000ffff 0x00000000 00000000 00000000 00000000 00000000 00000000 00000000 00000000 00000000 00000000 00000000 00000000 00000000 00000000 00000000 00000000 
core   2: 0x80000180 (0xa2639257) vfmadd.vv v4, v6, v7
core   2: 3 0x80000180 (0xa2639257) c8_vstart 0x00000000 e32 m1 l16 v4  0000ffff 0x00000000 00000000 00000000 00000000 00000000 00000000 00000000 00000000 00000000 00000000 00000000 00000000 00000000 00000000 00000000 00000000 
core   3: 0x80000180 (0xa2639257) vfmadd.vv v4, v6, v7
core   3: 3 0x80000180 (0xa2639257) c8_vstart 0x00000000 e32 m1 l16 v4  0000ffff 0x00000000 00000000 00000000 00000000 00000000 00000000 00000000 00000000 00000000 00000000 00000000 00000000 00000000 00000000 00000000 00000000 
core   0: 0x80000184 (0x0012928b) vsub12.vi v5, v5, 1
core   0: 3 0x80000184 (0x0012928b) c8_vstart 0x00000000 e32 m1 l16 v5  0000ffff 0x00000000 00000000 00000000 00000000 00000000 00000000 00000000 00000000 00000000 00000000 00000000 00000000 00000000 00000000 00000000 00000000 
core   1: 0x80000184 (0x0012928b) vsub12.vi v5, v5, 1
core   1: 3 0x80000184 (0x0012928b) c8_vstart 0x00000000 e32 m1 l16 v5  0000ffff 0x00000000 00000000 00000000 00000000 00000000 00000000 00000000 00000000 00000000 00000000 00000000 00000000 00000000 00000000 00000000 00000000 
core   2: 0x80000184 (0x0012928b) vsub12.vi v5, v5, 1
core   2: 3 0x80000184 (0x0012928b) c8_vstart 0x00000000 e32 m1 l16 v5  0000ffff 0x00000000 00000000 00000000 00000000 00000000 00000000 00000000 00000000 00000000 00000000 00000000 00000000 00000000 00000000 00000000 00000000 
core   3: 0x80000184 (0x0012928b) vsub12.vi v5, v5, 1
core   3: 3 0x80000184 (0x0012928b) c8_vstart 0x00000000 e32 m1 l16 v5  0000ffff 0x00000000 00000000 00000000 00000000 00000000 00000000 00000000 00000000 00000000 00000000 00000000 00000000 00000000 00000000 00000000 00000000 
core   0: 0x80000188 (0x021230d7) vadd.vi v1, v1, 4
core   0: 3 0x80000188 (0x021230d7) c8_vstart 0x00000000 e32 m1 l16 v1  0000ffff 0x90001040 90001040 90001040 90001040 90001040 90001040 90001040 90001040 90001020 90001020 90001020 90001020 90001020 90001020 90001020 90001020 
core   1: 0x80000188 (0x021230d7) vadd.vi v1, v1, 4
core   1: 3 0x80000188 (0x021230d7) c8_vstart 0x00000000 e32 m1 l16 v1  0000ffff 0x90001080 90001080 90001080 90001080 90001080 90001080 90001080 90001080 90001060 90001060 90001060 90001060 90001060 90001060 90001060 90001060 
core   2: 0x80000188 (0x021230d7) vadd.vi v1, v1, 4
core   2: 3 0x80000188 (0x021230d7) c8_vstart 0x00000000 e32 m1 l16 v1  0000ffff 0x900010c0 900010c0 900010c0 900010c0 900010c0 900010c0 900010c0 900010c0 900010a0 900010a0 900010a0 900010a0 900010a0 900010a0 900010a0 900010a0 
core   3: 0x80000188 (0x021230d7) vadd.vi v1, v1, 4
core   3: 3 0x80000188 (0x021230d7) c8_vstart 0x00000000 e32 m1 l16 v1  0000ffff 0x90001100 90001100 90001100 90001100 90001100 90001100 90001100 90001100 900010e0 900010e0 900010e0 900010e0 900010e0 900010e0 900010e0 900010e0 
core   0: 0x8000018c (0x02218157) vadd.vv v2, v2, v3
core   0: 3 0x8000018c (0x02218157) c8_vstart 0x00000000 e32 m1 l16 v2  0000ffff 0x9000011c 90000118 90000114 90000110 9000010c 90000108 90000104 90000100 9000011c 90000118 90000114 90000110 9000010c 90000108 90000104 90000100 
core   1: 0x8000018c (0x02218157) vadd.vv v2, v2, v3
core   1: 3 0x8000018c (0x02218157) c8_vstart 0x00000000 e32 m1 l16 v2  0000ffff 0x9000011c 90000118 90000114 90000110 9000010c 90000108 90000104 90000100 9000011c 90000118 90000114 90000110 9000010c 90000108 90000104 90000100 
core   2: 0x8000018c (0x02218157) vadd.vv v2, v2, v3
core   2: 3 0x8000018c (0x02218157) c8_vstart 0x00000000 e32 m1 l16 v2  0000ffff 0x9000011c 90000118 90000114 90000110 9000010c 90000108 90000104 90000100 9000011c 90000118 90000114 90000110 9000010c 90000108 90000104 90000100 
core   3: 0x8000018c (0x02218157) vadd.vv v2, v2, v3
core   3: 3 0x8000018c (0x02218157) c8_vstart 0x00000000 e32 m1 l16 v2  0000ffff 0x9000011c 90000118 90000114 90000110 9000010c 90000108 90000104 90000100 9000011c 90000118 90000114 90000110 9000010c 90000108 90000104 90000100 
core   0: 0x80000190 (0x02404357) vadd.vx v6, v4, x0
core   0: 3 0x80000190 (0x02404357) c8_vstart 0x00000000 e32 m1 l16 v6  0000ffff 0x00000000 00000000 00000000 00000000 00000000 00000000 00000000 00000000 00000000 00000000 00000000 00000000 00000000 00000000 00000000 00000000 
core   1: 0x80000190 (0x02404357) vadd.vx v6, v4, x0
core   1: 3 0x80000190 (0x02404357) c8_vstart 0x00000000 e32 m1 l16 v6  0000ffff 0x00000000 00000000 00000000 00000000 00000000 00000000 00000000 00000000 00000000 00000000 00000000 00000000 00000000 00000000 00000000 00000000 
core   2: 0x80000190 (0x02404357) vadd.vx v6, v4, x0
core   2: 3 0x80000190 (0x02404357) c8_vstart 0x00000000 e32 m1 l16 v6  0000ffff 0x00000000 00000000 00000000 00000000 00000000 00000000 00000000 00000000 00000000 00000000 00000000 00000000 00000000 00000000 00000000 00000000 
core   3: 0x80000190 (0x02404357) vadd.vx v6, v4, x0
core   3: 3 0x80000190 (0x02404357) c8_vstart 0x00000000 e32 m1 l16 v6  0000ffff 0x00000000 00000000 00000000 00000000 00000000 00000000 00000000 00000000 00000000 00000000 00000000 00000000 00000000 00000000 00000000 00000000 
core   0: 0x80000194 (0x00000317) auipc   x6, 0x0
core   0: 3 0x80000194 (0x00000317) x6  0x80000194
core   1: 0x80000194 (0x00000317) auipc   x6, 0x0
core   1: 3 0x80000194 (0x00000317) x6  0x80000194
core   2: 0x80000194 (0x00000317) auipc   x6, 0x0
core   2: 3 0x80000194 (0x00000317) x6  0x80000194
core   3: 0x80000194 (0x00000317) auipc   x6, 0x0
core   3: 3 0x80000194 (0x00000317) x6  0x80000194
core   0: 0x80000198 (0x0143305b) setrpc  x0, x6, 20
core   0: 3 0x80000198 (0x0143305b) c2060_rpc 0x800001a8 current mask:	0000ffff current npc:	80000178 stack size: 0
core   1: 0x80000198 (0x0143305b) setrpc  x0, x6, 20
core   1: 3 0x80000198 (0x0143305b) c2060_rpc 0x800001a8 current mask:	0000ffff current npc:	80000178 stack size: 0
core   2: 0x80000198 (0x0143305b) setrpc  x0, x6, 20
core   2: 3 0x80000198 (0x0143305b) c2060_rpc 0x800001a8 current mask:	0000ffff current npc:	80000178 stack size: 0
core   3: 0x80000198 (0x0143305b) setrpc  x0, x6, 20
core   3: 3 0x80000198 (0x0143305b) c2060_rpc 0x800001a8 current mask:	0000ffff current npc:	80000178 stack size: 0
core   0: 0x8000019c (0xfc541edb) vbne    v5, v8, pc - 36
core   0: 3 0x8000019c (0xfc541edb) c8_vstart 0x00000000 e32 m1 l16 current mask:	0000ffff current npc:	800001a0 stack size: 0
core   1: 0x8000019c (0xfc541edb) vbne    v5, v8, pc - 36
core   1: 3 0x8000019c (0xfc541edb) c8_vstart 0x00000000 e32 m1 l16 current mask:	0000ffff current npc:	800001a0 stack size: 0
core   2: 0x8000019c (0xfc541edb) vbne    v5, v8, pc - 36
core   2: 3 0x8000019c (0xfc541edb) c8_vstart 0x00000000 e32 m1 l16 current mask:	0000ffff current npc:	800001a0 stack size: 0
core   3: 0x8000019c (0xfc541edb) vbne    v5, v8, pc - 36
core   3: 3 0x8000019c (0xfc541edb) c8_vstart 0x00000000 e32 m1 l16 current mask:	0000ffff current npc:	800001a0 stack size: 0
core   0: 0x800001a0 (0x0080006f) j       pc + 0x8
core   0: 3 0x800001a0 (0x0080006f)
core   1: 0x800001a0 (0x0080006f) j       pc + 0x8
core   1: 3 0x800001a0 (0x0080006f)
core   2: 0x800001a0 (0x0080006f) j       pc + 0x8
core   2: 3 0x800001a0 (0x0080006f)
core   3: 0x800001a0 (0x0080006f) j       pc + 0x8
core   3: 3 0x800001a0 (0x0080006f)
core   0: 0x800001a8 (0x0000205b) join    v0, v0, pc + 0
core   0: 3 0x800001a8 (0x0000205b) current mask:	0000ffff current npc:	800001a0 stack size: 0
core   1: 0x800001a8 (0x0000205b) join    v0, v0, pc + 0
core   1: 3 0x800001a8 (0x0000205b) current mask:	0000ffff current npc:	800001a0 stack size: 0
core   2: 0x800001a8 (0x0000205b) join    v0, v0, pc + 0
core   2: 3 0x800001a8 (0x0000205b) current mask:	0000ffff current npc:	800001a0 stack size: 0
core   3: 0x800001a8 (0x0000205b) join    v0, v0, pc + 0
core   3: 3 0x800001a8 (0x0000205b) current mask:	0000ffff current npc:	800001a0 stack size: 0
core   0: 0x800001ac (0x0480200b) regext  x0, x0,  0 1 1 0 
core   0: 3 0x800001ac (0x0480200b)
core   1: 0x800001ac (0x0480200b) regext  x0, x0,  0 1 1 0 
core   1: 3 0x800001ac (0x0480200b)
core   2: 0x800001ac (0x0480200b) regext  x0, x0,  0 1 1 0 
core   2: 3 0x800001ac (0x0480200b)
core   3: 0x800001ac (0x0480200b) regext  x0, x0,  0 1 1 0 
core   3: 3 0x800001ac (0x0480200b)
core   0: 0x800001b0 (0xa611a057) vmadd.vv v0, v1, v3
core   0: 3 0x800001b0 (0xa611a057) c8_vstart 0x00000000 e32 m1 l16 v0  0000ffff 0x0000000f 0000000e 0000000d 0000000c 0000000b 0000000a 00000009 00000008 00000007 00000006 00000005 00000004 00000003 00000002 00000001 00000000 
core   1: 0x800001b0 (0xa611a057) vmadd.vv v0, v1, v3
core   1: 3 0x800001b0 (0xa611a057) c8_vstart 0x00000000 e32 m1 l16 v0  0000ffff 0x0000001f 0000001e 0000001d 0000001c 0000001b 0000001a 00000019 00000018 00000017 00000016 00000015 00000014 00000013 00000012 00000011 00000010 
core   2: 0x800001b0 (0xa611a057) vmadd.vv v0, v1, v3
core   2: 3 0x800001b0 (0xa611a057) c8_vstart 0x00000000 e32 m1 l16 v0  0000ffff 0x0000002f 0000002e 0000002d 0000002c 0000002b 0000002a 00000029 00000028 00000027 00000026 00000025 00000024 00000023 00000022 00000021 00000020 
core   3: 0x800001b0 (0xa611a057) vmadd.vv v0, v1, v3
core   3: 3 0x800001b0 (0xa611a057) c8_vstart 0x00000000 e32 m1 l16 v0  0000ffff 0x0000003f 0000003e 0000003d 0000003c 0000003b 0000003a 00000039 00000038 00000037 00000036 00000035 00000034 00000033 00000032 00000031 00000030 
core   0: 0x800001b4 (0x96013057) vsll.vi v0, v0, 2
core   0: 3 0x800001b4 (0x96013057) c8_vstart 0x00000000 e32 m1 l16 v0  0000ffff 0x0000003c 00000038 00000034 00000030 0000002c 00000028 00000024 00000020 0000001c 00000018 00000014 00000010 0000000c 00000008 00000004 00000000 
core   1: 0x800001b4 (0x96013057) vsll.vi v0, v0, 2
core   1: 3 0x800001b4 (0x96013057) c8_vstart 0x00000000 e32 m1 l16 v0  0000ffff 0x0000007c 00000078 00000074 00000070 0000006c 00000068 00000064 00000060 0000005c 00000058 00000054 00000050 0000004c 00000048 00000044 00000040 
core   2: 0x800001b4 (0x96013057) vsll.vi v0, v0, 2
core   2: 3 0x800001b4 (0x96013057) c8_vstart 0x00000000 e32 m1 l16 v0  0000ffff 0x000000bc 000000b8 000000b4 000000b0 000000ac 000000a8 000000a4 000000a0 0000009c 00000098 00000094 00000090 0000008c 00000088 00000084 00000080 
core   3: 0x800001b4 (0x96013057) vsll.vi v0, v0, 2
core   3: 3 0x800001b4 (0x96013057) c8_vstart 0x00000000 e32 m1 l16 v0  0000ffff 0x000000fc 000000f8 000000f4 000000f0 000000ec 000000e8 000000e4 000000e0 000000dc 000000d8 000000d4 000000d0 000000cc 000000c8 000000c4 000000c0 
core   0: 0x800001b8 (0x0400200b) regext  x0, x0,  0 1 0 0 
core   0: 3 0x800001b8 (0x0400200b)
core   1: 0x800001b8 (0x0400200b) regext  x0, x0,  0 1 0 0 
core   1: 3 0x800001b8 (0x0400200b)
core   2: 0x800001b8 (0x0400200b) regext  x0, x0,  0 1 0 0 
core   2: 3 0x800001b8 (0x0400200b)
core   3: 0x800001b8 (0x0400200b) regext  x0, x0,  0 1 0 0 
core   3: 3 0x800001b8 (0x0400200b)
core   0: 0x800001bc (0x02200057) vadd.vv v0, v2, v0
core   0: 3 0x800001bc (0x02200057) c8_vstart 0x00000000 e32 m1 l16 v0  0000ffff 0x9000203c 90002038 90002034 90002030 9000202c 90002028 90002024 90002020 9000201c 90002018 90002014 90002010 9000200c 90002008 90002004 90002000 
core   1: 0x800001bc (0x02200057) vadd.vv v0, v2, v0
core   1: 3 0x800001bc (0x02200057) c8_vstart 0x00000000 e32 m1 l16 v0  0000ffff 0x9000207c 90002078 90002074 90002070 9000206c 90002068 90002064 90002060 9000205c 90002058 90002054 90002050 9000204c 90002048 90002044 90002040 
core   2: 0x800001bc (0x02200057) vadd.vv v0, v2, v0
core   2: 3 0x800001bc (0x02200057) c8_vstart 0x00000000 e32 m1 l16 v0  0000ffff 0x900020bc 900020b8 900020b4 900020b0 900020ac 900020a8 900020a4 900020a0 9000209c 90002098 90002094 90002090 9000208c 90002088 90002084 90002080 
core   3: 0x800001bc (0x02200057) vadd.vv v0, v2, v0
core   3: 3 0x800001bc (0x02200057) c8_vstart 0x00000000 e32 m1 l16 v0  0000ffff 0x900020fc 900020f8 900020f4 900020f0 900020ec 900020e8 900020e4 900020e0 900020dc 900020d8 900020d4 900020d0 900020cc 900020c8 900020c4 900020c0 
core   0: 0x800001c0 (0x0040607b) vsw12.v v4, v0, 0
core   0: 3 0x800001c0 (0x0040607b) c8_vstart 0x00000000 e32 m1 l16 mem 0x90002000 0x00000000 mem 0x90002004 0x00000000 mem 0x90002008 0x00000000 mem 0x9000200c 0x00000000 mem 0x90002010 0x00000000 mem 0x90002014 0x00000000 mem 0x90002018 0x00000000 mem 0x9000201c 0x00000000 mem 0x90002020 0x00000000 mem 0x90002024 0x00000000 mem 0x90002028 0x00000000 mem 0x9000202c 0x00000000 mem 0x90002030 0x00000000 mem 0x90002034 0x00000000 mem 0x90002038 0x00000000 mem 0x9000203c 0x00000000
core   1: 0x800001c0 (0x0040607b) vsw12.v v4, v0, 0
core   1: 3 0x800001c0 (0x0040607b) c8_vstart 0x00000000 e32 m1 l16 mem 0x90002040 0x00000000 mem 0x90002044 0x00000000 mem 0x90002048 0x00000000 mem 0x9000204c 0x00000000 mem 0x90002050 0x00000000 mem 0x90002054 0x00000000 mem 0x90002058 0x00000000 mem 0x9000205c 0x00000000 mem 0x90002060 0x00000000 mem 0x90002064 0x00000000 mem 0x90002068 0x00000000 mem 0x9000206c 0x00000000 mem 0x90002070 0x00000000 mem 0x90002074 0x00000000 mem 0x90002078 0x00000000 mem 0x9000207c 0x00000000
core   2: 0x800001c0 (0x0040607b) vsw12.v v4, v0, 0
core   2: 3 0x800001c0 (0x0040607b) c8_vstart 0x00000000 e32 m1 l16 mem 0x90002080 0x00000000 mem 0x90002084 0x00000000 mem 0x90002088 0x00000000 mem 0x9000208c 0x00000000 mem 0x90002090 0x00000000 mem 0x90002094 0x00000000 mem 0x90002098 0x00000000 mem 0x9000209c 0x00000000 mem 0x900020a0 0x00000000 mem 0x900020a4 0x00000000 mem 0x900020a8 0x00000000 mem 0x900020ac 0x00000000 mem 0x900020b0 0x00000000 mem 0x900020b4 0x00000000 mem 0x900020b8 0x00000000 mem 0x900020bc 0x00000000
core   3: 0x800001c0 (0x0040607b) vsw12.v v4, v0, 0
core   3: 3 0x800001c0 (0x0040607b) c8_vstart 0x00000000 e32 m1 l16 mem 0x900020c0 0x00000000 mem 0x900020c4 0x00000000 mem 0x900020c8 0x00000000 mem 0x900020cc 0x00000000 mem 0x900020d0 0x00000000 mem 0x900020d4 0x00000000 mem 0x900020d8 0x00000000 mem 0x900020dc 0x00000000 mem 0x900020e0 0x00000000 mem 0x900020e4 0x00000000 mem 0x900020e8 0x00000000 mem 0x900020ec 0x00000000 mem 0x900020f0 0x00000000 mem 0x900020f4 0x00000000 mem 0x900020f8 0x00000000 mem 0x900020fc 0x00000000
core   0: 0x800001c4 (0xff412083) lw      x1, -12(x2)
core   0: 3 0x800001c4 (0xff412083) x1  0x800000a0 mem 0x70000000
core   1: 0x800001c4 (0xff412083) lw      x1, -12(x2)
core   1: 3 0x800001c4 (0xff412083) x1  0x800000a0 mem 0x70000400
core   2: 0x800001c4 (0xff412083) lw      x1, -12(x2)
core   2: 3 0x800001c4 (0xff412083) x1  0x800000a0 mem 0x70000800
core   3: 0x800001c4 (0xff412083) lw      x1, -12(x2)
core   3: 3 0x800001c4 (0xff412083) x1  0x800000a0 mem 0x70000c00
core   0: 0x800001c8 (0x0090200b) regext  x0, x0,  0 0 1 1 
core   0: 3 0x800001c8 (0x0090200b)
core   1: 0x800001c8 (0x0090200b) regext  x0, x0,  0 0 1 1 
core   1: 3 0x800001c8 (0x0090200b)
core   2: 0x800001c8 (0x0090200b) regext  x0, x0,  0 0 1 1 
core   2: 3 0x800001c8 (0x0090200b)
core   3: 0x800001c8 (0x0090200b) regext  x0, x0,  0 0 1 1 
core   3: 3 0x800001c8 (0x0090200b)
core   0: 0x800001cc (0x7fc020ab) vlw.v   v1, x0, -4
core   0: 3 0x800001cc (0x7fc020ab) e32 m1 l16 v33 0000ffff 0x00000000 00000000 00000000 00000000 00000000 00000000 00000000 00000000 00000000 00000000 00000000 00000000 00000000 00000000 00000000 00000000  c8_vstart 0x00000000 mem 0x90004200 mem 0x90004204 mem 0x90004208 mem 0x9000420c mem 0x90004210 mem 0x90004214 mem 0x90004218 mem 0x9000421c mem 0x90004220 mem 0x90004224 mem 0x90004228 mem 0x9000422c mem 0x90004230 mem 0x90004234 mem 0x90004238 mem 0x9000423c
core   1: 0x800001cc (0x7fc020ab) vlw.v   v1, x0, -4
core   1: 3 0x800001cc (0x7fc020ab) e32 m1 l16 v33 0000ffff 0x00000000 00000000 00000000 00000000 00000000 00000000 00000000 00000000 00000000 00000000 00000000 00000000 00000000 00000000 00000000 00000000  c8_vstart 0x00000000 mem 0x90004240 mem 0x90004244 mem 0x90004248 mem 0x9000424c mem 0x90004250 mem 0x90004254 mem 0x90004258 mem 0x9000425c mem 0x90004260 mem 0x90004264 mem 0x90004268 mem 0x9000426c mem 0x90004270 mem 0x90004274 mem 0x90004278 mem 0x9000427c
core   2: 0x800001cc (0x7fc020ab) vlw.v   v1, x0, -4
core   2: 3 0x800001cc (0x7fc020ab) e32 m1 l16 v33 0000ffff 0x00000000 00000000 00000000 00000000 00000000 00000000 00000000 00000000 00000000 00000000 00000000 00000000 00000000 00000000 00000000 00000000  c8_vstart 0x00000000 mem 0x90004280 mem 0x90004284 mem 0x90004288 mem 0x9000428c mem 0x90004290 mem 0x90004294 mem 0x90004298 mem 0x9000429c mem 0x900042a0 mem 0x900042a4 mem 0x900042a8 mem 0x900042ac mem 0x900042b0 mem 0x900042b4 mem 0x900042b8 mem 0x900042bc
core   3: 0x800001cc (0x7fc020ab) vlw.v   v1, x0, -4
core   3: 3 0x800001cc (0x7fc020ab) e32 m1 l16 v33 0000ffff 0x00000000 00000000 00000000 00000000 00000000 00000000 00000000 00000000 00000000 00000000 00000000 00000000 00000000 00000000 00000000 00000000  c8_vstart 0x00000000 mem 0x900042c0 mem 0x900042c4 mem 0x900042c8 mem 0x900042cc mem 0x900042d0 mem 0x900042d4 mem 0x900042d8 mem 0x900042dc mem 0x900042e0 mem 0x900042e4 mem 0x900042e8 mem 0x900042ec mem 0x900042f0 mem 0x900042f4 mem 0x900042f8 mem 0x900042fc
core   0: 0x800001d0 (0x0090200b) regext  x0, x0,  0 0 1 1 
core   0: 3 0x800001d0 (0x0090200b)
core   1: 0x800001d0 (0x0090200b) regext  x0, x0,  0 0 1 1 
core   1: 3 0x800001d0 (0x0090200b)
core   2: 0x800001d0 (0x0090200b) regext  x0, x0,  0 0 1 1 
core   2: 3 0x800001d0 (0x0090200b)
core   3: 0x800001d0 (0x0090200b) regext  x0, x0,  0 0 1 1 
core   3: 3 0x800001d0 (0x0090200b)
core   0: 0x800001d4 (0x7f80212b) vlw.v   v2, x0, -8
core   0: 3 0x800001d4 (0x7f80212b) e32 m1 l16 v34 0000ffff 0x00000000 00000000 00000000 00000000 00000000 00000000 00000000 00000000 00000000 00000000 00000000 00000000 00000000 00000000 00000000 00000000  c8_vstart 0x00000000 mem 0x90004100 mem 0x90004104 mem 0x90004108 mem 0x9000410c mem 0x90004110 mem 0x90004114 mem 0x90004118 mem 0x9000411c mem 0x90004120 mem 0x90004124 mem 0x90004128 mem 0x9000412c mem 0x90004130 mem 0x90004134 mem 0x90004138 mem 0x9000413c
core   1: 0x800001d4 (0x7f80212b) vlw.v   v2, x0, -8
core   1: 3 0x800001d4 (0x7f80212b) e32 m1 l16 v34 0000ffff 0x00000000 00000000 00000000 00000000 00000000 00000000 00000000 00000000 00000000 00000000 00000000 00000000 00000000 00000000 00000000 00000000  c8_vstart 0x00000000 mem 0x90004140 mem 0x90004144 mem 0x90004148 mem 0x9000414c mem 0x90004150 mem 0x90004154 mem 0x90004158 mem 0x9000415c mem 0x90004160 mem 0x90004164 mem 0x90004168 mem 0x9000416c mem 0x90004170 mem 0x90004174 mem 0x90004178 mem 0x9000417c
core   2: 0x800001d4 (0x7f80212b) vlw.v   v2, x0, -8
core   2: 3 0x800001d4 (0x7f80212b) e32 m1 l16 v34 0000ffff 0x00000000 00000000 00000000 00000000 00000000 00000000 00000000 00000000 00000000 00000000 00000000 00000000 00000000 00000000 00000000 00000000  c8_vstart 0x00000000 mem 0x90004180 mem 0x90004184 mem 0x90004188 mem 0x9000418c mem 0x90004190 mem 0x90004194 mem 0x90004198 mem 0x9000419c mem 0x900041a0 mem 0x900041a4 mem 0x900041a8 mem 0x900041ac mem 0x900041b0 mem 0x900041b4 mem 0x900041b8 mem 0x900041bc
core   3: 0x800001d4 (0x7f80212b) vlw.v   v2, x0, -8
core   3: 3 0x800001d4 (0x7f80212b) e32 m1 l16 v34 0000ffff 0x00000000 00000000 00000000 00000000 00000000 00000000 00000000 00000000 00000000 00000000 00000000 00000000 00000000 00000000 00000000 00000000  c8_vstart 0x00000000 mem 0x900041c0 mem 0x900041c4 mem 0x900041c8 mem 0x900041cc mem 0x900041d0 mem 0x900041d4 mem 0x900041d8 mem 0x900041dc mem 0x900041e0 mem 0x900041e4 mem 0x900041e8 mem 0x900041ec mem 0x900041f0 mem 0x900041f4 mem 0x900041f8 mem 0x900041fc
core   0: 0x800001d8 (0x0090200b) regext  x0, x0,  0 0 1 1 
core   0: 3 0x800001d8 (0x0090200b)
core   1: 0x800001d8 (0x0090200b) regext  x0, x0,  0 0 1 1 
core   1: 3 0x800001d8 (0x0090200b)
core   2: 0x800001d8 (0x0090200b) regext  x0, x0,  0 0 1 1 
core   2: 3 0x800001d8 (0x0090200b)
core   3: 0x800001d8 (0x0090200b) regext  x0, x0,  0 0 1 1 
core   3: 3 0x800001d8 (0x0090200b)
core   0: 0x800001dc (0x7f4021ab) vlw.v   v3, x0, -12
core   0: 3 0x800001dc (0x7f4021ab) e32 m1 l16 v35 0000ffff 0x00000000 00000000 00000000 00000000 00000000 00000000 00000000 00000000 00000000 00000000 00000000 00000000 00000000 00000000 00000000 00000000  c8_vstart 0x00000000 mem 0x90004000 mem 0x90004004 mem 0x90004008 mem 0x9000400c mem 0x90004010 mem 0x90004014 mem 0x90004018 mem 0x9000401c mem 0x90004020 mem 0x90004024 mem 0x90004028 mem 0x9000402c mem 0x90004030 mem 0x90004034 mem 0x90004038 mem 0x9000403c
core   1: 0x800001dc (0x7f4021ab) vlw.v   v3, x0, -12
core   1: 3 0x800001dc (0x7f4021ab) e32 m1 l16 v35 0000ffff 0x00000000 00000000 00000000 00000000 00000000 00000000 00000000 00000000 00000000 00000000 00000000 00000000 00000000 00000000 00000000 00000000  c8_vstart 0x00000000 mem 0x90004040 mem 0x90004044 mem 0x90004048 mem 0x9000404c mem 0x90004050 mem 0x90004054 mem 0x90004058 mem 0x9000405c mem 0x90004060 mem 0x90004064 mem 0x90004068 mem 0x9000406c mem 0x90004070 mem 0x90004074 mem 0x90004078 mem 0x9000407c
core   2: 0x800001dc (0x7f4021ab) vlw.v   v3, x0, -12
core   2: 3 0x800001dc (0x7f4021ab) e32 m1 l16 v35 0000ffff 0x00000000 00000000 00000000 00000000 00000000 00000000 00000000 00000000 00000000 00000000 00000000 00000000 00000000 00000000 00000000 00000000  c8_vstart 0x00000000 mem 0x90004080 mem 0x90004084 mem 0x90004088 mem 0x9000408c mem 0x90004090 mem 0x90004094 mem 0x90004098 mem 0x9000409c mem 0x900040a0 mem 0x900040a4 mem 0x900040a8 mem 0x900040ac mem 0x900040b0 mem 0x900040b4 mem 0x900040b8 mem 0x900040bc
core   3: 0x800001dc (0x7f4021ab) vlw.v   v3, x0, -12
core   3: 3 0x800001dc (0x7f4021ab) e32 m1 l16 v35 0000ffff 0x00000000 00000000 00000000 00000000 00000000 00000000 00000000 00000000 00000000 00000000 00000000 00000000 00000000 00000000 00000000 00000000  c8_vstart 0x00000000 mem 0x900040c0 mem 0x900040c4 mem 0x900040c8 mem 0x900040cc mem 0x900040d0 mem 0x900040d4 mem 0x900040d8 mem 0x900040dc mem 0x900040e0 mem 0x900040e4 mem 0x900040e8 mem 0x900040ec mem 0x900040f0 mem 0x900040f4 mem 0x900040f8 mem 0x900040fc
core   0: 0x800001e0 (0xff410113) addi    x2, x2, -12
core   0: 3 0x800001e0 (0xff410113) x2  0x70000000
core   1: 0x800001e0 (0xff410113) addi    x2, x2, -12
core   1: 3 0x800001e0 (0xff410113) x2  0x70000400
core   2: 0x800001e0 (0xff410113) addi    x2, x2, -12
core   2: 3 0x800001e0 (0xff410113) x2  0x70000800
core   3: 0x800001e0 (0xff410113) addi    x2, x2, -12
core   3: 3 0x800001e0 (0xff410113) x2  0x70000c00
core   0: 0x800001e4 (0xff420213) addi    x4, x4, -12
core   0: 3 0x800001e4 (0xff420213) x4  0x00000000
core   1: 0x800001e4 (0xff420213) addi    x4, x4, -12
core   1: 3 0x800001e4 (0xff420213) x4  0x00000000
core   2: 0x800001e4 (0xff420213) addi    x4, x4, -12
core   2: 3 0x800001e4 (0xff420213) x4  0x00000000
core   3: 0x800001e4 (0xff420213) addi    x4, x4, -12
core   3: 3 0x800001e4 (0xff420213) x4  0x00000000
core   0: 0x800001e8 (0x0010200b) regext  x0, x0,  0 0 0 1 
core   0: 3 0x800001e8 (0x0010200b)
core   1: 0x800001e8 (0x0010200b) regext  x0, x0,  0 0 0 1 
core   1: 3 0x800001e8 (0x0010200b)
core   2: 0x800001e8 (0x0010200b) regext  x0, x0,  0 0 0 1 
core   2: 3 0x800001e8 (0x0010200b)
core   3: 0x800001e8 (0x0010200b) regext  x0, x0,  0 0 0 1 
core   3: 3 0x800001e8 (0x0010200b)
core   0: 0x800001ec (0x5e024057) vmv.v.x v0, x4
core   0: 3 0x800001ec (0x5e024057) c8_vstart 0x00000000 e32 m1 l16 v32 0000ffff 0x00000000 00000000 00000000 00000000 00000000 00000000 00000000 00000000 00000000 00000000 00000000 00000000 00000000 00000000 00000000 00000000 
core   1: 0x800001ec (0x5e024057) vmv.v.x v0, x4
core   1: 3 0x800001ec (0x5e024057) c8_vstart 0x00000000 e32 m1 l16 v32 0000ffff 0x00000000 00000000 00000000 00000000 00000000 00000000 00000000 00000000 00000000 00000000 00000000 00000000 00000000 00000000 00000000 00000000 
core   2: 0x800001ec (0x5e024057) vmv.v.x v0, x4
core   2: 3 0x800001ec (0x5e024057) c8_vstart 0x00000000 e32 m1 l16 v32 0000ffff 0x00000000 00000000 00000000 00000000 00000000 00000000 00000000 00000000 00000000 00000000 00000000 00000000 00000000 00000000 00000000 00000000 
core   3: 0x800001ec (0x5e024057) vmv.v.x v0, x4
core   3: 3 0x800001ec (0x5e024057) c8_vstart 0x00000000 e32 m1 l16 v32 0000ffff 0x00000000 00000000 00000000 00000000 00000000 00000000 00000000 00000000 00000000 00000000 00000000 00000000 00000000 00000000 00000000 00000000 
core   0: 0x800001f0 (0x00008067) ret
core   0: 3 0x800001f0 (0x00008067)
core   1: 0x800001f0 (0x00008067) ret
core   1: 3 0x800001f0 (0x00008067)
core   2: 0x800001f0 (0x00008067) ret
core   2: 3 0x800001f0 (0x00008067)
core   3: 0x800001f0 (0x00008067) ret
core   3: 3 0x800001f0 (0x00008067)
core   0: 0x800000a0 (0x0000400b) endprg  x0, x0, x0
core   0: 3 0x800000a0 (0x0000400b)
core   1: 0x800000a0 (0x0000400b) endprg  x0, x0, x0
core   1: 3 0x800000a0 (0x0000400b)
core   2: 0x800000a0 (0x0000400b) endprg  x0, x0, x0
core   2: 3 0x800000a0 (0x0000400b)
core   3: 0x800000a0 (0x0000400b) endprg  x0, x0, x0
core   3: 3 0x800000a0 (0x0000400b)
core   0: 0x800000a4 (0x0040006f) j       pc + 0x4
core   0: 3 0x800000a4 (0x0040006f)
core   0: 0x800000a8 (0x00100313) li      x6, 1
core   0: 3 0x800000a8 (0x00100313) x6  0x00000001
core   0: 0x800000ac (0x00001297) auipc   x5, 0x1
core   0: 3 0x800000ac (0x00001297) x5  0x800010ac
core   0: 0x800000b0 (0xf5428293) addi    x5, x5, -172
core   0: 3 0x800000b0 (0xf5428293) x5  0x80001000
core   0: 0x800000b4 (0x0062a023) sw      x6, 0(x5)
core   0: 3 0x800000b4 (0x0062a023) mem 0x80001000 0x00000001
