core   0: 0x00001000 (0x00000297) auipc   x5, 0x0
core   0: 3 0x00001000 (0x00000297) x5  0x00001000
core   0: 0x00001004 (0x02028593) addi    x11, x5, 32
core   0: 3 0x00001004 (0x02028593) x11 0x00001020
core   0: 0x00001008 (0xf1402573) csrr    x10, mhartid
core   0: 3 0x00001008 (0xf1402573) x10 0x00000000
core   0: 0x0000100c (0x0182a283) lw      x5, 24(x5)
core   0: 3 0x0000100c (0x0182a283) x5  0x80000000 mem 0x00001018
core   0: 0x00001010 (0x00028067) jr      x5
core   0: 3 0x00001010 (0x00028067)
core   0: 0x80000000 (0x00004197) auipc   x3, 0x4
core   0: 3 0x80000000 (0x00004197) x3  0x80004000
core   0: 0x80000004 (0x80818193) addi    x3, x3, -2040
core   0: 3 0x80000004 (0x80818193) x3  0x80003808
core   0: 0x80000008 (0x02000e93) li      x29, 32
core   0: 3 0x80000008 (0x02000e93) x29 0x00000020
core   0: 0x8000000c (0x0d0efed7) vsetvli x29, x29, e32, m1, ta, ma
core   0: 3 0x8000000c (0x0d0efed7) x29 0x00000010 c8_vstart 0x00000000 c3104_vl 0x00000010 c3105_vtype 0x000000d0 c768_mstatus 0x80000600
core   0: 0x80000010 (0x00002eb7) lui     x29, 0x2
core   0: 3 0x80000010 (0x00002eb7) x29 0x00002000
core   0: 0x80000014 (0x300eaef3) csrrs   x29, mstatus, x29
core   0: 3 0x80000014 (0x300eaef3) x29 0x80000600 c768_mstatus 0x80006600
core   0: 0x80000018 (0x00000e93) li      x29, 0
core   0: 3 0x80000018 (0x00000e93) x29 0x00000000
core   0: 0x8000001c (0x80502373) csrr    x6, wid
core   0: 3 0x8000001c (0x80502373) x6  0x00000000
core   0: 0x80000020 (0x806023f3) csrr    x7, lds
core   0: 3 0x80000020 (0x806023f3) x7  0x70000000
core   0: 0x80000024 (0x40000e13) li      x28, 1024
core   0: 3 0x80000024 (0x40000e13) x28 0x00000400
core   0: 0x80000028 (0x03c30333) mul     x6, x6, x28
core   0: 3 0x80000028 (0x03c30333) x6  0x00000000
core   0: 0x8000002c (0x00730133) add     x2, x6, x7
core   0: 3 0x8000002c (0x00730133) x2  0x70000000
core   0: 0x80000030 (0x00000213) li      x4, 0
core   0: 3 0x80000030 (0x00000213) x4  0x00000000
core   0: 0x80000034 (0x80102f73) csrr    x30, numw
core   0: 3 0x80000034 (0x80102f73) x30 0x00000001
core   0: 0x80000038 (0x40000e13) li      x28, 1024
core   0: 3 0x80000038 (0x40000e13) x28 0x00000400
core   0: 0x8000003c (0x03cf0f33) mul     x30, x30, x28
core   0: 3 0x8000003c (0x03cf0f33) x30 0x00000400
core   0: 0x80000040 (0x01e38433) add     x8, x7, x30
core   0: 3 0x80000040 (0x01e38433) x8  0x70000400
core   0: 0x80000044 (0x00003517) auipc   x10, 0x3
core   0: 3 0x80000044 (0x00003517) x10 0x80003044
core   0: 0x80000048 (0xfc450513) addi    x10, x10, -60
core   0: 3 0x80000048 (0xfc450513) x10 0x80003008
core   0: 0x8000004c (0x00003617) auipc   x12, 0x3
core   0: 3 0x8000004c (0x00003617) x12 0x8000304c
core   0: 0x80000050 (0xfbc60613) addi    x12, x12, -68
core   0: 3 0x80000050 (0xfbc60613) x12 0x80003008
core   0: 0x80000054 (0x00c50863) beq     x10, x12, pc + 16
core   0: 3 0x80000054 (0x00c50863)
core   0: 0x80000064 (0x803022f3) csrr    x5, knl
core   0: 3 0x80000064 (0x803022f3) x5  0x900e3000
core   0: 0x80000068 (0x0002a303) lw      x6, 0(x5)
core   0: 3 0x80000068 (0x0002a303) x6  0x800000b8 mem 0x900e3000
core   0: 0x8000006c (0x0042a503) lw      x10, 4(x5)
core   0: 3 0x8000006c (0x0042a503) x10 0x90002000 mem 0x900e3004
core   0: 0x80000070 (0x0302a383) lw      x7, 48(x5)
core   0: 3 0x80000070 (0x0302a383) x7  0x00000000 mem 0x900e3030
core   0: 0x80000074 (0x0342ae03) lw      x28, 52(x5)
core   0: 3 0x80000074 (0x0342ae03) x28 0x00000000 mem 0x900e3034
core   0: 0x80000078 (0x00003e97) auipc   x29, 0x3
core   0: 3 0x80000078 (0x00003e97) x29 0x80003078
core   0: 0x8000007c (0xf88e8e93) addi    x29, x29, -120
core   0: 3 0x8000007c (0xf88e8e93) x29 0x80003000
core   0: 0x80000080 (0x00003f17) auipc   x30, 0x3
core   0: 3 0x80000080 (0x00003f17) x30 0x80003080
core   0: 0x80000084 (0xf84f0f13) addi    x30, x30, -124
core   0: 3 0x80000084 (0xf84f0f13) x30 0x80003004
core   0: 0x80000088 (0x007ea023) sw      x7, 0(x29)
core   0: 3 0x80000088 (0x007ea023) mem 0x80003000 0x00000000
core   0: 0x8000008c (0x01cf2023) sw      x28, 0(x30)
core   0: 3 0x8000008c (0x01cf2023) mem 0x80003004 0x00000000
core   0: 0x80000090 (0x00000f97) auipc   x31, 0x0
core   0: 3 0x80000090 (0x00000f97) x31 0x80000090
core   0: 0x80000094 (0x018f8f93) addi    x31, x31, 24
core   0: 3 0x80000094 (0x018f8f93) x31 0x800000a8
core   0: 0x80000098 (0x305f9073) csrw    mtvec, x31
core   0: 3 0x80000098 (0x305f9073) c773_mtvec 0x800000a8
core   0: 0x8000009c (0x000300e7) jalr    x6
core   0: 3 0x8000009c (0x000300e7) x1  0x800000a0
core   0: 0x800000b8 (0x03410113) addi    x2, x2, 52
core   0: 3 0x800000b8 (0x03410113) x2  0x70000034
core   0: 0x800000bc (0x00420213) addi    x4, x4, 4
core   0: 3 0x800000bc (0x00420213) x4  0x00000004
core   0: 0x800000c0 (0x0010200b) regext  x0, x0,  0 0 0 1 
core   0: 3 0x800000c0 (0x0010200b)
core   0: 0x800000c4 (0x5e024057) vmv.v.x v0, x4
core   0: 3 0x800000c4 (0x5e024057) c8_vstart 0x00000000 e32 m1 l16 v32 0000ffff 0x00000004 00000004 00000004 00000004 00000004 00000004 00000004 00000004 00000004 00000004 00000004 00000004 00000004 00000004 00000004 00000004 
core   0: 0x800000c8 (0xfc112623) sw      x1, -52(x2)
core   0: 3 0x800000c8 (0xfc112623) mem 0x70000000 0x800000a0
core   0: 0x800000cc (0x0480200b) regext  x0, x0,  0 1 1 0 
core   0: 3 0x800000cc (0x0480200b)
core   0: 0x800000d0 (0xfe102e2b) vsw.v   v1, x0, -4
core   0: 3 0x800000d0 (0xfe102e2b) c8_vstart 0x00000000 mem 0x90003000 0x00000000 mem 0x90003004 0x00000000 mem 0x90003008 0x00000000 mem 0x9000300c 0x00000000 mem 0x90003010 0x00000000 mem 0x90003014 0x00000000 mem 0x90003018 0x00000000 mem 0x9000301c 0x00000000 mem 0x90003020 0x00000000 mem 0x90003024 0x00000000 mem 0x90003028 0x00000000 mem 0x9000302c 0x00000000 mem 0x90003030 0x00000000 mem 0x90003034 0x00000000 mem 0x90003038 0x00000000 mem 0x9000303c 0x00000000
core   0: 0x800000d4 (0x00452283) lw      x5, 4(x10)
core   0: 3 0x800000d4 (0x00452283) x5  0x90001000 mem 0x90002004
core   0: 0x800000d8 (0xfe512e23) sw      x5, -4(x2)
core   0: 3 0x800000d8 (0xfe512e23) mem 0x70000030 0x90001000
core   0: 0x800000dc (0x03052283) lw      x5, 48(x10)
core   0: 3 0x800000dc (0x03052283) x5  0x3f800000 mem 0x90002030
core   0: 0x800000e0 (0xfe512c23) sw      x5, -8(x2)
core   0: 3 0x800000e0 (0xfe512c23) mem 0x7000002c 0x3f800000
core   0: 0x800000e4 (0x02c52283) lw      x5, 44(x10)
core   0: 3 0x800000e4 (0x02c52283) x5  0x3f800000 mem 0x9000202c
core   0: 0x800000e8 (0xfe512a23) sw      x5, -12(x2)
core   0: 3 0x800000e8 (0xfe512a23) mem 0x70000028 0x3f800000
core   0: 0x800000ec (0x02852283) lw      x5, 40(x10)
core   0: 3 0x800000ec (0x02852283) x5  0x3f800000 mem 0x90002028
core   0: 0x800000f0 (0xfe512823) sw      x5, -16(x2)
core   0: 3 0x800000f0 (0xfe512823) mem 0x70000024 0x3f800000
core   0: 0x800000f4 (0x02452283) lw      x5, 36(x10)
core   0: 3 0x800000f4 (0x02452283) x5  0x3f800000 mem 0x90002024
core   0: 0x800000f8 (0xfe512623) sw      x5, -20(x2)
core   0: 3 0x800000f8 (0xfe512623) mem 0x70000020 0x3f800000
core   0: 0x800000fc (0x02052283) lw      x5, 32(x10)
core   0: 3 0x800000fc (0x02052283) x5  0x3f800000 mem 0x90002020
core   0: 0x80000100 (0xfe512423) sw      x5, -24(x2)
core   0: 3 0x80000100 (0xfe512423) mem 0x7000001c 0x3f800000
core   0: 0x80000104 (0x01c52283) lw      x5, 28(x10)
core   0: 3 0x80000104 (0x01c52283) x5  0x3f800000 mem 0x9000201c
core   0: 0x80000108 (0xfe512223) sw      x5, -28(x2)
core   0: 3 0x80000108 (0xfe512223) mem 0x70000018 0x3f800000
core   0: 0x8000010c (0x01852283) lw      x5, 24(x10)
core   0: 3 0x8000010c (0x01852283) x5  0x3f800000 mem 0x90002018
core   0: 0x80000110 (0xfe512023) sw      x5, -32(x2)
core   0: 3 0x80000110 (0xfe512023) mem 0x70000014 0x3f800000
core   0: 0x80000114 (0x01052283) lw      x5, 16(x10)
core   0: 3 0x80000114 (0x01052283) x5  0x3f800000 mem 0x90002010
core   0: 0x80000118 (0xfc512e23) sw      x5, -36(x2)
core   0: 3 0x80000118 (0xfc512e23) mem 0x70000010 0x3f800000
core   0: 0x8000011c (0x01452283) lw      x5, 20(x10)
core   0: 3 0x8000011c (0x01452283) x5  0x3f800000 mem 0x90002014
core   0: 0x80000120 (0xfc512c23) sw      x5, -40(x2)
core   0: 3 0x80000120 (0xfc512c23) mem 0x7000000c 0x3f800000
core   0: 0x80000124 (0x00052283) lw      x5, 0(x10)
core   0: 3 0x80000124 (0x00052283) x5  0x90000000 mem 0x90002000
core   0: 0x80000128 (0xfc512a23) sw      x5, -44(x2)
core   0: 3 0x80000128 (0xfc512a23) mem 0x70000008 0x90000000
core   0: 0x8000012c (0x00852283) lw      x5, 8(x10)
core   0: 3 0x8000012c (0x00852283) x5  0x00000010 mem 0x90002008
core   0: 0x80000130 (0xfc512823) sw      x5, -48(x2)
core   0: 3 0x80000130 (0xfc512823) mem 0x70000004 0x00000010
core   0: 0x80000134 (0x5e004057) vmv.v.x v0, x0
core   0: 3 0x80000134 (0x5e004057) c8_vstart 0x00000000 e32 m1 l16 v0  0000ffff 0x00000000 00000000 00000000 00000000 00000000 00000000 00000000 00000000 00000000 00000000 00000000 00000000 00000000 00000000 00000000 00000000 
core   0: 0x80000138 (0x154000ef) jal     pc + 0x154
core   0: 3 0x80000138 (0x154000ef) x1  0x8000013c
core   0: 0x8000028c (0x00410113) addi    x2, x2, 4
core   0: 3 0x8000028c (0x00410113) x2  0x70000038
core   0: 0x80000290 (0xfe112e23) sw      x1, -4(x2)
core   0: 3 0x80000290 (0xfe112e23) mem 0x70000034 0x8000013c
core   0: 0x80000294 (0x00200293) li      x5, 2
core   0: 3 0x80000294 (0x00200293) x5  0x00000002
core   0: 0x80000298 (0x5e02c0d7) vmv.v.x v1, x5
core   0: 3 0x80000298 (0x5e02c0d7) c8_vstart 0x00000000 e32 m1 l16 v1  0000ffff 0x00000002 00000002 00000002 00000002 00000002 00000002 00000002 00000002 00000002 00000002 00000002 00000002 00000002 00000002 00000002 00000002 
core   0: 0x8000029c (0x00000317) auipc   x6, 0x0
core   0: 3 0x8000029c (0x00000317) x6  0x8000029c
core   0: 0x800002a0 (0x04c3305b) setrpc  x0, x6, 76
core   0: 3 0x800002a0 (0x04c3305b) c2060_rpc 0x800002e8 current mask:	0000ffff current npc:	00000000 stack size: 0
core   0: 0x800002a4 (0x0200885b) vbeq    v0, v1, pc + 48
core   0: 3 0x800002a4 (0x0200885b) c8_vstart 0x00000000 e32 m1 l16 current mask:	0000ffff current npc:	800002a8 stack size: 0
core   0: 0x800002a8 (0x00100293) li      x5, 1
core   0: 3 0x800002a8 (0x00100293) x5  0x00000001
core   0: 0x800002ac (0x5e02c0d7) vmv.v.x v1, x5
core   0: 3 0x800002ac (0x5e02c0d7) c8_vstart 0x00000000 e32 m1 l16 v1  0000ffff 0x00000001 00000001 00000001 00000001 00000001 00000001 00000001 00000001 00000001 00000001 00000001 00000001 00000001 00000001 00000001 00000001 
core   0: 0x800002b0 (0x00000317) auipc   x6, 0x0
core   0: 3 0x800002b0 (0x00000317) x6  0x800002b0
core   0: 0x800002b4 (0x0383305b) setrpc  x0, x6, 56
core   0: 3 0x800002b4 (0x0383305b) c2060_rpc 0x800002e8 current mask:	0000ffff current npc:	800002a8 stack size: 0
core   0: 0x800002b8 (0x0200825b) vbeq    v0, v1, pc + 36
core   0: 3 0x800002b8 (0x0200825b) c8_vstart 0x00000000 e32 m1 l16 current mask:	0000ffff current npc:	800002bc stack size: 0
core   0: 0x800002bc (0x5e0040d7) vmv.v.x v1, x0
core   0: 3 0x800002bc (0x5e0040d7) c8_vstart 0x00000000 e32 m1 l16 v1  0000ffff 0x00000000 00000000 00000000 00000000 00000000 00000000 00000000 00000000 00000000 00000000 00000000 00000000 00000000 00000000 00000000 00000000 
core   0: 0x800002c0 (0x00000317) auipc   x6, 0x0
core   0: 3 0x800002c0 (0x00000317) x6  0x800002c0
core   0: 0x800002c4 (0x0283305b) setrpc  x0, x6, 40
core   0: 3 0x800002c4 (0x0283305b) c2060_rpc 0x800002e8 current mask:	0000ffff current npc:	800002bc stack size: 0
core   0: 0x800002c8 (0x00009e5b) vbne    v0, v1, pc + 28
core   0: 3 0x800002c8 (0x00009e5b) c8_vstart 0x00000000 e32 m1 l16 current mask:	0000ffff current npc:	800002cc stack size: 0
core   0: 0x800002cc (0x1a0000ef) jal     pc + 0x1a0
core   0: 3 0x800002cc (0x1a0000ef) x1  0x800002d0
core   0: 0x8000046c (0x00410113) addi    x2, x2, 4
core   0: 3 0x8000046c (0x00410113) x2  0x7000003c
core   0: 0x80000470 (0xfe112e23) sw      x1, -4(x2)
core   0: 3 0x80000470 (0xfe112e23) mem 0x70000038 0x800002d0
core   0: 0x80000474 (0xf1dff0ef) jal     pc - 0xe4
core   0: 3 0x80000474 (0xf1dff0ef) x1  0x80000478
core   0: 0x80000390 (0x00410113) addi    x2, x2, 4
core   0: 3 0x80000390 (0x00410113) x2  0x70000040
core   0: 0x80000394 (0xfe112e23) sw      x1, -4(x2)
core   0: 3 0x80000394 (0xfe112e23) mem 0x7000003c 0x80000478
core   0: 0x80000398 (0x80302573) csrr    x10, knl
core   0: 3 0x80000398 (0x80302573) x10 0x900e3000
core   0: 0x8000039c (0x00852283) lw      x5, 8(x10)
core   0: 3 0x8000039c (0x00852283) x5  0x00000002 mem 0x900e3008
core   0: 0x800003a0 (0x80002373) csrr    x6, tid
core   0: 3 0x800003a0 (0x80002373) x6  0x00000000
core   0: 0x800003a4 (0x5208a157) vid.v   v2
core   0: 3 0x800003a4 (0x5208a157) c8_vstart 0x00000000 e32 m1 l16 v2  0000ffff 0x0000000f 0000000e 0000000d 0000000c 0000000b 0000000a 00000009 00000008 00000007 00000006 00000005 00000004 00000003 00000002 00000001 00000000 
core   0: 0x800003a8 (0x02234057) vadd.vx v0, v2, x6
core   0: 3 0x800003a8 (0x02234057) c8_vstart 0x00000000 e32 m1 l16 v0  0000ffff 0x0000000f 0000000e 0000000d 0000000c 0000000b 0000000a 00000009 00000008 00000007 00000006 00000005 00000004 00000003 00000002 00000001 00000000 
core   0: 0x800003ac (0x01852e03) lw      x28, 24(x10)
core   0: 3 0x800003ac (0x01852e03) x28 0x0000000e mem 0x900e3018
core   0: 0x800003b0 (0x8a0e6057) vremu.vx v0, v0, x28
core   0: 3 0x800003b0 (0x8a0e6057) c8_vstart 0x00000000 e32 m1 l16 v0  0000ffff 0x00000001 00000000 0000000d 0000000c 0000000b 0000000a 00000009 00000008 00000007 00000006 00000005 00000004 00000003 00000002 00000001 00000000 
core   0: 0x800003b4 (0xffc12083) lw      x1, -4(x2)
core   0: 3 0x800003b4 (0xffc12083) x1  0x80000478 mem 0x7000003c
core   0: 0x800003b8 (0xffc10113) addi    x2, x2, -4
core   0: 3 0x800003b8 (0xffc10113) x2  0x7000003c
core   0: 0x800003bc (0x00008067) ret
core   0: 3 0x800003bc (0x00008067)
core   0: 0x80000478 (0x80302573) csrr    x10, knl
core   0: 3 0x80000478 (0x80302573) x10 0x900e3000
core   0: 0x8000047c (0x80802373) csrr    x6, gidx
core   0: 3 0x8000047c (0x80802373) x6  0x00000000
core   0: 0x80000480 (0x01852e03) lw      x28, 24(x10)
core   0: 3 0x80000480 (0x01852e03) x28 0x0000000e mem 0x900e3018
core   0: 0x80000484 (0x02452e83) lw      x29, 36(x10)
core   0: 3 0x80000484 (0x02452e83) x29 0x00000001 mem 0x900e3024
core   0: 0x80000488 (0x03c30fb3) mul     x31, x6, x28
core   0: 3 0x80000488 (0x03c30fb3) x31 0x00000000
core   0: 0x8000048c (0x01df8fb3) add     x31, x31, x29
core   0: 3 0x8000048c (0x01df8fb3) x31 0x00000001
core   0: 0x80000490 (0x020fc057) vadd.vx v0, v0, x31
core   0: 3 0x80000490 (0x020fc057) c8_vstart 0x00000000 e32 m1 l16 v0  0000ffff 0x00000002 00000001 0000000e 0000000d 0000000c 0000000b 0000000a 00000009 00000008 00000007 00000006 00000005 00000004 00000003 00000002 00000001 
core   0: 0x80000494 (0xffc12083) lw      x1, -4(x2)
core   0: 3 0x80000494 (0xffc12083) x1  0x800002d0 mem 0x70000038
core   0: 0x80000498 (0xffc10113) addi    x2, x2, -4
core   0: 3 0x80000498 (0xffc10113) x2  0x70000038
core   0: 0x8000049c (0x00008067) ret
core   0: 3 0x8000049c (0x00008067)
core   0: 0x800002d0 (0x0180006f) j       pc + 0x18
core   0: 3 0x800002d0 (0x0180006f)
core   0: 0x800002e8 (0x0000205b) join    v0, v0, pc + 0
core   0: 3 0x800002e8 (0x0000205b) current mask:	0000ffff current npc:	800002cc stack size: 0
core   0: 0x800002ec (0xffc12083) lw      x1, -4(x2)
core   0: 3 0x800002ec (0xffc12083) x1  0x8000013c mem 0x70000034
core   0: 0x800002f0 (0xffc10113) addi    x2, x2, -4
core   0: 3 0x800002f0 (0xffc10113) x2  0x70000034
core   0: 0x800002f4 (0x00008067) ret
core   0: 3 0x800002f4 (0x00008067)
core   0: 0x8000013c (0x0010200b) regext  x0, x0,  0 0 0 1 
core   0: 3 0x8000013c (0x0010200b)
core   0: 0x80000140 (0x020040d7) vadd.vx v1, v0, x0
core   0: 3 0x80000140 (0x020040d7) c8_vstart 0x00000000 e32 m1 l16 v33 0000ffff 0x00000002 00000001 0000000e 0000000d 0000000c 0000000b 0000000a 00000009 00000008 00000007 00000006 00000005 00000004 00000003 00000002 00000001 
core   0: 0x80000144 (0x00100293) li      x5, 1
core   0: 3 0x80000144 (0x00100293) x5  0x00000001
core   0: 0x80000148 (0x5e02c057) vmv.v.x v0, x5
core   0: 3 0x80000148 (0x5e02c057) c8_vstart 0x00000000 e32 m1 l16 v0  0000ffff 0x00000001 00000001 00000001 00000001 00000001 00000001 00000001 00000001 00000001 00000001 00000001 00000001 00000001 00000001 00000001 00000001 
core   0: 0x8000014c (0x140000ef) jal     pc + 0x140
core   0: 3 0x8000014c (0x140000ef) x1  0x80000150
core   0: 0x8000028c (0x00410113) addi    x2, x2, 4
core   0: 3 0x8000028c (0x00410113) x2  0x70000038
core   0: 0x80000290 (0xfe112e23) sw      x1, -4(x2)
core   0: 3 0x80000290 (0xfe112e23) mem 0x70000034 0x80000150
core   0: 0x80000294 (0x00200293) li      x5, 2
core   0: 3 0x80000294 (0x00200293) x5  0x00000002
core   0: 0x80000298 (0x5e02c0d7) vmv.v.x v1, x5
core   0: 3 0x80000298 (0x5e02c0d7) c8_vstart 0x00000000 e32 m1 l16 v1  0000ffff 0x00000002 00000002 00000002 00000002 00000002 00000002 00000002 00000002 00000002 00000002 00000002 00000002 00000002 00000002 00000002 00000002 
core   0: 0x8000029c (0x00000317) auipc   x6, 0x0
core   0: 3 0x8000029c (0x00000317) x6  0x8000029c
core   0: 0x800002a0 (0x04c3305b) setrpc  x0, x6, 76
core   0: 3 0x800002a0 (0x04c3305b) c2060_rpc 0x800002e8 current mask:	0000ffff current npc:	800002cc stack size: 0
core   0: 0x800002a4 (0x0200885b) vbeq    v0, v1, pc + 48
core   0: 3 0x800002a4 (0x0200885b) c8_vstart 0x00000000 e32 m1 l16 current mask:	0000ffff current npc:	800002a8 stack size: 0
core   0: 0x800002a8 (0x00100293) li      x5, 1
core   0: 3 0x800002a8 (0x00100293) x5  0x00000001
core   0: 0x800002ac (0x5e02c0d7) vmv.v.x v1, x5
core   0: 3 0x800002ac (0x5e02c0d7) c8_vstart 0x00000000 e32 m1 l16 v1  0000ffff 0x00000001 00000001 00000001 00000001 00000001 00000001 00000001 00000001 00000001 00000001 00000001 00000001 00000001 00000001 00000001 00000001 
core   0: 0x800002b0 (0x00000317) auipc   x6, 0x0
core   0: 3 0x800002b0 (0x00000317) x6  0x800002b0
core   0: 0x800002b4 (0x0383305b) setrpc  x0, x6, 56
core   0: 3 0x800002b4 (0x0383305b) c2060_rpc 0x800002e8 current mask:	0000ffff current npc:	800002a8 stack size: 0
core   0: 0x800002b8 (0x0200825b) vbeq    v0, v1, pc + 36
core   0: 3 0x800002b8 (0x0200825b) c8_vstart 0x00000000 e32 m1 l16 current mask:	0000ffff current npc:	800002dc stack size: 0
core   0: 0x800002dc (0x1c4000ef) jal     pc + 0x1c4
core   0: 3 0x800002dc (0x1c4000ef) x1  0x800002e0
core   0: 0x800004a0 (0x00410113) addi    x2, x2, 4
core   0: 3 0x800004a0 (0x00410113) x2  0x7000003c
core   0: 0x800004a4 (0xfe112e23) sw      x1, -4(x2)
core   0: 3 0x800004a4 (0xfe112e23) mem 0x70000038 0x800002e0
core   0: 0x800004a8 (0xf19ff0ef) jal     pc - 0xe8
core   0: 3 0x800004a8 (0xf19ff0ef) x1  0x800004ac
core   0: 0x800003c0 (0x00410113) addi    x2, x2, 4
core   0: 3 0x800003c0 (0x00410113) x2  0x70000040
core   0: 0x800003c4 (0xfe112e23) sw      x1, -4(x2)
core   0: 3 0x800003c4 (0xfe112e23) mem 0x7000003c 0x800004ac
core   0: 0x800003c8 (0x80302573) csrr    x10, knl
core   0: 3 0x800003c8 (0x80302573) x10 0x900e3000
core   0: 0x800003cc (0x00852283) lw      x5, 8(x10)
core   0: 3 0x800003cc (0x00852283) x5  0x00000002 mem 0x900e3008
core   0: 0x800003d0 (0x80002373) csrr    x6, tid
core   0: 3 0x800003d0 (0x80002373) x6  0x00000000
core   0: 0x800003d4 (0x5208a157) vid.v   v2
core   0: 3 0x800003d4 (0x5208a157) c8_vstart 0x00000000 e32 m1 l16 v2  0000ffff 0x0000000f 0000000e 0000000d 0000000c 0000000b 0000000a 00000009 00000008 00000007 00000006 00000005 00000004 00000003 00000002 00000001 00000000 
core   0: 0x800003d8 (0x02234057) vadd.vx v0, v2, x6
core   0: 3 0x800003d8 (0x02234057) c8_vstart 0x00000000 e32 m1 l16 v0  0000ffff 0x0000000f 0000000e 0000000d 0000000c 0000000b 0000000a 00000009 00000008 00000007 00000006 00000005 00000004 00000003 00000002 00000001 00000000 
core   0: 0x800003dc (0x01852e03) lw      x28, 24(x10)
core   0: 3 0x800003dc (0x01852e03) x28 0x0000000e mem 0x900e3018
core   0: 0x800003e0 (0x01c52e83) lw      x29, 28(x10)
core   0: 3 0x800003e0 (0x01c52e83) x29 0x00000001 mem 0x900e301c
core   0: 0x800003e4 (0x03ce8f33) mul     x30, x29, x28
core   0: 3 0x800003e4 (0x03ce8f33) x30 0x0000000e
core   0: 0x800003e8 (0x8a0f6057) vremu.vx v0, v0, x30
core   0: 3 0x800003e8 (0x8a0f6057) c8_vstart 0x00000000 e32 m1 l16 v0  0000ffff 0x00000001 00000000 0000000d 0000000c 0000000b 0000000a 00000009 00000008 00000007 00000006 00000005 00000004 00000003 00000002 00000001 00000000 
core   0: 0x800003ec (0x820e6057) vdivu.vx v0, v0, x28
core   0: 3 0x800003ec (0x820e6057) c8_vstart 0x00000000 e32 m1 l16 v0  0000ffff 0x00000000 00000000 00000000 00000000 00000000 00000000 00000000 00000000 00000000 00000000 00000000 00000000 00000000 00000000 00000000 00000000 
core   0: 0x800003f0 (0x5e0ec0d7) vmv.v.x v1, x29
core   0: 3 0x800003f0 (0x5e0ec0d7) c8_vstart 0x00000000 e32 m1 l16 v1  0000ffff 0x00000001 00000001 00000001 00000001 00000001 00000001 00000001 00000001 00000001 00000001 00000001 00000001 00000001 00000001 00000001 00000001 
core   0: 0x800003f4 (0x00000317) auipc   x6, 0x0
core   0: 3 0x800003f4 (0x00000317) x6  0x800003f4
core   0: 0x800003f8 (0x0143305b) setrpc  x0, x6, 20
core   0: 3 0x800003f8 (0x0143305b) c2060_rpc 0x80000408 current mask:	0000ffff current npc:	800002dc stack size: 0
core   0: 0x800003fc (0x0000c65b) vblt    v0, v1, pc + 12
core   0: 3 0x800003fc (0x0000c65b) c8_vstart 0x00000000 e32 m1 l16 current mask:	0000ffff current npc:	80000408 stack size: 0
core   0: 0x80000408 (0x0000205b) join    v0, v0, pc + 0
core   0: 3 0x80000408 (0x0000205b) current mask:	0000ffff current npc:	80000408 stack size: 0
core   0: 0x8000040c (0xffc12083) lw      x1, -4(x2)
core   0: 3 0x8000040c (0xffc12083) x1  0x800004ac mem 0x7000003c
core   0: 0x80000410 (0xffc10113) addi    x2, x2, -4
core   0: 3 0x80000410 (0xffc10113) x2  0x7000003c
core   0: 0x80000414 (0x00008067) ret
core   0: 3 0x80000414 (0x00008067)
core   0: 0x800004ac (0x80902373) csrr    x6, gidy
core   0: 3 0x800004ac (0x80902373) x6  0x00000000
core   0: 0x800004b0 (0x01c52383) lw      x7, 28(x10)
core   0: 3 0x800004b0 (0x01c52383) x7  0x00000001 mem 0x900e301c
core   0: 0x800004b4 (0x02852e83) lw      x29, 40(x10)
core   0: 3 0x800004b4 (0x02852e83) x29 0x00000001 mem 0x900e3028
core   0: 0x800004b8 (0x02730e33) mul     x28, x6, x7
core   0: 3 0x800004b8 (0x02730e33) x28 0x00000000
core   0: 0x800004bc (0x01de0e33) add     x28, x28, x29
core   0: 3 0x800004bc (0x01de0e33) x28 0x00000001
core   0: 0x800004c0 (0x020e4057) vadd.vx v0, v0, x28
core   0: 3 0x800004c0 (0x020e4057) c8_vstart 0x00000000 e32 m1 l16 v0  0000ffff 0x00000001 00000001 00000001 00000001 00000001 00000001 00000001 00000001 00000001 00000001 00000001 00000001 00000001 00000001 00000001 00000001 
core   0: 0x800004c4 (0xffc12083) lw      x1, -4(x2)
core   0: 3 0x800004c4 (0xffc12083) x1  0x800002e0 mem 0x70000038
core   0: 0x800004c8 (0xffc10113) addi    x2, x2, -4
core   0: 3 0x800004c8 (0xffc10113) x2  0x70000038
core   0: 0x800004cc (0x00008067) ret
core   0: 3 0x800004cc (0x00008067)
core   0: 0x800002e0 (0x0080006f) j       pc + 0x8
core   0: 3 0x800002e0 (0x0080006f)
core   0: 0x800002e8 (0x0000205b) join    v0, v0, pc + 0
core   0: 3 0x800002e8 (0x0000205b) current mask:	0000ffff current npc:	80000408 stack size: 0
core   0: 0x800002ec (0xffc12083) lw      x1, -4(x2)
core   0: 3 0x800002ec (0xffc12083) x1  0x80000150 mem 0x70000034
core   0: 0x800002f0 (0xffc10113) addi    x2, x2, -4
core   0: 3 0x800002f0 (0xffc10113) x2  0x70000034
core   0: 0x800002f4 (0x00008067) ret
core   0: 3 0x800002f4 (0x00008067)
core   0: 0x80000150 (0xfd012283) lw      x5, -48(x2)
core   0: 3 0x80000150 (0xfd012283) x5  0x00000010 mem 0x70000004
core   0: 0x80000154 (0x5e02c0d7) vmv.v.x v1, x5
core   0: 3 0x80000154 (0x5e02c0d7) c8_vstart 0x00000000 e32 m1 l16 v1  0000ffff 0x00000010 00000010 00000010 00000010 00000010 00000010 00000010 00000010 00000010 00000010 00000010 00000010 00000010 00000010 00000010 00000010 
core   0: 0x80000158 (0x0400200b) regext  x0, x0,  0 1 0 0 
core   0: 3 0x80000158 (0x0400200b)
core   0: 0x8000015c (0xa612e057) vmadd.vx v0, v1, x5
core   0: 3 0x8000015c (0xa612e057) c8_vstart 0x00000000 e32 m1 l16 v0  0000ffff 0x00000012 00000011 0000001e 0000001d 0000001c 0000001b 0000001a 00000019 00000018 00000017 00000016 00000015 00000014 00000013 00000012 00000011 
core   0: 0x80000160 (0x0010110b) vsub12.vi v2, v0, 1
core   0: 3 0x80000160 (0x0010110b) c8_vstart 0x00000000 e32 m1 l16 v2  0000ffff 0x00000011 00000010 0000001d 0000001c 0000001b 0000001a 00000019 00000018 00000017 00000016 00000015 00000014 00000013 00000012 00000011 00000010 
core   0: 0x80000164 (0x0a2081d7) vsub.vv v3, v2, v1
core   0: 3 0x80000164 (0x0a2081d7) c8_vstart 0x00000000 e32 m1 l16 v3  0000ffff 0x00000001 00000000 0000000d 0000000c 0000000b 0000000a 00000009 00000008 00000007 00000006 00000005 00000004 00000003 00000002 00000001 00000000 
core   0: 0x80000168 (0x963131d7) vsll.vi v3, v3, 2
core   0: 3 0x80000168 (0x963131d7) c8_vstart 0x00000000 e32 m1 l16 v3  0000ffff 0x00000004 00000000 00000034 00000030 0000002c 00000028 00000024 00000020 0000001c 00000018 00000014 00000010 0000000c 00000008 00000004 00000000 
core   0: 0x8000016c (0xfd412283) lw      x5, -44(x2)
core   0: 3 0x8000016c (0xfd412283) x5  0x90000000 mem 0x70000008
core   0: 0x80000170 (0x5e02c257) vmv.v.x v4, x5
core   0: 3 0x80000170 (0x5e02c257) c8_vstart 0x00000000 e32 m1 l16 v4  0000ffff 0x90000000 90000000 90000000 90000000 90000000 90000000 90000000 90000000 90000000 90000000 90000000 90000000 90000000 90000000 90000000 90000000 
core   0: 0x80000174 (0x0232c1d7) vadd.vx v3, v3, x5
core   0: 3 0x80000174 (0x0232c1d7) c8_vstart 0x00000000 e32 m1 l16 v3  0000ffff 0x90000004 90000000 90000034 90000030 9000002c 90000028 90000024 90000020 9000001c 90000018 90000014 90000010 9000000c 90000008 90000004 90000000 
core   0: 0x80000178 (0x0a0082d7) vsub.vv v5, v0, v1
core   0: 3 0x80000178 (0x0a0082d7) c8_vstart 0x00000000 e32 m1 l16 v5  0000ffff 0x00000002 00000001 0000000e 0000000d 0000000c 0000000b 0000000a 00000009 00000008 00000007 00000006 00000005 00000004 00000003 00000002 00000001 
core   0: 0x8000017c (0x965132d7) vsll.vi v5, v5, 2
core   0: 3 0x8000017c (0x965132d7) c8_vstart 0x00000000 e32 m1 l16 v5  0000ffff 0x00000008 00000004 00000038 00000034 00000030 0000002c 00000028 00000024 00000020 0000001c 00000018 00000014 00000010 0000000c 00000008 00000004 
core   0: 0x80000180 (0x024282d7) vadd.vv v5, v4, v5
core   0: 3 0x80000180 (0x024282d7) c8_vstart 0x00000000 e32 m1 l16 v5  0000ffff 0x90000008 90000004 90000038 90000034 90000030 9000002c 90000028 90000024 90000020 9000001c 90000018 90000014 90000010 9000000c 90000008 90000004 
core   0: 0x80000184 (0x0002a2fb) vlw12.v v5, v5, 0
core   0: 3 0x80000184 (0x0002a2fb) e32 m1 l16 v5  0000ffff 0x429dd45a 4250bb9d 428203f3 4272c742 4253b72c 42b8d607 429d2b80 42a85d82 423961b6 41a6c6b1 41e1ddca 418d7979 41b9f3d4 42b7c44a 429dd45a 4250bb9d  c8_vstart 0x00000000 mem 0x90000004 mem 0x90000008 mem 0x9000000c mem 0x90000010 mem 0x90000014 mem 0x90000018 mem 0x9000001c mem 0x90000020 mem 0x90000024 mem 0x90000028 mem 0x9000002c mem 0x90000030 mem 0x90000034 mem 0x90000038 mem 0x90000004 mem 0x90000008
core   0: 0x80000188 (0x0001a1fb) vlw12.v v3, v3, 0
core   0: 3 0x80000188 (0x0001a1fb) e32 m1 l16 v3  0000ffff 0x4250bb9d 426846d6 4272c742 4253b72c 42b8d607 429d2b80 42a85d82 423961b6 41a6c6b1 41e1ddca 418d7979 41b9f3d4 42b7c44a 429dd45a 4250bb9d 426846d6  c8_vstart 0x00000000 mem 0x90000000 mem 0x90000004 mem 0x90000008 mem 0x9000000c mem 0x90000010 mem 0x90000014 mem 0x90000018 mem 0x9000001c mem 0x90000020 mem 0x90000024 mem 0x90000028 mem 0x9000002c mem 0x90000030 mem 0x90000034 mem 0x90000000 mem 0x90000004
core   0: 0x8000018c (0xfd812283) lw      x5, -40(x2)
core   0: 3 0x8000018c (0xfd812283) x5  0x3f800000 mem 0x7000000c
core   0: 0x80000190 (0x5e02c357) vmv.v.x v6, x5
core   0: 3 0x80000190 (0x5e02c357) c8_vstart 0x00000000 e32 m1 l16 v6  0000ffff 0x3f800000 3f800000 3f800000 3f800000 3f800000 3f800000 3f800000 3f800000 3f800000 3f800000 3f800000 3f800000 3f800000 3f800000 3f800000 3f800000 
core   0: 0x80000194 (0x925312d7) vfmul.vv v5, v5, v6
core   0: 3 0x80000194 (0x925312d7) c8_vstart 0x00000000 e32 m1 l16 v5  0000ffff 0x429dd45a 4250bb9d 428203f3 4272c742 4253b72c 42b8d607 429d2b80 42a85d82 423961b6 41a6c6b1 41e1ddca 418d7979 41b9f3d4 42b7c44a 429dd45a 4250bb9d 
core   0: 0x80000198 (0x0200b357) vadd.vi v6, v0, 1
core   0: 3 0x80000198 (0x0200b357) c8_vstart 0x00000000 e32 m1 l16 v6  0000ffff 0x00000013 00000012 0000001f 0000001e 0000001d 0000001c 0000001b 0000001a 00000019 00000018 00000017 00000016 00000015 00000014 00000013 00000012 
core   0: 0x8000019c (0x0a6083d7) vsub.vv v7, v6, v1
core   0: 3 0x8000019c (0x0a6083d7) c8_vstart 0x00000000 e32 m1 l16 v7  0000ffff 0x00000003 00000002 0000000f 0000000e 0000000d 0000000c 0000000b 0000000a 00000009 00000008 00000007 00000006 00000005 00000004 00000003 00000002 
core   0: 0x800001a0 (0x967133d7) vsll.vi v7, v7, 2
core   0: 3 0x800001a0 (0x967133d7) c8_vstart 0x00000000 e32 m1 l16 v7  0000ffff 0x0000000c 00000008 0000003c 00000038 00000034 00000030 0000002c 00000028 00000024 00000020 0000001c 00000018 00000014 00000010 0000000c 00000008 
core   0: 0x800001a4 (0x024383d7) vadd.vv v7, v4, v7
core   0: 3 0x800001a4 (0x024383d7) c8_vstart 0x00000000 e32 m1 l16 v7  0000ffff 0x9000000c 90000008 9000003c 90000038 90000034 90000030 9000002c 90000028 90000024 90000020 9000001c 90000018 90000014 90000010 9000000c 90000008 
core   0: 0x800001a8 (0x0003a3fb) vlw12.v v7, v7, 0
core   0: 3 0x800001a8 (0x0003a3fb) e32 m1 l16 v7  0000ffff 0x42b7c44a 429dd45a 425dd9aa 428203f3 4272c742 4253b72c 42b8d607 429d2b80 42a85d82 423961b6 41a6c6b1 41e1ddca 418d7979 41b9f3d4 42b7c44a 429dd45a  c8_vstart 0x00000000 mem 0x90000008 mem 0x9000000c mem 0x90000010 mem 0x90000014 mem 0x90000018 mem 0x9000001c mem 0x90000020 mem 0x90000024 mem 0x90000028 mem 0x9000002c mem 0x90000030 mem 0x90000034 mem 0x90000038 mem 0x9000003c mem 0x90000008 mem 0x9000000c
core   0: 0x800001ac (0x96213457) vsll.vi v8, v2, 2
core   0: 3 0x800001ac (0x96213457) c8_vstart 0x00000000 e32 m1 l16 v8  0000ffff 0x00000044 00000040 00000074 00000070 0000006c 00000068 00000064 00000060 0000005c 00000058 00000054 00000050 0000004c 00000048 00000044 00000040 
core   0: 0x800001b0 (0x02440457) vadd.vv v8, v4, v8
core   0: 3 0x800001b0 (0x02440457) c8_vstart 0x00000000 e32 m1 l16 v8  0000ffff 0x90000044 90000040 90000074 90000070 9000006c 90000068 90000064 90000060 9000005c 90000058 90000054 90000050 9000004c 90000048 90000044 90000040 
core   0: 0x800001b4 (0x0004247b) vlw12.v v8, v8, 0
core   0: 3 0x800001b4 (0x0004247b) e32 m1 l16 v8  0000ffff 0x42c2080c 41e8dab8 4281a62c 4259cb7a 4280adf6 421cabb2 425e21d7 4297aa97 419e2c87 418b6721 413ebc1b 4248979c 424b9c78 426ea88d 42c2080c 41e8dab8  c8_vstart 0x00000000 mem 0x90000040 mem 0x90000044 mem 0x90000048 mem 0x9000004c mem 0x90000050 mem 0x90000054 mem 0x90000058 mem 0x9000005c mem 0x90000060 mem 0x90000064 mem 0x90000068 mem 0x9000006c mem 0x90000070 mem 0x90000074 mem 0x90000040 mem 0x90000044
core   0: 0x800001b8 (0x960134d7) vsll.vi v9, v0, 2
core   0: 3 0x800001b8 (0x960134d7) c8_vstart 0x00000000 e32 m1 l16 v9  0000ffff 0x00000048 00000044 00000078 00000074 00000070 0000006c 00000068 00000064 00000060 0000005c 00000058 00000054 00000050 0000004c 00000048 00000044 
core   0: 0x800001bc (0x02448557) vadd.vv v10, v4, v9
core   0: 3 0x800001bc (0x02448557) c8_vstart 0x00000000 e32 m1 l16 v10 0000ffff 0x90000048 90000044 90000078 90000074 90000070 9000006c 90000068 90000064 90000060 9000005c 90000058 90000054 90000050 9000004c 90000048 90000044 
core   0: 0x800001c0 (0x0005257b) vlw12.v v10, v10, 0
core   0: 3 0x800001c0 (0x0005257b) e32 m1 l16 v10 0000ffff 0x426ea88d 42c2080c 413cc17e 4281a62c 4259cb7a 4280adf6 421cabb2 425e21d7 4297aa97 419e2c87 418b6721 413ebc1b 4248979c 424b9c78 426ea88d 42c2080c  c8_vstart 0x00000000 mem 0x90000044 mem 0x90000048 mem 0x9000004c mem 0x90000050 mem 0x90000054 mem 0x90000058 mem 0x9000005c mem 0x90000060 mem 0x90000064 mem 0x90000068 mem 0x9000006c mem 0x90000070 mem 0x90000074 mem 0x90000078 mem 0x90000044 mem 0x90000048
core   0: 0x800001c4 (0x966135d7) vsll.vi v11, v6, 2
core   0: 3 0x800001c4 (0x966135d7) c8_vstart 0x00000000 e32 m1 l16 v11 0000ffff 0x0000004c 00000048 0000007c 00000078 00000074 00000070 0000006c 00000068 00000064 00000060 0000005c 00000058 00000054 00000050 0000004c 00000048 
core   0: 0x800001c8 (0x024585d7) vadd.vv v11, v4, v11
core   0: 3 0x800001c8 (0x024585d7) c8_vstart 0x00000000 e32 m1 l16 v11 0000ffff 0x9000004c 90000048 9000007c 90000078 90000074 90000070 9000006c 90000068 90000064 90000060 9000005c 90000058 90000054 90000050 9000004c 90000048 
core   0: 0x800001cc (0x0005a5fb) vlw12.v v11, v11, 0
core   0: 3 0x800001cc (0x0005a5fb) e32 m1 l16 v11 0000ffff 0x424b9c78 426ea88d 4148493c 413cc17e 4281a62c 4259cb7a 4280adf6 421cabb2 425e21d7 4297aa97 419e2c87 418b6721 413ebc1b 4248979c 424b9c78 426ea88d  c8_vstart 0x00000000 mem 0x90000048 mem 0x9000004c mem 0x90000050 mem 0x90000054 mem 0x90000058 mem 0x9000005c mem 0x90000060 mem 0x90000064 mem 0x90000068 mem 0x9000006c mem 0x90000070 mem 0x90000074 mem 0x90000078 mem 0x9000007c mem 0x90000048 mem 0x9000004c
core   0: 0x800001d0 (0x02208157) vadd.vv v2, v2, v1
core   0: 3 0x800001d0 (0x02208157) c8_vstart 0x00000000 e32 m1 l16 v2  0000ffff 0x00000021 00000020 0000002d 0000002c 0000002b 0000002a 00000029 00000028 00000027 00000026 00000025 00000024 00000023 00000022 00000021 00000020 
core   0: 0x800001d4 (0x96213157) vsll.vi v2, v2, 2
core   0: 3 0x800001d4 (0x96213157) c8_vstart 0x00000000 e32 m1 l16 v2  0000ffff 0x00000084 00000080 000000b4 000000b0 000000ac 000000a8 000000a4 000000a0 0000009c 00000098 00000094 00000090 0000008c 00000088 00000084 00000080 
core   0: 0x800001d8 (0x02410157) vadd.vv v2, v4, v2
core   0: 3 0x800001d8 (0x02410157) c8_vstart 0x00000000 e32 m1 l16 v2  0000ffff 0x90000084 90000080 900000b4 900000b0 900000ac 900000a8 900000a4 900000a0 9000009c 90000098 90000094 90000090 9000008c 90000088 90000084 90000080 
core   0: 0x800001dc (0x0001217b) vlw12.v v2, v2, 0
core   0: 3 0x800001dc (0x0001217b) e32 m1 l16 v2  0000ffff 0x42b56c8a 41880feb 4142adee 3ec1bcb1 428b7dfc 423ca395 421ebc37 4186899a 425af788 42746537 420289c8 41065744 422101e0 408cd71b 42b56c8a 41880feb  c8_vstart 0x00000000 mem 0x90000080 mem 0x90000084 mem 0x90000088 mem 0x9000008c mem 0x90000090 mem 0x90000094 mem 0x90000098 mem 0x9000009c mem 0x900000a0 mem 0x900000a4 mem 0x900000a8 mem 0x900000ac mem 0x900000b0 mem 0x900000b4 mem 0x90000080 mem 0x90000084
core   0: 0x800001e0 (0x02008057) vadd.vv v0, v0, v1
core   0: 3 0x800001e0 (0x02008057) c8_vstart 0x00000000 e32 m1 l16 v0  0000ffff 0x00000022 00000021 0000002e 0000002d 0000002c 0000002b 0000002a 00000029 00000028 00000027 00000026 00000025 00000024 00000023 00000022 00000021 
core   0: 0x800001e4 (0x96013057) vsll.vi v0, v0, 2
core   0: 3 0x800001e4 (0x96013057) c8_vstart 0x00000000 e32 m1 l16 v0  0000ffff 0x00000088 00000084 000000b8 000000b4 000000b0 000000ac 000000a8 000000a4 000000a0 0000009c 00000098 00000094 00000090 0000008c 00000088 00000084 
core   0: 0x800001e8 (0x02400057) vadd.vv v0, v4, v0
core   0: 3 0x800001e8 (0x02400057) c8_vstart 0x00000000 e32 m1 l16 v0  0000ffff 0x90000088 90000084 900000b8 900000b4 900000b0 900000ac 900000a8 900000a4 900000a0 9000009c 90000098 90000094 90000090 9000008c 90000088 90000084 
core   0: 0x800001ec (0x0000207b) vlw12.v v0, v0, 0
core   0: 3 0x800001ec (0x0000207b) e32 m1 l16 v0  0000ffff 0x408cd71b 42b56c8a 41c9ab45 4142adee 3ec1bcb1 428b7dfc 423ca395 421ebc37 4186899a 425af788 42746537 420289c8 41065744 422101e0 408cd71b 42b56c8a  c8_vstart 0x00000000 mem 0x90000084 mem 0x90000088 mem 0x9000008c mem 0x90000090 mem 0x90000094 mem 0x90000098 mem 0x9000009c mem 0x900000a0 mem 0x900000a4 mem 0x900000a8 mem 0x900000ac mem 0x900000b0 mem 0x900000b4 mem 0x900000b8 mem 0x90000084 mem 0x90000088
core   0: 0x800001f0 (0x026080d7) vadd.vv v1, v6, v1
core   0: 3 0x800001f0 (0x026080d7) c8_vstart 0x00000000 e32 m1 l16 v1  0000ffff 0x00000023 00000022 0000002f 0000002e 0000002d 0000002c 0000002b 0000002a 00000029 00000028 00000027 00000026 00000025 00000024 00000023 00000022 
core   0: 0x800001f4 (0x961130d7) vsll.vi v1, v1, 2
core   0: 3 0x800001f4 (0x961130d7) c8_vstart 0x00000000 e32 m1 l16 v1  0000ffff 0x0000008c 00000088 000000bc 000000b8 000000b4 000000b0 000000ac 000000a8 000000a4 000000a0 0000009c 00000098 00000094 00000090 0000008c 00000088 
core   0: 0x800001f8 (0x024080d7) vadd.vv v1, v4, v1
core   0: 3 0x800001f8 (0x024080d7) c8_vstart 0x00000000 e32 m1 l16 v1  0000ffff 0x9000008c 90000088 900000bc 900000b8 900000b4 900000b0 900000ac 900000a8 900000a4 900000a0 9000009c 90000098 90000094 90000090 9000008c 90000088 
core   0: 0x800001fc (0x0000a0fb) vlw12.v v1, v1, 0
core   0: 3 0x800001fc (0x0000a0fb) e32 m1 l16 v1  0000ffff 0x422101e0 408cd71b 41ebe1aa 41c9ab45 4142adee 3ec1bcb1 428b7dfc 423ca395 421ebc37 4186899a 425af788 42746537 420289c8 41065744 422101e0 408cd71b  c8_vstart 0x00000000 mem 0x90000088 mem 0x9000008c mem 0x90000090 mem 0x90000094 mem 0x90000098 mem 0x9000009c mem 0x900000a0 mem 0x900000a4 mem 0x900000a8 mem 0x900000ac mem 0x900000b0 mem 0x900000b4 mem 0x900000b8 mem 0x900000bc mem 0x90000088 mem 0x9000008c
core   0: 0x80000200 (0xfdc12283) lw      x5, -36(x2)
core   0: 3 0x80000200 (0xfdc12283) x5  0x3f800000 mem 0x70000010
core   0: 0x80000204 (0x5e02c257) vmv.v.x v4, x5
core   0: 3 0x80000204 (0x5e02c257) c8_vstart 0x00000000 e32 m1 l16 v4  0000ffff 0x3f800000 3f800000 3f800000 3f800000 3f800000 3f800000 3f800000 3f800000 3f800000 3f800000 3f800000 3f800000 3f800000 3f800000 3f800000 3f800000 
core   0: 0x80000208 (0xa25211d7) vfmadd.vv v3, v5, v4
core   0: 3 0x80000208 (0xa25211d7) c8_vstart 0x00000000 c1_fflags 0x00000001 e32 m1 l16 v3  0000ffff 0x43031914 42dc813a 42fb6794 42e33f37 431158ce 432b00c4 4322c481 4302872e 42866287 4244523e 4237aba2 4223b6a6 42e6413f 432acc52 43031914 42dc813a 
core   0: 0x8000020c (0xfe012283) lw      x5, -32(x2)
core   0: 3 0x8000020c (0xfe012283) x5  0x3f800000 mem 0x70000014
core   0: 0x80000210 (0x5e02c257) vmv.v.x v4, x5
core   0: 3 0x80000210 (0x5e02c257) c8_vstart 0x00000000 e32 m1 l16 v4  0000ffff 0x3f800000 3f800000 3f800000 3f800000 3f800000 3f800000 3f800000 3f800000 3f800000 3f800000 3f800000 3f800000 3f800000 3f800000 3f800000 3f800000 
core   0: 0x80000214 (0xa23213d7) vfmadd.vv v7, v3, v4
core   0: 3 0x80000214 (0xa23213d7) c8_vstart 0x00000000 c1_fflags 0x00000001 e32 m1 l16 v7  0000ffff 0x435efb39 433d2aca 43352a34 4332a195 434e0a9e 435fee8f 437f2f84 43511cee 43176004 42bed9fa 4285877d 428a52c6 4304cfcf 43420acc 435efb39 433d2aca 
core   0: 0x80000218 (0xfe412283) lw      x5, -28(x2)
core   0: 3 0x80000218 (0xfe412283) x5  0x3f800000 mem 0x70000018
core   0: 0x8000021c (0x5e02c1d7) vmv.v.x v3, x5
core   0: 3 0x8000021c (0x5e02c1d7) c8_vstart 0x00000000 e32 m1 l16 v3  0000ffff 0x3f800000 3f800000 3f800000 3f800000 3f800000 3f800000 3f800000 3f800000 3f800000 3f800000 3f800000 3f800000 3f800000 3f800000 3f800000 3f800000 
core   0: 0x80000220 (0xa2719457) vfmadd.vv v8, v7, v3
core   0: 3 0x80000220 (0xa2719457) c8_vstart 0x00000000 c1_fflags 0x00000001 e32 m1 l16 v8  0000ffff 0x439fffa0 435a4621 4375fd4a 43691474 438730cc 43838cbe 439b5bfd 438e791d 432b2595 42e1b3c2 429d5f00 42ee9e94 4337b6ed 437db4ef 439fffa0 435a4621 
core   0: 0x80000224 (0xfe812283) lw      x5, -24(x2)
core   0: 3 0x80000224 (0xfe812283) x5  0x3f800000 mem 0x7000001c
core   0: 0x80000228 (0x5e02c1d7) vmv.v.x v3, x5
core   0: 3 0x80000228 (0x5e02c1d7) c8_vstart 0x00000000 e32 m1 l16 v3  0000ffff 0x3f800000 3f800000 3f800000 3f800000 3f800000 3f800000 3f800000 3f800000 3f800000 3f800000 3f800000 3f800000 3f800000 3f800000 3f800000 3f800000 
core   0: 0x8000022c (0xa2819557) vfmadd.vv v10, v8, v3
core   0: 3 0x8000022c (0xa2819557) c8_vstart 0x00000000 c1_fflags 0x00000001 e32 m1 l16 v10 0000ffff 0x43bdd4b2 439da514 4380e4b1 4394f3c5 43a26a3b 43a3b83c 43aef173 43aa3d58 4376fae0 43049f72 42c038c8 43033b0c 4369dcd4 43984e06 43bdd4b2 439da514 
core   0: 0x80000230 (0xfec12283) lw      x5, -20(x2)
core   0: 3 0x80000230 (0xfec12283) x5  0x3f800000 mem 0x70000020
core   0: 0x80000234 (0x5e02c1d7) vmv.v.x v3, x5
core   0: 3 0x80000234 (0x5e02c1d7) c8_vstart 0x00000000 e32 m1 l16 v3  0000ffff 0x3f800000 3f800000 3f800000 3f800000 3f800000 3f800000 3f800000 3f800000 3f800000 3f800000 3f800000 3f800000 3f800000 3f800000 3f800000 3f800000 
core   0: 0x80000238 (0xa2a195d7) vfmadd.vv v11, v10, v3
core   0: 3 0x80000238 (0xa2a195d7) c8_vstart 0x00000000 c1_fflags 0x00000001 e32 m1 l16 v11 0000ffff 0x43d74841 43bb7a26 438726fb 439ad9d1 43c2d3c6 43bef1ab 43cf1cf0 43bdd2ce 439741ab 435074be 42e7c3ea 4314a7f0 4375c896 43b160fa 43d74841 43bb7a26 
core   0: 0x8000023c (0xff012283) lw      x5, -16(x2)
core   0: 3 0x8000023c (0xff012283) x5  0x3f800000 mem 0x70000024
core   0: 0x80000240 (0x5e02c1d7) vmv.v.x v3, x5
core   0: 3 0x80000240 (0x5e02c1d7) c8_vstart 0x00000000 e32 m1 l16 v3  0000ffff 0x3f800000 3f800000 3f800000 3f800000 3f800000 3f800000 3f800000 3f800000 3f800000 3f800000 3f800000 3f800000 3f800000 3f800000 3f800000 3f800000 
core   0: 0x80000244 (0xa2b19157) vfmadd.vv v2, v11, v3
core   0: 3 0x80000244 (0xa2b19157) c8_vstart 0x00000000 c1_fflags 0x00000001 e32 m1 l16 v2  0000ffff 0x440251b2 43c3fb25 438d3c6a 439b0a40 43e5b345 43d6861e 43e2f477 43c63b68 43b2a09c 4386c706 43148467 431d0d64 438f0487 43b39456 440251b2 43c3fb25 
core   0: 0x80000248 (0xff412283) lw      x5, -12(x2)
core   0: 3 0x80000248 (0xff412283) x5  0x3f800000 mem 0x70000028
core   0: 0x8000024c (0x5e02c1d7) vmv.v.x v3, x5
core   0: 3 0x8000024c (0x5e02c1d7) c8_vstart 0x00000000 e32 m1 l16 v3  0000ffff 0x3f800000 3f800000 3f800000 3f800000 3f800000 3f800000 3f800000 3f800000 3f800000 3f800000 3f800000 3f800000 3f800000 3f800000 3f800000 3f800000 
core   0: 0x80000250 (0xa2219057) vfmadd.vv v0, v2, v3
core   0: 3 0x80000250 (0xa2219057) c8_vstart 0x00000000 c1_fflags 0x00000001 e32 m1 l16 v0  0000ffff 0x44036b60 43f15648 4399d71e 43a11faf 43e5e3b4 43f9659d 43fa88ea 43da12ef 43bb0936 43a225f7 43519db5 433dafd6 43933741 43c7b492 44036b60 43f15648 
core   0: 0x80000254 (0xff812283) lw      x5, -8(x2)
core   0: 3 0x80000254 (0xff812283) x5  0x3f800000 mem 0x7000002c
core   0: 0x80000258 (0x5e02c157) vmv.v.x v2, x5
core   0: 3 0x80000258 (0x5e02c157) c8_vstart 0x00000000 e32 m1 l16 v2  0000ffff 0x3f800000 3f800000 3f800000 3f800000 3f800000 3f800000 3f800000 3f800000 3f800000 3f800000 3f800000 3f800000 3f800000 3f800000 3f800000 3f800000 
core   0: 0x8000025c (0xa20110d7) vfmadd.vv v1, v0, v2
core   0: 3 0x8000025c (0xa20110d7) c8_vstart 0x00000000 c1_fflags 0x00000001 e32 m1 l16 v1  0000ffff 0x440d7b7e 43f389a4 43a89539 43adba63 43ebf923 43f9960c 440eb434 43f1a762 43cee0bd 43aa8e91 43842dcc 437ac924 43a3887a 43cbe74c 440d7b7e 43f389a4 
core   0: 0x80000260 (0xffc12283) lw      x5, -4(x2)
core   0: 3 0x80000260 (0xffc12283) x5  0x90001000 mem 0x70000030
core   0: 0x80000264 (0x0292c057) vadd.vx v0, v9, x5
core   0: 3 0x80000264 (0x0292c057) c8_vstart 0x00000000 e32 m1 l16 v0  0000ffff 0x90001048 90001044 90001078 90001074 90001070 9000106c 90001068 90001064 90001060 9000105c 90001058 90001054 90001050 9000104c 90001048 90001044 
core   0: 0x80000268 (0x0010607b) vsw12.v v1, v0, 0
core   0: 3 0x80000268 (0x0010607b) c8_vstart 0x00000000 e32 m1 l16 mem 0x90001044 0x43f389a4 mem 0x90001048 0x440d7b7e mem 0x9000104c 0x43cbe74c mem 0x90001050 0x43a3887a mem 0x90001054 0x437ac924 mem 0x90001058 0x43842dcc mem 0x9000105c 0x43aa8e91 mem 0x90001060 0x43cee0bd mem 0x90001064 0x43f1a762 mem 0x90001068 0x440eb434 mem 0x9000106c 0x43f9960c mem 0x90001070 0x43ebf923 mem 0x90001074 0x43adba63 mem 0x90001078 0x43a89539 mem 0x90001044 0x43f389a4 mem 0x90001048 0x440d7b7e
core   0: 0x8000026c (0xfcc12083) lw      x1, -52(x2)
core   0: 3 0x8000026c (0xfcc12083) x1  0x800000a0 mem 0x70000000
core   0: 0x80000270 (0x0090200b) regext  x0, x0,  0 0 1 1 
core   0: 3 0x80000270 (0x0090200b)
core   0: 0x80000274 (0x7fc020ab) vlw.v   v1, x0, -4
core   0: 3 0x80000274 (0x7fc020ab) e32 m1 l16 v33 0000ffff 0x00000000 00000000 00000000 00000000 00000000 00000000 00000000 00000000 00000000 00000000 00000000 00000000 00000000 00000000 00000000 00000000  c8_vstart 0x00000000 mem 0x90003000 mem 0x90003004 mem 0x90003008 mem 0x9000300c mem 0x90003010 mem 0x90003014 mem 0x90003018 mem 0x9000301c mem 0x90003020 mem 0x90003024 mem 0x90003028 mem 0x9000302c mem 0x90003030 mem 0x90003034 mem 0x90003038 mem 0x9000303c
core   0: 0x80000278 (0xfcc10113) addi    x2, x2, -52
core   0: 3 0x80000278 (0xfcc10113) x2  0x70000000
core   0: 0x8000027c (0xffc20213) addi    x4, x4, -4
core   0: 3 0x8000027c (0xffc20213) x4  0x00000000
core   0: 0x80000280 (0x0010200b) regext  x0, x0,  0 0 0 1 
core   0: 3 0x80000280 (0x0010200b)
core   0: 0x80000284 (0x5e024057) vmv.v.x v0, x4
core   0: 3 0x80000284 (0x5e024057) c8_vstart 0x00000000 e32 m1 l16 v32 0000ffff 0x00000000 00000000 00000000 00000000 00000000 00000000 00000000 00000000 00000000 00000000 00000000 00000000 00000000 00000000 00000000 00000000 
core   0: 0x80000288 (0x00008067) ret
core   0: 3 0x80000288 (0x00008067)
core   0: 0x800000a0 (0x0000400b) endprg  x0, x0, x0
core   0: 3 0x800000a0 (0x0000400b)
core   0: 0x800000a4 (0x0040006f) j       pc + 0x4
core   0: 3 0x800000a4 (0x0040006f)
core   0: 0x800000a8 (0x00100313) li      x6, 1
core   0: 3 0x800000a8 (0x00100313) x6  0x00000001
core   0: 0x800000ac (0x00001297) auipc   x5, 0x1
core   0: 3 0x800000ac (0x00001297) x5  0x800010ac
core   0: 0x800000b0 (0xf5428293) addi    x5, x5, -172
core   0: 3 0x800000b0 (0xf5428293) x5  0x80001000
core   0: 0x800000b4 (0x0062a023) sw      x6, 0(x5)
core   0: 3 0x800000b4 (0x0062a023) mem 0x80001000 0x00000001
core   0: 0x00001000 (0x00000297) auipc   x5, 0x0
core   0: 3 0x00001000 (0x00000297) x5  0x00001000
core   0: 0x00001004 (0x02028593) addi    x11, x5, 32
core   0: 3 0x00001004 (0x02028593) x11 0x00001020
core   0: 0x00001008 (0xf1402573) csrr    x10, mhartid
core   0: 3 0x00001008 (0xf1402573) x10 0x00000000
core   0: 0x0000100c (0x0182a283) lw      x5, 24(x5)
core   0: 3 0x0000100c (0x0182a283) x5  0x80000000 mem 0x00001018
core   0: 0x00001010 (0x00028067) jr      x5
core   0: 3 0x00001010 (0x00028067)
core   0: 0x80000000 (0x00004197) auipc   x3, 0x4
core   0: 3 0x80000000 (0x00004197) x3  0x80004000
core   0: 0x80000004 (0x80818193) addi    x3, x3, -2040
core   0: 3 0x80000004 (0x80818193) x3  0x80003808
core   0: 0x80000008 (0x02000e93) li      x29, 32
core   0: 3 0x80000008 (0x02000e93) x29 0x00000020
core   0: 0x8000000c (0x0d0efed7) vsetvli x29, x29, e32, m1, ta, ma
core   0: 3 0x8000000c (0x0d0efed7) x29 0x00000010 c8_vstart 0x00000000 c3104_vl 0x00000010 c3105_vtype 0x000000d0 c768_mstatus 0x80000600
core   0: 0x80000010 (0x00002eb7) lui     x29, 0x2
core   0: 3 0x80000010 (0x00002eb7) x29 0x00002000
core   0: 0x80000014 (0x300eaef3) csrrs   x29, mstatus, x29
core   0: 3 0x80000014 (0x300eaef3) x29 0x80000600 c768_mstatus 0x80006600
core   0: 0x80000018 (0x00000e93) li      x29, 0
core   0: 3 0x80000018 (0x00000e93) x29 0x00000000
core   0: 0x8000001c (0x80502373) csrr    x6, wid
core   0: 3 0x8000001c (0x80502373) x6  0x00000000
core   0: 0x80000020 (0x806023f3) csrr    x7, lds
core   0: 3 0x80000020 (0x806023f3) x7  0x70000000
core   0: 0x80000024 (0x40000e13) li      x28, 1024
core   0: 3 0x80000024 (0x40000e13) x28 0x00000400
core   0: 0x80000028 (0x03c30333) mul     x6, x6, x28
core   0: 3 0x80000028 (0x03c30333) x6  0x00000000
core   0: 0x8000002c (0x00730133) add     x2, x6, x7
core   0: 3 0x8000002c (0x00730133) x2  0x70000000
core   0: 0x80000030 (0x00000213) li      x4, 0
core   0: 3 0x80000030 (0x00000213) x4  0x00000000
core   0: 0x80000034 (0x80102f73) csrr    x30, numw
core   0: 3 0x80000034 (0x80102f73) x30 0x00000001
core   0: 0x80000038 (0x40000e13) li      x28, 1024
core   0: 3 0x80000038 (0x40000e13) x28 0x00000400
core   0: 0x8000003c (0x03cf0f33) mul     x30, x30, x28
core   0: 3 0x8000003c (0x03cf0f33) x30 0x00000400
core   0: 0x80000040 (0x01e38433) add     x8, x7, x30
core   0: 3 0x80000040 (0x01e38433) x8  0x70000400
core   0: 0x80000044 (0x00003517) auipc   x10, 0x3
core   0: 3 0x80000044 (0x00003517) x10 0x80003044
core   0: 0x80000048 (0xfc450513) addi    x10, x10, -60
core   0: 3 0x80000048 (0xfc450513) x10 0x80003008
core   0: 0x8000004c (0x00003617) auipc   x12, 0x3
core   0: 3 0x8000004c (0x00003617) x12 0x8000304c
core   0: 0x80000050 (0xfbc60613) addi    x12, x12, -68
core   0: 3 0x80000050 (0xfbc60613) x12 0x80003008
core   0: 0x80000054 (0x00c50863) beq     x10, x12, pc + 16
core   0: 3 0x80000054 (0x00c50863)
core   0: 0x80000064 (0x803022f3) csrr    x5, knl
core   0: 3 0x80000064 (0x803022f3) x5  0x900e3000
core   0: 0x80000068 (0x0002a303) lw      x6, 0(x5)
core   0: 3 0x80000068 (0x0002a303) x6  0x800000b8 mem 0x900e3000
core   0: 0x8000006c (0x0042a503) lw      x10, 4(x5)
core   0: 3 0x8000006c (0x0042a503) x10 0x90002000 mem 0x900e3004
core   0: 0x80000070 (0x0302a383) lw      x7, 48(x5)
core   0: 3 0x80000070 (0x0302a383) x7  0x00000000 mem 0x900e3030
core   0: 0x80000074 (0x0342ae03) lw      x28, 52(x5)
core   0: 3 0x80000074 (0x0342ae03) x28 0x00000000 mem 0x900e3034
core   0: 0x80000078 (0x00003e97) auipc   x29, 0x3
core   0: 3 0x80000078 (0x00003e97) x29 0x80003078
core   0: 0x8000007c (0xf88e8e93) addi    x29, x29, -120
core   0: 3 0x8000007c (0xf88e8e93) x29 0x80003000
core   0: 0x80000080 (0x00003f17) auipc   x30, 0x3
core   0: 3 0x80000080 (0x00003f17) x30 0x80003080
core   0: 0x80000084 (0xf84f0f13) addi    x30, x30, -124
core   0: 3 0x80000084 (0xf84f0f13) x30 0x80003004
core   0: 0x80000088 (0x007ea023) sw      x7, 0(x29)
core   0: 3 0x80000088 (0x007ea023) mem 0x80003000 0x00000000
core   0: 0x8000008c (0x01cf2023) sw      x28, 0(x30)
core   0: 3 0x8000008c (0x01cf2023) mem 0x80003004 0x00000000
core   0: 0x80000090 (0x00000f97) auipc   x31, 0x0
core   0: 3 0x80000090 (0x00000f97) x31 0x80000090
core   0: 0x80000094 (0x018f8f93) addi    x31, x31, 24
core   0: 3 0x80000094 (0x018f8f93) x31 0x800000a8
core   0: 0x80000098 (0x305f9073) csrw    mtvec, x31
core   0: 3 0x80000098 (0x305f9073) c773_mtvec 0x800000a8
core   0: 0x8000009c (0x000300e7) jalr    x6
core   0: 3 0x8000009c (0x000300e7) x1  0x800000a0
core   0: 0x800000b8 (0x03410113) addi    x2, x2, 52
core   0: 3 0x800000b8 (0x03410113) x2  0x70000034
core   0: 0x800000bc (0x00420213) addi    x4, x4, 4
core   0: 3 0x800000bc (0x00420213) x4  0x00000004
core   0: 0x800000c0 (0x0010200b) regext  x0, x0,  0 0 0 1 
core   0: 3 0x800000c0 (0x0010200b)
core   0: 0x800000c4 (0x5e024057) vmv.v.x v0, x4
core   0: 3 0x800000c4 (0x5e024057) c8_vstart 0x00000000 e32 m1 l16 v32 0000ffff 0x00000004 00000004 00000004 00000004 00000004 00000004 00000004 00000004 00000004 00000004 00000004 00000004 00000004 00000004 00000004 00000004 
core   0: 0x800000c8 (0xfc112623) sw      x1, -52(x2)
core   0: 3 0x800000c8 (0xfc112623) mem 0x70000000 0x800000a0
core   0: 0x800000cc (0x0480200b) regext  x0, x0,  0 1 1 0 
core   0: 3 0x800000cc (0x0480200b)
core   0: 0x800000d0 (0xfe102e2b) vsw.v   v1, x0, -4
core   0: 3 0x800000d0 (0xfe102e2b) c8_vstart 0x00000000 mem 0x90003000 0x00000000 mem 0x90003004 0x00000000 mem 0x90003008 0x00000000 mem 0x9000300c 0x00000000 mem 0x90003010 0x00000000 mem 0x90003014 0x00000000 mem 0x90003018 0x00000000 mem 0x9000301c 0x00000000 mem 0x90003020 0x00000000 mem 0x90003024 0x00000000 mem 0x90003028 0x00000000 mem 0x9000302c 0x00000000 mem 0x90003030 0x00000000 mem 0x90003034 0x00000000 mem 0x90003038 0x00000000 mem 0x9000303c 0x00000000
core   0: 0x800000d4 (0x00452283) lw      x5, 4(x10)
core   0: 3 0x800000d4 (0x00452283) x5  0x90001000 mem 0x90002004
core   0: 0x800000d8 (0xfe512e23) sw      x5, -4(x2)
core   0: 3 0x800000d8 (0xfe512e23) mem 0x70000030 0x90001000
core   0: 0x800000dc (0x03052283) lw      x5, 48(x10)
core   0: 3 0x800000dc (0x03052283) x5  0x3f800000 mem 0x90002030
core   0: 0x800000e0 (0xfe512c23) sw      x5, -8(x2)
core   0: 3 0x800000e0 (0xfe512c23) mem 0x7000002c 0x3f800000
core   0: 0x800000e4 (0x02c52283) lw      x5, 44(x10)
core   0: 3 0x800000e4 (0x02c52283) x5  0x3f800000 mem 0x9000202c
core   0: 0x800000e8 (0xfe512a23) sw      x5, -12(x2)
core   0: 3 0x800000e8 (0xfe512a23) mem 0x70000028 0x3f800000
core   0: 0x800000ec (0x02852283) lw      x5, 40(x10)
core   0: 3 0x800000ec (0x02852283) x5  0x3f800000 mem 0x90002028
core   0: 0x800000f0 (0xfe512823) sw      x5, -16(x2)
core   0: 3 0x800000f0 (0xfe512823) mem 0x70000024 0x3f800000
core   0: 0x800000f4 (0x02452283) lw      x5, 36(x10)
core   0: 3 0x800000f4 (0x02452283) x5  0x3f800000 mem 0x90002024
core   0: 0x800000f8 (0xfe512623) sw      x5, -20(x2)
core   0: 3 0x800000f8 (0xfe512623) mem 0x70000020 0x3f800000
core   0: 0x800000fc (0x02052283) lw      x5, 32(x10)
core   0: 3 0x800000fc (0x02052283) x5  0x3f800000 mem 0x90002020
core   0: 0x80000100 (0xfe512423) sw      x5, -24(x2)
core   0: 3 0x80000100 (0xfe512423) mem 0x7000001c 0x3f800000
core   0: 0x80000104 (0x01c52283) lw      x5, 28(x10)
core   0: 3 0x80000104 (0x01c52283) x5  0x3f800000 mem 0x9000201c
core   0: 0x80000108 (0xfe512223) sw      x5, -28(x2)
core   0: 3 0x80000108 (0xfe512223) mem 0x70000018 0x3f800000
core   0: 0x8000010c (0x01852283) lw      x5, 24(x10)
core   0: 3 0x8000010c (0x01852283) x5  0x3f800000 mem 0x90002018
core   0: 0x80000110 (0xfe512023) sw      x5, -32(x2)
core   0: 3 0x80000110 (0xfe512023) mem 0x70000014 0x3f800000
core   0: 0x80000114 (0x01052283) lw      x5, 16(x10)
core   0: 3 0x80000114 (0x01052283) x5  0x3f800000 mem 0x90002010
core   0: 0x80000118 (0xfc512e23) sw      x5, -36(x2)
core   0: 3 0x80000118 (0xfc512e23) mem 0x70000010 0x3f800000
core   0: 0x8000011c (0x01452283) lw      x5, 20(x10)
core   0: 3 0x8000011c (0x01452283) x5  0x3f800000 mem 0x90002014
core   0: 0x80000120 (0xfc512c23) sw      x5, -40(x2)
core   0: 3 0x80000120 (0xfc512c23) mem 0x7000000c 0x3f800000
core   0: 0x80000124 (0x00052283) lw      x5, 0(x10)
core   0: 3 0x80000124 (0x00052283) x5  0x90000000 mem 0x90002000
core   0: 0x80000128 (0xfc512a23) sw      x5, -44(x2)
core   0: 3 0x80000128 (0xfc512a23) mem 0x70000008 0x90000000
core   0: 0x8000012c (0x00852283) lw      x5, 8(x10)
core   0: 3 0x8000012c (0x00852283) x5  0x00000010 mem 0x90002008
core   0: 0x80000130 (0xfc512823) sw      x5, -48(x2)
core   0: 3 0x80000130 (0xfc512823) mem 0x70000004 0x00000010
core   0: 0x80000134 (0x5e004057) vmv.v.x v0, x0
core   0: 3 0x80000134 (0x5e004057) c8_vstart 0x00000000 e32 m1 l16 v0  0000ffff 0x00000000 00000000 00000000 00000000 00000000 00000000 00000000 00000000 00000000 00000000 00000000 00000000 00000000 00000000 00000000 00000000 
core   0: 0x80000138 (0x154000ef) jal     pc + 0x154
core   0: 3 0x80000138 (0x154000ef) x1  0x8000013c
core   0: 0x8000028c (0x00410113) addi    x2, x2, 4
core   0: 3 0x8000028c (0x00410113) x2  0x70000038
core   0: 0x80000290 (0xfe112e23) sw      x1, -4(x2)
core   0: 3 0x80000290 (0xfe112e23) mem 0x70000034 0x8000013c
core   0: 0x80000294 (0x00200293) li      x5, 2
core   0: 3 0x80000294 (0x00200293) x5  0x00000002
core   0: 0x80000298 (0x5e02c0d7) vmv.v.x v1, x5
core   0: 3 0x80000298 (0x5e02c0d7) c8_vstart 0x00000000 e32 m1 l16 v1  0000ffff 0x00000002 00000002 00000002 00000002 00000002 00000002 00000002 00000002 00000002 00000002 00000002 00000002 00000002 00000002 00000002 00000002 
core   0: 0x8000029c (0x00000317) auipc   x6, 0x0
core   0: 3 0x8000029c (0x00000317) x6  0x8000029c
core   0: 0x800002a0 (0x04c3305b) setrpc  x0, x6, 76
core   0: 3 0x800002a0 (0x04c3305b) c2060_rpc 0x800002e8 current mask:	0000ffff current npc:	00000000 stack size: 0
core   0: 0x800002a4 (0x0200885b) vbeq    v0, v1, pc + 48
core   0: 3 0x800002a4 (0x0200885b) c8_vstart 0x00000000 e32 m1 l16 current mask:	0000ffff current npc:	800002a8 stack size: 0
core   0: 0x800002a8 (0x00100293) li      x5, 1
core   0: 3 0x800002a8 (0x00100293) x5  0x00000001
core   0: 0x800002ac (0x5e02c0d7) vmv.v.x v1, x5
core   0: 3 0x800002ac (0x5e02c0d7) c8_vstart 0x00000000 e32 m1 l16 v1  0000ffff 0x00000001 00000001 00000001 00000001 00000001 00000001 00000001 00000001 00000001 00000001 00000001 00000001 00000001 00000001 00000001 00000001 
core   0: 0x800002b0 (0x00000317) auipc   x6, 0x0
core   0: 3 0x800002b0 (0x00000317) x6  0x800002b0
core   0: 0x800002b4 (0x0383305b) setrpc  x0, x6, 56
core   0: 3 0x800002b4 (0x0383305b) c2060_rpc 0x800002e8 current mask:	0000ffff current npc:	800002a8 stack size: 0
core   0: 0x800002b8 (0x0200825b) vbeq    v0, v1, pc + 36
core   0: 3 0x800002b8 (0x0200825b) c8_vstart 0x00000000 e32 m1 l16 current mask:	0000ffff current npc:	800002bc stack size: 0
core   0: 0x800002bc (0x5e0040d7) vmv.v.x v1, x0
core   0: 3 0x800002bc (0x5e0040d7) c8_vstart 0x00000000 e32 m1 l16 v1  0000ffff 0x00000000 00000000 00000000 00000000 00000000 00000000 00000000 00000000 00000000 00000000 00000000 00000000 00000000 00000000 00000000 00000000 
core   0: 0x800002c0 (0x00000317) auipc   x6, 0x0
core   0: 3 0x800002c0 (0x00000317) x6  0x800002c0
core   0: 0x800002c4 (0x0283305b) setrpc  x0, x6, 40
core   0: 3 0x800002c4 (0x0283305b) c2060_rpc 0x800002e8 current mask:	0000ffff current npc:	800002bc stack size: 0
core   0: 0x800002c8 (0x00009e5b) vbne    v0, v1, pc + 28
core   0: 3 0x800002c8 (0x00009e5b) c8_vstart 0x00000000 e32 m1 l16 current mask:	0000ffff current npc:	800002cc stack size: 0
core   0: 0x800002cc (0x1a0000ef) jal     pc + 0x1a0
core   0: 3 0x800002cc (0x1a0000ef) x1  0x800002d0
core   0: 0x8000046c (0x00410113) addi    x2, x2, 4
core   0: 3 0x8000046c (0x00410113) x2  0x7000003c
core   0: 0x80000470 (0xfe112e23) sw      x1, -4(x2)
core   0: 3 0x80000470 (0xfe112e23) mem 0x70000038 0x800002d0
core   0: 0x80000474 (0xf1dff0ef) jal     pc - 0xe4
core   0: 3 0x80000474 (0xf1dff0ef) x1  0x80000478
core   0: 0x80000390 (0x00410113) addi    x2, x2, 4
core   0: 3 0x80000390 (0x00410113) x2  0x70000040
core   0: 0x80000394 (0xfe112e23) sw      x1, -4(x2)
core   0: 3 0x80000394 (0xfe112e23) mem 0x7000003c 0x80000478
core   0: 0x80000398 (0x80302573) csrr    x10, knl
core   0: 3 0x80000398 (0x80302573) x10 0x900e3000
core   0: 0x8000039c (0x00852283) lw      x5, 8(x10)
core   0: 3 0x8000039c (0x00852283) x5  0x00000002 mem 0x900e3008
core   0: 0x800003a0 (0x80002373) csrr    x6, tid
core   0: 3 0x800003a0 (0x80002373) x6  0x00000000
core   0: 0x800003a4 (0x5208a157) vid.v   v2
core   0: 3 0x800003a4 (0x5208a157) c8_vstart 0x00000000 e32 m1 l16 v2  0000ffff 0x0000000f 0000000e 0000000d 0000000c 0000000b 0000000a 00000009 00000008 00000007 00000006 00000005 00000004 00000003 00000002 00000001 00000000 
core   0: 0x800003a8 (0x02234057) vadd.vx v0, v2, x6
core   0: 3 0x800003a8 (0x02234057) c8_vstart 0x00000000 e32 m1 l16 v0  0000ffff 0x0000000f 0000000e 0000000d 0000000c 0000000b 0000000a 00000009 00000008 00000007 00000006 00000005 00000004 00000003 00000002 00000001 00000000 
core   0: 0x800003ac (0x01852e03) lw      x28, 24(x10)
core   0: 3 0x800003ac (0x01852e03) x28 0x0000000e mem 0x900e3018
core   0: 0x800003b0 (0x8a0e6057) vremu.vx v0, v0, x28
core   0: 3 0x800003b0 (0x8a0e6057) c8_vstart 0x00000000 e32 m1 l16 v0  0000ffff 0x00000001 00000000 0000000d 0000000c 0000000b 0000000a 00000009 00000008 00000007 00000006 00000005 00000004 00000003 00000002 00000001 00000000 
core   0: 0x800003b4 (0xffc12083) lw      x1, -4(x2)
core   0: 3 0x800003b4 (0xffc12083) x1  0x80000478 mem 0x7000003c
core   0: 0x800003b8 (0xffc10113) addi    x2, x2, -4
core   0: 3 0x800003b8 (0xffc10113) x2  0x7000003c
core   0: 0x800003bc (0x00008067) ret
core   0: 3 0x800003bc (0x00008067)
core   0: 0x80000478 (0x80302573) csrr    x10, knl
core   0: 3 0x80000478 (0x80302573) x10 0x900e3000
core   0: 0x8000047c (0x80802373) csrr    x6, gidx
core   0: 3 0x8000047c (0x80802373) x6  0x00000000
core   0: 0x80000480 (0x01852e03) lw      x28, 24(x10)
core   0: 3 0x80000480 (0x01852e03) x28 0x0000000e mem 0x900e3018
core   0: 0x80000484 (0x02452e83) lw      x29, 36(x10)
core   0: 3 0x80000484 (0x02452e83) x29 0x00000001 mem 0x900e3024
core   0: 0x80000488 (0x03c30fb3) mul     x31, x6, x28
core   0: 3 0x80000488 (0x03c30fb3) x31 0x00000000
core   0: 0x8000048c (0x01df8fb3) add     x31, x31, x29
core   0: 3 0x8000048c (0x01df8fb3) x31 0x00000001
core   0: 0x80000490 (0x020fc057) vadd.vx v0, v0, x31
core   0: 3 0x80000490 (0x020fc057) c8_vstart 0x00000000 e32 m1 l16 v0  0000ffff 0x00000002 00000001 0000000e 0000000d 0000000c 0000000b 0000000a 00000009 00000008 00000007 00000006 00000005 00000004 00000003 00000002 00000001 
core   0: 0x80000494 (0xffc12083) lw      x1, -4(x2)
core   0: 3 0x80000494 (0xffc12083) x1  0x800002d0 mem 0x70000038
core   0: 0x80000498 (0xffc10113) addi    x2, x2, -4
core   0: 3 0x80000498 (0xffc10113) x2  0x70000038
core   0: 0x8000049c (0x00008067) ret
core   0: 3 0x8000049c (0x00008067)
core   0: 0x800002d0 (0x0180006f) j       pc + 0x18
core   0: 3 0x800002d0 (0x0180006f)
core   0: 0x800002e8 (0x0000205b) join    v0, v0, pc + 0
core   0: 3 0x800002e8 (0x0000205b) current mask:	0000ffff current npc:	800002cc stack size: 0
core   0: 0x800002ec (0xffc12083) lw      x1, -4(x2)
core   0: 3 0x800002ec (0xffc12083) x1  0x8000013c mem 0x70000034
core   0: 0x800002f0 (0xffc10113) addi    x2, x2, -4
core   0: 3 0x800002f0 (0xffc10113) x2  0x70000034
core   0: 0x800002f4 (0x00008067) ret
core   0: 3 0x800002f4 (0x00008067)
core   0: 0x8000013c (0x0010200b) regext  x0, x0,  0 0 0 1 
core   0: 3 0x8000013c (0x0010200b)
core   0: 0x80000140 (0x020040d7) vadd.vx v1, v0, x0
core   0: 3 0x80000140 (0x020040d7) c8_vstart 0x00000000 e32 m1 l16 v33 0000ffff 0x00000002 00000001 0000000e 0000000d 0000000c 0000000b 0000000a 00000009 00000008 00000007 00000006 00000005 00000004 00000003 00000002 00000001 
core   0: 0x80000144 (0x00100293) li      x5, 1
core   0: 3 0x80000144 (0x00100293) x5  0x00000001
core   0: 0x80000148 (0x5e02c057) vmv.v.x v0, x5
core   0: 3 0x80000148 (0x5e02c057) c8_vstart 0x00000000 e32 m1 l16 v0  0000ffff 0x00000001 00000001 00000001 00000001 00000001 00000001 00000001 00000001 00000001 00000001 00000001 00000001 00000001 00000001 00000001 00000001 
core   0: 0x8000014c (0x140000ef) jal     pc + 0x140
core   0: 3 0x8000014c (0x140000ef) x1  0x80000150
core   0: 0x8000028c (0x00410113) addi    x2, x2, 4
core   0: 3 0x8000028c (0x00410113) x2  0x70000038
core   0: 0x80000290 (0xfe112e23) sw      x1, -4(x2)
core   0: 3 0x80000290 (0xfe112e23) mem 0x70000034 0x80000150
core   0: 0x80000294 (0x00200293) li      x5, 2
core   0: 3 0x80000294 (0x00200293) x5  0x00000002
core   0: 0x80000298 (0x5e02c0d7) vmv.v.x v1, x5
core   0: 3 0x80000298 (0x5e02c0d7) c8_vstart 0x00000000 e32 m1 l16 v1  0000ffff 0x00000002 00000002 00000002 00000002 00000002 00000002 00000002 00000002 00000002 00000002 00000002 00000002 00000002 00000002 00000002 00000002 
core   0: 0x8000029c (0x00000317) auipc   x6, 0x0
core   0: 3 0x8000029c (0x00000317) x6  0x8000029c
core   0: 0x800002a0 (0x04c3305b) setrpc  x0, x6, 76
core   0: 3 0x800002a0 (0x04c3305b) c2060_rpc 0x800002e8 current mask:	0000ffff current npc:	800002cc stack size: 0
core   0: 0x800002a4 (0x0200885b) vbeq    v0, v1, pc + 48
core   0: 3 0x800002a4 (0x0200885b) c8_vstart 0x00000000 e32 m1 l16 current mask:	0000ffff current npc:	800002a8 stack size: 0
core   0: 0x800002a8 (0x00100293) li      x5, 1
core   0: 3 0x800002a8 (0x00100293) x5  0x00000001
core   0: 0x800002ac (0x5e02c0d7) vmv.v.x v1, x5
core   0: 3 0x800002ac (0x5e02c0d7) c8_vstart 0x00000000 e32 m1 l16 v1  0000ffff 0x00000001 00000001 00000001 00000001 00000001 00000001 00000001 00000001 00000001 00000001 00000001 00000001 00000001 00000001 00000001 00000001 
core   0: 0x800002b0 (0x00000317) auipc   x6, 0x0
core   0: 3 0x800002b0 (0x00000317) x6  0x800002b0
core   0: 0x800002b4 (0x0383305b) setrpc  x0, x6, 56
core   0: 3 0x800002b4 (0x0383305b) c2060_rpc 0x800002e8 current mask:	0000ffff current npc:	800002a8 stack size: 0
core   0: 0x800002b8 (0x0200825b) vbeq    v0, v1, pc + 36
core   0: 3 0x800002b8 (0x0200825b) c8_vstart 0x00000000 e32 m1 l16 current mask:	0000ffff current npc:	800002dc stack size: 0
core   0: 0x800002dc (0x1c4000ef) jal     pc + 0x1c4
core   0: 3 0x800002dc (0x1c4000ef) x1  0x800002e0
core   0: 0x800004a0 (0x00410113) addi    x2, x2, 4
core   0: 3 0x800004a0 (0x00410113) x2  0x7000003c
core   0: 0x800004a4 (0xfe112e23) sw      x1, -4(x2)
core   0: 3 0x800004a4 (0xfe112e23) mem 0x70000038 0x800002e0
core   0: 0x800004a8 (0xf19ff0ef) jal     pc - 0xe8
core   0: 3 0x800004a8 (0xf19ff0ef) x1  0x800004ac
core   0: 0x800003c0 (0x00410113) addi    x2, x2, 4
core   0: 3 0x800003c0 (0x00410113) x2  0x70000040
core   0: 0x800003c4 (0xfe112e23) sw      x1, -4(x2)
core   0: 3 0x800003c4 (0xfe112e23) mem 0x7000003c 0x800004ac
core   0: 0x800003c8 (0x80302573) csrr    x10, knl
core   0: 3 0x800003c8 (0x80302573) x10 0x900e3000
core   0: 0x800003cc (0x00852283) lw      x5, 8(x10)
core   0: 3 0x800003cc (0x00852283) x5  0x00000002 mem 0x900e3008
core   0: 0x800003d0 (0x80002373) csrr    x6, tid
core   0: 3 0x800003d0 (0x80002373) x6  0x00000000
core   0: 0x800003d4 (0x5208a157) vid.v   v2
core   0: 3 0x800003d4 (0x5208a157) c8_vstart 0x00000000 e32 m1 l16 v2  0000ffff 0x0000000f 0000000e 0000000d 0000000c 0000000b 0000000a 00000009 00000008 00000007 00000006 00000005 00000004 00000003 00000002 00000001 00000000 
core   0: 0x800003d8 (0x02234057) vadd.vx v0, v2, x6
core   0: 3 0x800003d8 (0x02234057) c8_vstart 0x00000000 e32 m1 l16 v0  0000ffff 0x0000000f 0000000e 0000000d 0000000c 0000000b 0000000a 00000009 00000008 00000007 00000006 00000005 00000004 00000003 00000002 00000001 00000000 
core   0: 0x800003dc (0x01852e03) lw      x28, 24(x10)
core   0: 3 0x800003dc (0x01852e03) x28 0x0000000e mem 0x900e3018
core   0: 0x800003e0 (0x01c52e83) lw      x29, 28(x10)
core   0: 3 0x800003e0 (0x01c52e83) x29 0x00000001 mem 0x900e301c
core   0: 0x800003e4 (0x03ce8f33) mul     x30, x29, x28
core   0: 3 0x800003e4 (0x03ce8f33) x30 0x0000000e
core   0: 0x800003e8 (0x8a0f6057) vremu.vx v0, v0, x30
core   0: 3 0x800003e8 (0x8a0f6057) c8_vstart 0x00000000 e32 m1 l16 v0  0000ffff 0x00000001 00000000 0000000d 0000000c 0000000b 0000000a 00000009 00000008 00000007 00000006 00000005 00000004 00000003 00000002 00000001 00000000 
core   0: 0x800003ec (0x820e6057) vdivu.vx v0, v0, x28
core   0: 3 0x800003ec (0x820e6057) c8_vstart 0x00000000 e32 m1 l16 v0  0000ffff 0x00000000 00000000 00000000 00000000 00000000 00000000 00000000 00000000 00000000 00000000 00000000 00000000 00000000 00000000 00000000 00000000 
core   0: 0x800003f0 (0x5e0ec0d7) vmv.v.x v1, x29
core   0: 3 0x800003f0 (0x5e0ec0d7) c8_vstart 0x00000000 e32 m1 l16 v1  0000ffff 0x00000001 00000001 00000001 00000001 00000001 00000001 00000001 00000001 00000001 00000001 00000001 00000001 00000001 00000001 00000001 00000001 
core   0: 0x800003f4 (0x00000317) auipc   x6, 0x0
core   0: 3 0x800003f4 (0x00000317) x6  0x800003f4
core   0: 0x800003f8 (0x0143305b) setrpc  x0, x6, 20
core   0: 3 0x800003f8 (0x0143305b) c2060_rpc 0x80000408 current mask:	0000ffff current npc:	800002dc stack size: 0
core   0: 0x800003fc (0x0000c65b) vblt    v0, v1, pc + 12
core   0: 3 0x800003fc (0x0000c65b) c8_vstart 0x00000000 e32 m1 l16 current mask:	0000ffff current npc:	80000408 stack size: 0
core   0: 0x80000408 (0x0000205b) join    v0, v0, pc + 0
core   0: 3 0x80000408 (0x0000205b) current mask:	0000ffff current npc:	80000408 stack size: 0
core   0: 0x8000040c (0xffc12083) lw      x1, -4(x2)
core   0: 3 0x8000040c (0xffc12083) x1  0x800004ac mem 0x7000003c
core   0: 0x80000410 (0xffc10113) addi    x2, x2, -4
core   0: 3 0x80000410 (0xffc10113) x2  0x7000003c
core   0: 0x80000414 (0x00008067) ret
core   0: 3 0x80000414 (0x00008067)
core   0: 0x800004ac (0x80902373) csrr    x6, gidy
core   0: 3 0x800004ac (0x80902373) x6  0x00000001
core   0: 0x800004b0 (0x01c52383) lw      x7, 28(x10)
core   0: 3 0x800004b0 (0x01c52383) x7  0x00000001 mem 0x900e301c
core   0: 0x800004b4 (0x02852e83) lw      x29, 40(x10)
core   0: 3 0x800004b4 (0x02852e83) x29 0x00000001 mem 0x900e3028
core   0: 0x800004b8 (0x02730e33) mul     x28, x6, x7
core   0: 3 0x800004b8 (0x02730e33) x28 0x00000001
core   0: 0x800004bc (0x01de0e33) add     x28, x28, x29
core   0: 3 0x800004bc (0x01de0e33) x28 0x00000002
core   0: 0x800004c0 (0x020e4057) vadd.vx v0, v0, x28
core   0: 3 0x800004c0 (0x020e4057) c8_vstart 0x00000000 e32 m1 l16 v0  0000ffff 0x00000002 00000002 00000002 00000002 00000002 00000002 00000002 00000002 00000002 00000002 00000002 00000002 00000002 00000002 00000002 00000002 
core   0: 0x800004c4 (0xffc12083) lw      x1, -4(x2)
core   0: 3 0x800004c4 (0xffc12083) x1  0x800002e0 mem 0x70000038
core   0: 0x800004c8 (0xffc10113) addi    x2, x2, -4
core   0: 3 0x800004c8 (0xffc10113) x2  0x70000038
core   0: 0x800004cc (0x00008067) ret
core   0: 3 0x800004cc (0x00008067)
core   0: 0x800002e0 (0x0080006f) j       pc + 0x8
core   0: 3 0x800002e0 (0x0080006f)
core   0: 0x800002e8 (0x0000205b) join    v0, v0, pc + 0
core   0: 3 0x800002e8 (0x0000205b) current mask:	0000ffff current npc:	80000408 stack size: 0
core   0: 0x800002ec (0xffc12083) lw      x1, -4(x2)
core   0: 3 0x800002ec (0xffc12083) x1  0x80000150 mem 0x70000034
core   0: 0x800002f0 (0xffc10113) addi    x2, x2, -4
core   0: 3 0x800002f0 (0xffc10113) x2  0x70000034
core   0: 0x800002f4 (0x00008067) ret
core   0: 3 0x800002f4 (0x00008067)
core   0: 0x80000150 (0xfd012283) lw      x5, -48(x2)
core   0: 3 0x80000150 (0xfd012283) x5  0x00000010 mem 0x70000004
core   0: 0x80000154 (0x5e02c0d7) vmv.v.x v1, x5
core   0: 3 0x80000154 (0x5e02c0d7) c8_vstart 0x00000000 e32 m1 l16 v1  0000ffff 0x00000010 00000010 00000010 00000010 00000010 00000010 00000010 00000010 00000010 00000010 00000010 00000010 00000010 00000010 00000010 00000010 
core   0: 0x80000158 (0x0400200b) regext  x0, x0,  0 1 0 0 
core   0: 3 0x80000158 (0x0400200b)
core   0: 0x8000015c (0xa612e057) vmadd.vx v0, v1, x5
core   0: 3 0x8000015c (0xa612e057) c8_vstart 0x00000000 e32 m1 l16 v0  0000ffff 0x00000022 00000021 0000002e 0000002d 0000002c 0000002b 0000002a 00000029 00000028 00000027 00000026 00000025 00000024 00000023 00000022 00000021 
core   0: 0x80000160 (0x0010110b) vsub12.vi v2, v0, 1
core   0: 3 0x80000160 (0x0010110b) c8_vstart 0x00000000 e32 m1 l16 v2  0000ffff 0x00000021 00000020 0000002d 0000002c 0000002b 0000002a 00000029 00000028 00000027 00000026 00000025 00000024 00000023 00000022 00000021 00000020 
core   0: 0x80000164 (0x0a2081d7) vsub.vv v3, v2, v1
core   0: 3 0x80000164 (0x0a2081d7) c8_vstart 0x00000000 e32 m1 l16 v3  0000ffff 0x00000011 00000010 0000001d 0000001c 0000001b 0000001a 00000019 00000018 00000017 00000016 00000015 00000014 00000013 00000012 00000011 00000010 
core   0: 0x80000168 (0x963131d7) vsll.vi v3, v3, 2
core   0: 3 0x80000168 (0x963131d7) c8_vstart 0x00000000 e32 m1 l16 v3  0000ffff 0x00000044 00000040 00000074 00000070 0000006c 00000068 00000064 00000060 0000005c 00000058 00000054 00000050 0000004c 00000048 00000044 00000040 
core   0: 0x8000016c (0xfd412283) lw      x5, -44(x2)
core   0: 3 0x8000016c (0xfd412283) x5  0x90000000 mem 0x70000008
core   0: 0x80000170 (0x5e02c257) vmv.v.x v4, x5
core   0: 3 0x80000170 (0x5e02c257) c8_vstart 0x00000000 e32 m1 l16 v4  0000ffff 0x90000000 90000000 90000000 90000000 90000000 90000000 90000000 90000000 90000000 90000000 90000000 90000000 90000000 90000000 90000000 90000000 
core   0: 0x80000174 (0x0232c1d7) vadd.vx v3, v3, x5
core   0: 3 0x80000174 (0x0232c1d7) c8_vstart 0x00000000 e32 m1 l16 v3  0000ffff 0x90000044 90000040 90000074 90000070 9000006c 90000068 90000064 90000060 9000005c 90000058 90000054 90000050 9000004c 90000048 90000044 90000040 
core   0: 0x80000178 (0x0a0082d7) vsub.vv v5, v0, v1
core   0: 3 0x80000178 (0x0a0082d7) c8_vstart 0x00000000 e32 m1 l16 v5  0000ffff 0x00000012 00000011 0000001e 0000001d 0000001c 0000001b 0000001a 00000019 00000018 00000017 00000016 00000015 00000014 00000013 00000012 00000011 
core   0: 0x8000017c (0x965132d7) vsll.vi v5, v5, 2
core   0: 3 0x8000017c (0x965132d7) c8_vstart 0x00000000 e32 m1 l16 v5  0000ffff 0x00000048 00000044 00000078 00000074 00000070 0000006c 00000068 00000064 00000060 0000005c 00000058 00000054 00000050 0000004c 00000048 00000044 
core   0: 0x80000180 (0x024282d7) vadd.vv v5, v4, v5
core   0: 3 0x80000180 (0x024282d7) c8_vstart 0x00000000 e32 m1 l16 v5  0000ffff 0x90000048 90000044 90000078 90000074 90000070 9000006c 90000068 90000064 90000060 9000005c 90000058 90000054 90000050 9000004c 90000048 90000044 
core   0: 0x80000184 (0x0002a2fb) vlw12.v v5, v5, 0
core   0: 3 0x80000184 (0x0002a2fb) e32 m1 l16 v5  0000ffff 0x426ea88d 42c2080c 413cc17e 4281a62c 4259cb7a 4280adf6 421cabb2 425e21d7 4297aa97 419e2c87 418b6721 413ebc1b 4248979c 424b9c78 426ea88d 42c2080c  c8_vstart 0x00000000 mem 0x90000044 mem 0x90000048 mem 0x9000004c mem 0x90000050 mem 0x90000054 mem 0x90000058 mem 0x9000005c mem 0x90000060 mem 0x90000064 mem 0x90000068 mem 0x9000006c mem 0x90000070 mem 0x90000074 mem 0x90000078 mem 0x90000044 mem 0x90000048
core   0: 0x80000188 (0x0001a1fb) vlw12.v v3, v3, 0
core   0: 3 0x80000188 (0x0001a1fb) e32 m1 l16 v3  0000ffff 0x42c2080c 41e8dab8 4281a62c 4259cb7a 4280adf6 421cabb2 425e21d7 4297aa97 419e2c87 418b6721 413ebc1b 4248979c 424b9c78 426ea88d 42c2080c 41e8dab8  c8_vstart 0x00000000 mem 0x90000040 mem 0x90000044 mem 0x90000048 mem 0x9000004c mem 0x90000050 mem 0x90000054 mem 0x90000058 mem 0x9000005c mem 0x90000060 mem 0x90000064 mem 0x90000068 mem 0x9000006c mem 0x90000070 mem 0x90000074 mem 0x90000040 mem 0x90000044
core   0: 0x8000018c (0xfd812283) lw      x5, -40(x2)
core   0: 3 0x8000018c (0xfd812283) x5  0x3f800000 mem 0x7000000c
core   0: 0x80000190 (0x5e02c357) vmv.v.x v6, x5
core   0: 3 0x80000190 (0x5e02c357) c8_vstart 0x00000000 e32 m1 l16 v6  0000ffff 0x3f800000 3f800000 3f800000 3f800000 3f800000 3f800000 3f800000 3f800000 3f800000 3f800000 3f800000 3f800000 3f800000 3f800000 3f800000 3f800000 
core   0: 0x80000194 (0x925312d7) vfmul.vv v5, v5, v6
core   0: 3 0x80000194 (0x925312d7) c8_vstart 0x00000000 e32 m1 l16 v5  0000ffff 0x426ea88d 42c2080c 413cc17e 4281a62c 4259cb7a 4280adf6 421cabb2 425e21d7 4297aa97 419e2c87 418b6721 413ebc1b 4248979c 424b9c78 426ea88d 42c2080c 
core   0: 0x80000198 (0x0200b357) vadd.vi v6, v0, 1
core   0: 3 0x80000198 (0x0200b357) c8_vstart 0x00000000 e32 m1 l16 v6  0000ffff 0x00000023 00000022 0000002f 0000002e 0000002d 0000002c 0000002b 0000002a 00000029 00000028 00000027 00000026 00000025 00000024 00000023 00000022 
core   0: 0x8000019c (0x0a6083d7) vsub.vv v7, v6, v1
core   0: 3 0x8000019c (0x0a6083d7) c8_vstart 0x00000000 e32 m1 l16 v7  0000ffff 0x00000013 00000012 0000001f 0000001e 0000001d 0000001c 0000001b 0000001a 00000019 00000018 00000017 00000016 00000015 00000014 00000013 00000012 
core   0: 0x800001a0 (0x967133d7) vsll.vi v7, v7, 2
core   0: 3 0x800001a0 (0x967133d7) c8_vstart 0x00000000 e32 m1 l16 v7  0000ffff 0x0000004c 00000048 0000007c 00000078 00000074 00000070 0000006c 00000068 00000064 00000060 0000005c 00000058 00000054 00000050 0000004c 00000048 
core   0: 0x800001a4 (0x024383d7) vadd.vv v7, v4, v7
core   0: 3 0x800001a4 (0x024383d7) c8_vstart 0x00000000 e32 m1 l16 v7  0000ffff 0x9000004c 90000048 9000007c 90000078 90000074 90000070 9000006c 90000068 90000064 90000060 9000005c 90000058 90000054 90000050 9000004c 90000048 
core   0: 0x800001a8 (0x0003a3fb) vlw12.v v7, v7, 0
core   0: 3 0x800001a8 (0x0003a3fb) e32 m1 l16 v7  0000ffff 0x424b9c78 426ea88d 4148493c 413cc17e 4281a62c 4259cb7a 4280adf6 421cabb2 425e21d7 4297aa97 419e2c87 418b6721 413ebc1b 4248979c 424b9c78 426ea88d  c8_vstart 0x00000000 mem 0x90000048 mem 0x9000004c mem 0x90000050 mem 0x90000054 mem 0x90000058 mem 0x9000005c mem 0x90000060 mem 0x90000064 mem 0x90000068 mem 0x9000006c mem 0x90000070 mem 0x90000074 mem 0x90000078 mem 0x9000007c mem 0x90000048 mem 0x9000004c
core   0: 0x800001ac (0x96213457) vsll.vi v8, v2, 2
core   0: 3 0x800001ac (0x96213457) c8_vstart 0x00000000 e32 m1 l16 v8  0000ffff 0x00000084 00000080 000000b4 000000b0 000000ac 000000a8 000000a4 000000a0 0000009c 00000098 00000094 00000090 0000008c 00000088 00000084 00000080 
core   0: 0x800001b0 (0x02440457) vadd.vv v8, v4, v8
core   0: 3 0x800001b0 (0x02440457) c8_vstart 0x00000000 e32 m1 l16 v8  0000ffff 0x90000084 90000080 900000b4 900000b0 900000ac 900000a8 900000a4 900000a0 9000009c 90000098 90000094 90000090 9000008c 90000088 90000084 90000080 
core   0: 0x800001b4 (0x0004247b) vlw12.v v8, v8, 0
core   0: 3 0x800001b4 (0x0004247b) e32 m1 l16 v8  0000ffff 0x42b56c8a 41880feb 4142adee 3ec1bcb1 428b7dfc 423ca395 421ebc37 4186899a 425af788 42746537 420289c8 41065744 422101e0 408cd71b 42b56c8a 41880feb  c8_vstart 0x00000000 mem 0x90000080 mem 0x90000084 mem 0x90000088 mem 0x9000008c mem 0x90000090 mem 0x90000094 mem 0x90000098 mem 0x9000009c mem 0x900000a0 mem 0x900000a4 mem 0x900000a8 mem 0x900000ac mem 0x900000b0 mem 0x900000b4 mem 0x90000080 mem 0x90000084
core   0: 0x800001b8 (0x960134d7) vsll.vi v9, v0, 2
core   0: 3 0x800001b8 (0x960134d7) c8_vstart 0x00000000 e32 m1 l16 v9  0000ffff 0x00000088 00000084 000000b8 000000b4 000000b0 000000ac 000000a8 000000a4 000000a0 0000009c 00000098 00000094 00000090 0000008c 00000088 00000084 
core   0: 0x800001bc (0x02448557) vadd.vv v10, v4, v9
core   0: 3 0x800001bc (0x02448557) c8_vstart 0x00000000 e32 m1 l16 v10 0000ffff 0x90000088 90000084 900000b8 900000b4 900000b0 900000ac 900000a8 900000a4 900000a0 9000009c 90000098 90000094 90000090 9000008c 90000088 90000084 
core   0: 0x800001c0 (0x0005257b) vlw12.v v10, v10, 0
core   0: 3 0x800001c0 (0x0005257b) e32 m1 l16 v10 0000ffff 0x408cd71b 42b56c8a 41c9ab45 4142adee 3ec1bcb1 428b7dfc 423ca395 421ebc37 4186899a 425af788 42746537 420289c8 41065744 422101e0 408cd71b 42b56c8a  c8_vstart 0x00000000 mem 0x90000084 mem 0x90000088 mem 0x9000008c mem 0x90000090 mem 0x90000094 mem 0x90000098 mem 0x9000009c mem 0x900000a0 mem 0x900000a4 mem 0x900000a8 mem 0x900000ac mem 0x900000b0 mem 0x900000b4 mem 0x900000b8 mem 0x90000084 mem 0x90000088
core   0: 0x800001c4 (0x966135d7) vsll.vi v11, v6, 2
core   0: 3 0x800001c4 (0x966135d7) c8_vstart 0x00000000 e32 m1 l16 v11 0000ffff 0x0000008c 00000088 000000bc 000000b8 000000b4 000000b0 000000ac 000000a8 000000a4 000000a0 0000009c 00000098 00000094 00000090 0000008c 00000088 
core   0: 0x800001c8 (0x024585d7) vadd.vv v11, v4, v11
core   0: 3 0x800001c8 (0x024585d7) c8_vstart 0x00000000 e32 m1 l16 v11 0000ffff 0x9000008c 90000088 900000bc 900000b8 900000b4 900000b0 900000ac 900000a8 900000a4 900000a0 9000009c 90000098 90000094 90000090 9000008c 90000088 
core   0: 0x800001cc (0x0005a5fb) vlw12.v v11, v11, 0
core   0: 3 0x800001cc (0x0005a5fb) e32 m1 l16 v11 0000ffff 0x422101e0 408cd71b 41ebe1aa 41c9ab45 4142adee 3ec1bcb1 428b7dfc 423ca395 421ebc37 4186899a 425af788 42746537 420289c8 41065744 422101e0 408cd71b  c8_vstart 0x00000000 mem 0x90000088 mem 0x9000008c mem 0x90000090 mem 0x90000094 mem 0x90000098 mem 0x9000009c mem 0x900000a0 mem 0x900000a4 mem 0x900000a8 mem 0x900000ac mem 0x900000b0 mem 0x900000b4 mem 0x900000b8 mem 0x900000bc mem 0x90000088 mem 0x9000008c
core   0: 0x800001d0 (0x02208157) vadd.vv v2, v2, v1
core   0: 3 0x800001d0 (0x02208157) c8_vstart 0x00000000 e32 m1 l16 v2  0000ffff 0x00000031 00000030 0000003d 0000003c 0000003b 0000003a 00000039 00000038 00000037 00000036 00000035 00000034 00000033 00000032 00000031 00000030 
core   0: 0x800001d4 (0x96213157) vsll.vi v2, v2, 2
core   0: 3 0x800001d4 (0x96213157) c8_vstart 0x00000000 e32 m1 l16 v2  0000ffff 0x000000c4 000000c0 000000f4 000000f0 000000ec 000000e8 000000e4 000000e0 000000dc 000000d8 000000d4 000000d0 000000cc 000000c8 000000c4 000000c0 
core   0: 0x800001d8 (0x02410157) vadd.vv v2, v4, v2
core   0: 3 0x800001d8 (0x02410157) c8_vstart 0x00000000 e32 m1 l16 v2  0000ffff 0x900000c4 900000c0 900000f4 900000f0 900000ec 900000e8 900000e4 900000e0 900000dc 900000d8 900000d4 900000d0 900000cc 900000c8 900000c4 900000c0 
core   0: 0x800001dc (0x0001217b) vlw12.v v2, v2, 0
core   0: 3 0x800001dc (0x0001217b) e32 m1 l16 v2  0000ffff 0x42a9bf18 4112ee4a 42430eb0 42a630bf 40f9716f 4213de51 41922a4a 425562b4 42914132 429e34ba 42c3a06f 42c1969b 426d5330 42a0c6a7 42a9bf18 4112ee4a  c8_vstart 0x00000000 mem 0x900000c0 mem 0x900000c4 mem 0x900000c8 mem 0x900000cc mem 0x900000d0 mem 0x900000d4 mem 0x900000d8 mem 0x900000dc mem 0x900000e0 mem 0x900000e4 mem 0x900000e8 mem 0x900000ec mem 0x900000f0 mem 0x900000f4 mem 0x900000c0 mem 0x900000c4
core   0: 0x800001e0 (0x02008057) vadd.vv v0, v0, v1
core   0: 3 0x800001e0 (0x02008057) c8_vstart 0x00000000 e32 m1 l16 v0  0000ffff 0x00000032 00000031 0000003e 0000003d 0000003c 0000003b 0000003a 00000039 00000038 00000037 00000036 00000035 00000034 00000033 00000032 00000031 
core   0: 0x800001e4 (0x96013057) vsll.vi v0, v0, 2
core   0: 3 0x800001e4 (0x96013057) c8_vstart 0x00000000 e32 m1 l16 v0  0000ffff 0x000000c8 000000c4 000000f8 000000f4 000000f0 000000ec 000000e8 000000e4 000000e0 000000dc 000000d8 000000d4 000000d0 000000cc 000000c8 000000c4 
core   0: 0x800001e8 (0x02400057) vadd.vv v0, v4, v0
core   0: 3 0x800001e8 (0x02400057) c8_vstart 0x00000000 e32 m1 l16 v0  0000ffff 0x900000c8 900000c4 900000f8 900000f4 900000f0 900000ec 900000e8 900000e4 900000e0 900000dc 900000d8 900000d4 900000d0 900000cc 900000c8 900000c4 
core   0: 0x800001ec (0x0000207b) vlw12.v v0, v0, 0
core   0: 3 0x800001ec (0x0000207b) e32 m1 l16 v0  0000ffff 0x42a0c6a7 42a9bf18 41a280fa 42430eb0 42a630bf 40f9716f 4213de51 41922a4a 425562b4 42914132 429e34ba 42c3a06f 42c1969b 426d5330 42a0c6a7 42a9bf18  c8_vstart 0x00000000 mem 0x900000c4 mem 0x900000c8 mem 0x900000cc mem 0x900000d0 mem 0x900000d4 mem 0x900000d8 mem 0x900000dc mem 0x900000e0 mem 0x900000e4 mem 0x900000e8 mem 0x900000ec mem 0x900000f0 mem 0x900000f4 mem 0x900000f8 mem 0x900000c4 mem 0x900000c8
core   0: 0x800001f0 (0x026080d7) vadd.vv v1, v6, v1
core   0: 3 0x800001f0 (0x026080d7) c8_vstart 0x00000000 e32 m1 l16 v1  0000ffff 0x00000033 00000032 0000003f 0000003e 0000003d 0000003c 0000003b 0000003a 00000039 00000038 00000037 00000036 00000035 00000034 00000033 00000032 
core   0: 0x800001f4 (0x961130d7) vsll.vi v1, v1, 2
core   0: 3 0x800001f4 (0x961130d7) c8_vstart 0x00000000 e32 m1 l16 v1  0000ffff 0x000000cc 000000c8 000000fc 000000f8 000000f4 000000f0 000000ec 000000e8 000000e4 000000e0 000000dc 000000d8 000000d4 000000d0 000000cc 000000c8 
core   0: 0x800001f8 (0x024080d7) vadd.vv v1, v4, v1
core   0: 3 0x800001f8 (0x024080d7) c8_vstart 0x00000000 e32 m1 l16 v1  0000ffff 0x900000cc 900000c8 900000fc 900000f8 900000f4 900000f0 900000ec 900000e8 900000e4 900000e0 900000dc 900000d8 900000d4 900000d0 900000cc 900000c8 
core   0: 0x800001fc (0x0000a0fb) vlw12.v v1, v1, 0
core   0: 3 0x800001fc (0x0000a0fb) e32 m1 l16 v1  0000ffff 0x426d5330 42a0c6a7 3dd2e5a0 41a280fa 42430eb0 42a630bf 40f9716f 4213de51 41922a4a 425562b4 42914132 429e34ba 42c3a06f 42c1969b 426d5330 42a0c6a7  c8_vstart 0x00000000 mem 0x900000c8 mem 0x900000cc mem 0x900000d0 mem 0x900000d4 mem 0x900000d8 mem 0x900000dc mem 0x900000e0 mem 0x900000e4 mem 0x900000e8 mem 0x900000ec mem 0x900000f0 mem 0x900000f4 mem 0x900000f8 mem 0x900000fc mem 0x900000c8 mem 0x900000cc
core   0: 0x80000200 (0xfdc12283) lw      x5, -36(x2)
core   0: 3 0x80000200 (0xfdc12283) x5  0x3f800000 mem 0x70000010
core   0: 0x80000204 (0x5e02c257) vmv.v.x v4, x5
core   0: 3 0x80000204 (0x5e02c257) c8_vstart 0x00000000 e32 m1 l16 v4  0000ffff 0x3f800000 3f800000 3f800000 3f800000 3f800000 3f800000 3f800000 3f800000 3f800000 3f800000 3f800000 3f800000 3f800000 3f800000 3f800000 3f800000 
core   0: 0x80000208 (0xa25211d7) vfmadd.vv v3, v5, v4
core   0: 3 0x80000208 (0xa25211d7) c8_vstart 0x00000000 c1_fflags 0x00000001 e32 m1 l16 v3  0000ffff 0x431cae29 42fc3eba 42993e5c 42ee8be9 42ed93b3 42cf03cf 42bd66c4 43035dc1 42bf35b9 4214c9d4 41eac52e 427846a3 42ca1a0a 42dd2282 431cae29 42fc3eba 
core   0: 0x8000020c (0xfe012283) lw      x5, -32(x2)
core   0: 3 0x8000020c (0xfe012283) x5  0x3f800000 mem 0x70000014
core   0: 0x80000210 (0x5e02c257) vmv.v.x v4, x5
core   0: 3 0x80000210 (0x5e02c257) c8_vstart 0x00000000 e32 m1 l16 v4  0000ffff 0x3f800000 3f800000 3f800000 3f800000 3f800000 3f800000 3f800000 3f800000 3f800000 3f800000 3f800000 3f800000 3f800000 3f800000 3f800000 3f800000 
core   0: 0x80000214 (0xa23213d7) vfmadd.vv v7, v3, v4
core   0: 3 0x80000214 (0xa23213d7) c8_vstart 0x00000000 c1_fflags 0x00000001 e32 m1 l16 v7  0000ffff 0x434f9547 4339c980 42b24784 4303120c 43379cf0 431df4c6 431f0a5d 432a88ae 43172352 42e20f81 424478da 429efd1a 42e1f18d 4320b728 434f9547 4339c980 
core   0: 0x80000218 (0xfe412283) lw      x5, -28(x2)
core   0: 3 0x80000218 (0xfe412283) x5  0x3f800000 mem 0x70000018
core   0: 0x8000021c (0x5e02c1d7) vmv.v.x v3, x5
core   0: 3 0x8000021c (0x5e02c1d7) c8_vstart 0x00000000 e32 m1 l16 v3  0000ffff 0x3f800000 3f800000 3f800000 3f800000 3f800000 3f800000 3f800000 3f800000 3f800000 3f800000 3f800000 3f800000 3f800000 3f800000 3f800000 3f800000 
core   0: 0x80000220 (0xa2719457) vfmadd.vv v8, v7, v3
core   0: 3 0x80000220 (0xa2719457) c8_vstart 0x00000000 c1_fflags 0x00000001 e32 m1 l16 v8  0000ffff 0x439525c6 434acb7d 42ca9d42 430372ea 437d5bee 434d1dab 4346b96b 433b59e1 434de134 432e210e 42a38151 42afc802 4319393e 43251de1 439525c6 434acb7d 
core   0: 0x80000224 (0xfe812283) lw      x5, -24(x2)
core   0: 3 0x80000224 (0xfe812283) x5  0x3f800000 mem 0x7000001c
core   0: 0x80000228 (0x5e02c1d7) vmv.v.x v3, x5
core   0: 3 0x80000228 (0x5e02c1d7) c8_vstart 0x00000000 e32 m1 l16 v3  0000ffff 0x3f800000 3f800000 3f800000 3f800000 3f800000 3f800000 3f800000 3f800000 3f800000 3f800000 3f800000 3f800000 3f800000 3f800000 3f800000 3f800000 
core   0: 0x8000022c (0xa2819557) vfmadd.vv v10, v8, v3
core   0: 3 0x8000022c (0xa2819557) c8_vstart 0x00000000 c1_fflags 0x00000001 e32 m1 l16 v10 0000ffff 0x43975922 4392c0e1 42fd0813 430f9dc9 437dbccc 43896e54 4375e250 436308ef 435eb267 4364def0 430ed9f6 42f10ce6 43219eb2 434d5e59 43975922 4392c0e1 
core   0: 0x80000230 (0xfec12283) lw      x5, -20(x2)
core   0: 3 0x80000230 (0xfec12283) x5  0x3f800000 mem 0x70000020
core   0: 0x80000234 (0x5e02c1d7) vmv.v.x v3, x5
core   0: 3 0x80000234 (0x5e02c1d7) c8_vstart 0x00000000 e32 m1 l16 v3  0000ffff 0x3f800000 3f800000 3f800000 3f800000 3f800000 3f800000 3f800000 3f800000 3f800000 3f800000 3f800000 3f800000 3f800000 3f800000 3f800000 3f800000 
core   0: 0x80000238 (0xa2a195d7) vfmadd.vv v11, v10, v3
core   0: 3 0x80000238 (0xa2a195d7) c8_vstart 0x00000000 c1_fflags 0x00000001 e32 m1 l16 v11 0000ffff 0x43ab795e 4394f43d 431c003f 4328d332 4384f3d5 43899ec3 439dd0a7 438918ea 438330ba 4375b023 434597d8 43359fc1 43424124 4355c3cd 43ab795e 4394f43d 
core   0: 0x8000023c (0xff012283) lw      x5, -16(x2)
core   0: 3 0x8000023c (0xff012283) x5  0x3f800000 mem 0x70000024
core   0: 0x80000240 (0x5e02c1d7) vmv.v.x v3, x5
core   0: 3 0x80000240 (0x5e02c1d7) c8_vstart 0x00000000 e32 m1 l16 v3  0000ffff 0x3f800000 3f800000 3f800000 3f800000 3f800000 3f800000 3f800000 3f800000 3f800000 3f800000 3f800000 3f800000 3f800000 3f800000 3f800000 3f800000 
core   0: 0x80000244 (0xa2b19157) vfmadd.vv v2, v11, v3
core   0: 3 0x80000244 (0xa2b19157) c8_vstart 0x00000000 c1_fflags 0x00000001 e32 m1 l16 v2  0000ffff 0x43d5e924 43998baf 434cc3eb 437beb92 4388d99b 439c1a8d 43a6f34c 43a3c540 43a78106 43a26540 4393b408 438b3587 437d95f0 43931390 43d5e924 43998baf 
core   0: 0x80000248 (0xff412283) lw      x5, -12(x2)
core   0: 3 0x80000248 (0xff412283) x5  0x3f800000 mem 0x70000028
core   0: 0x8000024c (0x5e02c1d7) vmv.v.x v3, x5
core   0: 3 0x8000024c (0x5e02c1d7) c8_vstart 0x00000000 e32 m1 l16 v3  0000ffff 0x3f800000 3f800000 3f800000 3f800000 3f800000 3f800000 3f800000 3f800000 3f800000 3f800000 3f800000 3f800000 3f800000 3f800000 3f800000 3f800000 
core   0: 0x80000250 (0xa2219057) vfmadd.vv v0, v2, v3
core   0: 3 0x80000250 (0xa2219057) c8_vstart 0x00000000 c1_fflags 0x00000001 e32 m1 l16 v0  0000ffff 0x43fe1ace 43c3fb75 4361140a 4396579f 43b265cb 43a00053 43b96f16 43ace7e5 43c22d5c 43c6b58c 43bb4136 43bc1da3 43af309f 43b0bdf6 43fe1ace 43c3fb75 
core   0: 0x80000254 (0xff812283) lw      x5, -8(x2)
core   0: 3 0x80000254 (0xff812283) x5  0x3f800000 mem 0x7000002c
core   0: 0x80000258 (0x5e02c157) vmv.v.x v2, x5
core   0: 3 0x80000258 (0x5e02c157) c8_vstart 0x00000000 e32 m1 l16 v2  0000ffff 0x3f800000 3f800000 3f800000 3f800000 3f800000 3f800000 3f800000 3f800000 3f800000 3f800000 3f800000 3f800000 3f800000 3f800000 3f800000 3f800000 
core   0: 0x8000025c (0xa20110d7) vfmadd.vv v1, v0, v2
core   0: 3 0x8000025c (0xa20110d7) c8_vstart 0x00000000 c1_fflags 0x00000001 e32 m1 l16 v1  0000ffff 0x440de29a 43ec2d1f 43612e67 43a07faf 43cac7a1 43c98c83 43bd54dc 43bf63af 43cb5001 43e161e2 43df9182 43e3aad2 43e018bb 43e1239d 440de29a 43ec2d1f 
core   0: 0x80000260 (0xffc12283) lw      x5, -4(x2)
core   0: 3 0x80000260 (0xffc12283) x5  0x90001000 mem 0x70000030
core   0: 0x80000264 (0x0292c057) vadd.vx v0, v9, x5
core   0: 3 0x80000264 (0x0292c057) c8_vstart 0x00000000 e32 m1 l16 v0  0000ffff 0x90001088 90001084 900010b8 900010b4 900010b0 900010ac 900010a8 900010a4 900010a0 9000109c 90001098 90001094 90001090 9000108c 90001088 90001084 
core   0: 0x80000268 (0x0010607b) vsw12.v v1, v0, 0
core   0: 3 0x80000268 (0x0010607b) c8_vstart 0x00000000 e32 m1 l16 mem 0x90001084 0x43ec2d1f mem 0x90001088 0x440de29a mem 0x9000108c 0x43e1239d mem 0x90001090 0x43e018bb mem 0x90001094 0x43e3aad2 mem 0x90001098 0x43df9182 mem 0x9000109c 0x43e161e2 mem 0x900010a0 0x43cb5001 mem 0x900010a4 0x43bf63af mem 0x900010a8 0x43bd54dc mem 0x900010ac 0x43c98c83 mem 0x900010b0 0x43cac7a1 mem 0x900010b4 0x43a07faf mem 0x900010b8 0x43612e67 mem 0x90001084 0x43ec2d1f mem 0x90001088 0x440de29a
core   0: 0x8000026c (0xfcc12083) lw      x1, -52(x2)
core   0: 3 0x8000026c (0xfcc12083) x1  0x800000a0 mem 0x70000000
core   0: 0x80000270 (0x0090200b) regext  x0, x0,  0 0 1 1 
core   0: 3 0x80000270 (0x0090200b)
core   0: 0x80000274 (0x7fc020ab) vlw.v   v1, x0, -4
core   0: 3 0x80000274 (0x7fc020ab) e32 m1 l16 v33 0000ffff 0x00000000 00000000 00000000 00000000 00000000 00000000 00000000 00000000 00000000 00000000 00000000 00000000 00000000 00000000 00000000 00000000  c8_vstart 0x00000000 mem 0x90003000 mem 0x90003004 mem 0x90003008 mem 0x9000300c mem 0x90003010 mem 0x90003014 mem 0x90003018 mem 0x9000301c mem 0x90003020 mem 0x90003024 mem 0x90003028 mem 0x9000302c mem 0x90003030 mem 0x90003034 mem 0x90003038 mem 0x9000303c
core   0: 0x80000278 (0xfcc10113) addi    x2, x2, -52
core   0: 3 0x80000278 (0xfcc10113) x2  0x70000000
core   0: 0x8000027c (0xffc20213) addi    x4, x4, -4
core   0: 3 0x8000027c (0xffc20213) x4  0x00000000
core   0: 0x80000280 (0x0010200b) regext  x0, x0,  0 0 0 1 
core   0: 3 0x80000280 (0x0010200b)
core   0: 0x80000284 (0x5e024057) vmv.v.x v0, x4
core   0: 3 0x80000284 (0x5e024057) c8_vstart 0x00000000 e32 m1 l16 v32 0000ffff 0x00000000 00000000 00000000 00000000 00000000 00000000 00000000 00000000 00000000 00000000 00000000 00000000 00000000 00000000 00000000 00000000 
core   0: 0x80000288 (0x00008067) ret
core   0: 3 0x80000288 (0x00008067)
core   0: 0x800000a0 (0x0000400b) endprg  x0, x0, x0
core   0: 3 0x800000a0 (0x0000400b)
core   0: 0x800000a4 (0x0040006f) j       pc + 0x4
core   0: 3 0x800000a4 (0x0040006f)
core   0: 0x800000a8 (0x00100313) li      x6, 1
core   0: 3 0x800000a8 (0x00100313) x6  0x00000001
core   0: 0x800000ac (0x00001297) auipc   x5, 0x1
core   0: 3 0x800000ac (0x00001297) x5  0x800010ac
core   0: 0x800000b0 (0xf5428293) addi    x5, x5, -172
core   0: 3 0x800000b0 (0xf5428293) x5  0x80001000
core   0: 0x800000b4 (0x0062a023) sw      x6, 0(x5)
core   0: 3 0x800000b4 (0x0062a023) mem 0x80001000 0x00000001
core   0: 0x00001000 (0x00000297) auipc   x5, 0x0
core   0: 3 0x00001000 (0x00000297) x5  0x00001000
core   0: 0x00001004 (0x02028593) addi    x11, x5, 32
core   0: 3 0x00001004 (0x02028593) x11 0x00001020
core   0: 0x00001008 (0xf1402573) csrr    x10, mhartid
core   0: 3 0x00001008 (0xf1402573) x10 0x00000000
core   0: 0x0000100c (0x0182a283) lw      x5, 24(x5)
core   0: 3 0x0000100c (0x0182a283) x5  0x80000000 mem 0x00001018
core   0: 0x00001010 (0x00028067) jr      x5
core   0: 3 0x00001010 (0x00028067)
core   0: 0x80000000 (0x00004197) auipc   x3, 0x4
core   0: 3 0x80000000 (0x00004197) x3  0x80004000
core   0: 0x80000004 (0x80818193) addi    x3, x3, -2040
core   0: 3 0x80000004 (0x80818193) x3  0x80003808
core   0: 0x80000008 (0x02000e93) li      x29, 32
core   0: 3 0x80000008 (0x02000e93) x29 0x00000020
core   0: 0x8000000c (0x0d0efed7) vsetvli x29, x29, e32, m1, ta, ma
core   0: 3 0x8000000c (0x0d0efed7) x29 0x00000010 c8_vstart 0x00000000 c3104_vl 0x00000010 c3105_vtype 0x000000d0 c768_mstatus 0x80000600
core   0: 0x80000010 (0x00002eb7) lui     x29, 0x2
core   0: 3 0x80000010 (0x00002eb7) x29 0x00002000
core   0: 0x80000014 (0x300eaef3) csrrs   x29, mstatus, x29
core   0: 3 0x80000014 (0x300eaef3) x29 0x80000600 c768_mstatus 0x80006600
core   0: 0x80000018 (0x00000e93) li      x29, 0
core   0: 3 0x80000018 (0x00000e93) x29 0x00000000
core   0: 0x8000001c (0x80502373) csrr    x6, wid
core   0: 3 0x8000001c (0x80502373) x6  0x00000000
core   0: 0x80000020 (0x806023f3) csrr    x7, lds
core   0: 3 0x80000020 (0x806023f3) x7  0x70000000
core   0: 0x80000024 (0x40000e13) li      x28, 1024
core   0: 3 0x80000024 (0x40000e13) x28 0x00000400
core   0: 0x80000028 (0x03c30333) mul     x6, x6, x28
core   0: 3 0x80000028 (0x03c30333) x6  0x00000000
core   0: 0x8000002c (0x00730133) add     x2, x6, x7
core   0: 3 0x8000002c (0x00730133) x2  0x70000000
core   0: 0x80000030 (0x00000213) li      x4, 0
core   0: 3 0x80000030 (0x00000213) x4  0x00000000
core   0: 0x80000034 (0x80102f73) csrr    x30, numw
core   0: 3 0x80000034 (0x80102f73) x30 0x00000001
core   0: 0x80000038 (0x40000e13) li      x28, 1024
core   0: 3 0x80000038 (0x40000e13) x28 0x00000400
core   0: 0x8000003c (0x03cf0f33) mul     x30, x30, x28
core   0: 3 0x8000003c (0x03cf0f33) x30 0x00000400
core   0: 0x80000040 (0x01e38433) add     x8, x7, x30
core   0: 3 0x80000040 (0x01e38433) x8  0x70000400
core   0: 0x80000044 (0x00003517) auipc   x10, 0x3
core   0: 3 0x80000044 (0x00003517) x10 0x80003044
core   0: 0x80000048 (0xfc450513) addi    x10, x10, -60
core   0: 3 0x80000048 (0xfc450513) x10 0x80003008
core   0: 0x8000004c (0x00003617) auipc   x12, 0x3
core   0: 3 0x8000004c (0x00003617) x12 0x8000304c
core   0: 0x80000050 (0xfbc60613) addi    x12, x12, -68
core   0: 3 0x80000050 (0xfbc60613) x12 0x80003008
core   0: 0x80000054 (0x00c50863) beq     x10, x12, pc + 16
core   0: 3 0x80000054 (0x00c50863)
core   0: 0x80000064 (0x803022f3) csrr    x5, knl
core   0: 3 0x80000064 (0x803022f3) x5  0x900e3000
core   0: 0x80000068 (0x0002a303) lw      x6, 0(x5)
core   0: 3 0x80000068 (0x0002a303) x6  0x800000b8 mem 0x900e3000
core   0: 0x8000006c (0x0042a503) lw      x10, 4(x5)
core   0: 3 0x8000006c (0x0042a503) x10 0x90002000 mem 0x900e3004
core   0: 0x80000070 (0x0302a383) lw      x7, 48(x5)
core   0: 3 0x80000070 (0x0302a383) x7  0x00000000 mem 0x900e3030
core   0: 0x80000074 (0x0342ae03) lw      x28, 52(x5)
core   0: 3 0x80000074 (0x0342ae03) x28 0x00000000 mem 0x900e3034
core   0: 0x80000078 (0x00003e97) auipc   x29, 0x3
core   0: 3 0x80000078 (0x00003e97) x29 0x80003078
core   0: 0x8000007c (0xf88e8e93) addi    x29, x29, -120
core   0: 3 0x8000007c (0xf88e8e93) x29 0x80003000
core   0: 0x80000080 (0x00003f17) auipc   x30, 0x3
core   0: 3 0x80000080 (0x00003f17) x30 0x80003080
core   0: 0x80000084 (0xf84f0f13) addi    x30, x30, -124
core   0: 3 0x80000084 (0xf84f0f13) x30 0x80003004
core   0: 0x80000088 (0x007ea023) sw      x7, 0(x29)
core   0: 3 0x80000088 (0x007ea023) mem 0x80003000 0x00000000
core   0: 0x8000008c (0x01cf2023) sw      x28, 0(x30)
core   0: 3 0x8000008c (0x01cf2023) mem 0x80003004 0x00000000
core   0: 0x80000090 (0x00000f97) auipc   x31, 0x0
core   0: 3 0x80000090 (0x00000f97) x31 0x80000090
core   0: 0x80000094 (0x018f8f93) addi    x31, x31, 24
core   0: 3 0x80000094 (0x018f8f93) x31 0x800000a8
core   0: 0x80000098 (0x305f9073) csrw    mtvec, x31
core   0: 3 0x80000098 (0x305f9073) c773_mtvec 0x800000a8
core   0: 0x8000009c (0x000300e7) jalr    x6
core   0: 3 0x8000009c (0x000300e7) x1  0x800000a0
core   0: 0x800000b8 (0x03410113) addi    x2, x2, 52
core   0: 3 0x800000b8 (0x03410113) x2  0x70000034
core   0: 0x800000bc (0x00420213) addi    x4, x4, 4
core   0: 3 0x800000bc (0x00420213) x4  0x00000004
core   0: 0x800000c0 (0x0010200b) regext  x0, x0,  0 0 0 1 
core   0: 3 0x800000c0 (0x0010200b)
core   0: 0x800000c4 (0x5e024057) vmv.v.x v0, x4
core   0: 3 0x800000c4 (0x5e024057) c8_vstart 0x00000000 e32 m1 l16 v32 0000ffff 0x00000004 00000004 00000004 00000004 00000004 00000004 00000004 00000004 00000004 00000004 00000004 00000004 00000004 00000004 00000004 00000004 
core   0: 0x800000c8 (0xfc112623) sw      x1, -52(x2)
core   0: 3 0x800000c8 (0xfc112623) mem 0x70000000 0x800000a0
core   0: 0x800000cc (0x0480200b) regext  x0, x0,  0 1 1 0 
core   0: 3 0x800000cc (0x0480200b)
core   0: 0x800000d0 (0xfe102e2b) vsw.v   v1, x0, -4
core   0: 3 0x800000d0 (0xfe102e2b) c8_vstart 0x00000000 mem 0x90003000 0x00000000 mem 0x90003004 0x00000000 mem 0x90003008 0x00000000 mem 0x9000300c 0x00000000 mem 0x90003010 0x00000000 mem 0x90003014 0x00000000 mem 0x90003018 0x00000000 mem 0x9000301c 0x00000000 mem 0x90003020 0x00000000 mem 0x90003024 0x00000000 mem 0x90003028 0x00000000 mem 0x9000302c 0x00000000 mem 0x90003030 0x00000000 mem 0x90003034 0x00000000 mem 0x90003038 0x00000000 mem 0x9000303c 0x00000000
core   0: 0x800000d4 (0x00452283) lw      x5, 4(x10)
core   0: 3 0x800000d4 (0x00452283) x5  0x90001000 mem 0x90002004
core   0: 0x800000d8 (0xfe512e23) sw      x5, -4(x2)
core   0: 3 0x800000d8 (0xfe512e23) mem 0x70000030 0x90001000
core   0: 0x800000dc (0x03052283) lw      x5, 48(x10)
core   0: 3 0x800000dc (0x03052283) x5  0x3f800000 mem 0x90002030
core   0: 0x800000e0 (0xfe512c23) sw      x5, -8(x2)
core   0: 3 0x800000e0 (0xfe512c23) mem 0x7000002c 0x3f800000
core   0: 0x800000e4 (0x02c52283) lw      x5, 44(x10)
core   0: 3 0x800000e4 (0x02c52283) x5  0x3f800000 mem 0x9000202c
core   0: 0x800000e8 (0xfe512a23) sw      x5, -12(x2)
core   0: 3 0x800000e8 (0xfe512a23) mem 0x70000028 0x3f800000
core   0: 0x800000ec (0x02852283) lw      x5, 40(x10)
core   0: 3 0x800000ec (0x02852283) x5  0x3f800000 mem 0x90002028
core   0: 0x800000f0 (0xfe512823) sw      x5, -16(x2)
core   0: 3 0x800000f0 (0xfe512823) mem 0x70000024 0x3f800000
core   0: 0x800000f4 (0x02452283) lw      x5, 36(x10)
core   0: 3 0x800000f4 (0x02452283) x5  0x3f800000 mem 0x90002024
core   0: 0x800000f8 (0xfe512623) sw      x5, -20(x2)
core   0: 3 0x800000f8 (0xfe512623) mem 0x70000020 0x3f800000
core   0: 0x800000fc (0x02052283) lw      x5, 32(x10)
core   0: 3 0x800000fc (0x02052283) x5  0x3f800000 mem 0x90002020
core   0: 0x80000100 (0xfe512423) sw      x5, -24(x2)
core   0: 3 0x80000100 (0xfe512423) mem 0x7000001c 0x3f800000
core   0: 0x80000104 (0x01c52283) lw      x5, 28(x10)
core   0: 3 0x80000104 (0x01c52283) x5  0x3f800000 mem 0x9000201c
core   0: 0x80000108 (0xfe512223) sw      x5, -28(x2)
core   0: 3 0x80000108 (0xfe512223) mem 0x70000018 0x3f800000
core   0: 0x8000010c (0x01852283) lw      x5, 24(x10)
core   0: 3 0x8000010c (0x01852283) x5  0x3f800000 mem 0x90002018
core   0: 0x80000110 (0xfe512023) sw      x5, -32(x2)
core   0: 3 0x80000110 (0xfe512023) mem 0x70000014 0x3f800000
core   0: 0x80000114 (0x01052283) lw      x5, 16(x10)
core   0: 3 0x80000114 (0x01052283) x5  0x3f800000 mem 0x90002010
core   0: 0x80000118 (0xfc512e23) sw      x5, -36(x2)
core   0: 3 0x80000118 (0xfc512e23) mem 0x70000010 0x3f800000
core   0: 0x8000011c (0x01452283) lw      x5, 20(x10)
core   0: 3 0x8000011c (0x01452283) x5  0x3f800000 mem 0x90002014
core   0: 0x80000120 (0xfc512c23) sw      x5, -40(x2)
core   0: 3 0x80000120 (0xfc512c23) mem 0x7000000c 0x3f800000
core   0: 0x80000124 (0x00052283) lw      x5, 0(x10)
core   0: 3 0x80000124 (0x00052283) x5  0x90000000 mem 0x90002000
core   0: 0x80000128 (0xfc512a23) sw      x5, -44(x2)
core   0: 3 0x80000128 (0xfc512a23) mem 0x70000008 0x90000000
core   0: 0x8000012c (0x00852283) lw      x5, 8(x10)
core   0: 3 0x8000012c (0x00852283) x5  0x00000010 mem 0x90002008
core   0: 0x80000130 (0xfc512823) sw      x5, -48(x2)
core   0: 3 0x80000130 (0xfc512823) mem 0x70000004 0x00000010
core   0: 0x80000134 (0x5e004057) vmv.v.x v0, x0
core   0: 3 0x80000134 (0x5e004057) c8_vstart 0x00000000 e32 m1 l16 v0  0000ffff 0x00000000 00000000 00000000 00000000 00000000 00000000 00000000 00000000 00000000 00000000 00000000 00000000 00000000 00000000 00000000 00000000 
core   0: 0x80000138 (0x154000ef) jal     pc + 0x154
core   0: 3 0x80000138 (0x154000ef) x1  0x8000013c
core   0: 0x8000028c (0x00410113) addi    x2, x2, 4
core   0: 3 0x8000028c (0x00410113) x2  0x70000038
core   0: 0x80000290 (0xfe112e23) sw      x1, -4(x2)
core   0: 3 0x80000290 (0xfe112e23) mem 0x70000034 0x8000013c
core   0: 0x80000294 (0x00200293) li      x5, 2
core   0: 3 0x80000294 (0x00200293) x5  0x00000002
core   0: 0x80000298 (0x5e02c0d7) vmv.v.x v1, x5
core   0: 3 0x80000298 (0x5e02c0d7) c8_vstart 0x00000000 e32 m1 l16 v1  0000ffff 0x00000002 00000002 00000002 00000002 00000002 00000002 00000002 00000002 00000002 00000002 00000002 00000002 00000002 00000002 00000002 00000002 
core   0: 0x8000029c (0x00000317) auipc   x6, 0x0
core   0: 3 0x8000029c (0x00000317) x6  0x8000029c
core   0: 0x800002a0 (0x04c3305b) setrpc  x0, x6, 76
core   0: 3 0x800002a0 (0x04c3305b) c2060_rpc 0x800002e8 current mask:	0000ffff current npc:	00000000 stack size: 0
core   0: 0x800002a4 (0x0200885b) vbeq    v0, v1, pc + 48
core   0: 3 0x800002a4 (0x0200885b) c8_vstart 0x00000000 e32 m1 l16 current mask:	0000ffff current npc:	800002a8 stack size: 0
core   0: 0x800002a8 (0x00100293) li      x5, 1
core   0: 3 0x800002a8 (0x00100293) x5  0x00000001
core   0: 0x800002ac (0x5e02c0d7) vmv.v.x v1, x5
core   0: 3 0x800002ac (0x5e02c0d7) c8_vstart 0x00000000 e32 m1 l16 v1  0000ffff 0x00000001 00000001 00000001 00000001 00000001 00000001 00000001 00000001 00000001 00000001 00000001 00000001 00000001 00000001 00000001 00000001 
core   0: 0x800002b0 (0x00000317) auipc   x6, 0x0
core   0: 3 0x800002b0 (0x00000317) x6  0x800002b0
core   0: 0x800002b4 (0x0383305b) setrpc  x0, x6, 56
core   0: 3 0x800002b4 (0x0383305b) c2060_rpc 0x800002e8 current mask:	0000ffff current npc:	800002a8 stack size: 0
core   0: 0x800002b8 (0x0200825b) vbeq    v0, v1, pc + 36
core   0: 3 0x800002b8 (0x0200825b) c8_vstart 0x00000000 e32 m1 l16 current mask:	0000ffff current npc:	800002bc stack size: 0
core   0: 0x800002bc (0x5e0040d7) vmv.v.x v1, x0
core   0: 3 0x800002bc (0x5e0040d7) c8_vstart 0x00000000 e32 m1 l16 v1  0000ffff 0x00000000 00000000 00000000 00000000 00000000 00000000 00000000 00000000 00000000 00000000 00000000 00000000 00000000 00000000 00000000 00000000 
core   0: 0x800002c0 (0x00000317) auipc   x6, 0x0
core   0: 3 0x800002c0 (0x00000317) x6  0x800002c0
core   0: 0x800002c4 (0x0283305b) setrpc  x0, x6, 40
core   0: 3 0x800002c4 (0x0283305b) c2060_rpc 0x800002e8 current mask:	0000ffff current npc:	800002bc stack size: 0
core   0: 0x800002c8 (0x00009e5b) vbne    v0, v1, pc + 28
core   0: 3 0x800002c8 (0x00009e5b) c8_vstart 0x00000000 e32 m1 l16 current mask:	0000ffff current npc:	800002cc stack size: 0
core   0: 0x800002cc (0x1a0000ef) jal     pc + 0x1a0
core   0: 3 0x800002cc (0x1a0000ef) x1  0x800002d0
core   0: 0x8000046c (0x00410113) addi    x2, x2, 4
core   0: 3 0x8000046c (0x00410113) x2  0x7000003c
core   0: 0x80000470 (0xfe112e23) sw      x1, -4(x2)
core   0: 3 0x80000470 (0xfe112e23) mem 0x70000038 0x800002d0
core   0: 0x80000474 (0xf1dff0ef) jal     pc - 0xe4
core   0: 3 0x80000474 (0xf1dff0ef) x1  0x80000478
core   0: 0x80000390 (0x00410113) addi    x2, x2, 4
core   0: 3 0x80000390 (0x00410113) x2  0x70000040
core   0: 0x80000394 (0xfe112e23) sw      x1, -4(x2)
core   0: 3 0x80000394 (0xfe112e23) mem 0x7000003c 0x80000478
core   0: 0x80000398 (0x80302573) csrr    x10, knl
core   0: 3 0x80000398 (0x80302573) x10 0x900e3000
core   0: 0x8000039c (0x00852283) lw      x5, 8(x10)
core   0: 3 0x8000039c (0x00852283) x5  0x00000002 mem 0x900e3008
core   0: 0x800003a0 (0x80002373) csrr    x6, tid
core   0: 3 0x800003a0 (0x80002373) x6  0x00000000
core   0: 0x800003a4 (0x5208a157) vid.v   v2
core   0: 3 0x800003a4 (0x5208a157) c8_vstart 0x00000000 e32 m1 l16 v2  0000ffff 0x0000000f 0000000e 0000000d 0000000c 0000000b 0000000a 00000009 00000008 00000007 00000006 00000005 00000004 00000003 00000002 00000001 00000000 
core   0: 0x800003a8 (0x02234057) vadd.vx v0, v2, x6
core   0: 3 0x800003a8 (0x02234057) c8_vstart 0x00000000 e32 m1 l16 v0  0000ffff 0x0000000f 0000000e 0000000d 0000000c 0000000b 0000000a 00000009 00000008 00000007 00000006 00000005 00000004 00000003 00000002 00000001 00000000 
core   0: 0x800003ac (0x01852e03) lw      x28, 24(x10)
core   0: 3 0x800003ac (0x01852e03) x28 0x0000000e mem 0x900e3018
core   0: 0x800003b0 (0x8a0e6057) vremu.vx v0, v0, x28
core   0: 3 0x800003b0 (0x8a0e6057) c8_vstart 0x00000000 e32 m1 l16 v0  0000ffff 0x00000001 00000000 0000000d 0000000c 0000000b 0000000a 00000009 00000008 00000007 00000006 00000005 00000004 00000003 00000002 00000001 00000000 
core   0: 0x800003b4 (0xffc12083) lw      x1, -4(x2)
core   0: 3 0x800003b4 (0xffc12083) x1  0x80000478 mem 0x7000003c
core   0: 0x800003b8 (0xffc10113) addi    x2, x2, -4
core   0: 3 0x800003b8 (0xffc10113) x2  0x7000003c
core   0: 0x800003bc (0x00008067) ret
core   0: 3 0x800003bc (0x00008067)
core   0: 0x80000478 (0x80302573) csrr    x10, knl
core   0: 3 0x80000478 (0x80302573) x10 0x900e3000
core   0: 0x8000047c (0x80802373) csrr    x6, gidx
core   0: 3 0x8000047c (0x80802373) x6  0x00000000
core   0: 0x80000480 (0x01852e03) lw      x28, 24(x10)
core   0: 3 0x80000480 (0x01852e03) x28 0x0000000e mem 0x900e3018
core   0: 0x80000484 (0x02452e83) lw      x29, 36(x10)
core   0: 3 0x80000484 (0x02452e83) x29 0x00000001 mem 0x900e3024
core   0: 0x80000488 (0x03c30fb3) mul     x31, x6, x28
core   0: 3 0x80000488 (0x03c30fb3) x31 0x00000000
core   0: 0x8000048c (0x01df8fb3) add     x31, x31, x29
core   0: 3 0x8000048c (0x01df8fb3) x31 0x00000001
core   0: 0x80000490 (0x020fc057) vadd.vx v0, v0, x31
core   0: 3 0x80000490 (0x020fc057) c8_vstart 0x00000000 e32 m1 l16 v0  0000ffff 0x00000002 00000001 0000000e 0000000d 0000000c 0000000b 0000000a 00000009 00000008 00000007 00000006 00000005 00000004 00000003 00000002 00000001 
core   0: 0x80000494 (0xffc12083) lw      x1, -4(x2)
core   0: 3 0x80000494 (0xffc12083) x1  0x800002d0 mem 0x70000038
core   0: 0x80000498 (0xffc10113) addi    x2, x2, -4
core   0: 3 0x80000498 (0xffc10113) x2  0x70000038
core   0: 0x8000049c (0x00008067) ret
core   0: 3 0x8000049c (0x00008067)
core   0: 0x800002d0 (0x0180006f) j       pc + 0x18
core   0: 3 0x800002d0 (0x0180006f)
core   0: 0x800002e8 (0x0000205b) join    v0, v0, pc + 0
core   0: 3 0x800002e8 (0x0000205b) current mask:	0000ffff current npc:	800002cc stack size: 0
core   0: 0x800002ec (0xffc12083) lw      x1, -4(x2)
core   0: 3 0x800002ec (0xffc12083) x1  0x8000013c mem 0x70000034
core   0: 0x800002f0 (0xffc10113) addi    x2, x2, -4
core   0: 3 0x800002f0 (0xffc10113) x2  0x70000034
core   0: 0x800002f4 (0x00008067) ret
core   0: 3 0x800002f4 (0x00008067)
core   0: 0x8000013c (0x0010200b) regext  x0, x0,  0 0 0 1 
core   0: 3 0x8000013c (0x0010200b)
core   0: 0x80000140 (0x020040d7) vadd.vx v1, v0, x0
core   0: 3 0x80000140 (0x020040d7) c8_vstart 0x00000000 e32 m1 l16 v33 0000ffff 0x00000002 00000001 0000000e 0000000d 0000000c 0000000b 0000000a 00000009 00000008 00000007 00000006 00000005 00000004 00000003 00000002 00000001 
core   0: 0x80000144 (0x00100293) li      x5, 1
core   0: 3 0x80000144 (0x00100293) x5  0x00000001
core   0: 0x80000148 (0x5e02c057) vmv.v.x v0, x5
core   0: 3 0x80000148 (0x5e02c057) c8_vstart 0x00000000 e32 m1 l16 v0  0000ffff 0x00000001 00000001 00000001 00000001 00000001 00000001 00000001 00000001 00000001 00000001 00000001 00000001 00000001 00000001 00000001 00000001 
core   0: 0x8000014c (0x140000ef) jal     pc + 0x140
core   0: 3 0x8000014c (0x140000ef) x1  0x80000150
core   0: 0x8000028c (0x00410113) addi    x2, x2, 4
core   0: 3 0x8000028c (0x00410113) x2  0x70000038
core   0: 0x80000290 (0xfe112e23) sw      x1, -4(x2)
core   0: 3 0x80000290 (0xfe112e23) mem 0x70000034 0x80000150
core   0: 0x80000294 (0x00200293) li      x5, 2
core   0: 3 0x80000294 (0x00200293) x5  0x00000002
core   0: 0x80000298 (0x5e02c0d7) vmv.v.x v1, x5
core   0: 3 0x80000298 (0x5e02c0d7) c8_vstart 0x00000000 e32 m1 l16 v1  0000ffff 0x00000002 00000002 00000002 00000002 00000002 00000002 00000002 00000002 00000002 00000002 00000002 00000002 00000002 00000002 00000002 00000002 
core   0: 0x8000029c (0x00000317) auipc   x6, 0x0
core   0: 3 0x8000029c (0x00000317) x6  0x8000029c
core   0: 0x800002a0 (0x04c3305b) setrpc  x0, x6, 76
core   0: 3 0x800002a0 (0x04c3305b) c2060_rpc 0x800002e8 current mask:	0000ffff current npc:	800002cc stack size: 0
core   0: 0x800002a4 (0x0200885b) vbeq    v0, v1, pc + 48
core   0: 3 0x800002a4 (0x0200885b) c8_vstart 0x00000000 e32 m1 l16 current mask:	0000ffff current npc:	800002a8 stack size: 0
core   0: 0x800002a8 (0x00100293) li      x5, 1
core   0: 3 0x800002a8 (0x00100293) x5  0x00000001
core   0: 0x800002ac (0x5e02c0d7) vmv.v.x v1, x5
core   0: 3 0x800002ac (0x5e02c0d7) c8_vstart 0x00000000 e32 m1 l16 v1  0000ffff 0x00000001 00000001 00000001 00000001 00000001 00000001 00000001 00000001 00000001 00000001 00000001 00000001 00000001 00000001 00000001 00000001 
core   0: 0x800002b0 (0x00000317) auipc   x6, 0x0
core   0: 3 0x800002b0 (0x00000317) x6  0x800002b0
core   0: 0x800002b4 (0x0383305b) setrpc  x0, x6, 56
core   0: 3 0x800002b4 (0x0383305b) c2060_rpc 0x800002e8 current mask:	0000ffff current npc:	800002a8 stack size: 0
core   0: 0x800002b8 (0x0200825b) vbeq    v0, v1, pc + 36
core   0: 3 0x800002b8 (0x0200825b) c8_vstart 0x00000000 e32 m1 l16 current mask:	0000ffff current npc:	800002dc stack size: 0
core   0: 0x800002dc (0x1c4000ef) jal     pc + 0x1c4
core   0: 3 0x800002dc (0x1c4000ef) x1  0x800002e0
core   0: 0x800004a0 (0x00410113) addi    x2, x2, 4
core   0: 3 0x800004a0 (0x00410113) x2  0x7000003c
core   0: 0x800004a4 (0xfe112e23) sw      x1, -4(x2)
core   0: 3 0x800004a4 (0xfe112e23) mem 0x70000038 0x800002e0
core   0: 0x800004a8 (0xf19ff0ef) jal     pc - 0xe8
core   0: 3 0x800004a8 (0xf19ff0ef) x1  0x800004ac
core   0: 0x800003c0 (0x00410113) addi    x2, x2, 4
core   0: 3 0x800003c0 (0x00410113) x2  0x70000040
core   0: 0x800003c4 (0xfe112e23) sw      x1, -4(x2)
core   0: 3 0x800003c4 (0xfe112e23) mem 0x7000003c 0x800004ac
core   0: 0x800003c8 (0x80302573) csrr    x10, knl
core   0: 3 0x800003c8 (0x80302573) x10 0x900e3000
core   0: 0x800003cc (0x00852283) lw      x5, 8(x10)
core   0: 3 0x800003cc (0x00852283) x5  0x00000002 mem 0x900e3008
core   0: 0x800003d0 (0x80002373) csrr    x6, tid
core   0: 3 0x800003d0 (0x80002373) x6  0x00000000
core   0: 0x800003d4 (0x5208a157) vid.v   v2
core   0: 3 0x800003d4 (0x5208a157) c8_vstart 0x00000000 e32 m1 l16 v2  0000ffff 0x0000000f 0000000e 0000000d 0000000c 0000000b 0000000a 00000009 00000008 00000007 00000006 00000005 00000004 00000003 00000002 00000001 00000000 
core   0: 0x800003d8 (0x02234057) vadd.vx v0, v2, x6
core   0: 3 0x800003d8 (0x02234057) c8_vstart 0x00000000 e32 m1 l16 v0  0000ffff 0x0000000f 0000000e 0000000d 0000000c 0000000b 0000000a 00000009 00000008 00000007 00000006 00000005 00000004 00000003 00000002 00000001 00000000 
core   0: 0x800003dc (0x01852e03) lw      x28, 24(x10)
core   0: 3 0x800003dc (0x01852e03) x28 0x0000000e mem 0x900e3018
core   0: 0x800003e0 (0x01c52e83) lw      x29, 28(x10)
core   0: 3 0x800003e0 (0x01c52e83) x29 0x00000001 mem 0x900e301c
core   0: 0x800003e4 (0x03ce8f33) mul     x30, x29, x28
core   0: 3 0x800003e4 (0x03ce8f33) x30 0x0000000e
core   0: 0x800003e8 (0x8a0f6057) vremu.vx v0, v0, x30
core   0: 3 0x800003e8 (0x8a0f6057) c8_vstart 0x00000000 e32 m1 l16 v0  0000ffff 0x00000001 00000000 0000000d 0000000c 0000000b 0000000a 00000009 00000008 00000007 00000006 00000005 00000004 00000003 00000002 00000001 00000000 
core   0: 0x800003ec (0x820e6057) vdivu.vx v0, v0, x28
core   0: 3 0x800003ec (0x820e6057) c8_vstart 0x00000000 e32 m1 l16 v0  0000ffff 0x00000000 00000000 00000000 00000000 00000000 00000000 00000000 00000000 00000000 00000000 00000000 00000000 00000000 00000000 00000000 00000000 
core   0: 0x800003f0 (0x5e0ec0d7) vmv.v.x v1, x29
core   0: 3 0x800003f0 (0x5e0ec0d7) c8_vstart 0x00000000 e32 m1 l16 v1  0000ffff 0x00000001 00000001 00000001 00000001 00000001 00000001 00000001 00000001 00000001 00000001 00000001 00000001 00000001 00000001 00000001 00000001 
core   0: 0x800003f4 (0x00000317) auipc   x6, 0x0
core   0: 3 0x800003f4 (0x00000317) x6  0x800003f4
core   0: 0x800003f8 (0x0143305b) setrpc  x0, x6, 20
core   0: 3 0x800003f8 (0x0143305b) c2060_rpc 0x80000408 current mask:	0000ffff current npc:	800002dc stack size: 0
core   0: 0x800003fc (0x0000c65b) vblt    v0, v1, pc + 12
core   0: 3 0x800003fc (0x0000c65b) c8_vstart 0x00000000 e32 m1 l16 current mask:	0000ffff current npc:	80000408 stack size: 0
core   0: 0x80000408 (0x0000205b) join    v0, v0, pc + 0
core   0: 3 0x80000408 (0x0000205b) current mask:	0000ffff current npc:	80000408 stack size: 0
core   0: 0x8000040c (0xffc12083) lw      x1, -4(x2)
core   0: 3 0x8000040c (0xffc12083) x1  0x800004ac mem 0x7000003c
core   0: 0x80000410 (0xffc10113) addi    x2, x2, -4
core   0: 3 0x80000410 (0xffc10113) x2  0x7000003c
core   0: 0x80000414 (0x00008067) ret
core   0: 3 0x80000414 (0x00008067)
core   0: 0x800004ac (0x80902373) csrr    x6, gidy
core   0: 3 0x800004ac (0x80902373) x6  0x00000002
core   0: 0x800004b0 (0x01c52383) lw      x7, 28(x10)
core   0: 3 0x800004b0 (0x01c52383) x7  0x00000001 mem 0x900e301c
core   0: 0x800004b4 (0x02852e83) lw      x29, 40(x10)
core   0: 3 0x800004b4 (0x02852e83) x29 0x00000001 mem 0x900e3028
core   0: 0x800004b8 (0x02730e33) mul     x28, x6, x7
core   0: 3 0x800004b8 (0x02730e33) x28 0x00000002
core   0: 0x800004bc (0x01de0e33) add     x28, x28, x29
core   0: 3 0x800004bc (0x01de0e33) x28 0x00000003
core   0: 0x800004c0 (0x020e4057) vadd.vx v0, v0, x28
core   0: 3 0x800004c0 (0x020e4057) c8_vstart 0x00000000 e32 m1 l16 v0  0000ffff 0x00000003 00000003 00000003 00000003 00000003 00000003 00000003 00000003 00000003 00000003 00000003 00000003 00000003 00000003 00000003 00000003 
core   0: 0x800004c4 (0xffc12083) lw      x1, -4(x2)
core   0: 3 0x800004c4 (0xffc12083) x1  0x800002e0 mem 0x70000038
core   0: 0x800004c8 (0xffc10113) addi    x2, x2, -4
core   0: 3 0x800004c8 (0xffc10113) x2  0x70000038
core   0: 0x800004cc (0x00008067) ret
core   0: 3 0x800004cc (0x00008067)
core   0: 0x800002e0 (0x0080006f) j       pc + 0x8
core   0: 3 0x800002e0 (0x0080006f)
core   0: 0x800002e8 (0x0000205b) join    v0, v0, pc + 0
core   0: 3 0x800002e8 (0x0000205b) current mask:	0000ffff current npc:	80000408 stack size: 0
core   0: 0x800002ec (0xffc12083) lw      x1, -4(x2)
core   0: 3 0x800002ec (0xffc12083) x1  0x80000150 mem 0x70000034
core   0: 0x800002f0 (0xffc10113) addi    x2, x2, -4
core   0: 3 0x800002f0 (0xffc10113) x2  0x70000034
core   0: 0x800002f4 (0x00008067) ret
core   0: 3 0x800002f4 (0x00008067)
core   0: 0x80000150 (0xfd012283) lw      x5, -48(x2)
core   0: 3 0x80000150 (0xfd012283) x5  0x00000010 mem 0x70000004
core   0: 0x80000154 (0x5e02c0d7) vmv.v.x v1, x5
core   0: 3 0x80000154 (0x5e02c0d7) c8_vstart 0x00000000 e32 m1 l16 v1  0000ffff 0x00000010 00000010 00000010 00000010 00000010 00000010 00000010 00000010 00000010 00000010 00000010 00000010 00000010 00000010 00000010 00000010 
core   0: 0x80000158 (0x0400200b) regext  x0, x0,  0 1 0 0 
core   0: 3 0x80000158 (0x0400200b)
core   0: 0x8000015c (0xa612e057) vmadd.vx v0, v1, x5
core   0: 3 0x8000015c (0xa612e057) c8_vstart 0x00000000 e32 m1 l16 v0  0000ffff 0x00000032 00000031 0000003e 0000003d 0000003c 0000003b 0000003a 00000039 00000038 00000037 00000036 00000035 00000034 00000033 00000032 00000031 
core   0: 0x80000160 (0x0010110b) vsub12.vi v2, v0, 1
core   0: 3 0x80000160 (0x0010110b) c8_vstart 0x00000000 e32 m1 l16 v2  0000ffff 0x00000031 00000030 0000003d 0000003c 0000003b 0000003a 00000039 00000038 00000037 00000036 00000035 00000034 00000033 00000032 00000031 00000030 
core   0: 0x80000164 (0x0a2081d7) vsub.vv v3, v2, v1
core   0: 3 0x80000164 (0x0a2081d7) c8_vstart 0x00000000 e32 m1 l16 v3  0000ffff 0x00000021 00000020 0000002d 0000002c 0000002b 0000002a 00000029 00000028 00000027 00000026 00000025 00000024 00000023 00000022 00000021 00000020 
core   0: 0x80000168 (0x963131d7) vsll.vi v3, v3, 2
core   0: 3 0x80000168 (0x963131d7) c8_vstart 0x00000000 e32 m1 l16 v3  0000ffff 0x00000084 00000080 000000b4 000000b0 000000ac 000000a8 000000a4 000000a0 0000009c 00000098 00000094 00000090 0000008c 00000088 00000084 00000080 
core   0: 0x8000016c (0xfd412283) lw      x5, -44(x2)
core   0: 3 0x8000016c (0xfd412283) x5  0x90000000 mem 0x70000008
core   0: 0x80000170 (0x5e02c257) vmv.v.x v4, x5
core   0: 3 0x80000170 (0x5e02c257) c8_vstart 0x00000000 e32 m1 l16 v4  0000ffff 0x90000000 90000000 90000000 90000000 90000000 90000000 90000000 90000000 90000000 90000000 90000000 90000000 90000000 90000000 90000000 90000000 
core   0: 0x80000174 (0x0232c1d7) vadd.vx v3, v3, x5
core   0: 3 0x80000174 (0x0232c1d7) c8_vstart 0x00000000 e32 m1 l16 v3  0000ffff 0x90000084 90000080 900000b4 900000b0 900000ac 900000a8 900000a4 900000a0 9000009c 90000098 90000094 90000090 9000008c 90000088 90000084 90000080 
core   0: 0x80000178 (0x0a0082d7) vsub.vv v5, v0, v1
core   0: 3 0x80000178 (0x0a0082d7) c8_vstart 0x00000000 e32 m1 l16 v5  0000ffff 0x00000022 00000021 0000002e 0000002d 0000002c 0000002b 0000002a 00000029 00000028 00000027 00000026 00000025 00000024 00000023 00000022 00000021 
core   0: 0x8000017c (0x965132d7) vsll.vi v5, v5, 2
core   0: 3 0x8000017c (0x965132d7) c8_vstart 0x00000000 e32 m1 l16 v5  0000ffff 0x00000088 00000084 000000b8 000000b4 000000b0 000000ac 000000a8 000000a4 000000a0 0000009c 00000098 00000094 00000090 0000008c 00000088 00000084 
core   0: 0x80000180 (0x024282d7) vadd.vv v5, v4, v5
core   0: 3 0x80000180 (0x024282d7) c8_vstart 0x00000000 e32 m1 l16 v5  0000ffff 0x90000088 90000084 900000b8 900000b4 900000b0 900000ac 900000a8 900000a4 900000a0 9000009c 90000098 90000094 90000090 9000008c 90000088 90000084 
core   0: 0x80000184 (0x0002a2fb) vlw12.v v5, v5, 0
core   0: 3 0x80000184 (0x0002a2fb) e32 m1 l16 v5  0000ffff 0x408cd71b 42b56c8a 41c9ab45 4142adee 3ec1bcb1 428b7dfc 423ca395 421ebc37 4186899a 425af788 42746537 420289c8 41065744 422101e0 408cd71b 42b56c8a  c8_vstart 0x00000000 mem 0x90000084 mem 0x90000088 mem 0x9000008c mem 0x90000090 mem 0x90000094 mem 0x90000098 mem 0x9000009c mem 0x900000a0 mem 0x900000a4 mem 0x900000a8 mem 0x900000ac mem 0x900000b0 mem 0x900000b4 mem 0x900000b8 mem 0x90000084 mem 0x90000088
core   0: 0x80000188 (0x0001a1fb) vlw12.v v3, v3, 0
core   0: 3 0x80000188 (0x0001a1fb) e32 m1 l16 v3  0000ffff 0x42b56c8a 41880feb 4142adee 3ec1bcb1 428b7dfc 423ca395 421ebc37 4186899a 425af788 42746537 420289c8 41065744 422101e0 408cd71b 42b56c8a 41880feb  c8_vstart 0x00000000 mem 0x90000080 mem 0x90000084 mem 0x90000088 mem 0x9000008c mem 0x90000090 mem 0x90000094 mem 0x90000098 mem 0x9000009c mem 0x900000a0 mem 0x900000a4 mem 0x900000a8 mem 0x900000ac mem 0x900000b0 mem 0x900000b4 mem 0x90000080 mem 0x90000084
core   0: 0x8000018c (0xfd812283) lw      x5, -40(x2)
core   0: 3 0x8000018c (0xfd812283) x5  0x3f800000 mem 0x7000000c
core   0: 0x80000190 (0x5e02c357) vmv.v.x v6, x5
core   0: 3 0x80000190 (0x5e02c357) c8_vstart 0x00000000 e32 m1 l16 v6  0000ffff 0x3f800000 3f800000 3f800000 3f800000 3f800000 3f800000 3f800000 3f800000 3f800000 3f800000 3f800000 3f800000 3f800000 3f800000 3f800000 3f800000 
core   0: 0x80000194 (0x925312d7) vfmul.vv v5, v5, v6
core   0: 3 0x80000194 (0x925312d7) c8_vstart 0x00000000 e32 m1 l16 v5  0000ffff 0x408cd71b 42b56c8a 41c9ab45 4142adee 3ec1bcb1 428b7dfc 423ca395 421ebc37 4186899a 425af788 42746537 420289c8 41065744 422101e0 408cd71b 42b56c8a 
core   0: 0x80000198 (0x0200b357) vadd.vi v6, v0, 1
core   0: 3 0x80000198 (0x0200b357) c8_vstart 0x00000000 e32 m1 l16 v6  0000ffff 0x00000033 00000032 0000003f 0000003e 0000003d 0000003c 0000003b 0000003a 00000039 00000038 00000037 00000036 00000035 00000034 00000033 00000032 
core   0: 0x8000019c (0x0a6083d7) vsub.vv v7, v6, v1
core   0: 3 0x8000019c (0x0a6083d7) c8_vstart 0x00000000 e32 m1 l16 v7  0000ffff 0x00000023 00000022 0000002f 0000002e 0000002d 0000002c 0000002b 0000002a 00000029 00000028 00000027 00000026 00000025 00000024 00000023 00000022 
core   0: 0x800001a0 (0x967133d7) vsll.vi v7, v7, 2
core   0: 3 0x800001a0 (0x967133d7) c8_vstart 0x00000000 e32 m1 l16 v7  0000ffff 0x0000008c 00000088 000000bc 000000b8 000000b4 000000b0 000000ac 000000a8 000000a4 000000a0 0000009c 00000098 00000094 00000090 0000008c 00000088 
core   0: 0x800001a4 (0x024383d7) vadd.vv v7, v4, v7
core   0: 3 0x800001a4 (0x024383d7) c8_vstart 0x00000000 e32 m1 l16 v7  0000ffff 0x9000008c 90000088 900000bc 900000b8 900000b4 900000b0 900000ac 900000a8 900000a4 900000a0 9000009c 90000098 90000094 90000090 9000008c 90000088 
core   0: 0x800001a8 (0x0003a3fb) vlw12.v v7, v7, 0
core   0: 3 0x800001a8 (0x0003a3fb) e32 m1 l16 v7  0000ffff 0x422101e0 408cd71b 41ebe1aa 41c9ab45 4142adee 3ec1bcb1 428b7dfc 423ca395 421ebc37 4186899a 425af788 42746537 420289c8 41065744 422101e0 408cd71b  c8_vstart 0x00000000 mem 0x90000088 mem 0x9000008c mem 0x90000090 mem 0x90000094 mem 0x90000098 mem 0x9000009c mem 0x900000a0 mem 0x900000a4 mem 0x900000a8 mem 0x900000ac mem 0x900000b0 mem 0x900000b4 mem 0x900000b8 mem 0x900000bc mem 0x90000088 mem 0x9000008c
core   0: 0x800001ac (0x96213457) vsll.vi v8, v2, 2
core   0: 3 0x800001ac (0x96213457) c8_vstart 0x00000000 e32 m1 l16 v8  0000ffff 0x000000c4 000000c0 000000f4 000000f0 000000ec 000000e8 000000e4 000000e0 000000dc 000000d8 000000d4 000000d0 000000cc 000000c8 000000c4 000000c0 
core   0: 0x800001b0 (0x02440457) vadd.vv v8, v4, v8
core   0: 3 0x800001b0 (0x02440457) c8_vstart 0x00000000 e32 m1 l16 v8  0000ffff 0x900000c4 900000c0 900000f4 900000f0 900000ec 900000e8 900000e4 900000e0 900000dc 900000d8 900000d4 900000d0 900000cc 900000c8 900000c4 900000c0 
core   0: 0x800001b4 (0x0004247b) vlw12.v v8, v8, 0
core   0: 3 0x800001b4 (0x0004247b) e32 m1 l16 v8  0000ffff 0x42a9bf18 4112ee4a 42430eb0 42a630bf 40f9716f 4213de51 41922a4a 425562b4 42914132 429e34ba 42c3a06f 42c1969b 426d5330 42a0c6a7 42a9bf18 4112ee4a  c8_vstart 0x00000000 mem 0x900000c0 mem 0x900000c4 mem 0x900000c8 mem 0x900000cc mem 0x900000d0 mem 0x900000d4 mem 0x900000d8 mem 0x900000dc mem 0x900000e0 mem 0x900000e4 mem 0x900000e8 mem 0x900000ec mem 0x900000f0 mem 0x900000f4 mem 0x900000c0 mem 0x900000c4
core   0: 0x800001b8 (0x960134d7) vsll.vi v9, v0, 2
core   0: 3 0x800001b8 (0x960134d7) c8_vstart 0x00000000 e32 m1 l16 v9  0000ffff 0x000000c8 000000c4 000000f8 000000f4 000000f0 000000ec 000000e8 000000e4 000000e0 000000dc 000000d8 000000d4 000000d0 000000cc 000000c8 000000c4 
core   0: 0x800001bc (0x02448557) vadd.vv v10, v4, v9
core   0: 3 0x800001bc (0x02448557) c8_vstart 0x00000000 e32 m1 l16 v10 0000ffff 0x900000c8 900000c4 900000f8 900000f4 900000f0 900000ec 900000e8 900000e4 900000e0 900000dc 900000d8 900000d4 900000d0 900000cc 900000c8 900000c4 
core   0: 0x800001c0 (0x0005257b) vlw12.v v10, v10, 0
core   0: 3 0x800001c0 (0x0005257b) e32 m1 l16 v10 0000ffff 0x42a0c6a7 42a9bf18 41a280fa 42430eb0 42a630bf 40f9716f 4213de51 41922a4a 425562b4 42914132 429e34ba 42c3a06f 42c1969b 426d5330 42a0c6a7 42a9bf18  c8_vstart 0x00000000 mem 0x900000c4 mem 0x900000c8 mem 0x900000cc mem 0x900000d0 mem 0x900000d4 mem 0x900000d8 mem 0x900000dc mem 0x900000e0 mem 0x900000e4 mem 0x900000e8 mem 0x900000ec mem 0x900000f0 mem 0x900000f4 mem 0x900000f8 mem 0x900000c4 mem 0x900000c8
core   0: 0x800001c4 (0x966135d7) vsll.vi v11, v6, 2
core   0: 3 0x800001c4 (0x966135d7) c8_vstart 0x00000000 e32 m1 l16 v11 0000ffff 0x000000cc 000000c8 000000fc 000000f8 000000f4 000000f0 000000ec 000000e8 000000e4 000000e0 000000dc 000000d8 000000d4 000000d0 000000cc 000000c8 
core   0: 0x800001c8 (0x024585d7) vadd.vv v11, v4, v11
core   0: 3 0x800001c8 (0x024585d7) c8_vstart 0x00000000 e32 m1 l16 v11 0000ffff 0x900000cc 900000c8 900000fc 900000f8 900000f4 900000f0 900000ec 900000e8 900000e4 900000e0 900000dc 900000d8 900000d4 900000d0 900000cc 900000c8 
core   0: 0x800001cc (0x0005a5fb) vlw12.v v11, v11, 0
core   0: 3 0x800001cc (0x0005a5fb) e32 m1 l16 v11 0000ffff 0x426d5330 42a0c6a7 3dd2e5a0 41a280fa 42430eb0 42a630bf 40f9716f 4213de51 41922a4a 425562b4 42914132 429e34ba 42c3a06f 42c1969b 426d5330 42a0c6a7  c8_vstart 0x00000000 mem 0x900000c8 mem 0x900000cc mem 0x900000d0 mem 0x900000d4 mem 0x900000d8 mem 0x900000dc mem 0x900000e0 mem 0x900000e4 mem 0x900000e8 mem 0x900000ec mem 0x900000f0 mem 0x900000f4 mem 0x900000f8 mem 0x900000fc mem 0x900000c8 mem 0x900000cc
core   0: 0x800001d0 (0x02208157) vadd.vv v2, v2, v1
core   0: 3 0x800001d0 (0x02208157) c8_vstart 0x00000000 e32 m1 l16 v2  0000ffff 0x00000041 00000040 0000004d 0000004c 0000004b 0000004a 00000049 00000048 00000047 00000046 00000045 00000044 00000043 00000042 00000041 00000040 
core   0: 0x800001d4 (0x96213157) vsll.vi v2, v2, 2
core   0: 3 0x800001d4 (0x96213157) c8_vstart 0x00000000 e32 m1 l16 v2  0000ffff 0x00000104 00000100 00000134 00000130 0000012c 00000128 00000124 00000120 0000011c 00000118 00000114 00000110 0000010c 00000108 00000104 00000100 
core   0: 0x800001d8 (0x02410157) vadd.vv v2, v4, v2
core   0: 3 0x800001d8 (0x02410157) c8_vstart 0x00000000 e32 m1 l16 v2  0000ffff 0x90000104 90000100 90000134 90000130 9000012c 90000128 90000124 90000120 9000011c 90000118 90000114 90000110 9000010c 90000108 90000104 90000100 
core   0: 0x800001dc (0x0001217b) vlw12.v v2, v2, 0
core   0: 3 0x800001dc (0x0001217b) e32 m1 l16 v2  0000ffff 0x41c5b6c1 421de7c4 428a3dc8 4277c42e 4226103a 422fa5ee 424718b3 42248cc1 429454fb 402751d2 3fba113f 42656529 423f7d96 42216b52 41c5b6c1 421de7c4  c8_vstart 0x00000000 mem 0x90000100 mem 0x90000104 mem 0x90000108 mem 0x9000010c mem 0x90000110 mem 0x90000114 mem 0x90000118 mem 0x9000011c mem 0x90000120 mem 0x90000124 mem 0x90000128 mem 0x9000012c mem 0x90000130 mem 0x90000134 mem 0x90000100 mem 0x90000104
core   0: 0x800001e0 (0x02008057) vadd.vv v0, v0, v1
core   0: 3 0x800001e0 (0x02008057) c8_vstart 0x00000000 e32 m1 l16 v0  0000ffff 0x00000042 00000041 0000004e 0000004d 0000004c 0000004b 0000004a 00000049 00000048 00000047 00000046 00000045 00000044 00000043 00000042 00000041 
core   0: 0x800001e4 (0x96013057) vsll.vi v0, v0, 2
core   0: 3 0x800001e4 (0x96013057) c8_vstart 0x00000000 e32 m1 l16 v0  0000ffff 0x00000108 00000104 00000138 00000134 00000130 0000012c 00000128 00000124 00000120 0000011c 00000118 00000114 00000110 0000010c 00000108 00000104 
core   0: 0x800001e8 (0x02400057) vadd.vv v0, v4, v0
core   0: 3 0x800001e8 (0x02400057) c8_vstart 0x00000000 e32 m1 l16 v0  0000ffff 0x90000108 90000104 90000138 90000134 90000130 9000012c 90000128 90000124 90000120 9000011c 90000118 90000114 90000110 9000010c 90000108 90000104 
core   0: 0x800001ec (0x0000207b) vlw12.v v0, v0, 0
core   0: 3 0x800001ec (0x0000207b) e32 m1 l16 v0  0000ffff 0x42216b52 41c5b6c1 428e0088 428a3dc8 4277c42e 4226103a 422fa5ee 424718b3 42248cc1 429454fb 402751d2 3fba113f 42656529 423f7d96 42216b52 41c5b6c1  c8_vstart 0x00000000 mem 0x90000104 mem 0x90000108 mem 0x9000010c mem 0x90000110 mem 0x90000114 mem 0x90000118 mem 0x9000011c mem 0x90000120 mem 0x90000124 mem 0x90000128 mem 0x9000012c mem 0x90000130 mem 0x90000134 mem 0x90000138 mem 0x90000104 mem 0x90000108
core   0: 0x800001f0 (0x026080d7) vadd.vv v1, v6, v1
core   0: 3 0x800001f0 (0x026080d7) c8_vstart 0x00000000 e32 m1 l16 v1  0000ffff 0x00000043 00000042 0000004f 0000004e 0000004d 0000004c 0000004b 0000004a 00000049 00000048 00000047 00000046 00000045 00000044 00000043 00000042 
core   0: 0x800001f4 (0x961130d7) vsll.vi v1, v1, 2
core   0: 3 0x800001f4 (0x961130d7) c8_vstart 0x00000000 e32 m1 l16 v1  0000ffff 0x0000010c 00000108 0000013c 00000138 00000134 00000130 0000012c 00000128 00000124 00000120 0000011c 00000118 00000114 00000110 0000010c 00000108 
core   0: 0x800001f8 (0x024080d7) vadd.vv v1, v4, v1
core   0: 3 0x800001f8 (0x024080d7) c8_vstart 0x00000000 e32 m1 l16 v1  0000ffff 0x9000010c 90000108 9000013c 90000138 90000134 90000130 9000012c 90000128 90000124 90000120 9000011c 90000118 90000114 90000110 9000010c 90000108 
core   0: 0x800001fc (0x0000a0fb) vlw12.v v1, v1, 0
core   0: 3 0x800001fc (0x0000a0fb) e32 m1 l16 v1  0000ffff 0x423f7d96 42216b52 428e3fe1 428e0088 428a3dc8 4277c42e 4226103a 422fa5ee 424718b3 42248cc1 429454fb 402751d2 3fba113f 42656529 423f7d96 42216b52  c8_vstart 0x00000000 mem 0x90000108 mem 0x9000010c mem 0x90000110 mem 0x90000114 mem 0x90000118 mem 0x9000011c mem 0x90000120 mem 0x90000124 mem 0x90000128 mem 0x9000012c mem 0x90000130 mem 0x90000134 mem 0x90000138 mem 0x9000013c mem 0x90000108 mem 0x9000010c
core   0: 0x80000200 (0xfdc12283) lw      x5, -36(x2)
core   0: 3 0x80000200 (0xfdc12283) x5  0x3f800000 mem 0x70000010
core   0: 0x80000204 (0x5e02c257) vmv.v.x v4, x5
core   0: 3 0x80000204 (0x5e02c257) c8_vstart 0x00000000 e32 m1 l16 v4  0000ffff 0x3f800000 3f800000 3f800000 3f800000 3f800000 3f800000 3f800000 3f800000 3f800000 3f800000 3f800000 3f800000 3f800000 3f800000 3f800000 3f800000 
core   0: 0x80000208 (0xa25211d7) vfmadd.vv v3, v5, v4
core   0: 3 0x80000208 (0xa25211d7) c8_vstart 0x00000000 c1_fflags 0x00000001 e32 m1 l16 v3  0000ffff 0x42be39fc 42d77085 4215811e 4148bbd4 428c3fb9 42e9cfc6 42adafe6 42620104 428f1e2a 42e7ae60 42bb7780 42241f99 424297b1 42329cc3 42be39fc 42d77085 
core   0: 0x8000020c (0xfe012283) lw      x5, -32(x2)
core   0: 3 0x8000020c (0xfe012283) x5  0x3f800000 mem 0x70000014
core   0: 0x80000210 (0x5e02c257) vmv.v.x v4, x5
core   0: 3 0x80000210 (0x5e02c257) c8_vstart 0x00000000 e32 m1 l16 v4  0000ffff 0x3f800000 3f800000 3f800000 3f800000 3f800000 3f800000 3f800000 3f800000 3f800000 3f800000 3f800000 3f800000 3f800000 3f800000 3f800000 3f800000 
core   0: 0x80000214 (0xa23213d7) vfmadd.vv v7, v3, v4
core   0: 3 0x80000214 (0xa23213d7) c8_vstart 0x00000000 c1_fflags 0x00000001 e32 m1 l16 v7  0000ffff 0x43075d76 42e03df7 4285b8fa 42170498 42a49577 42ea9183 431c96f1 42cf524c 42de7c46 4304a863 431479a2 42cc4268 42a290bc 42543294 43075d76 42e03df7 
core   0: 0x80000218 (0xfe412283) lw      x5, -28(x2)
core   0: 3 0x80000218 (0xfe412283) x5  0x3f800000 mem 0x70000018
core   0: 0x8000021c (0x5e02c1d7) vmv.v.x v3, x5
core   0: 3 0x8000021c (0x5e02c1d7) c8_vstart 0x00000000 e32 m1 l16 v3  0000ffff 0x3f800000 3f800000 3f800000 3f800000 3f800000 3f800000 3f800000 3f800000 3f800000 3f800000 3f800000 3f800000 3f800000 3f800000 3f800000 3f800000 
core   0: 0x80000220 (0xa2719457) vfmadd.vv v8, v7, v3
core   0: 3 0x80000220 (0xa2719457) c8_vstart 0x00000000 c1_fflags 0x00000001 e32 m1 l16 v8  0000ffff 0x435c3d02 42f29bc0 42e74052 42f1b30b 42b42c8e 431a4056 432edc3a 431d01d3 4337debc 4353c2c0 437649da 4346ec82 430c9d2a 43056ff8 435c3d02 42f29bc0 
core   0: 0x80000224 (0xfe812283) lw      x5, -24(x2)
core   0: 3 0x80000224 (0xfe812283) x5  0x3f800000 mem 0x7000001c
core   0: 0x80000228 (0x5e02c1d7) vmv.v.x v3, x5
core   0: 3 0x80000228 (0x5e02c1d7) c8_vstart 0x00000000 e32 m1 l16 v3  0000ffff 0x3f800000 3f800000 3f800000 3f800000 3f800000 3f800000 3f800000 3f800000 3f800000 3f800000 3f800000 3f800000 3f800000 3f800000 3f800000 3f800000 
core   0: 0x8000022c (0xa2819557) vfmadd.vv v10, v8, v3
core   0: 3 0x8000022c (0xa2819557) c8_vstart 0x00000000 c1_fflags 0x00000001 e32 m1 l16 v10 0000ffff 0x4396502b 434e2d6c 4307f048 43299d32 432d2ea6 43220be1 4353d3ce 432f471c 436d3769 438e31ac 43a2b21c 43945e5d 436d6878 4340c4c4 4396502b 434e2d6c 
core   0: 0x80000230 (0xfec12283) lw      x5, -20(x2)
core   0: 3 0x80000230 (0xfec12283) x5  0x3f800000 mem 0x70000020
core   0: 0x80000234 (0x5e02c1d7) vmv.v.x v3, x5
core   0: 3 0x80000234 (0x5e02c1d7) c8_vstart 0x00000000 e32 m1 l16 v3  0000ffff 0x3f800000 3f800000 3f800000 3f800000 3f800000 3f800000 3f800000 3f800000 3f800000 3f800000 3f800000 3f800000 3f800000 3f800000 3f800000 3f800000 
core   0: 0x80000238 (0xa2a195d7) vfmadd.vv v11, v10, v3
core   0: 3 0x80000238 (0xa2a195d7) c8_vstart 0x00000000 c1_fflags 0x00000001 e32 m1 l16 v11 0000ffff 0x43b3fa91 438f4860 43080aa5 433ded51 435df252 43752440 435b9f59 43543eb0 437f7cb2 43a8de02 43c70268 43bbeb8c 43a79c58 4390c809 43b3fa91 438f4860 
core   0: 0x8000023c (0xff012283) lw      x5, -16(x2)
core   0: 3 0x8000023c (0xff012283) x5  0x3f800000 mem 0x70000024
core   0: 0x80000240 (0x5e02c1d7) vmv.v.x v3, x5
core   0: 3 0x80000240 (0x5e02c1d7) c8_vstart 0x00000000 e32 m1 l16 v3  0000ffff 0x3f800000 3f800000 3f800000 3f800000 3f800000 3f800000 3f800000 3f800000 3f800000 3f800000 3f800000 3f800000 3f800000 3f800000 3f800000 3f800000 
core   0: 0x80000244 (0xa2b19157) vfmadd.vv v2, v11, v3
core   0: 3 0x80000244 (0xa2b19157) c8_vstart 0x00000000 c1_fflags 0x00000001 e32 m1 l16 v2  0000ffff 0x43c055fd 43a30558 434d2989 437bde5c 4383bb30 439086de 4386b2c3 437d61e0 43a4d398 43aa2ca6 43c7bc79 43d89831 43bf8c0b 43a4f573 43c055fd 43a30558 
core   0: 0x80000248 (0xff412283) lw      x5, -12(x2)
core   0: 3 0x80000248 (0xff412283) x5  0x3f800000 mem 0x70000028
core   0: 0x8000024c (0x5e02c1d7) vmv.v.x v3, x5
core   0: 3 0x8000024c (0x5e02c1d7) c8_vstart 0x00000000 e32 m1 l16 v3  0000ffff 0x3f800000 3f800000 3f800000 3f800000 3f800000 3f800000 3f800000 3f800000 3f800000 3f800000 3f800000 3f800000 3f800000 3f800000 3f800000 3f800000 
core   0: 0x80000250 (0xa2219057) vfmadd.vv v0, v2, v3
core   0: 3 0x80000250 (0xa2219057) c8_vstart 0x00000000 c1_fflags 0x00000001 e32 m1 l16 v0  0000ffff 0x43d48367 43af60c4 438a14e6 43a07ea0 43a2b3b6 43a548e5 439ca781 43979406 43b96530 43cf41e5 43c90b1d 43d95242 43dc38b0 43bce526 43d48367 43af60c4 
core   0: 0x80000254 (0xff812283) lw      x5, -8(x2)
core   0: 3 0x80000254 (0xff812283) x5  0x3f800000 mem 0x7000002c
core   0: 0x80000258 (0x5e02c157) vmv.v.x v2, x5
core   0: 3 0x80000258 (0x5e02c157) c8_vstart 0x00000000 e32 m1 l16 v2  0000ffff 0x3f800000 3f800000 3f800000 3f800000 3f800000 3f800000 3f800000 3f800000 3f800000 3f800000 3f800000 3f800000 3f800000 3f800000 3f800000 3f800000 
core   0: 0x8000025c (0xa20110d7) vfmadd.vv v1, v0, v2
core   0: 3 0x8000025c (0xa20110d7) c8_vstart 0x00000000 c1_fflags 0x00000001 e32 m1 l16 v1  0000ffff 0x43ec731a 43c38e2e 43ada4de 43c3fec2 43c54328 43c4416b 43b16988 43ad88c4 43d24846 43e3d37d 43ee205c 43daa0e6 43dcf2c1 43d991cb 43ec731a 43c38e2e 
core   0: 0x80000260 (0xffc12283) lw      x5, -4(x2)
core   0: 3 0x80000260 (0xffc12283) x5  0x90001000 mem 0x70000030
core   0: 0x80000264 (0x0292c057) vadd.vx v0, v9, x5
core   0: 3 0x80000264 (0x0292c057) c8_vstart 0x00000000 e32 m1 l16 v0  0000ffff 0x900010c8 900010c4 900010f8 900010f4 900010f0 900010ec 900010e8 900010e4 900010e0 900010dc 900010d8 900010d4 900010d0 900010cc 900010c8 900010c4 
core   0: 0x80000268 (0x0010607b) vsw12.v v1, v0, 0
core   0: 3 0x80000268 (0x0010607b) c8_vstart 0x00000000 e32 m1 l16 mem 0x900010c4 0x43c38e2e mem 0x900010c8 0x43ec731a mem 0x900010cc 0x43d991cb mem 0x900010d0 0x43dcf2c1 mem 0x900010d4 0x43daa0e6 mem 0x900010d8 0x43ee205c mem 0x900010dc 0x43e3d37d mem 0x900010e0 0x43d24846 mem 0x900010e4 0x43ad88c4 mem 0x900010e8 0x43b16988 mem 0x900010ec 0x43c4416b mem 0x900010f0 0x43c54328 mem 0x900010f4 0x43c3fec2 mem 0x900010f8 0x43ada4de mem 0x900010c4 0x43c38e2e mem 0x900010c8 0x43ec731a
core   0: 0x8000026c (0xfcc12083) lw      x1, -52(x2)
core   0: 3 0x8000026c (0xfcc12083) x1  0x800000a0 mem 0x70000000
core   0: 0x80000270 (0x0090200b) regext  x0, x0,  0 0 1 1 
core   0: 3 0x80000270 (0x0090200b)
core   0: 0x80000274 (0x7fc020ab) vlw.v   v1, x0, -4
core   0: 3 0x80000274 (0x7fc020ab) e32 m1 l16 v33 0000ffff 0x00000000 00000000 00000000 00000000 00000000 00000000 00000000 00000000 00000000 00000000 00000000 00000000 00000000 00000000 00000000 00000000  c8_vstart 0x00000000 mem 0x90003000 mem 0x90003004 mem 0x90003008 mem 0x9000300c mem 0x90003010 mem 0x90003014 mem 0x90003018 mem 0x9000301c mem 0x90003020 mem 0x90003024 mem 0x90003028 mem 0x9000302c mem 0x90003030 mem 0x90003034 mem 0x90003038 mem 0x9000303c
core   0: 0x80000278 (0xfcc10113) addi    x2, x2, -52
core   0: 3 0x80000278 (0xfcc10113) x2  0x70000000
core   0: 0x8000027c (0xffc20213) addi    x4, x4, -4
core   0: 3 0x8000027c (0xffc20213) x4  0x00000000
core   0: 0x80000280 (0x0010200b) regext  x0, x0,  0 0 0 1 
core   0: 3 0x80000280 (0x0010200b)
core   0: 0x80000284 (0x5e024057) vmv.v.x v0, x4
core   0: 3 0x80000284 (0x5e024057) c8_vstart 0x00000000 e32 m1 l16 v32 0000ffff 0x00000000 00000000 00000000 00000000 00000000 00000000 00000000 00000000 00000000 00000000 00000000 00000000 00000000 00000000 00000000 00000000 
core   0: 0x80000288 (0x00008067) ret
core   0: 3 0x80000288 (0x00008067)
core   0: 0x800000a0 (0x0000400b) endprg  x0, x0, x0
core   0: 3 0x800000a0 (0x0000400b)
core   0: 0x800000a4 (0x0040006f) j       pc + 0x4
core   0: 3 0x800000a4 (0x0040006f)
core   0: 0x800000a8 (0x00100313) li      x6, 1
core   0: 3 0x800000a8 (0x00100313) x6  0x00000001
core   0: 0x800000ac (0x00001297) auipc   x5, 0x1
core   0: 3 0x800000ac (0x00001297) x5  0x800010ac
core   0: 0x800000b0 (0xf5428293) addi    x5, x5, -172
core   0: 3 0x800000b0 (0xf5428293) x5  0x80001000
core   0: 0x800000b4 (0x0062a023) sw      x6, 0(x5)
core   0: 3 0x800000b4 (0x0062a023) mem 0x80001000 0x00000001
core   0: 0x00001000 (0x00000297) auipc   x5, 0x0
core   0: 3 0x00001000 (0x00000297) x5  0x00001000
core   0: 0x00001004 (0x02028593) addi    x11, x5, 32
core   0: 3 0x00001004 (0x02028593) x11 0x00001020
core   0: 0x00001008 (0xf1402573) csrr    x10, mhartid
core   0: 3 0x00001008 (0xf1402573) x10 0x00000000
core   0: 0x0000100c (0x0182a283) lw      x5, 24(x5)
core   0: 3 0x0000100c (0x0182a283) x5  0x80000000 mem 0x00001018
core   0: 0x00001010 (0x00028067) jr      x5
core   0: 3 0x00001010 (0x00028067)
core   0: 0x80000000 (0x00004197) auipc   x3, 0x4
core   0: 3 0x80000000 (0x00004197) x3  0x80004000
core   0: 0x80000004 (0x80818193) addi    x3, x3, -2040
core   0: 3 0x80000004 (0x80818193) x3  0x80003808
core   0: 0x80000008 (0x02000e93) li      x29, 32
core   0: 3 0x80000008 (0x02000e93) x29 0x00000020
core   0: 0x8000000c (0x0d0efed7) vsetvli x29, x29, e32, m1, ta, ma
core   0: 3 0x8000000c (0x0d0efed7) x29 0x00000010 c8_vstart 0x00000000 c3104_vl 0x00000010 c3105_vtype 0x000000d0 c768_mstatus 0x80000600
core   0: 0x80000010 (0x00002eb7) lui     x29, 0x2
core   0: 3 0x80000010 (0x00002eb7) x29 0x00002000
core   0: 0x80000014 (0x300eaef3) csrrs   x29, mstatus, x29
core   0: 3 0x80000014 (0x300eaef3) x29 0x80000600 c768_mstatus 0x80006600
core   0: 0x80000018 (0x00000e93) li      x29, 0
core   0: 3 0x80000018 (0x00000e93) x29 0x00000000
core   0: 0x8000001c (0x80502373) csrr    x6, wid
core   0: 3 0x8000001c (0x80502373) x6  0x00000000
core   0: 0x80000020 (0x806023f3) csrr    x7, lds
core   0: 3 0x80000020 (0x806023f3) x7  0x70000000
core   0: 0x80000024 (0x40000e13) li      x28, 1024
core   0: 3 0x80000024 (0x40000e13) x28 0x00000400
core   0: 0x80000028 (0x03c30333) mul     x6, x6, x28
core   0: 3 0x80000028 (0x03c30333) x6  0x00000000
core   0: 0x8000002c (0x00730133) add     x2, x6, x7
core   0: 3 0x8000002c (0x00730133) x2  0x70000000
core   0: 0x80000030 (0x00000213) li      x4, 0
core   0: 3 0x80000030 (0x00000213) x4  0x00000000
core   0: 0x80000034 (0x80102f73) csrr    x30, numw
core   0: 3 0x80000034 (0x80102f73) x30 0x00000001
core   0: 0x80000038 (0x40000e13) li      x28, 1024
core   0: 3 0x80000038 (0x40000e13) x28 0x00000400
core   0: 0x8000003c (0x03cf0f33) mul     x30, x30, x28
core   0: 3 0x8000003c (0x03cf0f33) x30 0x00000400
core   0: 0x80000040 (0x01e38433) add     x8, x7, x30
core   0: 3 0x80000040 (0x01e38433) x8  0x70000400
core   0: 0x80000044 (0x00003517) auipc   x10, 0x3
core   0: 3 0x80000044 (0x00003517) x10 0x80003044
core   0: 0x80000048 (0xfc450513) addi    x10, x10, -60
core   0: 3 0x80000048 (0xfc450513) x10 0x80003008
core   0: 0x8000004c (0x00003617) auipc   x12, 0x3
core   0: 3 0x8000004c (0x00003617) x12 0x8000304c
core   0: 0x80000050 (0xfbc60613) addi    x12, x12, -68
core   0: 3 0x80000050 (0xfbc60613) x12 0x80003008
core   0: 0x80000054 (0x00c50863) beq     x10, x12, pc + 16
core   0: 3 0x80000054 (0x00c50863)
core   0: 0x80000064 (0x803022f3) csrr    x5, knl
core   0: 3 0x80000064 (0x803022f3) x5  0x900e3000
core   0: 0x80000068 (0x0002a303) lw      x6, 0(x5)
core   0: 3 0x80000068 (0x0002a303) x6  0x800000b8 mem 0x900e3000
core   0: 0x8000006c (0x0042a503) lw      x10, 4(x5)
core   0: 3 0x8000006c (0x0042a503) x10 0x90002000 mem 0x900e3004
core   0: 0x80000070 (0x0302a383) lw      x7, 48(x5)
core   0: 3 0x80000070 (0x0302a383) x7  0x00000000 mem 0x900e3030
core   0: 0x80000074 (0x0342ae03) lw      x28, 52(x5)
core   0: 3 0x80000074 (0x0342ae03) x28 0x00000000 mem 0x900e3034
core   0: 0x80000078 (0x00003e97) auipc   x29, 0x3
core   0: 3 0x80000078 (0x00003e97) x29 0x80003078
core   0: 0x8000007c (0xf88e8e93) addi    x29, x29, -120
core   0: 3 0x8000007c (0xf88e8e93) x29 0x80003000
core   0: 0x80000080 (0x00003f17) auipc   x30, 0x3
core   0: 3 0x80000080 (0x00003f17) x30 0x80003080
core   0: 0x80000084 (0xf84f0f13) addi    x30, x30, -124
core   0: 3 0x80000084 (0xf84f0f13) x30 0x80003004
core   0: 0x80000088 (0x007ea023) sw      x7, 0(x29)
core   0: 3 0x80000088 (0x007ea023) mem 0x80003000 0x00000000
core   0: 0x8000008c (0x01cf2023) sw      x28, 0(x30)
core   0: 3 0x8000008c (0x01cf2023) mem 0x80003004 0x00000000
core   0: 0x80000090 (0x00000f97) auipc   x31, 0x0
core   0: 3 0x80000090 (0x00000f97) x31 0x80000090
core   0: 0x80000094 (0x018f8f93) addi    x31, x31, 24
core   0: 3 0x80000094 (0x018f8f93) x31 0x800000a8
core   0: 0x80000098 (0x305f9073) csrw    mtvec, x31
core   0: 3 0x80000098 (0x305f9073) c773_mtvec 0x800000a8
core   0: 0x8000009c (0x000300e7) jalr    x6
core   0: 3 0x8000009c (0x000300e7) x1  0x800000a0
core   0: 0x800000b8 (0x03410113) addi    x2, x2, 52
core   0: 3 0x800000b8 (0x03410113) x2  0x70000034
core   0: 0x800000bc (0x00420213) addi    x4, x4, 4
core   0: 3 0x800000bc (0x00420213) x4  0x00000004
core   0: 0x800000c0 (0x0010200b) regext  x0, x0,  0 0 0 1 
core   0: 3 0x800000c0 (0x0010200b)
core   0: 0x800000c4 (0x5e024057) vmv.v.x v0, x4
core   0: 3 0x800000c4 (0x5e024057) c8_vstart 0x00000000 e32 m1 l16 v32 0000ffff 0x00000004 00000004 00000004 00000004 00000004 00000004 00000004 00000004 00000004 00000004 00000004 00000004 00000004 00000004 00000004 00000004 
core   0: 0x800000c8 (0xfc112623) sw      x1, -52(x2)
core   0: 3 0x800000c8 (0xfc112623) mem 0x70000000 0x800000a0
core   0: 0x800000cc (0x0480200b) regext  x0, x0,  0 1 1 0 
core   0: 3 0x800000cc (0x0480200b)
core   0: 0x800000d0 (0xfe102e2b) vsw.v   v1, x0, -4
core   0: 3 0x800000d0 (0xfe102e2b) c8_vstart 0x00000000 mem 0x90003000 0x00000000 mem 0x90003004 0x00000000 mem 0x90003008 0x00000000 mem 0x9000300c 0x00000000 mem 0x90003010 0x00000000 mem 0x90003014 0x00000000 mem 0x90003018 0x00000000 mem 0x9000301c 0x00000000 mem 0x90003020 0x00000000 mem 0x90003024 0x00000000 mem 0x90003028 0x00000000 mem 0x9000302c 0x00000000 mem 0x90003030 0x00000000 mem 0x90003034 0x00000000 mem 0x90003038 0x00000000 mem 0x9000303c 0x00000000
core   0: 0x800000d4 (0x00452283) lw      x5, 4(x10)
core   0: 3 0x800000d4 (0x00452283) x5  0x90001000 mem 0x90002004
core   0: 0x800000d8 (0xfe512e23) sw      x5, -4(x2)
core   0: 3 0x800000d8 (0xfe512e23) mem 0x70000030 0x90001000
core   0: 0x800000dc (0x03052283) lw      x5, 48(x10)
core   0: 3 0x800000dc (0x03052283) x5  0x3f800000 mem 0x90002030
core   0: 0x800000e0 (0xfe512c23) sw      x5, -8(x2)
core   0: 3 0x800000e0 (0xfe512c23) mem 0x7000002c 0x3f800000
core   0: 0x800000e4 (0x02c52283) lw      x5, 44(x10)
core   0: 3 0x800000e4 (0x02c52283) x5  0x3f800000 mem 0x9000202c
core   0: 0x800000e8 (0xfe512a23) sw      x5, -12(x2)
core   0: 3 0x800000e8 (0xfe512a23) mem 0x70000028 0x3f800000
core   0: 0x800000ec (0x02852283) lw      x5, 40(x10)
core   0: 3 0x800000ec (0x02852283) x5  0x3f800000 mem 0x90002028
core   0: 0x800000f0 (0xfe512823) sw      x5, -16(x2)
core   0: 3 0x800000f0 (0xfe512823) mem 0x70000024 0x3f800000
core   0: 0x800000f4 (0x02452283) lw      x5, 36(x10)
core   0: 3 0x800000f4 (0x02452283) x5  0x3f800000 mem 0x90002024
core   0: 0x800000f8 (0xfe512623) sw      x5, -20(x2)
core   0: 3 0x800000f8 (0xfe512623) mem 0x70000020 0x3f800000
core   0: 0x800000fc (0x02052283) lw      x5, 32(x10)
core   0: 3 0x800000fc (0x02052283) x5  0x3f800000 mem 0x90002020
core   0: 0x80000100 (0xfe512423) sw      x5, -24(x2)
core   0: 3 0x80000100 (0xfe512423) mem 0x7000001c 0x3f800000
core   0: 0x80000104 (0x01c52283) lw      x5, 28(x10)
core   0: 3 0x80000104 (0x01c52283) x5  0x3f800000 mem 0x9000201c
core   0: 0x80000108 (0xfe512223) sw      x5, -28(x2)
core   0: 3 0x80000108 (0xfe512223) mem 0x70000018 0x3f800000
core   0: 0x8000010c (0x01852283) lw      x5, 24(x10)
core   0: 3 0x8000010c (0x01852283) x5  0x3f800000 mem 0x90002018
core   0: 0x80000110 (0xfe512023) sw      x5, -32(x2)
core   0: 3 0x80000110 (0xfe512023) mem 0x70000014 0x3f800000
core   0: 0x80000114 (0x01052283) lw      x5, 16(x10)
core   0: 3 0x80000114 (0x01052283) x5  0x3f800000 mem 0x90002010
core   0: 0x80000118 (0xfc512e23) sw      x5, -36(x2)
core   0: 3 0x80000118 (0xfc512e23) mem 0x70000010 0x3f800000
core   0: 0x8000011c (0x01452283) lw      x5, 20(x10)
core   0: 3 0x8000011c (0x01452283) x5  0x3f800000 mem 0x90002014
core   0: 0x80000120 (0xfc512c23) sw      x5, -40(x2)
core   0: 3 0x80000120 (0xfc512c23) mem 0x7000000c 0x3f800000
core   0: 0x80000124 (0x00052283) lw      x5, 0(x10)
core   0: 3 0x80000124 (0x00052283) x5  0x90000000 mem 0x90002000
core   0: 0x80000128 (0xfc512a23) sw      x5, -44(x2)
core   0: 3 0x80000128 (0xfc512a23) mem 0x70000008 0x90000000
core   0: 0x8000012c (0x00852283) lw      x5, 8(x10)
core   0: 3 0x8000012c (0x00852283) x5  0x00000010 mem 0x90002008
core   0: 0x80000130 (0xfc512823) sw      x5, -48(x2)
core   0: 3 0x80000130 (0xfc512823) mem 0x70000004 0x00000010
core   0: 0x80000134 (0x5e004057) vmv.v.x v0, x0
core   0: 3 0x80000134 (0x5e004057) c8_vstart 0x00000000 e32 m1 l16 v0  0000ffff 0x00000000 00000000 00000000 00000000 00000000 00000000 00000000 00000000 00000000 00000000 00000000 00000000 00000000 00000000 00000000 00000000 
core   0: 0x80000138 (0x154000ef) jal     pc + 0x154
core   0: 3 0x80000138 (0x154000ef) x1  0x8000013c
core   0: 0x8000028c (0x00410113) addi    x2, x2, 4
core   0: 3 0x8000028c (0x00410113) x2  0x70000038
core   0: 0x80000290 (0xfe112e23) sw      x1, -4(x2)
core   0: 3 0x80000290 (0xfe112e23) mem 0x70000034 0x8000013c
core   0: 0x80000294 (0x00200293) li      x5, 2
core   0: 3 0x80000294 (0x00200293) x5  0x00000002
core   0: 0x80000298 (0x5e02c0d7) vmv.v.x v1, x5
core   0: 3 0x80000298 (0x5e02c0d7) c8_vstart 0x00000000 e32 m1 l16 v1  0000ffff 0x00000002 00000002 00000002 00000002 00000002 00000002 00000002 00000002 00000002 00000002 00000002 00000002 00000002 00000002 00000002 00000002 
core   0: 0x8000029c (0x00000317) auipc   x6, 0x0
core   0: 3 0x8000029c (0x00000317) x6  0x8000029c
core   0: 0x800002a0 (0x04c3305b) setrpc  x0, x6, 76
core   0: 3 0x800002a0 (0x04c3305b) c2060_rpc 0x800002e8 current mask:	0000ffff current npc:	00000000 stack size: 0
core   0: 0x800002a4 (0x0200885b) vbeq    v0, v1, pc + 48
core   0: 3 0x800002a4 (0x0200885b) c8_vstart 0x00000000 e32 m1 l16 current mask:	0000ffff current npc:	800002a8 stack size: 0
core   0: 0x800002a8 (0x00100293) li      x5, 1
core   0: 3 0x800002a8 (0x00100293) x5  0x00000001
core   0: 0x800002ac (0x5e02c0d7) vmv.v.x v1, x5
core   0: 3 0x800002ac (0x5e02c0d7) c8_vstart 0x00000000 e32 m1 l16 v1  0000ffff 0x00000001 00000001 00000001 00000001 00000001 00000001 00000001 00000001 00000001 00000001 00000001 00000001 00000001 00000001 00000001 00000001 
core   0: 0x800002b0 (0x00000317) auipc   x6, 0x0
core   0: 3 0x800002b0 (0x00000317) x6  0x800002b0
core   0: 0x800002b4 (0x0383305b) setrpc  x0, x6, 56
core   0: 3 0x800002b4 (0x0383305b) c2060_rpc 0x800002e8 current mask:	0000ffff current npc:	800002a8 stack size: 0
core   0: 0x800002b8 (0x0200825b) vbeq    v0, v1, pc + 36
core   0: 3 0x800002b8 (0x0200825b) c8_vstart 0x00000000 e32 m1 l16 current mask:	0000ffff current npc:	800002bc stack size: 0
core   0: 0x800002bc (0x5e0040d7) vmv.v.x v1, x0
core   0: 3 0x800002bc (0x5e0040d7) c8_vstart 0x00000000 e32 m1 l16 v1  0000ffff 0x00000000 00000000 00000000 00000000 00000000 00000000 00000000 00000000 00000000 00000000 00000000 00000000 00000000 00000000 00000000 00000000 
core   0: 0x800002c0 (0x00000317) auipc   x6, 0x0
core   0: 3 0x800002c0 (0x00000317) x6  0x800002c0
core   0: 0x800002c4 (0x0283305b) setrpc  x0, x6, 40
core   0: 3 0x800002c4 (0x0283305b) c2060_rpc 0x800002e8 current mask:	0000ffff current npc:	800002bc stack size: 0
core   0: 0x800002c8 (0x00009e5b) vbne    v0, v1, pc + 28
core   0: 3 0x800002c8 (0x00009e5b) c8_vstart 0x00000000 e32 m1 l16 current mask:	0000ffff current npc:	800002cc stack size: 0
core   0: 0x800002cc (0x1a0000ef) jal     pc + 0x1a0
core   0: 3 0x800002cc (0x1a0000ef) x1  0x800002d0
core   0: 0x8000046c (0x00410113) addi    x2, x2, 4
core   0: 3 0x8000046c (0x00410113) x2  0x7000003c
core   0: 0x80000470 (0xfe112e23) sw      x1, -4(x2)
core   0: 3 0x80000470 (0xfe112e23) mem 0x70000038 0x800002d0
core   0: 0x80000474 (0xf1dff0ef) jal     pc - 0xe4
core   0: 3 0x80000474 (0xf1dff0ef) x1  0x80000478
core   0: 0x80000390 (0x00410113) addi    x2, x2, 4
core   0: 3 0x80000390 (0x00410113) x2  0x70000040
core   0: 0x80000394 (0xfe112e23) sw      x1, -4(x2)
core   0: 3 0x80000394 (0xfe112e23) mem 0x7000003c 0x80000478
core   0: 0x80000398 (0x80302573) csrr    x10, knl
core   0: 3 0x80000398 (0x80302573) x10 0x900e3000
core   0: 0x8000039c (0x00852283) lw      x5, 8(x10)
core   0: 3 0x8000039c (0x00852283) x5  0x00000002 mem 0x900e3008
core   0: 0x800003a0 (0x80002373) csrr    x6, tid
core   0: 3 0x800003a0 (0x80002373) x6  0x00000000
core   0: 0x800003a4 (0x5208a157) vid.v   v2
core   0: 3 0x800003a4 (0x5208a157) c8_vstart 0x00000000 e32 m1 l16 v2  0000ffff 0x0000000f 0000000e 0000000d 0000000c 0000000b 0000000a 00000009 00000008 00000007 00000006 00000005 00000004 00000003 00000002 00000001 00000000 
core   0: 0x800003a8 (0x02234057) vadd.vx v0, v2, x6
core   0: 3 0x800003a8 (0x02234057) c8_vstart 0x00000000 e32 m1 l16 v0  0000ffff 0x0000000f 0000000e 0000000d 0000000c 0000000b 0000000a 00000009 00000008 00000007 00000006 00000005 00000004 00000003 00000002 00000001 00000000 
core   0: 0x800003ac (0x01852e03) lw      x28, 24(x10)
core   0: 3 0x800003ac (0x01852e03) x28 0x0000000e mem 0x900e3018
core   0: 0x800003b0 (0x8a0e6057) vremu.vx v0, v0, x28
core   0: 3 0x800003b0 (0x8a0e6057) c8_vstart 0x00000000 e32 m1 l16 v0  0000ffff 0x00000001 00000000 0000000d 0000000c 0000000b 0000000a 00000009 00000008 00000007 00000006 00000005 00000004 00000003 00000002 00000001 00000000 
core   0: 0x800003b4 (0xffc12083) lw      x1, -4(x2)
core   0: 3 0x800003b4 (0xffc12083) x1  0x80000478 mem 0x7000003c
core   0: 0x800003b8 (0xffc10113) addi    x2, x2, -4
core   0: 3 0x800003b8 (0xffc10113) x2  0x7000003c
core   0: 0x800003bc (0x00008067) ret
core   0: 3 0x800003bc (0x00008067)
core   0: 0x80000478 (0x80302573) csrr    x10, knl
core   0: 3 0x80000478 (0x80302573) x10 0x900e3000
core   0: 0x8000047c (0x80802373) csrr    x6, gidx
core   0: 3 0x8000047c (0x80802373) x6  0x00000000
core   0: 0x80000480 (0x01852e03) lw      x28, 24(x10)
core   0: 3 0x80000480 (0x01852e03) x28 0x0000000e mem 0x900e3018
core   0: 0x80000484 (0x02452e83) lw      x29, 36(x10)
core   0: 3 0x80000484 (0x02452e83) x29 0x00000001 mem 0x900e3024
core   0: 0x80000488 (0x03c30fb3) mul     x31, x6, x28
core   0: 3 0x80000488 (0x03c30fb3) x31 0x00000000
core   0: 0x8000048c (0x01df8fb3) add     x31, x31, x29
core   0: 3 0x8000048c (0x01df8fb3) x31 0x00000001
core   0: 0x80000490 (0x020fc057) vadd.vx v0, v0, x31
core   0: 3 0x80000490 (0x020fc057) c8_vstart 0x00000000 e32 m1 l16 v0  0000ffff 0x00000002 00000001 0000000e 0000000d 0000000c 0000000b 0000000a 00000009 00000008 00000007 00000006 00000005 00000004 00000003 00000002 00000001 
core   0: 0x80000494 (0xffc12083) lw      x1, -4(x2)
core   0: 3 0x80000494 (0xffc12083) x1  0x800002d0 mem 0x70000038
core   0: 0x80000498 (0xffc10113) addi    x2, x2, -4
core   0: 3 0x80000498 (0xffc10113) x2  0x70000038
core   0: 0x8000049c (0x00008067) ret
core   0: 3 0x8000049c (0x00008067)
core   0: 0x800002d0 (0x0180006f) j       pc + 0x18
core   0: 3 0x800002d0 (0x0180006f)
core   0: 0x800002e8 (0x0000205b) join    v0, v0, pc + 0
core   0: 3 0x800002e8 (0x0000205b) current mask:	0000ffff current npc:	800002cc stack size: 0
core   0: 0x800002ec (0xffc12083) lw      x1, -4(x2)
core   0: 3 0x800002ec (0xffc12083) x1  0x8000013c mem 0x70000034
core   0: 0x800002f0 (0xffc10113) addi    x2, x2, -4
core   0: 3 0x800002f0 (0xffc10113) x2  0x70000034
core   0: 0x800002f4 (0x00008067) ret
core   0: 3 0x800002f4 (0x00008067)
core   0: 0x8000013c (0x0010200b) regext  x0, x0,  0 0 0 1 
core   0: 3 0x8000013c (0x0010200b)
core   0: 0x80000140 (0x020040d7) vadd.vx v1, v0, x0
core   0: 3 0x80000140 (0x020040d7) c8_vstart 0x00000000 e32 m1 l16 v33 0000ffff 0x00000002 00000001 0000000e 0000000d 0000000c 0000000b 0000000a 00000009 00000008 00000007 00000006 00000005 00000004 00000003 00000002 00000001 
core   0: 0x80000144 (0x00100293) li      x5, 1
core   0: 3 0x80000144 (0x00100293) x5  0x00000001
core   0: 0x80000148 (0x5e02c057) vmv.v.x v0, x5
core   0: 3 0x80000148 (0x5e02c057) c8_vstart 0x00000000 e32 m1 l16 v0  0000ffff 0x00000001 00000001 00000001 00000001 00000001 00000001 00000001 00000001 00000001 00000001 00000001 00000001 00000001 00000001 00000001 00000001 
core   0: 0x8000014c (0x140000ef) jal     pc + 0x140
core   0: 3 0x8000014c (0x140000ef) x1  0x80000150
core   0: 0x8000028c (0x00410113) addi    x2, x2, 4
core   0: 3 0x8000028c (0x00410113) x2  0x70000038
core   0: 0x80000290 (0xfe112e23) sw      x1, -4(x2)
core   0: 3 0x80000290 (0xfe112e23) mem 0x70000034 0x80000150
core   0: 0x80000294 (0x00200293) li      x5, 2
core   0: 3 0x80000294 (0x00200293) x5  0x00000002
core   0: 0x80000298 (0x5e02c0d7) vmv.v.x v1, x5
core   0: 3 0x80000298 (0x5e02c0d7) c8_vstart 0x00000000 e32 m1 l16 v1  0000ffff 0x00000002 00000002 00000002 00000002 00000002 00000002 00000002 00000002 00000002 00000002 00000002 00000002 00000002 00000002 00000002 00000002 
core   0: 0x8000029c (0x00000317) auipc   x6, 0x0
core   0: 3 0x8000029c (0x00000317) x6  0x8000029c
core   0: 0x800002a0 (0x04c3305b) setrpc  x0, x6, 76
core   0: 3 0x800002a0 (0x04c3305b) c2060_rpc 0x800002e8 current mask:	0000ffff current npc:	800002cc stack size: 0
core   0: 0x800002a4 (0x0200885b) vbeq    v0, v1, pc + 48
core   0: 3 0x800002a4 (0x0200885b) c8_vstart 0x00000000 e32 m1 l16 current mask:	0000ffff current npc:	800002a8 stack size: 0
core   0: 0x800002a8 (0x00100293) li      x5, 1
core   0: 3 0x800002a8 (0x00100293) x5  0x00000001
core   0: 0x800002ac (0x5e02c0d7) vmv.v.x v1, x5
core   0: 3 0x800002ac (0x5e02c0d7) c8_vstart 0x00000000 e32 m1 l16 v1  0000ffff 0x00000001 00000001 00000001 00000001 00000001 00000001 00000001 00000001 00000001 00000001 00000001 00000001 00000001 00000001 00000001 00000001 
core   0: 0x800002b0 (0x00000317) auipc   x6, 0x0
core   0: 3 0x800002b0 (0x00000317) x6  0x800002b0
core   0: 0x800002b4 (0x0383305b) setrpc  x0, x6, 56
core   0: 3 0x800002b4 (0x0383305b) c2060_rpc 0x800002e8 current mask:	0000ffff current npc:	800002a8 stack size: 0
core   0: 0x800002b8 (0x0200825b) vbeq    v0, v1, pc + 36
core   0: 3 0x800002b8 (0x0200825b) c8_vstart 0x00000000 e32 m1 l16 current mask:	0000ffff current npc:	800002dc stack size: 0
core   0: 0x800002dc (0x1c4000ef) jal     pc + 0x1c4
core   0: 3 0x800002dc (0x1c4000ef) x1  0x800002e0
core   0: 0x800004a0 (0x00410113) addi    x2, x2, 4
core   0: 3 0x800004a0 (0x00410113) x2  0x7000003c
core   0: 0x800004a4 (0xfe112e23) sw      x1, -4(x2)
core   0: 3 0x800004a4 (0xfe112e23) mem 0x70000038 0x800002e0
core   0: 0x800004a8 (0xf19ff0ef) jal     pc - 0xe8
core   0: 3 0x800004a8 (0xf19ff0ef) x1  0x800004ac
core   0: 0x800003c0 (0x00410113) addi    x2, x2, 4
core   0: 3 0x800003c0 (0x00410113) x2  0x70000040
core   0: 0x800003c4 (0xfe112e23) sw      x1, -4(x2)
core   0: 3 0x800003c4 (0xfe112e23) mem 0x7000003c 0x800004ac
core   0: 0x800003c8 (0x80302573) csrr    x10, knl
core   0: 3 0x800003c8 (0x80302573) x10 0x900e3000
core   0: 0x800003cc (0x00852283) lw      x5, 8(x10)
core   0: 3 0x800003cc (0x00852283) x5  0x00000002 mem 0x900e3008
core   0: 0x800003d0 (0x80002373) csrr    x6, tid
core   0: 3 0x800003d0 (0x80002373) x6  0x00000000
core   0: 0x800003d4 (0x5208a157) vid.v   v2
core   0: 3 0x800003d4 (0x5208a157) c8_vstart 0x00000000 e32 m1 l16 v2  0000ffff 0x0000000f 0000000e 0000000d 0000000c 0000000b 0000000a 00000009 00000008 00000007 00000006 00000005 00000004 00000003 00000002 00000001 00000000 
core   0: 0x800003d8 (0x02234057) vadd.vx v0, v2, x6
core   0: 3 0x800003d8 (0x02234057) c8_vstart 0x00000000 e32 m1 l16 v0  0000ffff 0x0000000f 0000000e 0000000d 0000000c 0000000b 0000000a 00000009 00000008 00000007 00000006 00000005 00000004 00000003 00000002 00000001 00000000 
core   0: 0x800003dc (0x01852e03) lw      x28, 24(x10)
core   0: 3 0x800003dc (0x01852e03) x28 0x0000000e mem 0x900e3018
core   0: 0x800003e0 (0x01c52e83) lw      x29, 28(x10)
core   0: 3 0x800003e0 (0x01c52e83) x29 0x00000001 mem 0x900e301c
core   0: 0x800003e4 (0x03ce8f33) mul     x30, x29, x28
core   0: 3 0x800003e4 (0x03ce8f33) x30 0x0000000e
core   0: 0x800003e8 (0x8a0f6057) vremu.vx v0, v0, x30
core   0: 3 0x800003e8 (0x8a0f6057) c8_vstart 0x00000000 e32 m1 l16 v0  0000ffff 0x00000001 00000000 0000000d 0000000c 0000000b 0000000a 00000009 00000008 00000007 00000006 00000005 00000004 00000003 00000002 00000001 00000000 
core   0: 0x800003ec (0x820e6057) vdivu.vx v0, v0, x28
core   0: 3 0x800003ec (0x820e6057) c8_vstart 0x00000000 e32 m1 l16 v0  0000ffff 0x00000000 00000000 00000000 00000000 00000000 00000000 00000000 00000000 00000000 00000000 00000000 00000000 00000000 00000000 00000000 00000000 
core   0: 0x800003f0 (0x5e0ec0d7) vmv.v.x v1, x29
core   0: 3 0x800003f0 (0x5e0ec0d7) c8_vstart 0x00000000 e32 m1 l16 v1  0000ffff 0x00000001 00000001 00000001 00000001 00000001 00000001 00000001 00000001 00000001 00000001 00000001 00000001 00000001 00000001 00000001 00000001 
core   0: 0x800003f4 (0x00000317) auipc   x6, 0x0
core   0: 3 0x800003f4 (0x00000317) x6  0x800003f4
core   0: 0x800003f8 (0x0143305b) setrpc  x0, x6, 20
core   0: 3 0x800003f8 (0x0143305b) c2060_rpc 0x80000408 current mask:	0000ffff current npc:	800002dc stack size: 0
core   0: 0x800003fc (0x0000c65b) vblt    v0, v1, pc + 12
core   0: 3 0x800003fc (0x0000c65b) c8_vstart 0x00000000 e32 m1 l16 current mask:	0000ffff current npc:	80000408 stack size: 0
core   0: 0x80000408 (0x0000205b) join    v0, v0, pc + 0
core   0: 3 0x80000408 (0x0000205b) current mask:	0000ffff current npc:	80000408 stack size: 0
core   0: 0x8000040c (0xffc12083) lw      x1, -4(x2)
core   0: 3 0x8000040c (0xffc12083) x1  0x800004ac mem 0x7000003c
core   0: 0x80000410 (0xffc10113) addi    x2, x2, -4
core   0: 3 0x80000410 (0xffc10113) x2  0x7000003c
core   0: 0x80000414 (0x00008067) ret
core   0: 3 0x80000414 (0x00008067)
core   0: 0x800004ac (0x80902373) csrr    x6, gidy
core   0: 3 0x800004ac (0x80902373) x6  0x00000003
core   0: 0x800004b0 (0x01c52383) lw      x7, 28(x10)
core   0: 3 0x800004b0 (0x01c52383) x7  0x00000001 mem 0x900e301c
core   0: 0x800004b4 (0x02852e83) lw      x29, 40(x10)
core   0: 3 0x800004b4 (0x02852e83) x29 0x00000001 mem 0x900e3028
core   0: 0x800004b8 (0x02730e33) mul     x28, x6, x7
core   0: 3 0x800004b8 (0x02730e33) x28 0x00000003
core   0: 0x800004bc (0x01de0e33) add     x28, x28, x29
core   0: 3 0x800004bc (0x01de0e33) x28 0x00000004
core   0: 0x800004c0 (0x020e4057) vadd.vx v0, v0, x28
core   0: 3 0x800004c0 (0x020e4057) c8_vstart 0x00000000 e32 m1 l16 v0  0000ffff 0x00000004 00000004 00000004 00000004 00000004 00000004 00000004 00000004 00000004 00000004 00000004 00000004 00000004 00000004 00000004 00000004 
core   0: 0x800004c4 (0xffc12083) lw      x1, -4(x2)
core   0: 3 0x800004c4 (0xffc12083) x1  0x800002e0 mem 0x70000038
core   0: 0x800004c8 (0xffc10113) addi    x2, x2, -4
core   0: 3 0x800004c8 (0xffc10113) x2  0x70000038
core   0: 0x800004cc (0x00008067) ret
core   0: 3 0x800004cc (0x00008067)
core   0: 0x800002e0 (0x0080006f) j       pc + 0x8
core   0: 3 0x800002e0 (0x0080006f)
core   0: 0x800002e8 (0x0000205b) join    v0, v0, pc + 0
core   0: 3 0x800002e8 (0x0000205b) current mask:	0000ffff current npc:	80000408 stack size: 0
core   0: 0x800002ec (0xffc12083) lw      x1, -4(x2)
core   0: 3 0x800002ec (0xffc12083) x1  0x80000150 mem 0x70000034
core   0: 0x800002f0 (0xffc10113) addi    x2, x2, -4
core   0: 3 0x800002f0 (0xffc10113) x2  0x70000034
core   0: 0x800002f4 (0x00008067) ret
core   0: 3 0x800002f4 (0x00008067)
core   0: 0x80000150 (0xfd012283) lw      x5, -48(x2)
core   0: 3 0x80000150 (0xfd012283) x5  0x00000010 mem 0x70000004
core   0: 0x80000154 (0x5e02c0d7) vmv.v.x v1, x5
core   0: 3 0x80000154 (0x5e02c0d7) c8_vstart 0x00000000 e32 m1 l16 v1  0000ffff 0x00000010 00000010 00000010 00000010 00000010 00000010 00000010 00000010 00000010 00000010 00000010 00000010 00000010 00000010 00000010 00000010 
core   0: 0x80000158 (0x0400200b) regext  x0, x0,  0 1 0 0 
core   0: 3 0x80000158 (0x0400200b)
core   0: 0x8000015c (0xa612e057) vmadd.vx v0, v1, x5
core   0: 3 0x8000015c (0xa612e057) c8_vstart 0x00000000 e32 m1 l16 v0  0000ffff 0x00000042 00000041 0000004e 0000004d 0000004c 0000004b 0000004a 00000049 00000048 00000047 00000046 00000045 00000044 00000043 00000042 00000041 
core   0: 0x80000160 (0x0010110b) vsub12.vi v2, v0, 1
core   0: 3 0x80000160 (0x0010110b) c8_vstart 0x00000000 e32 m1 l16 v2  0000ffff 0x00000041 00000040 0000004d 0000004c 0000004b 0000004a 00000049 00000048 00000047 00000046 00000045 00000044 00000043 00000042 00000041 00000040 
core   0: 0x80000164 (0x0a2081d7) vsub.vv v3, v2, v1
core   0: 3 0x80000164 (0x0a2081d7) c8_vstart 0x00000000 e32 m1 l16 v3  0000ffff 0x00000031 00000030 0000003d 0000003c 0000003b 0000003a 00000039 00000038 00000037 00000036 00000035 00000034 00000033 00000032 00000031 00000030 
core   0: 0x80000168 (0x963131d7) vsll.vi v3, v3, 2
core   0: 3 0x80000168 (0x963131d7) c8_vstart 0x00000000 e32 m1 l16 v3  0000ffff 0x000000c4 000000c0 000000f4 000000f0 000000ec 000000e8 000000e4 000000e0 000000dc 000000d8 000000d4 000000d0 000000cc 000000c8 000000c4 000000c0 
core   0: 0x8000016c (0xfd412283) lw      x5, -44(x2)
core   0: 3 0x8000016c (0xfd412283) x5  0x90000000 mem 0x70000008
core   0: 0x80000170 (0x5e02c257) vmv.v.x v4, x5
core   0: 3 0x80000170 (0x5e02c257) c8_vstart 0x00000000 e32 m1 l16 v4  0000ffff 0x90000000 90000000 90000000 90000000 90000000 90000000 90000000 90000000 90000000 90000000 90000000 90000000 90000000 90000000 90000000 90000000 
core   0: 0x80000174 (0x0232c1d7) vadd.vx v3, v3, x5
core   0: 3 0x80000174 (0x0232c1d7) c8_vstart 0x00000000 e32 m1 l16 v3  0000ffff 0x900000c4 900000c0 900000f4 900000f0 900000ec 900000e8 900000e4 900000e0 900000dc 900000d8 900000d4 900000d0 900000cc 900000c8 900000c4 900000c0 
core   0: 0x80000178 (0x0a0082d7) vsub.vv v5, v0, v1
core   0: 3 0x80000178 (0x0a0082d7) c8_vstart 0x00000000 e32 m1 l16 v5  0000ffff 0x00000032 00000031 0000003e 0000003d 0000003c 0000003b 0000003a 00000039 00000038 00000037 00000036 00000035 00000034 00000033 00000032 00000031 
core   0: 0x8000017c (0x965132d7) vsll.vi v5, v5, 2
core   0: 3 0x8000017c (0x965132d7) c8_vstart 0x00000000 e32 m1 l16 v5  0000ffff 0x000000c8 000000c4 000000f8 000000f4 000000f0 000000ec 000000e8 000000e4 000000e0 000000dc 000000d8 000000d4 000000d0 000000cc 000000c8 000000c4 
core   0: 0x80000180 (0x024282d7) vadd.vv v5, v4, v5
core   0: 3 0x80000180 (0x024282d7) c8_vstart 0x00000000 e32 m1 l16 v5  0000ffff 0x900000c8 900000c4 900000f8 900000f4 900000f0 900000ec 900000e8 900000e4 900000e0 900000dc 900000d8 900000d4 900000d0 900000cc 900000c8 900000c4 
core   0: 0x80000184 (0x0002a2fb) vlw12.v v5, v5, 0
core   0: 3 0x80000184 (0x0002a2fb) e32 m1 l16 v5  0000ffff 0x42a0c6a7 42a9bf18 41a280fa 42430eb0 42a630bf 40f9716f 4213de51 41922a4a 425562b4 42914132 429e34ba 42c3a06f 42c1969b 426d5330 42a0c6a7 42a9bf18  c8_vstart 0x00000000 mem 0x900000c4 mem 0x900000c8 mem 0x900000cc mem 0x900000d0 mem 0x900000d4 mem 0x900000d8 mem 0x900000dc mem 0x900000e0 mem 0x900000e4 mem 0x900000e8 mem 0x900000ec mem 0x900000f0 mem 0x900000f4 mem 0x900000f8 mem 0x900000c4 mem 0x900000c8
core   0: 0x80000188 (0x0001a1fb) vlw12.v v3, v3, 0
core   0: 3 0x80000188 (0x0001a1fb) e32 m1 l16 v3  0000ffff 0x42a9bf18 4112ee4a 42430eb0 42a630bf 40f9716f 4213de51 41922a4a 425562b4 42914132 429e34ba 42c3a06f 42c1969b 426d5330 42a0c6a7 42a9bf18 4112ee4a  c8_vstart 0x00000000 mem 0x900000c0 mem 0x900000c4 mem 0x900000c8 mem 0x900000cc mem 0x900000d0 mem 0x900000d4 mem 0x900000d8 mem 0x900000dc mem 0x900000e0 mem 0x900000e4 mem 0x900000e8 mem 0x900000ec mem 0x900000f0 mem 0x900000f4 mem 0x900000c0 mem 0x900000c4
core   0: 0x8000018c (0xfd812283) lw      x5, -40(x2)
core   0: 3 0x8000018c (0xfd812283) x5  0x3f800000 mem 0x7000000c
core   0: 0x80000190 (0x5e02c357) vmv.v.x v6, x5
core   0: 3 0x80000190 (0x5e02c357) c8_vstart 0x00000000 e32 m1 l16 v6  0000ffff 0x3f800000 3f800000 3f800000 3f800000 3f800000 3f800000 3f800000 3f800000 3f800000 3f800000 3f800000 3f800000 3f800000 3f800000 3f800000 3f800000 
core   0: 0x80000194 (0x925312d7) vfmul.vv v5, v5, v6
core   0: 3 0x80000194 (0x925312d7) c8_vstart 0x00000000 e32 m1 l16 v5  0000ffff 0x42a0c6a7 42a9bf18 41a280fa 42430eb0 42a630bf 40f9716f 4213de51 41922a4a 425562b4 42914132 429e34ba 42c3a06f 42c1969b 426d5330 42a0c6a7 42a9bf18 
core   0: 0x80000198 (0x0200b357) vadd.vi v6, v0, 1
core   0: 3 0x80000198 (0x0200b357) c8_vstart 0x00000000 e32 m1 l16 v6  0000ffff 0x00000043 00000042 0000004f 0000004e 0000004d 0000004c 0000004b 0000004a 00000049 00000048 00000047 00000046 00000045 00000044 00000043 00000042 
core   0: 0x8000019c (0x0a6083d7) vsub.vv v7, v6, v1
core   0: 3 0x8000019c (0x0a6083d7) c8_vstart 0x00000000 e32 m1 l16 v7  0000ffff 0x00000033 00000032 0000003f 0000003e 0000003d 0000003c 0000003b 0000003a 00000039 00000038 00000037 00000036 00000035 00000034 00000033 00000032 
core   0: 0x800001a0 (0x967133d7) vsll.vi v7, v7, 2
core   0: 3 0x800001a0 (0x967133d7) c8_vstart 0x00000000 e32 m1 l16 v7  0000ffff 0x000000cc 000000c8 000000fc 000000f8 000000f4 000000f0 000000ec 000000e8 000000e4 000000e0 000000dc 000000d8 000000d4 000000d0 000000cc 000000c8 
core   0: 0x800001a4 (0x024383d7) vadd.vv v7, v4, v7
core   0: 3 0x800001a4 (0x024383d7) c8_vstart 0x00000000 e32 m1 l16 v7  0000ffff 0x900000cc 900000c8 900000fc 900000f8 900000f4 900000f0 900000ec 900000e8 900000e4 900000e0 900000dc 900000d8 900000d4 900000d0 900000cc 900000c8 
core   0: 0x800001a8 (0x0003a3fb) vlw12.v v7, v7, 0
core   0: 3 0x800001a8 (0x0003a3fb) e32 m1 l16 v7  0000ffff 0x426d5330 42a0c6a7 3dd2e5a0 41a280fa 42430eb0 42a630bf 40f9716f 4213de51 41922a4a 425562b4 42914132 429e34ba 42c3a06f 42c1969b 426d5330 42a0c6a7  c8_vstart 0x00000000 mem 0x900000c8 mem 0x900000cc mem 0x900000d0 mem 0x900000d4 mem 0x900000d8 mem 0x900000dc mem 0x900000e0 mem 0x900000e4 mem 0x900000e8 mem 0x900000ec mem 0x900000f0 mem 0x900000f4 mem 0x900000f8 mem 0x900000fc mem 0x900000c8 mem 0x900000cc
core   0: 0x800001ac (0x96213457) vsll.vi v8, v2, 2
core   0: 3 0x800001ac (0x96213457) c8_vstart 0x00000000 e32 m1 l16 v8  0000ffff 0x00000104 00000100 00000134 00000130 0000012c 00000128 00000124 00000120 0000011c 00000118 00000114 00000110 0000010c 00000108 00000104 00000100 
core   0: 0x800001b0 (0x02440457) vadd.vv v8, v4, v8
core   0: 3 0x800001b0 (0x02440457) c8_vstart 0x00000000 e32 m1 l16 v8  0000ffff 0x90000104 90000100 90000134 90000130 9000012c 90000128 90000124 90000120 9000011c 90000118 90000114 90000110 9000010c 90000108 90000104 90000100 
core   0: 0x800001b4 (0x0004247b) vlw12.v v8, v8, 0
core   0: 3 0x800001b4 (0x0004247b) e32 m1 l16 v8  0000ffff 0x41c5b6c1 421de7c4 428a3dc8 4277c42e 4226103a 422fa5ee 424718b3 42248cc1 429454fb 402751d2 3fba113f 42656529 423f7d96 42216b52 41c5b6c1 421de7c4  c8_vstart 0x00000000 mem 0x90000100 mem 0x90000104 mem 0x90000108 mem 0x9000010c mem 0x90000110 mem 0x90000114 mem 0x90000118 mem 0x9000011c mem 0x90000120 mem 0x90000124 mem 0x90000128 mem 0x9000012c mem 0x90000130 mem 0x90000134 mem 0x90000100 mem 0x90000104
core   0: 0x800001b8 (0x960134d7) vsll.vi v9, v0, 2
core   0: 3 0x800001b8 (0x960134d7) c8_vstart 0x00000000 e32 m1 l16 v9  0000ffff 0x00000108 00000104 00000138 00000134 00000130 0000012c 00000128 00000124 00000120 0000011c 00000118 00000114 00000110 0000010c 00000108 00000104 
core   0: 0x800001bc (0x02448557) vadd.vv v10, v4, v9
core   0: 3 0x800001bc (0x02448557) c8_vstart 0x00000000 e32 m1 l16 v10 0000ffff 0x90000108 90000104 90000138 90000134 90000130 9000012c 90000128 90000124 90000120 9000011c 90000118 90000114 90000110 9000010c 90000108 90000104 
core   0: 0x800001c0 (0x0005257b) vlw12.v v10, v10, 0
core   0: 3 0x800001c0 (0x0005257b) e32 m1 l16 v10 0000ffff 0x42216b52 41c5b6c1 428e0088 428a3dc8 4277c42e 4226103a 422fa5ee 424718b3 42248cc1 429454fb 402751d2 3fba113f 42656529 423f7d96 42216b52 41c5b6c1  c8_vstart 0x00000000 mem 0x90000104 mem 0x90000108 mem 0x9000010c mem 0x90000110 mem 0x90000114 mem 0x90000118 mem 0x9000011c mem 0x90000120 mem 0x90000124 mem 0x90000128 mem 0x9000012c mem 0x90000130 mem 0x90000134 mem 0x90000138 mem 0x90000104 mem 0x90000108
core   0: 0x800001c4 (0x966135d7) vsll.vi v11, v6, 2
core   0: 3 0x800001c4 (0x966135d7) c8_vstart 0x00000000 e32 m1 l16 v11 0000ffff 0x0000010c 00000108 0000013c 00000138 00000134 00000130 0000012c 00000128 00000124 00000120 0000011c 00000118 00000114 00000110 0000010c 00000108 
core   0: 0x800001c8 (0x024585d7) vadd.vv v11, v4, v11
core   0: 3 0x800001c8 (0x024585d7) c8_vstart 0x00000000 e32 m1 l16 v11 0000ffff 0x9000010c 90000108 9000013c 90000138 90000134 90000130 9000012c 90000128 90000124 90000120 9000011c 90000118 90000114 90000110 9000010c 90000108 
core   0: 0x800001cc (0x0005a5fb) vlw12.v v11, v11, 0
core   0: 3 0x800001cc (0x0005a5fb) e32 m1 l16 v11 0000ffff 0x423f7d96 42216b52 428e3fe1 428e0088 428a3dc8 4277c42e 4226103a 422fa5ee 424718b3 42248cc1 429454fb 402751d2 3fba113f 42656529 423f7d96 42216b52  c8_vstart 0x00000000 mem 0x90000108 mem 0x9000010c mem 0x90000110 mem 0x90000114 mem 0x90000118 mem 0x9000011c mem 0x90000120 mem 0x90000124 mem 0x90000128 mem 0x9000012c mem 0x90000130 mem 0x90000134 mem 0x90000138 mem 0x9000013c mem 0x90000108 mem 0x9000010c
core   0: 0x800001d0 (0x02208157) vadd.vv v2, v2, v1
core   0: 3 0x800001d0 (0x02208157) c8_vstart 0x00000000 e32 m1 l16 v2  0000ffff 0x00000051 00000050 0000005d 0000005c 0000005b 0000005a 00000059 00000058 00000057 00000056 00000055 00000054 00000053 00000052 00000051 00000050 
core   0: 0x800001d4 (0x96213157) vsll.vi v2, v2, 2
core   0: 3 0x800001d4 (0x96213157) c8_vstart 0x00000000 e32 m1 l16 v2  0000ffff 0x00000144 00000140 00000174 00000170 0000016c 00000168 00000164 00000160 0000015c 00000158 00000154 00000150 0000014c 00000148 00000144 00000140 
core   0: 0x800001d8 (0x02410157) vadd.vv v2, v4, v2
core   0: 3 0x800001d8 (0x02410157) c8_vstart 0x00000000 e32 m1 l16 v2  0000ffff 0x90000144 90000140 90000174 90000170 9000016c 90000168 90000164 90000160 9000015c 90000158 90000154 90000150 9000014c 90000148 90000144 90000140 
core   0: 0x800001dc (0x0001217b) vlw12.v v2, v2, 0
core   0: 3 0x800001dc (0x0001217b) e32 m1 l16 v2  0000ffff 0x424d8e5d 4257f9c1 41f54138 41125973 412ecc1a 4125807a 427187ac 41dea313 40231f08 41bb52b8 4118f190 4244cf3c 424b26f7 41f3a5e2 424d8e5d 4257f9c1  c8_vstart 0x00000000 mem 0x90000140 mem 0x90000144 mem 0x90000148 mem 0x9000014c mem 0x90000150 mem 0x90000154 mem 0x90000158 mem 0x9000015c mem 0x90000160 mem 0x90000164 mem 0x90000168 mem 0x9000016c mem 0x90000170 mem 0x90000174 mem 0x90000140 mem 0x90000144
core   0: 0x800001e0 (0x02008057) vadd.vv v0, v0, v1
core   0: 3 0x800001e0 (0x02008057) c8_vstart 0x00000000 e32 m1 l16 v0  0000ffff 0x00000052 00000051 0000005e 0000005d 0000005c 0000005b 0000005a 00000059 00000058 00000057 00000056 00000055 00000054 00000053 00000052 00000051 
core   0: 0x800001e4 (0x96013057) vsll.vi v0, v0, 2
core   0: 3 0x800001e4 (0x96013057) c8_vstart 0x00000000 e32 m1 l16 v0  0000ffff 0x00000148 00000144 00000178 00000174 00000170 0000016c 00000168 00000164 00000160 0000015c 00000158 00000154 00000150 0000014c 00000148 00000144 
core   0: 0x800001e8 (0x02400057) vadd.vv v0, v4, v0
core   0: 3 0x800001e8 (0x02400057) c8_vstart 0x00000000 e32 m1 l16 v0  0000ffff 0x90000148 90000144 90000178 90000174 90000170 9000016c 90000168 90000164 90000160 9000015c 90000158 90000154 90000150 9000014c 90000148 90000144 
core   0: 0x800001ec (0x0000207b) vlw12.v v0, v0, 0
core   0: 3 0x800001ec (0x0000207b) e32 m1 l16 v0  0000ffff 0x41f3a5e2 424d8e5d 413071e6 41f54138 41125973 412ecc1a 4125807a 427187ac 41dea313 40231f08 41bb52b8 4118f190 4244cf3c 424b26f7 41f3a5e2 424d8e5d  c8_vstart 0x00000000 mem 0x90000144 mem 0x90000148 mem 0x9000014c mem 0x90000150 mem 0x90000154 mem 0x90000158 mem 0x9000015c mem 0x90000160 mem 0x90000164 mem 0x90000168 mem 0x9000016c mem 0x90000170 mem 0x90000174 mem 0x90000178 mem 0x90000144 mem 0x90000148
core   0: 0x800001f0 (0x026080d7) vadd.vv v1, v6, v1
core   0: 3 0x800001f0 (0x026080d7) c8_vstart 0x00000000 e32 m1 l16 v1  0000ffff 0x00000053 00000052 0000005f 0000005e 0000005d 0000005c 0000005b 0000005a 00000059 00000058 00000057 00000056 00000055 00000054 00000053 00000052 
core   0: 0x800001f4 (0x961130d7) vsll.vi v1, v1, 2
core   0: 3 0x800001f4 (0x961130d7) c8_vstart 0x00000000 e32 m1 l16 v1  0000ffff 0x0000014c 00000148 0000017c 00000178 00000174 00000170 0000016c 00000168 00000164 00000160 0000015c 00000158 00000154 00000150 0000014c 00000148 
core   0: 0x800001f8 (0x024080d7) vadd.vv v1, v4, v1
core   0: 3 0x800001f8 (0x024080d7) c8_vstart 0x00000000 e32 m1 l16 v1  0000ffff 0x9000014c 90000148 9000017c 90000178 90000174 90000170 9000016c 90000168 90000164 90000160 9000015c 90000158 90000154 90000150 9000014c 90000148 
core   0: 0x800001fc (0x0000a0fb) vlw12.v v1, v1, 0
core   0: 3 0x800001fc (0x0000a0fb) e32 m1 l16 v1  0000ffff 0x424b26f7 41f3a5e2 42427e21 413071e6 41f54138 41125973 412ecc1a 4125807a 427187ac 41dea313 40231f08 41bb52b8 4118f190 4244cf3c 424b26f7 41f3a5e2  c8_vstart 0x00000000 mem 0x90000148 mem 0x9000014c mem 0x90000150 mem 0x90000154 mem 0x90000158 mem 0x9000015c mem 0x90000160 mem 0x90000164 mem 0x90000168 mem 0x9000016c mem 0x90000170 mem 0x90000174 mem 0x90000178 mem 0x9000017c mem 0x90000148 mem 0x9000014c
core   0: 0x80000200 (0xfdc12283) lw      x5, -36(x2)
core   0: 3 0x80000200 (0xfdc12283) x5  0x3f800000 mem 0x70000010
core   0: 0x80000204 (0x5e02c257) vmv.v.x v4, x5
core   0: 3 0x80000204 (0x5e02c257) c8_vstart 0x00000000 e32 m1 l16 v4  0000ffff 0x3f800000 3f800000 3f800000 3f800000 3f800000 3f800000 3f800000 3f800000 3f800000 3f800000 3f800000 3f800000 3f800000 3f800000 3f800000 3f800000 
core   0: 0x80000208 (0xa25211d7) vfmadd.vv v3, v5, v4
core   0: 3 0x80000208 (0xa25211d7) c8_vstart 0x00000000 c1_fflags 0x00000001 e32 m1 l16 v3  0000ffff 0x432542e0 42bc1ce1 428a2796 4303dc0c 42b5c7d6 42330c7f 425cf376 428f3bec 42fbf28c 4317baf6 4330ea94 43429b85 431c201a 430bb820 432542e0 42bc1ce1 
core   0: 0x8000020c (0xfe012283) lw      x5, -32(x2)
core   0: 3 0x8000020c (0xfe012283) x5  0x3f800000 mem 0x70000014
core   0: 0x80000210 (0x5e02c257) vmv.v.x v4, x5
core   0: 3 0x80000210 (0x5e02c257) c8_vstart 0x00000000 e32 m1 l16 v4  0000ffff 0x3f800000 3f800000 3f800000 3f800000 3f800000 3f800000 3f800000 3f800000 3f800000 3f800000 3f800000 3f800000 3f800000 3f800000 3f800000 3f800000 
core   0: 0x80000214 (0xa23213d7) vfmadd.vv v7, v3, v4
core   0: 3 0x80000214 (0xa23213d7) c8_vstart 0x00000000 c1_fflags 0x00000001 e32 m1 l16 v7  0000ffff 0x436097ac 432e71c4 428a5c4f 43182c2b 430ba797 42ffb6fe 427c21a4 42d92b14 43103e8f 434d13a3 43798b2d 4388daf1 437df052 436c836e 436097ac 432e71c4 
core   0: 0x80000218 (0xfe412283) lw      x5, -28(x2)
core   0: 3 0x80000218 (0xfe412283) x5  0x3f800000 mem 0x70000018
core   0: 0x8000021c (0x5e02c1d7) vmv.v.x v3, x5
core   0: 3 0x8000021c (0x5e02c1d7) c8_vstart 0x00000000 e32 m1 l16 v3  0000ffff 0x3f800000 3f800000 3f800000 3f800000 3f800000 3f800000 3f800000 3f800000 3f800000 3f800000 3f800000 3f800000 3f800000 3f800000 3f800000 3f800000 
core   0: 0x80000220 (0xa2719457) vfmadd.vv v8, v7, v3
core   0: 3 0x80000220 (0xa2719457) c8_vstart 0x00000000 c1_fflags 0x00000001 e32 m1 l16 v8  0000ffff 0x43794e84 4355ebb5 430a4d0c 43561d36 43352ba6 432bc4fa 42e19d2c 4315b8ba 435a690c 434fb0ea 437aff4f 43a58796 4396e7dc 438a6f21 43794e84 4355ebb5 
core   0: 0x80000224 (0xfe812283) lw      x5, -24(x2)
core   0: 3 0x80000224 (0xfe812283) x5  0x3f800000 mem 0x7000001c
core   0: 0x80000228 (0x5e02c1d7) vmv.v.x v3, x5
core   0: 3 0x80000228 (0x5e02c1d7) c8_vstart 0x00000000 e32 m1 l16 v3  0000ffff 0x3f800000 3f800000 3f800000 3f800000 3f800000 3f800000 3f800000 3f800000 3f800000 3f800000 3f800000 3f800000 3f800000 3f800000 3f800000 3f800000 
core   0: 0x8000022c (0xa2819557) vfmadd.vv v10, v8, v3
core   0: 3 0x8000022c (0xa2819557) c8_vstart 0x00000000 c1_fflags 0x00000001 e32 m1 l16 v10 0000ffff 0x4390d4ac 436ea28d 43514d50 438d9e0d 43731cb2 43554908 431cb812 43477ee7 4381c61e 438cedb4 437d9c96 43a641a7 43b39481 43a25ed4 4390d4ac 436ea28d 
core   0: 0x80000230 (0xfec12283) lw      x5, -20(x2)
core   0: 3 0x80000230 (0xfec12283) x5  0x3f800000 mem 0x70000020
core   0: 0x80000234 (0x5e02c1d7) vmv.v.x v3, x5
core   0: 3 0x80000234 (0x5e02c1d7) c8_vstart 0x00000000 e32 m1 l16 v3  0000ffff 0x3f800000 3f800000 3f800000 3f800000 3f800000 3f800000 3f800000 3f800000 3f800000 3f800000 3f800000 3f800000 3f800000 3f800000 3f800000 3f800000 
core   0: 0x80000238 (0xa2a195d7) vfmadd.vv v11, v10, v3
core   0: 3 0x80000238 (0xa2a195d7) c8_vstart 0x00000000 c1_fflags 0x00000001 e32 m1 l16 v11 0000ffff 0x43a8c45f 438b7eb1 438c36a0 43b11e2f 439c1dcb 43899d0a 43463c20 43736862 439aa934 43a17f4c 43a3e38a 43a7904b 43b44e92 43bf0b79 43a8c45f 438b7eb1 
core   0: 0x8000023c (0xff012283) lw      x5, -16(x2)
core   0: 3 0x8000023c (0xff012283) x5  0x3f800000 mem 0x70000024
core   0: 0x80000240 (0x5e02c1d7) vmv.v.x v3, x5
core   0: 3 0x80000240 (0x5e02c1d7) c8_vstart 0x00000000 e32 m1 l16 v3  0000ffff 0x3f800000 3f800000 3f800000 3f800000 3f800000 3f800000 3f800000 3f800000 3f800000 3f800000 3f800000 3f800000 3f800000 3f800000 3f800000 3f800000 
core   0: 0x80000244 (0xa2b19157) vfmadd.vv v2, v11, v3
core   0: 3 0x80000244 (0xa2b19157) c8_vstart 0x00000000 c1_fflags 0x00000001 e32 m1 l16 v2  0000ffff 0x43c2762b 43a67de9 439b8ab4 43b5b0fb 43a1942c 438ec90e 43814f06 43879e62 439bef72 43ad3478 43a8ab16 43c02a32 43cdb371 43ce45d7 43c2762b 43a67de9 
core   0: 0x80000248 (0xff412283) lw      x5, -12(x2)
core   0: 3 0x80000248 (0xff412283) x5  0x3f800000 mem 0x70000028
core   0: 0x8000024c (0x5e02c1d7) vmv.v.x v3, x5
core   0: 3 0x8000024c (0x5e02c1d7) c8_vstart 0x00000000 e32 m1 l16 v3  0000ffff 0x3f800000 3f800000 3f800000 3f800000 3f800000 3f800000 3f800000 3f800000 3f800000 3f800000 3f800000 3f800000 3f800000 3f800000 3f800000 3f800000 
core   0: 0x80000250 (0xa2219057) vfmadd.vv v0, v2, v3
core   0: 3 0x80000250 (0xa2219057) c8_vstart 0x00000000 c1_fflags 0x00000001 e32 m1 l16 v0  0000ffff 0x43d1b089 43c02fb5 43a10e43 43c5050e 43a626f8 43943f6f 43867b0a 43a5cf58 43a9d9a3 43ae7ab6 43b46042 43c4f1be 43e64d58 43e7aab6 43d1b089 43c02fb5 
core   0: 0x80000254 (0xff812283) lw      x5, -8(x2)
core   0: 3 0x80000254 (0xff812283) x5  0x3f800000 mem 0x7000002c
core   0: 0x80000258 (0x5e02c157) vmv.v.x v2, x5
core   0: 3 0x80000258 (0x5e02c157) c8_vstart 0x00000000 e32 m1 l16 v2  0000ffff 0x3f800000 3f800000 3f800000 3f800000 3f800000 3f800000 3f800000 3f800000 3f800000 3f800000 3f800000 3f800000 3f800000 3f800000 3f800000 3f800000 
core   0: 0x8000025c (0xa20110d7) vfmadd.vv v1, v0, v2
core   0: 3 0x8000025c (0xa20110d7) c8_vstart 0x00000000 c1_fflags 0x00000001 e32 m1 l16 v1  0000ffff 0x43eb1568 43cf6a13 43b95e07 43ca889d 43b57b0c 4398d23b 438bf16b 43aafb5c 43c80a98 43bc64e7 43b5a680 43d0a6ea 43eb14e4 4400224f 43eb1568 43cf6a13 
core   0: 0x80000260 (0xffc12283) lw      x5, -4(x2)
core   0: 3 0x80000260 (0xffc12283) x5  0x90001000 mem 0x70000030
core   0: 0x80000264 (0x0292c057) vadd.vx v0, v9, x5
core   0: 3 0x80000264 (0x0292c057) c8_vstart 0x00000000 e32 m1 l16 v0  0000ffff 0x90001108 90001104 90001138 90001134 90001130 9000112c 90001128 90001124 90001120 9000111c 90001118 90001114 90001110 9000110c 90001108 90001104 
core   0: 0x80000268 (0x0010607b) vsw12.v v1, v0, 0
core   0: 3 0x80000268 (0x0010607b) c8_vstart 0x00000000 e32 m1 l16 mem 0x90001104 0x43cf6a13 mem 0x90001108 0x43eb1568 mem 0x9000110c 0x4400224f mem 0x90001110 0x43eb14e4 mem 0x90001114 0x43d0a6ea mem 0x90001118 0x43b5a680 mem 0x9000111c 0x43bc64e7 mem 0x90001120 0x43c80a98 mem 0x90001124 0x43aafb5c mem 0x90001128 0x438bf16b mem 0x9000112c 0x4398d23b mem 0x90001130 0x43b57b0c mem 0x90001134 0x43ca889d mem 0x90001138 0x43b95e07 mem 0x90001104 0x43cf6a13 mem 0x90001108 0x43eb1568
core   0: 0x8000026c (0xfcc12083) lw      x1, -52(x2)
core   0: 3 0x8000026c (0xfcc12083) x1  0x800000a0 mem 0x70000000
core   0: 0x80000270 (0x0090200b) regext  x0, x0,  0 0 1 1 
core   0: 3 0x80000270 (0x0090200b)
core   0: 0x80000274 (0x7fc020ab) vlw.v   v1, x0, -4
core   0: 3 0x80000274 (0x7fc020ab) e32 m1 l16 v33 0000ffff 0x00000000 00000000 00000000 00000000 00000000 00000000 00000000 00000000 00000000 00000000 00000000 00000000 00000000 00000000 00000000 00000000  c8_vstart 0x00000000 mem 0x90003000 mem 0x90003004 mem 0x90003008 mem 0x9000300c mem 0x90003010 mem 0x90003014 mem 0x90003018 mem 0x9000301c mem 0x90003020 mem 0x90003024 mem 0x90003028 mem 0x9000302c mem 0x90003030 mem 0x90003034 mem 0x90003038 mem 0x9000303c
core   0: 0x80000278 (0xfcc10113) addi    x2, x2, -52
core   0: 3 0x80000278 (0xfcc10113) x2  0x70000000
core   0: 0x8000027c (0xffc20213) addi    x4, x4, -4
core   0: 3 0x8000027c (0xffc20213) x4  0x00000000
core   0: 0x80000280 (0x0010200b) regext  x0, x0,  0 0 0 1 
core   0: 3 0x80000280 (0x0010200b)
core   0: 0x80000284 (0x5e024057) vmv.v.x v0, x4
core   0: 3 0x80000284 (0x5e024057) c8_vstart 0x00000000 e32 m1 l16 v32 0000ffff 0x00000000 00000000 00000000 00000000 00000000 00000000 00000000 00000000 00000000 00000000 00000000 00000000 00000000 00000000 00000000 00000000 
core   0: 0x80000288 (0x00008067) ret
core   0: 3 0x80000288 (0x00008067)
core   0: 0x800000a0 (0x0000400b) endprg  x0, x0, x0
core   0: 3 0x800000a0 (0x0000400b)
core   0: 0x800000a4 (0x0040006f) j       pc + 0x4
core   0: 3 0x800000a4 (0x0040006f)
core   0: 0x800000a8 (0x00100313) li      x6, 1
core   0: 3 0x800000a8 (0x00100313) x6  0x00000001
core   0: 0x800000ac (0x00001297) auipc   x5, 0x1
core   0: 3 0x800000ac (0x00001297) x5  0x800010ac
core   0: 0x800000b0 (0xf5428293) addi    x5, x5, -172
core   0: 3 0x800000b0 (0xf5428293) x5  0x80001000
core   0: 0x800000b4 (0x0062a023) sw      x6, 0(x5)
core   0: 3 0x800000b4 (0x0062a023) mem 0x80001000 0x00000001
core   0: 0x00001000 (0x00000297) auipc   x5, 0x0
core   0: 3 0x00001000 (0x00000297) x5  0x00001000
core   0: 0x00001004 (0x02028593) addi    x11, x5, 32
core   0: 3 0x00001004 (0x02028593) x11 0x00001020
core   0: 0x00001008 (0xf1402573) csrr    x10, mhartid
core   0: 3 0x00001008 (0xf1402573) x10 0x00000000
core   0: 0x0000100c (0x0182a283) lw      x5, 24(x5)
core   0: 3 0x0000100c (0x0182a283) x5  0x80000000 mem 0x00001018
core   0: 0x00001010 (0x00028067) jr      x5
core   0: 3 0x00001010 (0x00028067)
core   0: 0x80000000 (0x00004197) auipc   x3, 0x4
core   0: 3 0x80000000 (0x00004197) x3  0x80004000
core   0: 0x80000004 (0x80818193) addi    x3, x3, -2040
core   0: 3 0x80000004 (0x80818193) x3  0x80003808
core   0: 0x80000008 (0x02000e93) li      x29, 32
core   0: 3 0x80000008 (0x02000e93) x29 0x00000020
core   0: 0x8000000c (0x0d0efed7) vsetvli x29, x29, e32, m1, ta, ma
core   0: 3 0x8000000c (0x0d0efed7) x29 0x00000010 c8_vstart 0x00000000 c3104_vl 0x00000010 c3105_vtype 0x000000d0 c768_mstatus 0x80000600
core   0: 0x80000010 (0x00002eb7) lui     x29, 0x2
core   0: 3 0x80000010 (0x00002eb7) x29 0x00002000
core   0: 0x80000014 (0x300eaef3) csrrs   x29, mstatus, x29
core   0: 3 0x80000014 (0x300eaef3) x29 0x80000600 c768_mstatus 0x80006600
core   0: 0x80000018 (0x00000e93) li      x29, 0
core   0: 3 0x80000018 (0x00000e93) x29 0x00000000
core   0: 0x8000001c (0x80502373) csrr    x6, wid
core   0: 3 0x8000001c (0x80502373) x6  0x00000000
core   0: 0x80000020 (0x806023f3) csrr    x7, lds
core   0: 3 0x80000020 (0x806023f3) x7  0x70000000
core   0: 0x80000024 (0x40000e13) li      x28, 1024
core   0: 3 0x80000024 (0x40000e13) x28 0x00000400
core   0: 0x80000028 (0x03c30333) mul     x6, x6, x28
core   0: 3 0x80000028 (0x03c30333) x6  0x00000000
core   0: 0x8000002c (0x00730133) add     x2, x6, x7
core   0: 3 0x8000002c (0x00730133) x2  0x70000000
core   0: 0x80000030 (0x00000213) li      x4, 0
core   0: 3 0x80000030 (0x00000213) x4  0x00000000
core   0: 0x80000034 (0x80102f73) csrr    x30, numw
core   0: 3 0x80000034 (0x80102f73) x30 0x00000001
core   0: 0x80000038 (0x40000e13) li      x28, 1024
core   0: 3 0x80000038 (0x40000e13) x28 0x00000400
core   0: 0x8000003c (0x03cf0f33) mul     x30, x30, x28
core   0: 3 0x8000003c (0x03cf0f33) x30 0x00000400
core   0: 0x80000040 (0x01e38433) add     x8, x7, x30
core   0: 3 0x80000040 (0x01e38433) x8  0x70000400
core   0: 0x80000044 (0x00003517) auipc   x10, 0x3
core   0: 3 0x80000044 (0x00003517) x10 0x80003044
core   0: 0x80000048 (0xfc450513) addi    x10, x10, -60
core   0: 3 0x80000048 (0xfc450513) x10 0x80003008
core   0: 0x8000004c (0x00003617) auipc   x12, 0x3
core   0: 3 0x8000004c (0x00003617) x12 0x8000304c
core   0: 0x80000050 (0xfbc60613) addi    x12, x12, -68
core   0: 3 0x80000050 (0xfbc60613) x12 0x80003008
core   0: 0x80000054 (0x00c50863) beq     x10, x12, pc + 16
core   0: 3 0x80000054 (0x00c50863)
core   0: 0x80000064 (0x803022f3) csrr    x5, knl
core   0: 3 0x80000064 (0x803022f3) x5  0x900e3000
core   0: 0x80000068 (0x0002a303) lw      x6, 0(x5)
core   0: 3 0x80000068 (0x0002a303) x6  0x800000b8 mem 0x900e3000
core   0: 0x8000006c (0x0042a503) lw      x10, 4(x5)
core   0: 3 0x8000006c (0x0042a503) x10 0x90002000 mem 0x900e3004
core   0: 0x80000070 (0x0302a383) lw      x7, 48(x5)
core   0: 3 0x80000070 (0x0302a383) x7  0x00000000 mem 0x900e3030
core   0: 0x80000074 (0x0342ae03) lw      x28, 52(x5)
core   0: 3 0x80000074 (0x0342ae03) x28 0x00000000 mem 0x900e3034
core   0: 0x80000078 (0x00003e97) auipc   x29, 0x3
core   0: 3 0x80000078 (0x00003e97) x29 0x80003078
core   0: 0x8000007c (0xf88e8e93) addi    x29, x29, -120
core   0: 3 0x8000007c (0xf88e8e93) x29 0x80003000
core   0: 0x80000080 (0x00003f17) auipc   x30, 0x3
core   0: 3 0x80000080 (0x00003f17) x30 0x80003080
core   0: 0x80000084 (0xf84f0f13) addi    x30, x30, -124
core   0: 3 0x80000084 (0xf84f0f13) x30 0x80003004
core   0: 0x80000088 (0x007ea023) sw      x7, 0(x29)
core   0: 3 0x80000088 (0x007ea023) mem 0x80003000 0x00000000
core   0: 0x8000008c (0x01cf2023) sw      x28, 0(x30)
core   0: 3 0x8000008c (0x01cf2023) mem 0x80003004 0x00000000
core   0: 0x80000090 (0x00000f97) auipc   x31, 0x0
core   0: 3 0x80000090 (0x00000f97) x31 0x80000090
core   0: 0x80000094 (0x018f8f93) addi    x31, x31, 24
core   0: 3 0x80000094 (0x018f8f93) x31 0x800000a8
core   0: 0x80000098 (0x305f9073) csrw    mtvec, x31
core   0: 3 0x80000098 (0x305f9073) c773_mtvec 0x800000a8
core   0: 0x8000009c (0x000300e7) jalr    x6
core   0: 3 0x8000009c (0x000300e7) x1  0x800000a0
core   0: 0x800000b8 (0x03410113) addi    x2, x2, 52
core   0: 3 0x800000b8 (0x03410113) x2  0x70000034
core   0: 0x800000bc (0x00420213) addi    x4, x4, 4
core   0: 3 0x800000bc (0x00420213) x4  0x00000004
core   0: 0x800000c0 (0x0010200b) regext  x0, x0,  0 0 0 1 
core   0: 3 0x800000c0 (0x0010200b)
core   0: 0x800000c4 (0x5e024057) vmv.v.x v0, x4
core   0: 3 0x800000c4 (0x5e024057) c8_vstart 0x00000000 e32 m1 l16 v32 0000ffff 0x00000004 00000004 00000004 00000004 00000004 00000004 00000004 00000004 00000004 00000004 00000004 00000004 00000004 00000004 00000004 00000004 
core   0: 0x800000c8 (0xfc112623) sw      x1, -52(x2)
core   0: 3 0x800000c8 (0xfc112623) mem 0x70000000 0x800000a0
core   0: 0x800000cc (0x0480200b) regext  x0, x0,  0 1 1 0 
core   0: 3 0x800000cc (0x0480200b)
core   0: 0x800000d0 (0xfe102e2b) vsw.v   v1, x0, -4
core   0: 3 0x800000d0 (0xfe102e2b) c8_vstart 0x00000000 mem 0x90003000 0x00000000 mem 0x90003004 0x00000000 mem 0x90003008 0x00000000 mem 0x9000300c 0x00000000 mem 0x90003010 0x00000000 mem 0x90003014 0x00000000 mem 0x90003018 0x00000000 mem 0x9000301c 0x00000000 mem 0x90003020 0x00000000 mem 0x90003024 0x00000000 mem 0x90003028 0x00000000 mem 0x9000302c 0x00000000 mem 0x90003030 0x00000000 mem 0x90003034 0x00000000 mem 0x90003038 0x00000000 mem 0x9000303c 0x00000000
core   0: 0x800000d4 (0x00452283) lw      x5, 4(x10)
core   0: 3 0x800000d4 (0x00452283) x5  0x90001000 mem 0x90002004
core   0: 0x800000d8 (0xfe512e23) sw      x5, -4(x2)
core   0: 3 0x800000d8 (0xfe512e23) mem 0x70000030 0x90001000
core   0: 0x800000dc (0x03052283) lw      x5, 48(x10)
core   0: 3 0x800000dc (0x03052283) x5  0x3f800000 mem 0x90002030
core   0: 0x800000e0 (0xfe512c23) sw      x5, -8(x2)
core   0: 3 0x800000e0 (0xfe512c23) mem 0x7000002c 0x3f800000
core   0: 0x800000e4 (0x02c52283) lw      x5, 44(x10)
core   0: 3 0x800000e4 (0x02c52283) x5  0x3f800000 mem 0x9000202c
core   0: 0x800000e8 (0xfe512a23) sw      x5, -12(x2)
core   0: 3 0x800000e8 (0xfe512a23) mem 0x70000028 0x3f800000
core   0: 0x800000ec (0x02852283) lw      x5, 40(x10)
core   0: 3 0x800000ec (0x02852283) x5  0x3f800000 mem 0x90002028
core   0: 0x800000f0 (0xfe512823) sw      x5, -16(x2)
core   0: 3 0x800000f0 (0xfe512823) mem 0x70000024 0x3f800000
core   0: 0x800000f4 (0x02452283) lw      x5, 36(x10)
core   0: 3 0x800000f4 (0x02452283) x5  0x3f800000 mem 0x90002024
core   0: 0x800000f8 (0xfe512623) sw      x5, -20(x2)
core   0: 3 0x800000f8 (0xfe512623) mem 0x70000020 0x3f800000
core   0: 0x800000fc (0x02052283) lw      x5, 32(x10)
core   0: 3 0x800000fc (0x02052283) x5  0x3f800000 mem 0x90002020
core   0: 0x80000100 (0xfe512423) sw      x5, -24(x2)
core   0: 3 0x80000100 (0xfe512423) mem 0x7000001c 0x3f800000
core   0: 0x80000104 (0x01c52283) lw      x5, 28(x10)
core   0: 3 0x80000104 (0x01c52283) x5  0x3f800000 mem 0x9000201c
core   0: 0x80000108 (0xfe512223) sw      x5, -28(x2)
core   0: 3 0x80000108 (0xfe512223) mem 0x70000018 0x3f800000
core   0: 0x8000010c (0x01852283) lw      x5, 24(x10)
core   0: 3 0x8000010c (0x01852283) x5  0x3f800000 mem 0x90002018
core   0: 0x80000110 (0xfe512023) sw      x5, -32(x2)
core   0: 3 0x80000110 (0xfe512023) mem 0x70000014 0x3f800000
core   0: 0x80000114 (0x01052283) lw      x5, 16(x10)
core   0: 3 0x80000114 (0x01052283) x5  0x3f800000 mem 0x90002010
core   0: 0x80000118 (0xfc512e23) sw      x5, -36(x2)
core   0: 3 0x80000118 (0xfc512e23) mem 0x70000010 0x3f800000
core   0: 0x8000011c (0x01452283) lw      x5, 20(x10)
core   0: 3 0x8000011c (0x01452283) x5  0x3f800000 mem 0x90002014
core   0: 0x80000120 (0xfc512c23) sw      x5, -40(x2)
core   0: 3 0x80000120 (0xfc512c23) mem 0x7000000c 0x3f800000
core   0: 0x80000124 (0x00052283) lw      x5, 0(x10)
core   0: 3 0x80000124 (0x00052283) x5  0x90000000 mem 0x90002000
core   0: 0x80000128 (0xfc512a23) sw      x5, -44(x2)
core   0: 3 0x80000128 (0xfc512a23) mem 0x70000008 0x90000000
core   0: 0x8000012c (0x00852283) lw      x5, 8(x10)
core   0: 3 0x8000012c (0x00852283) x5  0x00000010 mem 0x90002008
core   0: 0x80000130 (0xfc512823) sw      x5, -48(x2)
core   0: 3 0x80000130 (0xfc512823) mem 0x70000004 0x00000010
core   0: 0x80000134 (0x5e004057) vmv.v.x v0, x0
core   0: 3 0x80000134 (0x5e004057) c8_vstart 0x00000000 e32 m1 l16 v0  0000ffff 0x00000000 00000000 00000000 00000000 00000000 00000000 00000000 00000000 00000000 00000000 00000000 00000000 00000000 00000000 00000000 00000000 
core   0: 0x80000138 (0x154000ef) jal     pc + 0x154
core   0: 3 0x80000138 (0x154000ef) x1  0x8000013c
core   0: 0x8000028c (0x00410113) addi    x2, x2, 4
core   0: 3 0x8000028c (0x00410113) x2  0x70000038
core   0: 0x80000290 (0xfe112e23) sw      x1, -4(x2)
core   0: 3 0x80000290 (0xfe112e23) mem 0x70000034 0x8000013c
core   0: 0x80000294 (0x00200293) li      x5, 2
core   0: 3 0x80000294 (0x00200293) x5  0x00000002
core   0: 0x80000298 (0x5e02c0d7) vmv.v.x v1, x5
core   0: 3 0x80000298 (0x5e02c0d7) c8_vstart 0x00000000 e32 m1 l16 v1  0000ffff 0x00000002 00000002 00000002 00000002 00000002 00000002 00000002 00000002 00000002 00000002 00000002 00000002 00000002 00000002 00000002 00000002 
core   0: 0x8000029c (0x00000317) auipc   x6, 0x0
core   0: 3 0x8000029c (0x00000317) x6  0x8000029c
core   0: 0x800002a0 (0x04c3305b) setrpc  x0, x6, 76
core   0: 3 0x800002a0 (0x04c3305b) c2060_rpc 0x800002e8 current mask:	0000ffff current npc:	00000000 stack size: 0
core   0: 0x800002a4 (0x0200885b) vbeq    v0, v1, pc + 48
core   0: 3 0x800002a4 (0x0200885b) c8_vstart 0x00000000 e32 m1 l16 current mask:	0000ffff current npc:	800002a8 stack size: 0
core   0: 0x800002a8 (0x00100293) li      x5, 1
core   0: 3 0x800002a8 (0x00100293) x5  0x00000001
core   0: 0x800002ac (0x5e02c0d7) vmv.v.x v1, x5
core   0: 3 0x800002ac (0x5e02c0d7) c8_vstart 0x00000000 e32 m1 l16 v1  0000ffff 0x00000001 00000001 00000001 00000001 00000001 00000001 00000001 00000001 00000001 00000001 00000001 00000001 00000001 00000001 00000001 00000001 
core   0: 0x800002b0 (0x00000317) auipc   x6, 0x0
core   0: 3 0x800002b0 (0x00000317) x6  0x800002b0
core   0: 0x800002b4 (0x0383305b) setrpc  x0, x6, 56
core   0: 3 0x800002b4 (0x0383305b) c2060_rpc 0x800002e8 current mask:	0000ffff current npc:	800002a8 stack size: 0
core   0: 0x800002b8 (0x0200825b) vbeq    v0, v1, pc + 36
core   0: 3 0x800002b8 (0x0200825b) c8_vstart 0x00000000 e32 m1 l16 current mask:	0000ffff current npc:	800002bc stack size: 0
core   0: 0x800002bc (0x5e0040d7) vmv.v.x v1, x0
core   0: 3 0x800002bc (0x5e0040d7) c8_vstart 0x00000000 e32 m1 l16 v1  0000ffff 0x00000000 00000000 00000000 00000000 00000000 00000000 00000000 00000000 00000000 00000000 00000000 00000000 00000000 00000000 00000000 00000000 
core   0: 0x800002c0 (0x00000317) auipc   x6, 0x0
core   0: 3 0x800002c0 (0x00000317) x6  0x800002c0
core   0: 0x800002c4 (0x0283305b) setrpc  x0, x6, 40
core   0: 3 0x800002c4 (0x0283305b) c2060_rpc 0x800002e8 current mask:	0000ffff current npc:	800002bc stack size: 0
core   0: 0x800002c8 (0x00009e5b) vbne    v0, v1, pc + 28
core   0: 3 0x800002c8 (0x00009e5b) c8_vstart 0x00000000 e32 m1 l16 current mask:	0000ffff current npc:	800002cc stack size: 0
core   0: 0x800002cc (0x1a0000ef) jal     pc + 0x1a0
core   0: 3 0x800002cc (0x1a0000ef) x1  0x800002d0
core   0: 0x8000046c (0x00410113) addi    x2, x2, 4
core   0: 3 0x8000046c (0x00410113) x2  0x7000003c
core   0: 0x80000470 (0xfe112e23) sw      x1, -4(x2)
core   0: 3 0x80000470 (0xfe112e23) mem 0x70000038 0x800002d0
core   0: 0x80000474 (0xf1dff0ef) jal     pc - 0xe4
core   0: 3 0x80000474 (0xf1dff0ef) x1  0x80000478
core   0: 0x80000390 (0x00410113) addi    x2, x2, 4
core   0: 3 0x80000390 (0x00410113) x2  0x70000040
core   0: 0x80000394 (0xfe112e23) sw      x1, -4(x2)
core   0: 3 0x80000394 (0xfe112e23) mem 0x7000003c 0x80000478
core   0: 0x80000398 (0x80302573) csrr    x10, knl
core   0: 3 0x80000398 (0x80302573) x10 0x900e3000
core   0: 0x8000039c (0x00852283) lw      x5, 8(x10)
core   0: 3 0x8000039c (0x00852283) x5  0x00000002 mem 0x900e3008
core   0: 0x800003a0 (0x80002373) csrr    x6, tid
core   0: 3 0x800003a0 (0x80002373) x6  0x00000000
core   0: 0x800003a4 (0x5208a157) vid.v   v2
core   0: 3 0x800003a4 (0x5208a157) c8_vstart 0x00000000 e32 m1 l16 v2  0000ffff 0x0000000f 0000000e 0000000d 0000000c 0000000b 0000000a 00000009 00000008 00000007 00000006 00000005 00000004 00000003 00000002 00000001 00000000 
core   0: 0x800003a8 (0x02234057) vadd.vx v0, v2, x6
core   0: 3 0x800003a8 (0x02234057) c8_vstart 0x00000000 e32 m1 l16 v0  0000ffff 0x0000000f 0000000e 0000000d 0000000c 0000000b 0000000a 00000009 00000008 00000007 00000006 00000005 00000004 00000003 00000002 00000001 00000000 
core   0: 0x800003ac (0x01852e03) lw      x28, 24(x10)
core   0: 3 0x800003ac (0x01852e03) x28 0x0000000e mem 0x900e3018
core   0: 0x800003b0 (0x8a0e6057) vremu.vx v0, v0, x28
core   0: 3 0x800003b0 (0x8a0e6057) c8_vstart 0x00000000 e32 m1 l16 v0  0000ffff 0x00000001 00000000 0000000d 0000000c 0000000b 0000000a 00000009 00000008 00000007 00000006 00000005 00000004 00000003 00000002 00000001 00000000 
core   0: 0x800003b4 (0xffc12083) lw      x1, -4(x2)
core   0: 3 0x800003b4 (0xffc12083) x1  0x80000478 mem 0x7000003c
core   0: 0x800003b8 (0xffc10113) addi    x2, x2, -4
core   0: 3 0x800003b8 (0xffc10113) x2  0x7000003c
core   0: 0x800003bc (0x00008067) ret
core   0: 3 0x800003bc (0x00008067)
core   0: 0x80000478 (0x80302573) csrr    x10, knl
core   0: 3 0x80000478 (0x80302573) x10 0x900e3000
core   0: 0x8000047c (0x80802373) csrr    x6, gidx
core   0: 3 0x8000047c (0x80802373) x6  0x00000000
core   0: 0x80000480 (0x01852e03) lw      x28, 24(x10)
core   0: 3 0x80000480 (0x01852e03) x28 0x0000000e mem 0x900e3018
core   0: 0x80000484 (0x02452e83) lw      x29, 36(x10)
core   0: 3 0x80000484 (0x02452e83) x29 0x00000001 mem 0x900e3024
core   0: 0x80000488 (0x03c30fb3) mul     x31, x6, x28
core   0: 3 0x80000488 (0x03c30fb3) x31 0x00000000
core   0: 0x8000048c (0x01df8fb3) add     x31, x31, x29
core   0: 3 0x8000048c (0x01df8fb3) x31 0x00000001
core   0: 0x80000490 (0x020fc057) vadd.vx v0, v0, x31
core   0: 3 0x80000490 (0x020fc057) c8_vstart 0x00000000 e32 m1 l16 v0  0000ffff 0x00000002 00000001 0000000e 0000000d 0000000c 0000000b 0000000a 00000009 00000008 00000007 00000006 00000005 00000004 00000003 00000002 00000001 
core   0: 0x80000494 (0xffc12083) lw      x1, -4(x2)
core   0: 3 0x80000494 (0xffc12083) x1  0x800002d0 mem 0x70000038
core   0: 0x80000498 (0xffc10113) addi    x2, x2, -4
core   0: 3 0x80000498 (0xffc10113) x2  0x70000038
core   0: 0x8000049c (0x00008067) ret
core   0: 3 0x8000049c (0x00008067)
core   0: 0x800002d0 (0x0180006f) j       pc + 0x18
core   0: 3 0x800002d0 (0x0180006f)
core   0: 0x800002e8 (0x0000205b) join    v0, v0, pc + 0
core   0: 3 0x800002e8 (0x0000205b) current mask:	0000ffff current npc:	800002cc stack size: 0
core   0: 0x800002ec (0xffc12083) lw      x1, -4(x2)
core   0: 3 0x800002ec (0xffc12083) x1  0x8000013c mem 0x70000034
core   0: 0x800002f0 (0xffc10113) addi    x2, x2, -4
core   0: 3 0x800002f0 (0xffc10113) x2  0x70000034
core   0: 0x800002f4 (0x00008067) ret
core   0: 3 0x800002f4 (0x00008067)
core   0: 0x8000013c (0x0010200b) regext  x0, x0,  0 0 0 1 
core   0: 3 0x8000013c (0x0010200b)
core   0: 0x80000140 (0x020040d7) vadd.vx v1, v0, x0
core   0: 3 0x80000140 (0x020040d7) c8_vstart 0x00000000 e32 m1 l16 v33 0000ffff 0x00000002 00000001 0000000e 0000000d 0000000c 0000000b 0000000a 00000009 00000008 00000007 00000006 00000005 00000004 00000003 00000002 00000001 
core   0: 0x80000144 (0x00100293) li      x5, 1
core   0: 3 0x80000144 (0x00100293) x5  0x00000001
core   0: 0x80000148 (0x5e02c057) vmv.v.x v0, x5
core   0: 3 0x80000148 (0x5e02c057) c8_vstart 0x00000000 e32 m1 l16 v0  0000ffff 0x00000001 00000001 00000001 00000001 00000001 00000001 00000001 00000001 00000001 00000001 00000001 00000001 00000001 00000001 00000001 00000001 
core   0: 0x8000014c (0x140000ef) jal     pc + 0x140
core   0: 3 0x8000014c (0x140000ef) x1  0x80000150
core   0: 0x8000028c (0x00410113) addi    x2, x2, 4
core   0: 3 0x8000028c (0x00410113) x2  0x70000038
core   0: 0x80000290 (0xfe112e23) sw      x1, -4(x2)
core   0: 3 0x80000290 (0xfe112e23) mem 0x70000034 0x80000150
core   0: 0x80000294 (0x00200293) li      x5, 2
core   0: 3 0x80000294 (0x00200293) x5  0x00000002
core   0: 0x80000298 (0x5e02c0d7) vmv.v.x v1, x5
core   0: 3 0x80000298 (0x5e02c0d7) c8_vstart 0x00000000 e32 m1 l16 v1  0000ffff 0x00000002 00000002 00000002 00000002 00000002 00000002 00000002 00000002 00000002 00000002 00000002 00000002 00000002 00000002 00000002 00000002 
core   0: 0x8000029c (0x00000317) auipc   x6, 0x0
core   0: 3 0x8000029c (0x00000317) x6  0x8000029c
core   0: 0x800002a0 (0x04c3305b) setrpc  x0, x6, 76
core   0: 3 0x800002a0 (0x04c3305b) c2060_rpc 0x800002e8 current mask:	0000ffff current npc:	800002cc stack size: 0
core   0: 0x800002a4 (0x0200885b) vbeq    v0, v1, pc + 48
core   0: 3 0x800002a4 (0x0200885b) c8_vstart 0x00000000 e32 m1 l16 current mask:	0000ffff current npc:	800002a8 stack size: 0
core   0: 0x800002a8 (0x00100293) li      x5, 1
core   0: 3 0x800002a8 (0x00100293) x5  0x00000001
core   0: 0x800002ac (0x5e02c0d7) vmv.v.x v1, x5
core   0: 3 0x800002ac (0x5e02c0d7) c8_vstart 0x00000000 e32 m1 l16 v1  0000ffff 0x00000001 00000001 00000001 00000001 00000001 00000001 00000001 00000001 00000001 00000001 00000001 00000001 00000001 00000001 00000001 00000001 
core   0: 0x800002b0 (0x00000317) auipc   x6, 0x0
core   0: 3 0x800002b0 (0x00000317) x6  0x800002b0
core   0: 0x800002b4 (0x0383305b) setrpc  x0, x6, 56
core   0: 3 0x800002b4 (0x0383305b) c2060_rpc 0x800002e8 current mask:	0000ffff current npc:	800002a8 stack size: 0
core   0: 0x800002b8 (0x0200825b) vbeq    v0, v1, pc + 36
core   0: 3 0x800002b8 (0x0200825b) c8_vstart 0x00000000 e32 m1 l16 current mask:	0000ffff current npc:	800002dc stack size: 0
core   0: 0x800002dc (0x1c4000ef) jal     pc + 0x1c4
core   0: 3 0x800002dc (0x1c4000ef) x1  0x800002e0
core   0: 0x800004a0 (0x00410113) addi    x2, x2, 4
core   0: 3 0x800004a0 (0x00410113) x2  0x7000003c
core   0: 0x800004a4 (0xfe112e23) sw      x1, -4(x2)
core   0: 3 0x800004a4 (0xfe112e23) mem 0x70000038 0x800002e0
core   0: 0x800004a8 (0xf19ff0ef) jal     pc - 0xe8
core   0: 3 0x800004a8 (0xf19ff0ef) x1  0x800004ac
core   0: 0x800003c0 (0x00410113) addi    x2, x2, 4
core   0: 3 0x800003c0 (0x00410113) x2  0x70000040
core   0: 0x800003c4 (0xfe112e23) sw      x1, -4(x2)
core   0: 3 0x800003c4 (0xfe112e23) mem 0x7000003c 0x800004ac
core   0: 0x800003c8 (0x80302573) csrr    x10, knl
core   0: 3 0x800003c8 (0x80302573) x10 0x900e3000
core   0: 0x800003cc (0x00852283) lw      x5, 8(x10)
core   0: 3 0x800003cc (0x00852283) x5  0x00000002 mem 0x900e3008
core   0: 0x800003d0 (0x80002373) csrr    x6, tid
core   0: 3 0x800003d0 (0x80002373) x6  0x00000000
core   0: 0x800003d4 (0x5208a157) vid.v   v2
core   0: 3 0x800003d4 (0x5208a157) c8_vstart 0x00000000 e32 m1 l16 v2  0000ffff 0x0000000f 0000000e 0000000d 0000000c 0000000b 0000000a 00000009 00000008 00000007 00000006 00000005 00000004 00000003 00000002 00000001 00000000 
core   0: 0x800003d8 (0x02234057) vadd.vx v0, v2, x6
core   0: 3 0x800003d8 (0x02234057) c8_vstart 0x00000000 e32 m1 l16 v0  0000ffff 0x0000000f 0000000e 0000000d 0000000c 0000000b 0000000a 00000009 00000008 00000007 00000006 00000005 00000004 00000003 00000002 00000001 00000000 
core   0: 0x800003dc (0x01852e03) lw      x28, 24(x10)
core   0: 3 0x800003dc (0x01852e03) x28 0x0000000e mem 0x900e3018
core   0: 0x800003e0 (0x01c52e83) lw      x29, 28(x10)
core   0: 3 0x800003e0 (0x01c52e83) x29 0x00000001 mem 0x900e301c
core   0: 0x800003e4 (0x03ce8f33) mul     x30, x29, x28
core   0: 3 0x800003e4 (0x03ce8f33) x30 0x0000000e
core   0: 0x800003e8 (0x8a0f6057) vremu.vx v0, v0, x30
core   0: 3 0x800003e8 (0x8a0f6057) c8_vstart 0x00000000 e32 m1 l16 v0  0000ffff 0x00000001 00000000 0000000d 0000000c 0000000b 0000000a 00000009 00000008 00000007 00000006 00000005 00000004 00000003 00000002 00000001 00000000 
core   0: 0x800003ec (0x820e6057) vdivu.vx v0, v0, x28
core   0: 3 0x800003ec (0x820e6057) c8_vstart 0x00000000 e32 m1 l16 v0  0000ffff 0x00000000 00000000 00000000 00000000 00000000 00000000 00000000 00000000 00000000 00000000 00000000 00000000 00000000 00000000 00000000 00000000 
core   0: 0x800003f0 (0x5e0ec0d7) vmv.v.x v1, x29
core   0: 3 0x800003f0 (0x5e0ec0d7) c8_vstart 0x00000000 e32 m1 l16 v1  0000ffff 0x00000001 00000001 00000001 00000001 00000001 00000001 00000001 00000001 00000001 00000001 00000001 00000001 00000001 00000001 00000001 00000001 
core   0: 0x800003f4 (0x00000317) auipc   x6, 0x0
core   0: 3 0x800003f4 (0x00000317) x6  0x800003f4
core   0: 0x800003f8 (0x0143305b) setrpc  x0, x6, 20
core   0: 3 0x800003f8 (0x0143305b) c2060_rpc 0x80000408 current mask:	0000ffff current npc:	800002dc stack size: 0
core   0: 0x800003fc (0x0000c65b) vblt    v0, v1, pc + 12
core   0: 3 0x800003fc (0x0000c65b) c8_vstart 0x00000000 e32 m1 l16 current mask:	0000ffff current npc:	80000408 stack size: 0
core   0: 0x80000408 (0x0000205b) join    v0, v0, pc + 0
core   0: 3 0x80000408 (0x0000205b) current mask:	0000ffff current npc:	80000408 stack size: 0
core   0: 0x8000040c (0xffc12083) lw      x1, -4(x2)
core   0: 3 0x8000040c (0xffc12083) x1  0x800004ac mem 0x7000003c
core   0: 0x80000410 (0xffc10113) addi    x2, x2, -4
core   0: 3 0x80000410 (0xffc10113) x2  0x7000003c
core   0: 0x80000414 (0x00008067) ret
core   0: 3 0x80000414 (0x00008067)
core   0: 0x800004ac (0x80902373) csrr    x6, gidy
core   0: 3 0x800004ac (0x80902373) x6  0x00000004
core   0: 0x800004b0 (0x01c52383) lw      x7, 28(x10)
core   0: 3 0x800004b0 (0x01c52383) x7  0x00000001 mem 0x900e301c
core   0: 0x800004b4 (0x02852e83) lw      x29, 40(x10)
core   0: 3 0x800004b4 (0x02852e83) x29 0x00000001 mem 0x900e3028
core   0: 0x800004b8 (0x02730e33) mul     x28, x6, x7
core   0: 3 0x800004b8 (0x02730e33) x28 0x00000004
core   0: 0x800004bc (0x01de0e33) add     x28, x28, x29
core   0: 3 0x800004bc (0x01de0e33) x28 0x00000005
core   0: 0x800004c0 (0x020e4057) vadd.vx v0, v0, x28
core   0: 3 0x800004c0 (0x020e4057) c8_vstart 0x00000000 e32 m1 l16 v0  0000ffff 0x00000005 00000005 00000005 00000005 00000005 00000005 00000005 00000005 00000005 00000005 00000005 00000005 00000005 00000005 00000005 00000005 
core   0: 0x800004c4 (0xffc12083) lw      x1, -4(x2)
core   0: 3 0x800004c4 (0xffc12083) x1  0x800002e0 mem 0x70000038
core   0: 0x800004c8 (0xffc10113) addi    x2, x2, -4
core   0: 3 0x800004c8 (0xffc10113) x2  0x70000038
core   0: 0x800004cc (0x00008067) ret
core   0: 3 0x800004cc (0x00008067)
core   0: 0x800002e0 (0x0080006f) j       pc + 0x8
core   0: 3 0x800002e0 (0x0080006f)
core   0: 0x800002e8 (0x0000205b) join    v0, v0, pc + 0
core   0: 3 0x800002e8 (0x0000205b) current mask:	0000ffff current npc:	80000408 stack size: 0
core   0: 0x800002ec (0xffc12083) lw      x1, -4(x2)
core   0: 3 0x800002ec (0xffc12083) x1  0x80000150 mem 0x70000034
core   0: 0x800002f0 (0xffc10113) addi    x2, x2, -4
core   0: 3 0x800002f0 (0xffc10113) x2  0x70000034
core   0: 0x800002f4 (0x00008067) ret
core   0: 3 0x800002f4 (0x00008067)
core   0: 0x80000150 (0xfd012283) lw      x5, -48(x2)
core   0: 3 0x80000150 (0xfd012283) x5  0x00000010 mem 0x70000004
core   0: 0x80000154 (0x5e02c0d7) vmv.v.x v1, x5
core   0: 3 0x80000154 (0x5e02c0d7) c8_vstart 0x00000000 e32 m1 l16 v1  0000ffff 0x00000010 00000010 00000010 00000010 00000010 00000010 00000010 00000010 00000010 00000010 00000010 00000010 00000010 00000010 00000010 00000010 
core   0: 0x80000158 (0x0400200b) regext  x0, x0,  0 1 0 0 
core   0: 3 0x80000158 (0x0400200b)
core   0: 0x8000015c (0xa612e057) vmadd.vx v0, v1, x5
core   0: 3 0x8000015c (0xa612e057) c8_vstart 0x00000000 e32 m1 l16 v0  0000ffff 0x00000052 00000051 0000005e 0000005d 0000005c 0000005b 0000005a 00000059 00000058 00000057 00000056 00000055 00000054 00000053 00000052 00000051 
core   0: 0x80000160 (0x0010110b) vsub12.vi v2, v0, 1
core   0: 3 0x80000160 (0x0010110b) c8_vstart 0x00000000 e32 m1 l16 v2  0000ffff 0x00000051 00000050 0000005d 0000005c 0000005b 0000005a 00000059 00000058 00000057 00000056 00000055 00000054 00000053 00000052 00000051 00000050 
core   0: 0x80000164 (0x0a2081d7) vsub.vv v3, v2, v1
core   0: 3 0x80000164 (0x0a2081d7) c8_vstart 0x00000000 e32 m1 l16 v3  0000ffff 0x00000041 00000040 0000004d 0000004c 0000004b 0000004a 00000049 00000048 00000047 00000046 00000045 00000044 00000043 00000042 00000041 00000040 
core   0: 0x80000168 (0x963131d7) vsll.vi v3, v3, 2
core   0: 3 0x80000168 (0x963131d7) c8_vstart 0x00000000 e32 m1 l16 v3  0000ffff 0x00000104 00000100 00000134 00000130 0000012c 00000128 00000124 00000120 0000011c 00000118 00000114 00000110 0000010c 00000108 00000104 00000100 
core   0: 0x8000016c (0xfd412283) lw      x5, -44(x2)
core   0: 3 0x8000016c (0xfd412283) x5  0x90000000 mem 0x70000008
core   0: 0x80000170 (0x5e02c257) vmv.v.x v4, x5
core   0: 3 0x80000170 (0x5e02c257) c8_vstart 0x00000000 e32 m1 l16 v4  0000ffff 0x90000000 90000000 90000000 90000000 90000000 90000000 90000000 90000000 90000000 90000000 90000000 90000000 90000000 90000000 90000000 90000000 
core   0: 0x80000174 (0x0232c1d7) vadd.vx v3, v3, x5
core   0: 3 0x80000174 (0x0232c1d7) c8_vstart 0x00000000 e32 m1 l16 v3  0000ffff 0x90000104 90000100 90000134 90000130 9000012c 90000128 90000124 90000120 9000011c 90000118 90000114 90000110 9000010c 90000108 90000104 90000100 
core   0: 0x80000178 (0x0a0082d7) vsub.vv v5, v0, v1
core   0: 3 0x80000178 (0x0a0082d7) c8_vstart 0x00000000 e32 m1 l16 v5  0000ffff 0x00000042 00000041 0000004e 0000004d 0000004c 0000004b 0000004a 00000049 00000048 00000047 00000046 00000045 00000044 00000043 00000042 00000041 
core   0: 0x8000017c (0x965132d7) vsll.vi v5, v5, 2
core   0: 3 0x8000017c (0x965132d7) c8_vstart 0x00000000 e32 m1 l16 v5  0000ffff 0x00000108 00000104 00000138 00000134 00000130 0000012c 00000128 00000124 00000120 0000011c 00000118 00000114 00000110 0000010c 00000108 00000104 
core   0: 0x80000180 (0x024282d7) vadd.vv v5, v4, v5
core   0: 3 0x80000180 (0x024282d7) c8_vstart 0x00000000 e32 m1 l16 v5  0000ffff 0x90000108 90000104 90000138 90000134 90000130 9000012c 90000128 90000124 90000120 9000011c 90000118 90000114 90000110 9000010c 90000108 90000104 
core   0: 0x80000184 (0x0002a2fb) vlw12.v v5, v5, 0
core   0: 3 0x80000184 (0x0002a2fb) e32 m1 l16 v5  0000ffff 0x42216b52 41c5b6c1 428e0088 428a3dc8 4277c42e 4226103a 422fa5ee 424718b3 42248cc1 429454fb 402751d2 3fba113f 42656529 423f7d96 42216b52 41c5b6c1  c8_vstart 0x00000000 mem 0x90000104 mem 0x90000108 mem 0x9000010c mem 0x90000110 mem 0x90000114 mem 0x90000118 mem 0x9000011c mem 0x90000120 mem 0x90000124 mem 0x90000128 mem 0x9000012c mem 0x90000130 mem 0x90000134 mem 0x90000138 mem 0x90000104 mem 0x90000108
core   0: 0x80000188 (0x0001a1fb) vlw12.v v3, v3, 0
core   0: 3 0x80000188 (0x0001a1fb) e32 m1 l16 v3  0000ffff 0x41c5b6c1 421de7c4 428a3dc8 4277c42e 4226103a 422fa5ee 424718b3 42248cc1 429454fb 402751d2 3fba113f 42656529 423f7d96 42216b52 41c5b6c1 421de7c4  c8_vstart 0x00000000 mem 0x90000100 mem 0x90000104 mem 0x90000108 mem 0x9000010c mem 0x90000110 mem 0x90000114 mem 0x90000118 mem 0x9000011c mem 0x90000120 mem 0x90000124 mem 0x90000128 mem 0x9000012c mem 0x90000130 mem 0x90000134 mem 0x90000100 mem 0x90000104
core   0: 0x8000018c (0xfd812283) lw      x5, -40(x2)
core   0: 3 0x8000018c (0xfd812283) x5  0x3f800000 mem 0x7000000c
core   0: 0x80000190 (0x5e02c357) vmv.v.x v6, x5
core   0: 3 0x80000190 (0x5e02c357) c8_vstart 0x00000000 e32 m1 l16 v6  0000ffff 0x3f800000 3f800000 3f800000 3f800000 3f800000 3f800000 3f800000 3f800000 3f800000 3f800000 3f800000 3f800000 3f800000 3f800000 3f800000 3f800000 
core   0: 0x80000194 (0x925312d7) vfmul.vv v5, v5, v6
core   0: 3 0x80000194 (0x925312d7) c8_vstart 0x00000000 e32 m1 l16 v5  0000ffff 0x42216b52 41c5b6c1 428e0088 428a3dc8 4277c42e 4226103a 422fa5ee 424718b3 42248cc1 429454fb 402751d2 3fba113f 42656529 423f7d96 42216b52 41c5b6c1 
core   0: 0x80000198 (0x0200b357) vadd.vi v6, v0, 1
core   0: 3 0x80000198 (0x0200b357) c8_vstart 0x00000000 e32 m1 l16 v6  0000ffff 0x00000053 00000052 0000005f 0000005e 0000005d 0000005c 0000005b 0000005a 00000059 00000058 00000057 00000056 00000055 00000054 00000053 00000052 
core   0: 0x8000019c (0x0a6083d7) vsub.vv v7, v6, v1
core   0: 3 0x8000019c (0x0a6083d7) c8_vstart 0x00000000 e32 m1 l16 v7  0000ffff 0x00000043 00000042 0000004f 0000004e 0000004d 0000004c 0000004b 0000004a 00000049 00000048 00000047 00000046 00000045 00000044 00000043 00000042 
core   0: 0x800001a0 (0x967133d7) vsll.vi v7, v7, 2
core   0: 3 0x800001a0 (0x967133d7) c8_vstart 0x00000000 e32 m1 l16 v7  0000ffff 0x0000010c 00000108 0000013c 00000138 00000134 00000130 0000012c 00000128 00000124 00000120 0000011c 00000118 00000114 00000110 0000010c 00000108 
core   0: 0x800001a4 (0x024383d7) vadd.vv v7, v4, v7
core   0: 3 0x800001a4 (0x024383d7) c8_vstart 0x00000000 e32 m1 l16 v7  0000ffff 0x9000010c 90000108 9000013c 90000138 90000134 90000130 9000012c 90000128 90000124 90000120 9000011c 90000118 90000114 90000110 9000010c 90000108 
core   0: 0x800001a8 (0x0003a3fb) vlw12.v v7, v7, 0
core   0: 3 0x800001a8 (0x0003a3fb) e32 m1 l16 v7  0000ffff 0x423f7d96 42216b52 428e3fe1 428e0088 428a3dc8 4277c42e 4226103a 422fa5ee 424718b3 42248cc1 429454fb 402751d2 3fba113f 42656529 423f7d96 42216b52  c8_vstart 0x00000000 mem 0x90000108 mem 0x9000010c mem 0x90000110 mem 0x90000114 mem 0x90000118 mem 0x9000011c mem 0x90000120 mem 0x90000124 mem 0x90000128 mem 0x9000012c mem 0x90000130 mem 0x90000134 mem 0x90000138 mem 0x9000013c mem 0x90000108 mem 0x9000010c
core   0: 0x800001ac (0x96213457) vsll.vi v8, v2, 2
core   0: 3 0x800001ac (0x96213457) c8_vstart 0x00000000 e32 m1 l16 v8  0000ffff 0x00000144 00000140 00000174 00000170 0000016c 00000168 00000164 00000160 0000015c 00000158 00000154 00000150 0000014c 00000148 00000144 00000140 
core   0: 0x800001b0 (0x02440457) vadd.vv v8, v4, v8
core   0: 3 0x800001b0 (0x02440457) c8_vstart 0x00000000 e32 m1 l16 v8  0000ffff 0x90000144 90000140 90000174 90000170 9000016c 90000168 90000164 90000160 9000015c 90000158 90000154 90000150 9000014c 90000148 90000144 90000140 
core   0: 0x800001b4 (0x0004247b) vlw12.v v8, v8, 0
core   0: 3 0x800001b4 (0x0004247b) e32 m1 l16 v8  0000ffff 0x424d8e5d 4257f9c1 41f54138 41125973 412ecc1a 4125807a 427187ac 41dea313 40231f08 41bb52b8 4118f190 4244cf3c 424b26f7 41f3a5e2 424d8e5d 4257f9c1  c8_vstart 0x00000000 mem 0x90000140 mem 0x90000144 mem 0x90000148 mem 0x9000014c mem 0x90000150 mem 0x90000154 mem 0x90000158 mem 0x9000015c mem 0x90000160 mem 0x90000164 mem 0x90000168 mem 0x9000016c mem 0x90000170 mem 0x90000174 mem 0x90000140 mem 0x90000144
core   0: 0x800001b8 (0x960134d7) vsll.vi v9, v0, 2
core   0: 3 0x800001b8 (0x960134d7) c8_vstart 0x00000000 e32 m1 l16 v9  0000ffff 0x00000148 00000144 00000178 00000174 00000170 0000016c 00000168 00000164 00000160 0000015c 00000158 00000154 00000150 0000014c 00000148 00000144 
core   0: 0x800001bc (0x02448557) vadd.vv v10, v4, v9
core   0: 3 0x800001bc (0x02448557) c8_vstart 0x00000000 e32 m1 l16 v10 0000ffff 0x90000148 90000144 90000178 90000174 90000170 9000016c 90000168 90000164 90000160 9000015c 90000158 90000154 90000150 9000014c 90000148 90000144 
core   0: 0x800001c0 (0x0005257b) vlw12.v v10, v10, 0
core   0: 3 0x800001c0 (0x0005257b) e32 m1 l16 v10 0000ffff 0x41f3a5e2 424d8e5d 413071e6 41f54138 41125973 412ecc1a 4125807a 427187ac 41dea313 40231f08 41bb52b8 4118f190 4244cf3c 424b26f7 41f3a5e2 424d8e5d  c8_vstart 0x00000000 mem 0x90000144 mem 0x90000148 mem 0x9000014c mem 0x90000150 mem 0x90000154 mem 0x90000158 mem 0x9000015c mem 0x90000160 mem 0x90000164 mem 0x90000168 mem 0x9000016c mem 0x90000170 mem 0x90000174 mem 0x90000178 mem 0x90000144 mem 0x90000148
core   0: 0x800001c4 (0x966135d7) vsll.vi v11, v6, 2
core   0: 3 0x800001c4 (0x966135d7) c8_vstart 0x00000000 e32 m1 l16 v11 0000ffff 0x0000014c 00000148 0000017c 00000178 00000174 00000170 0000016c 00000168 00000164 00000160 0000015c 00000158 00000154 00000150 0000014c 00000148 
core   0: 0x800001c8 (0x024585d7) vadd.vv v11, v4, v11
core   0: 3 0x800001c8 (0x024585d7) c8_vstart 0x00000000 e32 m1 l16 v11 0000ffff 0x9000014c 90000148 9000017c 90000178 90000174 90000170 9000016c 90000168 90000164 90000160 9000015c 90000158 90000154 90000150 9000014c 90000148 
core   0: 0x800001cc (0x0005a5fb) vlw12.v v11, v11, 0
core   0: 3 0x800001cc (0x0005a5fb) e32 m1 l16 v11 0000ffff 0x424b26f7 41f3a5e2 42427e21 413071e6 41f54138 41125973 412ecc1a 4125807a 427187ac 41dea313 40231f08 41bb52b8 4118f190 4244cf3c 424b26f7 41f3a5e2  c8_vstart 0x00000000 mem 0x90000148 mem 0x9000014c mem 0x90000150 mem 0x90000154 mem 0x90000158 mem 0x9000015c mem 0x90000160 mem 0x90000164 mem 0x90000168 mem 0x9000016c mem 0x90000170 mem 0x90000174 mem 0x90000178 mem 0x9000017c mem 0x90000148 mem 0x9000014c
core   0: 0x800001d0 (0x02208157) vadd.vv v2, v2, v1
core   0: 3 0x800001d0 (0x02208157) c8_vstart 0x00000000 e32 m1 l16 v2  0000ffff 0x00000061 00000060 0000006d 0000006c 0000006b 0000006a 00000069 00000068 00000067 00000066 00000065 00000064 00000063 00000062 00000061 00000060 
core   0: 0x800001d4 (0x96213157) vsll.vi v2, v2, 2
core   0: 3 0x800001d4 (0x96213157) c8_vstart 0x00000000 e32 m1 l16 v2  0000ffff 0x00000184 00000180 000001b4 000001b0 000001ac 000001a8 000001a4 000001a0 0000019c 00000198 00000194 00000190 0000018c 00000188 00000184 00000180 
core   0: 0x800001d8 (0x02410157) vadd.vv v2, v4, v2
core   0: 3 0x800001d8 (0x02410157) c8_vstart 0x00000000 e32 m1 l16 v2  0000ffff 0x90000184 90000180 900001b4 900001b0 900001ac 900001a8 900001a4 900001a0 9000019c 90000198 90000194 90000190 9000018c 90000188 90000184 90000180 
core   0: 0x800001dc (0x0001217b) vlw12.v v2, v2, 0
core   0: 3 0x800001dc (0x0001217b) e32 m1 l16 v2  0000ffff 0x424d87cc 425d7bfb 40cfb2ff 42c7d64c 412d36d5 420df551 41f66212 42438987 42bbf28b 42adc58e 42c6386a 42535855 414b8494 42c0fddb 424d87cc 425d7bfb  c8_vstart 0x00000000 mem 0x90000180 mem 0x90000184 mem 0x90000188 mem 0x9000018c mem 0x90000190 mem 0x90000194 mem 0x90000198 mem 0x9000019c mem 0x900001a0 mem 0x900001a4 mem 0x900001a8 mem 0x900001ac mem 0x900001b0 mem 0x900001b4 mem 0x90000180 mem 0x90000184
core   0: 0x800001e0 (0x02008057) vadd.vv v0, v0, v1
core   0: 3 0x800001e0 (0x02008057) c8_vstart 0x00000000 e32 m1 l16 v0  0000ffff 0x00000062 00000061 0000006e 0000006d 0000006c 0000006b 0000006a 00000069 00000068 00000067 00000066 00000065 00000064 00000063 00000062 00000061 
core   0: 0x800001e4 (0x96013057) vsll.vi v0, v0, 2
core   0: 3 0x800001e4 (0x96013057) c8_vstart 0x00000000 e32 m1 l16 v0  0000ffff 0x00000188 00000184 000001b8 000001b4 000001b0 000001ac 000001a8 000001a4 000001a0 0000019c 00000198 00000194 00000190 0000018c 00000188 00000184 
core   0: 0x800001e8 (0x02400057) vadd.vv v0, v4, v0
core   0: 3 0x800001e8 (0x02400057) c8_vstart 0x00000000 e32 m1 l16 v0  0000ffff 0x90000188 90000184 900001b8 900001b4 900001b0 900001ac 900001a8 900001a4 900001a0 9000019c 90000198 90000194 90000190 9000018c 90000188 90000184 
core   0: 0x800001ec (0x0000207b) vlw12.v v0, v0, 0
core   0: 3 0x800001ec (0x0000207b) e32 m1 l16 v0  0000ffff 0x42c0fddb 424d87cc 42a3e6bb 40cfb2ff 42c7d64c 412d36d5 420df551 41f66212 42438987 42bbf28b 42adc58e 42c6386a 42535855 414b8494 42c0fddb 424d87cc  c8_vstart 0x00000000 mem 0x90000184 mem 0x90000188 mem 0x9000018c mem 0x90000190 mem 0x90000194 mem 0x90000198 mem 0x9000019c mem 0x900001a0 mem 0x900001a4 mem 0x900001a8 mem 0x900001ac mem 0x900001b0 mem 0x900001b4 mem 0x900001b8 mem 0x90000184 mem 0x90000188
core   0: 0x800001f0 (0x026080d7) vadd.vv v1, v6, v1
core   0: 3 0x800001f0 (0x026080d7) c8_vstart 0x00000000 e32 m1 l16 v1  0000ffff 0x00000063 00000062 0000006f 0000006e 0000006d 0000006c 0000006b 0000006a 00000069 00000068 00000067 00000066 00000065 00000064 00000063 00000062 
core   0: 0x800001f4 (0x961130d7) vsll.vi v1, v1, 2
core   0: 3 0x800001f4 (0x961130d7) c8_vstart 0x00000000 e32 m1 l16 v1  0000ffff 0x0000018c 00000188 000001bc 000001b8 000001b4 000001b0 000001ac 000001a8 000001a4 000001a0 0000019c 00000198 00000194 00000190 0000018c 00000188 
core   0: 0x800001f8 (0x024080d7) vadd.vv v1, v4, v1
core   0: 3 0x800001f8 (0x024080d7) c8_vstart 0x00000000 e32 m1 l16 v1  0000ffff 0x9000018c 90000188 900001bc 900001b8 900001b4 900001b0 900001ac 900001a8 900001a4 900001a0 9000019c 90000198 90000194 90000190 9000018c 90000188 
core   0: 0x800001fc (0x0000a0fb) vlw12.v v1, v1, 0
core   0: 3 0x800001fc (0x0000a0fb) e32 m1 l16 v1  0000ffff 0x414b8494 42c0fddb 4257a659 42a3e6bb 40cfb2ff 42c7d64c 412d36d5 420df551 41f66212 42438987 42bbf28b 42adc58e 42c6386a 42535855 414b8494 42c0fddb  c8_vstart 0x00000000 mem 0x90000188 mem 0x9000018c mem 0x90000190 mem 0x90000194 mem 0x90000198 mem 0x9000019c mem 0x900001a0 mem 0x900001a4 mem 0x900001a8 mem 0x900001ac mem 0x900001b0 mem 0x900001b4 mem 0x900001b8 mem 0x900001bc mem 0x90000188 mem 0x9000018c
core   0: 0x80000200 (0xfdc12283) lw      x5, -36(x2)
core   0: 3 0x80000200 (0xfdc12283) x5  0x3f800000 mem 0x70000010
core   0: 0x80000204 (0x5e02c257) vmv.v.x v4, x5
core   0: 3 0x80000204 (0x5e02c257) c8_vstart 0x00000000 e32 m1 l16 v4  0000ffff 0x3f800000 3f800000 3f800000 3f800000 3f800000 3f800000 3f800000 3f800000 3f800000 3f800000 3f800000 3f800000 3f800000 3f800000 3f800000 3f800000 
core   0: 0x80000208 (0xa25211d7) vfmadd.vv v3, v5, v4
core   0: 3 0x80000208 (0xa25211d7) c8_vstart 0x00000000 c1_fflags 0x00000001 e32 m1 l16 v3  0000ffff 0x42822359 42806192 430c1f28 43030ff0 42ceea34 42aadb14 42bb5f50 42b5d2ba 42e69b5c 42998f8a 40822d39 426b35b3 42d27160 42b07474 42822359 42806192 
core   0: 0x8000020c (0xfe012283) lw      x5, -32(x2)
core   0: 3 0x8000020c (0xfe012283) x5  0x3f800000 mem 0x70000014
core   0: 0x80000210 (0x5e02c257) vmv.v.x v4, x5
core   0: 3 0x80000210 (0x5e02c257) c8_vstart 0x00000000 e32 m1 l16 v4  0000ffff 0x3f800000 3f800000 3f800000 3f800000 3f800000 3f800000 3f800000 3f800000 3f800000 3f800000 3f800000 3f800000 3f800000 3f800000 3f800000 3f800000 
core   0: 0x80000214 (0xa23213d7) vfmadd.vv v7, v3, v4
core   0: 3 0x80000214 (0xa23213d7) c8_vstart 0x00000000 c1_fflags 0x00000001 e32 m1 l16 v7  0000ffff 0x42e1e224 42d1173b 43533f18 434a1034 432c93fe 43135e96 430733b6 4306d2d8 432513db 42ebd5ea 429c77cf 4275aad0 42d559a5 43119384 42e1e224 42d1173b 
core   0: 0x80000218 (0xfe412283) lw      x5, -28(x2)
core   0: 3 0x80000218 (0xfe412283) x5  0x3f800000 mem 0x70000018
core   0: 0x8000021c (0x5e02c1d7) vmv.v.x v3, x5
core   0: 3 0x8000021c (0x5e02c1d7) c8_vstart 0x00000000 e32 m1 l16 v3  0000ffff 0x3f800000 3f800000 3f800000 3f800000 3f800000 3f800000 3f800000 3f800000 3f800000 3f800000 3f800000 3f800000 3f800000 3f800000 3f800000 3f800000 
core   0: 0x80000220 (0xa2719457) vfmadd.vv v8, v7, v3
core   0: 3 0x80000220 (0xa2719457) c8_vstart 0x00000000 c1_fflags 0x00000001 e32 m1 l16 v8  0000ffff 0x432454a9 431e8a0e 4371e73f 435335cb 433780c0 431db69e 434395a1 4322a73a 4327a057 430d554c 42af9601 42dd3d06 431d7690 43300840 432454a9 431e8a0e 
core   0: 0x80000224 (0xfe812283) lw      x5, -24(x2)
core   0: 3 0x80000224 (0xfe812283) x5  0x3f800000 mem 0x7000001c
core   0: 0x80000228 (0x5e02c1d7) vmv.v.x v3, x5
core   0: 3 0x80000228 (0x5e02c1d7) c8_vstart 0x00000000 e32 m1 l16 v3  0000ffff 0x3f800000 3f800000 3f800000 3f800000 3f800000 3f800000 3f800000 3f800000 3f800000 3f800000 3f800000 3f800000 3f800000 3f800000 3f800000 3f800000 
core   0: 0x8000022c (0xa2819557) vfmadd.vv v10, v8, v3
core   0: 3 0x8000022c (0xa2819557) c8_vstart 0x00000000 c1_fflags 0x00000001 e32 m1 l16 v10 0000ffff 0x4342c965 4351eda5 437cee5d 4371ddf2 4340a657 4328a360 434deda9 435f0925 434374b9 430fe1c8 42de6aaf 42f05b38 434eaa5f 4362d1fe 4342c965 4351eda5 
core   0: 0x80000230 (0xfec12283) lw      x5, -20(x2)
core   0: 3 0x80000230 (0xfec12283) x5  0x3f800000 mem 0x70000020
core   0: 0x80000234 (0x5e02c1d7) vmv.v.x v3, x5
core   0: 3 0x80000234 (0x5e02c1d7) c8_vstart 0x00000000 e32 m1 l16 v3  0000ffff 0x3f800000 3f800000 3f800000 3f800000 3f800000 3f800000 3f800000 3f800000 3f800000 3f800000 3f800000 3f800000 3f800000 3f800000 3f800000 3f800000 
core   0: 0x80000238 (0xa2a195d7) vfmadd.vv v11, v10, v3
core   0: 3 0x80000238 (0xa2a195d7) c8_vstart 0x00000000 c1_fflags 0x00000001 e32 m1 l16 v11 0000ffff 0x43759323 43706261 4396c6f3 437ce510 435f4e7e 4331c8f7 4358da6b 4369612d 437fd6a4 432bb62a 42e383a7 430f97f3 43583978 438a02e6 43759323 43706261 
core   0: 0x8000023c (0xff012283) lw      x5, -16(x2)
core   0: 3 0x8000023c (0xff012283) x5  0x3f800000 mem 0x70000024
core   0: 0x80000240 (0x5e02c1d7) vmv.v.x v3, x5
core   0: 3 0x80000240 (0x5e02c1d7) c8_vstart 0x00000000 e32 m1 l16 v3  0000ffff 0x3f800000 3f800000 3f800000 3f800000 3f800000 3f800000 3f800000 3f800000 3f800000 3f800000 3f800000 3f800000 3f800000 3f800000 3f800000 3f800000 
core   0: 0x80000244 (0xa2b19157) vfmadd.vv v2, v11, v3
core   0: 3 0x80000244 (0xa2b19157) c8_vstart 0x00000000 c1_fflags 0x00000001 e32 m1 l16 v2  0000ffff 0x43947a8b 4393e0b0 439a05bf 43b0681b 436a21eb 4355464b 4377a6ad 438d21c7 43aee7f5 43814c78 4354de08 43446e08 4364f1c1 43ba425d 43947a8b 4393e0b0 
core   0: 0x80000248 (0xff412283) lw      x5, -12(x2)
core   0: 3 0x80000248 (0xff412283) x5  0x3f800000 mem 0x70000028
core   0: 0x8000024c (0x5e02c1d7) vmv.v.x v3, x5
core   0: 3 0x8000024c (0x5e02c1d7) c8_vstart 0x00000000 e32 m1 l16 v3  0000ffff 0x3f800000 3f800000 3f800000 3f800000 3f800000 3f800000 3f800000 3f800000 3f800000 3f800000 3f800000 3f800000 3f800000 3f800000 3f800000 3f800000 
core   0: 0x80000250 (0xa2219057) vfmadd.vv v0, v2, v3
core   0: 3 0x80000250 (0xa2219057) c8_vstart 0x00000000 c1_fflags 0x00000001 e32 m1 l16 v0  0000ffff 0x43c4ba02 43ad91aa 43c2ff6e 43b3a6e7 43a70688 436019b8 438d9201 439c87e8 43c75926 43b0491b 4395e068 4393c51e 438ce3eb 43c09e82 43c4ba02 43ad91aa 
core   0: 0x80000254 (0xff812283) lw      x5, -8(x2)
core   0: 3 0x80000254 (0xff812283) x5  0x3f800000 mem 0x7000002c
core   0: 0x80000258 (0x5e02c157) vmv.v.x v2, x5
core   0: 3 0x80000258 (0x5e02c157) c8_vstart 0x00000000 e32 m1 l16 v2  0000ffff 0x3f800000 3f800000 3f800000 3f800000 3f800000 3f800000 3f800000 3f800000 3f800000 3f800000 3f800000 3f800000 3f800000 3f800000 3f800000 3f800000 
core   0: 0x8000025c (0xa20110d7) vfmadd.vv v1, v0, v2
core   0: 3 0x8000025c (0xa20110d7) c8_vstart 0x00000000 c1_fflags 0x00000001 e32 m1 l16 v1  0000ffff 0x43cb1627 43ddd121 43ddf439 43dca096 43aa4554 43a2026f 4392fbb8 43ae4692 43d6bf47 43c8ba4c 43c4dd0b 43bf3682 43be7206 43db098d 43cb1627 43ddd121 
core   0: 0x80000260 (0xffc12283) lw      x5, -4(x2)
core   0: 3 0x80000260 (0xffc12283) x5  0x90001000 mem 0x70000030
core   0: 0x80000264 (0x0292c057) vadd.vx v0, v9, x5
core   0: 3 0x80000264 (0x0292c057) c8_vstart 0x00000000 e32 m1 l16 v0  0000ffff 0x90001148 90001144 90001178 90001174 90001170 9000116c 90001168 90001164 90001160 9000115c 90001158 90001154 90001150 9000114c 90001148 90001144 
core   0: 0x80000268 (0x0010607b) vsw12.v v1, v0, 0
core   0: 3 0x80000268 (0x0010607b) c8_vstart 0x00000000 e32 m1 l16 mem 0x90001144 0x43ddd121 mem 0x90001148 0x43cb1627 mem 0x9000114c 0x43db098d mem 0x90001150 0x43be7206 mem 0x90001154 0x43bf3682 mem 0x90001158 0x43c4dd0b mem 0x9000115c 0x43c8ba4c mem 0x90001160 0x43d6bf47 mem 0x90001164 0x43ae4692 mem 0x90001168 0x4392fbb8 mem 0x9000116c 0x43a2026f mem 0x90001170 0x43aa4554 mem 0x90001174 0x43dca096 mem 0x90001178 0x43ddf439 mem 0x90001144 0x43ddd121 mem 0x90001148 0x43cb1627
core   0: 0x8000026c (0xfcc12083) lw      x1, -52(x2)
core   0: 3 0x8000026c (0xfcc12083) x1  0x800000a0 mem 0x70000000
core   0: 0x80000270 (0x0090200b) regext  x0, x0,  0 0 1 1 
core   0: 3 0x80000270 (0x0090200b)
core   0: 0x80000274 (0x7fc020ab) vlw.v   v1, x0, -4
core   0: 3 0x80000274 (0x7fc020ab) e32 m1 l16 v33 0000ffff 0x00000000 00000000 00000000 00000000 00000000 00000000 00000000 00000000 00000000 00000000 00000000 00000000 00000000 00000000 00000000 00000000  c8_vstart 0x00000000 mem 0x90003000 mem 0x90003004 mem 0x90003008 mem 0x9000300c mem 0x90003010 mem 0x90003014 mem 0x90003018 mem 0x9000301c mem 0x90003020 mem 0x90003024 mem 0x90003028 mem 0x9000302c mem 0x90003030 mem 0x90003034 mem 0x90003038 mem 0x9000303c
core   0: 0x80000278 (0xfcc10113) addi    x2, x2, -52
core   0: 3 0x80000278 (0xfcc10113) x2  0x70000000
core   0: 0x8000027c (0xffc20213) addi    x4, x4, -4
core   0: 3 0x8000027c (0xffc20213) x4  0x00000000
core   0: 0x80000280 (0x0010200b) regext  x0, x0,  0 0 0 1 
core   0: 3 0x80000280 (0x0010200b)
core   0: 0x80000284 (0x5e024057) vmv.v.x v0, x4
core   0: 3 0x80000284 (0x5e024057) c8_vstart 0x00000000 e32 m1 l16 v32 0000ffff 0x00000000 00000000 00000000 00000000 00000000 00000000 00000000 00000000 00000000 00000000 00000000 00000000 00000000 00000000 00000000 00000000 
core   0: 0x80000288 (0x00008067) ret
core   0: 3 0x80000288 (0x00008067)
core   0: 0x800000a0 (0x0000400b) endprg  x0, x0, x0
core   0: 3 0x800000a0 (0x0000400b)
core   0: 0x800000a4 (0x0040006f) j       pc + 0x4
core   0: 3 0x800000a4 (0x0040006f)
core   0: 0x800000a8 (0x00100313) li      x6, 1
core   0: 3 0x800000a8 (0x00100313) x6  0x00000001
core   0: 0x800000ac (0x00001297) auipc   x5, 0x1
core   0: 3 0x800000ac (0x00001297) x5  0x800010ac
core   0: 0x800000b0 (0xf5428293) addi    x5, x5, -172
core   0: 3 0x800000b0 (0xf5428293) x5  0x80001000
core   0: 0x800000b4 (0x0062a023) sw      x6, 0(x5)
core   0: 3 0x800000b4 (0x0062a023) mem 0x80001000 0x00000001
core   0: 0x00001000 (0x00000297) auipc   x5, 0x0
core   0: 3 0x00001000 (0x00000297) x5  0x00001000
core   0: 0x00001004 (0x02028593) addi    x11, x5, 32
core   0: 3 0x00001004 (0x02028593) x11 0x00001020
core   0: 0x00001008 (0xf1402573) csrr    x10, mhartid
core   0: 3 0x00001008 (0xf1402573) x10 0x00000000
core   0: 0x0000100c (0x0182a283) lw      x5, 24(x5)
core   0: 3 0x0000100c (0x0182a283) x5  0x80000000 mem 0x00001018
core   0: 0x00001010 (0x00028067) jr      x5
core   0: 3 0x00001010 (0x00028067)
core   0: 0x80000000 (0x00004197) auipc   x3, 0x4
core   0: 3 0x80000000 (0x00004197) x3  0x80004000
core   0: 0x80000004 (0x80818193) addi    x3, x3, -2040
core   0: 3 0x80000004 (0x80818193) x3  0x80003808
core   0: 0x80000008 (0x02000e93) li      x29, 32
core   0: 3 0x80000008 (0x02000e93) x29 0x00000020
core   0: 0x8000000c (0x0d0efed7) vsetvli x29, x29, e32, m1, ta, ma
core   0: 3 0x8000000c (0x0d0efed7) x29 0x00000010 c8_vstart 0x00000000 c3104_vl 0x00000010 c3105_vtype 0x000000d0 c768_mstatus 0x80000600
core   0: 0x80000010 (0x00002eb7) lui     x29, 0x2
core   0: 3 0x80000010 (0x00002eb7) x29 0x00002000
core   0: 0x80000014 (0x300eaef3) csrrs   x29, mstatus, x29
core   0: 3 0x80000014 (0x300eaef3) x29 0x80000600 c768_mstatus 0x80006600
core   0: 0x80000018 (0x00000e93) li      x29, 0
core   0: 3 0x80000018 (0x00000e93) x29 0x00000000
core   0: 0x8000001c (0x80502373) csrr    x6, wid
core   0: 3 0x8000001c (0x80502373) x6  0x00000000
core   0: 0x80000020 (0x806023f3) csrr    x7, lds
core   0: 3 0x80000020 (0x806023f3) x7  0x70000000
core   0: 0x80000024 (0x40000e13) li      x28, 1024
core   0: 3 0x80000024 (0x40000e13) x28 0x00000400
core   0: 0x80000028 (0x03c30333) mul     x6, x6, x28
core   0: 3 0x80000028 (0x03c30333) x6  0x00000000
core   0: 0x8000002c (0x00730133) add     x2, x6, x7
core   0: 3 0x8000002c (0x00730133) x2  0x70000000
core   0: 0x80000030 (0x00000213) li      x4, 0
core   0: 3 0x80000030 (0x00000213) x4  0x00000000
core   0: 0x80000034 (0x80102f73) csrr    x30, numw
core   0: 3 0x80000034 (0x80102f73) x30 0x00000001
core   0: 0x80000038 (0x40000e13) li      x28, 1024
core   0: 3 0x80000038 (0x40000e13) x28 0x00000400
core   0: 0x8000003c (0x03cf0f33) mul     x30, x30, x28
core   0: 3 0x8000003c (0x03cf0f33) x30 0x00000400
core   0: 0x80000040 (0x01e38433) add     x8, x7, x30
core   0: 3 0x80000040 (0x01e38433) x8  0x70000400
core   0: 0x80000044 (0x00003517) auipc   x10, 0x3
core   0: 3 0x80000044 (0x00003517) x10 0x80003044
core   0: 0x80000048 (0xfc450513) addi    x10, x10, -60
core   0: 3 0x80000048 (0xfc450513) x10 0x80003008
core   0: 0x8000004c (0x00003617) auipc   x12, 0x3
core   0: 3 0x8000004c (0x00003617) x12 0x8000304c
core   0: 0x80000050 (0xfbc60613) addi    x12, x12, -68
core   0: 3 0x80000050 (0xfbc60613) x12 0x80003008
core   0: 0x80000054 (0x00c50863) beq     x10, x12, pc + 16
core   0: 3 0x80000054 (0x00c50863)
core   0: 0x80000064 (0x803022f3) csrr    x5, knl
core   0: 3 0x80000064 (0x803022f3) x5  0x900e3000
core   0: 0x80000068 (0x0002a303) lw      x6, 0(x5)
core   0: 3 0x80000068 (0x0002a303) x6  0x800000b8 mem 0x900e3000
core   0: 0x8000006c (0x0042a503) lw      x10, 4(x5)
core   0: 3 0x8000006c (0x0042a503) x10 0x90002000 mem 0x900e3004
core   0: 0x80000070 (0x0302a383) lw      x7, 48(x5)
core   0: 3 0x80000070 (0x0302a383) x7  0x00000000 mem 0x900e3030
core   0: 0x80000074 (0x0342ae03) lw      x28, 52(x5)
core   0: 3 0x80000074 (0x0342ae03) x28 0x00000000 mem 0x900e3034
core   0: 0x80000078 (0x00003e97) auipc   x29, 0x3
core   0: 3 0x80000078 (0x00003e97) x29 0x80003078
core   0: 0x8000007c (0xf88e8e93) addi    x29, x29, -120
core   0: 3 0x8000007c (0xf88e8e93) x29 0x80003000
core   0: 0x80000080 (0x00003f17) auipc   x30, 0x3
core   0: 3 0x80000080 (0x00003f17) x30 0x80003080
core   0: 0x80000084 (0xf84f0f13) addi    x30, x30, -124
core   0: 3 0x80000084 (0xf84f0f13) x30 0x80003004
core   0: 0x80000088 (0x007ea023) sw      x7, 0(x29)
core   0: 3 0x80000088 (0x007ea023) mem 0x80003000 0x00000000
core   0: 0x8000008c (0x01cf2023) sw      x28, 0(x30)
core   0: 3 0x8000008c (0x01cf2023) mem 0x80003004 0x00000000
core   0: 0x80000090 (0x00000f97) auipc   x31, 0x0
core   0: 3 0x80000090 (0x00000f97) x31 0x80000090
core   0: 0x80000094 (0x018f8f93) addi    x31, x31, 24
core   0: 3 0x80000094 (0x018f8f93) x31 0x800000a8
core   0: 0x80000098 (0x305f9073) csrw    mtvec, x31
core   0: 3 0x80000098 (0x305f9073) c773_mtvec 0x800000a8
core   0: 0x8000009c (0x000300e7) jalr    x6
core   0: 3 0x8000009c (0x000300e7) x1  0x800000a0
core   0: 0x800000b8 (0x03410113) addi    x2, x2, 52
core   0: 3 0x800000b8 (0x03410113) x2  0x70000034
core   0: 0x800000bc (0x00420213) addi    x4, x4, 4
core   0: 3 0x800000bc (0x00420213) x4  0x00000004
core   0: 0x800000c0 (0x0010200b) regext  x0, x0,  0 0 0 1 
core   0: 3 0x800000c0 (0x0010200b)
core   0: 0x800000c4 (0x5e024057) vmv.v.x v0, x4
core   0: 3 0x800000c4 (0x5e024057) c8_vstart 0x00000000 e32 m1 l16 v32 0000ffff 0x00000004 00000004 00000004 00000004 00000004 00000004 00000004 00000004 00000004 00000004 00000004 00000004 00000004 00000004 00000004 00000004 
core   0: 0x800000c8 (0xfc112623) sw      x1, -52(x2)
core   0: 3 0x800000c8 (0xfc112623) mem 0x70000000 0x800000a0
core   0: 0x800000cc (0x0480200b) regext  x0, x0,  0 1 1 0 
core   0: 3 0x800000cc (0x0480200b)
core   0: 0x800000d0 (0xfe102e2b) vsw.v   v1, x0, -4
core   0: 3 0x800000d0 (0xfe102e2b) c8_vstart 0x00000000 mem 0x90003000 0x00000000 mem 0x90003004 0x00000000 mem 0x90003008 0x00000000 mem 0x9000300c 0x00000000 mem 0x90003010 0x00000000 mem 0x90003014 0x00000000 mem 0x90003018 0x00000000 mem 0x9000301c 0x00000000 mem 0x90003020 0x00000000 mem 0x90003024 0x00000000 mem 0x90003028 0x00000000 mem 0x9000302c 0x00000000 mem 0x90003030 0x00000000 mem 0x90003034 0x00000000 mem 0x90003038 0x00000000 mem 0x9000303c 0x00000000
core   0: 0x800000d4 (0x00452283) lw      x5, 4(x10)
core   0: 3 0x800000d4 (0x00452283) x5  0x90001000 mem 0x90002004
core   0: 0x800000d8 (0xfe512e23) sw      x5, -4(x2)
core   0: 3 0x800000d8 (0xfe512e23) mem 0x70000030 0x90001000
core   0: 0x800000dc (0x03052283) lw      x5, 48(x10)
core   0: 3 0x800000dc (0x03052283) x5  0x3f800000 mem 0x90002030
core   0: 0x800000e0 (0xfe512c23) sw      x5, -8(x2)
core   0: 3 0x800000e0 (0xfe512c23) mem 0x7000002c 0x3f800000
core   0: 0x800000e4 (0x02c52283) lw      x5, 44(x10)
core   0: 3 0x800000e4 (0x02c52283) x5  0x3f800000 mem 0x9000202c
core   0: 0x800000e8 (0xfe512a23) sw      x5, -12(x2)
core   0: 3 0x800000e8 (0xfe512a23) mem 0x70000028 0x3f800000
core   0: 0x800000ec (0x02852283) lw      x5, 40(x10)
core   0: 3 0x800000ec (0x02852283) x5  0x3f800000 mem 0x90002028
core   0: 0x800000f0 (0xfe512823) sw      x5, -16(x2)
core   0: 3 0x800000f0 (0xfe512823) mem 0x70000024 0x3f800000
core   0: 0x800000f4 (0x02452283) lw      x5, 36(x10)
core   0: 3 0x800000f4 (0x02452283) x5  0x3f800000 mem 0x90002024
core   0: 0x800000f8 (0xfe512623) sw      x5, -20(x2)
core   0: 3 0x800000f8 (0xfe512623) mem 0x70000020 0x3f800000
core   0: 0x800000fc (0x02052283) lw      x5, 32(x10)
core   0: 3 0x800000fc (0x02052283) x5  0x3f800000 mem 0x90002020
core   0: 0x80000100 (0xfe512423) sw      x5, -24(x2)
core   0: 3 0x80000100 (0xfe512423) mem 0x7000001c 0x3f800000
core   0: 0x80000104 (0x01c52283) lw      x5, 28(x10)
core   0: 3 0x80000104 (0x01c52283) x5  0x3f800000 mem 0x9000201c
core   0: 0x80000108 (0xfe512223) sw      x5, -28(x2)
core   0: 3 0x80000108 (0xfe512223) mem 0x70000018 0x3f800000
core   0: 0x8000010c (0x01852283) lw      x5, 24(x10)
core   0: 3 0x8000010c (0x01852283) x5  0x3f800000 mem 0x90002018
core   0: 0x80000110 (0xfe512023) sw      x5, -32(x2)
core   0: 3 0x80000110 (0xfe512023) mem 0x70000014 0x3f800000
core   0: 0x80000114 (0x01052283) lw      x5, 16(x10)
core   0: 3 0x80000114 (0x01052283) x5  0x3f800000 mem 0x90002010
core   0: 0x80000118 (0xfc512e23) sw      x5, -36(x2)
core   0: 3 0x80000118 (0xfc512e23) mem 0x70000010 0x3f800000
core   0: 0x8000011c (0x01452283) lw      x5, 20(x10)
core   0: 3 0x8000011c (0x01452283) x5  0x3f800000 mem 0x90002014
core   0: 0x80000120 (0xfc512c23) sw      x5, -40(x2)
core   0: 3 0x80000120 (0xfc512c23) mem 0x7000000c 0x3f800000
core   0: 0x80000124 (0x00052283) lw      x5, 0(x10)
core   0: 3 0x80000124 (0x00052283) x5  0x90000000 mem 0x90002000
core   0: 0x80000128 (0xfc512a23) sw      x5, -44(x2)
core   0: 3 0x80000128 (0xfc512a23) mem 0x70000008 0x90000000
core   0: 0x8000012c (0x00852283) lw      x5, 8(x10)
core   0: 3 0x8000012c (0x00852283) x5  0x00000010 mem 0x90002008
core   0: 0x80000130 (0xfc512823) sw      x5, -48(x2)
core   0: 3 0x80000130 (0xfc512823) mem 0x70000004 0x00000010
core   0: 0x80000134 (0x5e004057) vmv.v.x v0, x0
core   0: 3 0x80000134 (0x5e004057) c8_vstart 0x00000000 e32 m1 l16 v0  0000ffff 0x00000000 00000000 00000000 00000000 00000000 00000000 00000000 00000000 00000000 00000000 00000000 00000000 00000000 00000000 00000000 00000000 
core   0: 0x80000138 (0x154000ef) jal     pc + 0x154
core   0: 3 0x80000138 (0x154000ef) x1  0x8000013c
core   0: 0x8000028c (0x00410113) addi    x2, x2, 4
core   0: 3 0x8000028c (0x00410113) x2  0x70000038
core   0: 0x80000290 (0xfe112e23) sw      x1, -4(x2)
core   0: 3 0x80000290 (0xfe112e23) mem 0x70000034 0x8000013c
core   0: 0x80000294 (0x00200293) li      x5, 2
core   0: 3 0x80000294 (0x00200293) x5  0x00000002
core   0: 0x80000298 (0x5e02c0d7) vmv.v.x v1, x5
core   0: 3 0x80000298 (0x5e02c0d7) c8_vstart 0x00000000 e32 m1 l16 v1  0000ffff 0x00000002 00000002 00000002 00000002 00000002 00000002 00000002 00000002 00000002 00000002 00000002 00000002 00000002 00000002 00000002 00000002 
core   0: 0x8000029c (0x00000317) auipc   x6, 0x0
core   0: 3 0x8000029c (0x00000317) x6  0x8000029c
core   0: 0x800002a0 (0x04c3305b) setrpc  x0, x6, 76
core   0: 3 0x800002a0 (0x04c3305b) c2060_rpc 0x800002e8 current mask:	0000ffff current npc:	00000000 stack size: 0
core   0: 0x800002a4 (0x0200885b) vbeq    v0, v1, pc + 48
core   0: 3 0x800002a4 (0x0200885b) c8_vstart 0x00000000 e32 m1 l16 current mask:	0000ffff current npc:	800002a8 stack size: 0
core   0: 0x800002a8 (0x00100293) li      x5, 1
core   0: 3 0x800002a8 (0x00100293) x5  0x00000001
core   0: 0x800002ac (0x5e02c0d7) vmv.v.x v1, x5
core   0: 3 0x800002ac (0x5e02c0d7) c8_vstart 0x00000000 e32 m1 l16 v1  0000ffff 0x00000001 00000001 00000001 00000001 00000001 00000001 00000001 00000001 00000001 00000001 00000001 00000001 00000001 00000001 00000001 00000001 
core   0: 0x800002b0 (0x00000317) auipc   x6, 0x0
core   0: 3 0x800002b0 (0x00000317) x6  0x800002b0
core   0: 0x800002b4 (0x0383305b) setrpc  x0, x6, 56
core   0: 3 0x800002b4 (0x0383305b) c2060_rpc 0x800002e8 current mask:	0000ffff current npc:	800002a8 stack size: 0
core   0: 0x800002b8 (0x0200825b) vbeq    v0, v1, pc + 36
core   0: 3 0x800002b8 (0x0200825b) c8_vstart 0x00000000 e32 m1 l16 current mask:	0000ffff current npc:	800002bc stack size: 0
core   0: 0x800002bc (0x5e0040d7) vmv.v.x v1, x0
core   0: 3 0x800002bc (0x5e0040d7) c8_vstart 0x00000000 e32 m1 l16 v1  0000ffff 0x00000000 00000000 00000000 00000000 00000000 00000000 00000000 00000000 00000000 00000000 00000000 00000000 00000000 00000000 00000000 00000000 
core   0: 0x800002c0 (0x00000317) auipc   x6, 0x0
core   0: 3 0x800002c0 (0x00000317) x6  0x800002c0
core   0: 0x800002c4 (0x0283305b) setrpc  x0, x6, 40
core   0: 3 0x800002c4 (0x0283305b) c2060_rpc 0x800002e8 current mask:	0000ffff current npc:	800002bc stack size: 0
core   0: 0x800002c8 (0x00009e5b) vbne    v0, v1, pc + 28
core   0: 3 0x800002c8 (0x00009e5b) c8_vstart 0x00000000 e32 m1 l16 current mask:	0000ffff current npc:	800002cc stack size: 0
core   0: 0x800002cc (0x1a0000ef) jal     pc + 0x1a0
core   0: 3 0x800002cc (0x1a0000ef) x1  0x800002d0
core   0: 0x8000046c (0x00410113) addi    x2, x2, 4
core   0: 3 0x8000046c (0x00410113) x2  0x7000003c
core   0: 0x80000470 (0xfe112e23) sw      x1, -4(x2)
core   0: 3 0x80000470 (0xfe112e23) mem 0x70000038 0x800002d0
core   0: 0x80000474 (0xf1dff0ef) jal     pc - 0xe4
core   0: 3 0x80000474 (0xf1dff0ef) x1  0x80000478
core   0: 0x80000390 (0x00410113) addi    x2, x2, 4
core   0: 3 0x80000390 (0x00410113) x2  0x70000040
core   0: 0x80000394 (0xfe112e23) sw      x1, -4(x2)
core   0: 3 0x80000394 (0xfe112e23) mem 0x7000003c 0x80000478
core   0: 0x80000398 (0x80302573) csrr    x10, knl
core   0: 3 0x80000398 (0x80302573) x10 0x900e3000
core   0: 0x8000039c (0x00852283) lw      x5, 8(x10)
core   0: 3 0x8000039c (0x00852283) x5  0x00000002 mem 0x900e3008
core   0: 0x800003a0 (0x80002373) csrr    x6, tid
core   0: 3 0x800003a0 (0x80002373) x6  0x00000000
core   0: 0x800003a4 (0x5208a157) vid.v   v2
core   0: 3 0x800003a4 (0x5208a157) c8_vstart 0x00000000 e32 m1 l16 v2  0000ffff 0x0000000f 0000000e 0000000d 0000000c 0000000b 0000000a 00000009 00000008 00000007 00000006 00000005 00000004 00000003 00000002 00000001 00000000 
core   0: 0x800003a8 (0x02234057) vadd.vx v0, v2, x6
core   0: 3 0x800003a8 (0x02234057) c8_vstart 0x00000000 e32 m1 l16 v0  0000ffff 0x0000000f 0000000e 0000000d 0000000c 0000000b 0000000a 00000009 00000008 00000007 00000006 00000005 00000004 00000003 00000002 00000001 00000000 
core   0: 0x800003ac (0x01852e03) lw      x28, 24(x10)
core   0: 3 0x800003ac (0x01852e03) x28 0x0000000e mem 0x900e3018
core   0: 0x800003b0 (0x8a0e6057) vremu.vx v0, v0, x28
core   0: 3 0x800003b0 (0x8a0e6057) c8_vstart 0x00000000 e32 m1 l16 v0  0000ffff 0x00000001 00000000 0000000d 0000000c 0000000b 0000000a 00000009 00000008 00000007 00000006 00000005 00000004 00000003 00000002 00000001 00000000 
core   0: 0x800003b4 (0xffc12083) lw      x1, -4(x2)
core   0: 3 0x800003b4 (0xffc12083) x1  0x80000478 mem 0x7000003c
core   0: 0x800003b8 (0xffc10113) addi    x2, x2, -4
core   0: 3 0x800003b8 (0xffc10113) x2  0x7000003c
core   0: 0x800003bc (0x00008067) ret
core   0: 3 0x800003bc (0x00008067)
core   0: 0x80000478 (0x80302573) csrr    x10, knl
core   0: 3 0x80000478 (0x80302573) x10 0x900e3000
core   0: 0x8000047c (0x80802373) csrr    x6, gidx
core   0: 3 0x8000047c (0x80802373) x6  0x00000000
core   0: 0x80000480 (0x01852e03) lw      x28, 24(x10)
core   0: 3 0x80000480 (0x01852e03) x28 0x0000000e mem 0x900e3018
core   0: 0x80000484 (0x02452e83) lw      x29, 36(x10)
core   0: 3 0x80000484 (0x02452e83) x29 0x00000001 mem 0x900e3024
core   0: 0x80000488 (0x03c30fb3) mul     x31, x6, x28
core   0: 3 0x80000488 (0x03c30fb3) x31 0x00000000
core   0: 0x8000048c (0x01df8fb3) add     x31, x31, x29
core   0: 3 0x8000048c (0x01df8fb3) x31 0x00000001
core   0: 0x80000490 (0x020fc057) vadd.vx v0, v0, x31
core   0: 3 0x80000490 (0x020fc057) c8_vstart 0x00000000 e32 m1 l16 v0  0000ffff 0x00000002 00000001 0000000e 0000000d 0000000c 0000000b 0000000a 00000009 00000008 00000007 00000006 00000005 00000004 00000003 00000002 00000001 
core   0: 0x80000494 (0xffc12083) lw      x1, -4(x2)
core   0: 3 0x80000494 (0xffc12083) x1  0x800002d0 mem 0x70000038
core   0: 0x80000498 (0xffc10113) addi    x2, x2, -4
core   0: 3 0x80000498 (0xffc10113) x2  0x70000038
core   0: 0x8000049c (0x00008067) ret
core   0: 3 0x8000049c (0x00008067)
core   0: 0x800002d0 (0x0180006f) j       pc + 0x18
core   0: 3 0x800002d0 (0x0180006f)
core   0: 0x800002e8 (0x0000205b) join    v0, v0, pc + 0
core   0: 3 0x800002e8 (0x0000205b) current mask:	0000ffff current npc:	800002cc stack size: 0
core   0: 0x800002ec (0xffc12083) lw      x1, -4(x2)
core   0: 3 0x800002ec (0xffc12083) x1  0x8000013c mem 0x70000034
core   0: 0x800002f0 (0xffc10113) addi    x2, x2, -4
core   0: 3 0x800002f0 (0xffc10113) x2  0x70000034
core   0: 0x800002f4 (0x00008067) ret
core   0: 3 0x800002f4 (0x00008067)
core   0: 0x8000013c (0x0010200b) regext  x0, x0,  0 0 0 1 
core   0: 3 0x8000013c (0x0010200b)
core   0: 0x80000140 (0x020040d7) vadd.vx v1, v0, x0
core   0: 3 0x80000140 (0x020040d7) c8_vstart 0x00000000 e32 m1 l16 v33 0000ffff 0x00000002 00000001 0000000e 0000000d 0000000c 0000000b 0000000a 00000009 00000008 00000007 00000006 00000005 00000004 00000003 00000002 00000001 
core   0: 0x80000144 (0x00100293) li      x5, 1
core   0: 3 0x80000144 (0x00100293) x5  0x00000001
core   0: 0x80000148 (0x5e02c057) vmv.v.x v0, x5
core   0: 3 0x80000148 (0x5e02c057) c8_vstart 0x00000000 e32 m1 l16 v0  0000ffff 0x00000001 00000001 00000001 00000001 00000001 00000001 00000001 00000001 00000001 00000001 00000001 00000001 00000001 00000001 00000001 00000001 
core   0: 0x8000014c (0x140000ef) jal     pc + 0x140
core   0: 3 0x8000014c (0x140000ef) x1  0x80000150
core   0: 0x8000028c (0x00410113) addi    x2, x2, 4
core   0: 3 0x8000028c (0x00410113) x2  0x70000038
core   0: 0x80000290 (0xfe112e23) sw      x1, -4(x2)
core   0: 3 0x80000290 (0xfe112e23) mem 0x70000034 0x80000150
core   0: 0x80000294 (0x00200293) li      x5, 2
core   0: 3 0x80000294 (0x00200293) x5  0x00000002
core   0: 0x80000298 (0x5e02c0d7) vmv.v.x v1, x5
core   0: 3 0x80000298 (0x5e02c0d7) c8_vstart 0x00000000 e32 m1 l16 v1  0000ffff 0x00000002 00000002 00000002 00000002 00000002 00000002 00000002 00000002 00000002 00000002 00000002 00000002 00000002 00000002 00000002 00000002 
core   0: 0x8000029c (0x00000317) auipc   x6, 0x0
core   0: 3 0x8000029c (0x00000317) x6  0x8000029c
core   0: 0x800002a0 (0x04c3305b) setrpc  x0, x6, 76
core   0: 3 0x800002a0 (0x04c3305b) c2060_rpc 0x800002e8 current mask:	0000ffff current npc:	800002cc stack size: 0
core   0: 0x800002a4 (0x0200885b) vbeq    v0, v1, pc + 48
core   0: 3 0x800002a4 (0x0200885b) c8_vstart 0x00000000 e32 m1 l16 current mask:	0000ffff current npc:	800002a8 stack size: 0
core   0: 0x800002a8 (0x00100293) li      x5, 1
core   0: 3 0x800002a8 (0x00100293) x5  0x00000001
core   0: 0x800002ac (0x5e02c0d7) vmv.v.x v1, x5
core   0: 3 0x800002ac (0x5e02c0d7) c8_vstart 0x00000000 e32 m1 l16 v1  0000ffff 0x00000001 00000001 00000001 00000001 00000001 00000001 00000001 00000001 00000001 00000001 00000001 00000001 00000001 00000001 00000001 00000001 
core   0: 0x800002b0 (0x00000317) auipc   x6, 0x0
core   0: 3 0x800002b0 (0x00000317) x6  0x800002b0
core   0: 0x800002b4 (0x0383305b) setrpc  x0, x6, 56
core   0: 3 0x800002b4 (0x0383305b) c2060_rpc 0x800002e8 current mask:	0000ffff current npc:	800002a8 stack size: 0
core   0: 0x800002b8 (0x0200825b) vbeq    v0, v1, pc + 36
core   0: 3 0x800002b8 (0x0200825b) c8_vstart 0x00000000 e32 m1 l16 current mask:	0000ffff current npc:	800002dc stack size: 0
core   0: 0x800002dc (0x1c4000ef) jal     pc + 0x1c4
core   0: 3 0x800002dc (0x1c4000ef) x1  0x800002e0
core   0: 0x800004a0 (0x00410113) addi    x2, x2, 4
core   0: 3 0x800004a0 (0x00410113) x2  0x7000003c
core   0: 0x800004a4 (0xfe112e23) sw      x1, -4(x2)
core   0: 3 0x800004a4 (0xfe112e23) mem 0x70000038 0x800002e0
core   0: 0x800004a8 (0xf19ff0ef) jal     pc - 0xe8
core   0: 3 0x800004a8 (0xf19ff0ef) x1  0x800004ac
core   0: 0x800003c0 (0x00410113) addi    x2, x2, 4
core   0: 3 0x800003c0 (0x00410113) x2  0x70000040
core   0: 0x800003c4 (0xfe112e23) sw      x1, -4(x2)
core   0: 3 0x800003c4 (0xfe112e23) mem 0x7000003c 0x800004ac
core   0: 0x800003c8 (0x80302573) csrr    x10, knl
core   0: 3 0x800003c8 (0x80302573) x10 0x900e3000
core   0: 0x800003cc (0x00852283) lw      x5, 8(x10)
core   0: 3 0x800003cc (0x00852283) x5  0x00000002 mem 0x900e3008
core   0: 0x800003d0 (0x80002373) csrr    x6, tid
core   0: 3 0x800003d0 (0x80002373) x6  0x00000000
core   0: 0x800003d4 (0x5208a157) vid.v   v2
core   0: 3 0x800003d4 (0x5208a157) c8_vstart 0x00000000 e32 m1 l16 v2  0000ffff 0x0000000f 0000000e 0000000d 0000000c 0000000b 0000000a 00000009 00000008 00000007 00000006 00000005 00000004 00000003 00000002 00000001 00000000 
core   0: 0x800003d8 (0x02234057) vadd.vx v0, v2, x6
core   0: 3 0x800003d8 (0x02234057) c8_vstart 0x00000000 e32 m1 l16 v0  0000ffff 0x0000000f 0000000e 0000000d 0000000c 0000000b 0000000a 00000009 00000008 00000007 00000006 00000005 00000004 00000003 00000002 00000001 00000000 
core   0: 0x800003dc (0x01852e03) lw      x28, 24(x10)
core   0: 3 0x800003dc (0x01852e03) x28 0x0000000e mem 0x900e3018
core   0: 0x800003e0 (0x01c52e83) lw      x29, 28(x10)
core   0: 3 0x800003e0 (0x01c52e83) x29 0x00000001 mem 0x900e301c
core   0: 0x800003e4 (0x03ce8f33) mul     x30, x29, x28
core   0: 3 0x800003e4 (0x03ce8f33) x30 0x0000000e
core   0: 0x800003e8 (0x8a0f6057) vremu.vx v0, v0, x30
core   0: 3 0x800003e8 (0x8a0f6057) c8_vstart 0x00000000 e32 m1 l16 v0  0000ffff 0x00000001 00000000 0000000d 0000000c 0000000b 0000000a 00000009 00000008 00000007 00000006 00000005 00000004 00000003 00000002 00000001 00000000 
core   0: 0x800003ec (0x820e6057) vdivu.vx v0, v0, x28
core   0: 3 0x800003ec (0x820e6057) c8_vstart 0x00000000 e32 m1 l16 v0  0000ffff 0x00000000 00000000 00000000 00000000 00000000 00000000 00000000 00000000 00000000 00000000 00000000 00000000 00000000 00000000 00000000 00000000 
core   0: 0x800003f0 (0x5e0ec0d7) vmv.v.x v1, x29
core   0: 3 0x800003f0 (0x5e0ec0d7) c8_vstart 0x00000000 e32 m1 l16 v1  0000ffff 0x00000001 00000001 00000001 00000001 00000001 00000001 00000001 00000001 00000001 00000001 00000001 00000001 00000001 00000001 00000001 00000001 
core   0: 0x800003f4 (0x00000317) auipc   x6, 0x0
core   0: 3 0x800003f4 (0x00000317) x6  0x800003f4
core   0: 0x800003f8 (0x0143305b) setrpc  x0, x6, 20
core   0: 3 0x800003f8 (0x0143305b) c2060_rpc 0x80000408 current mask:	0000ffff current npc:	800002dc stack size: 0
core   0: 0x800003fc (0x0000c65b) vblt    v0, v1, pc + 12
core   0: 3 0x800003fc (0x0000c65b) c8_vstart 0x00000000 e32 m1 l16 current mask:	0000ffff current npc:	80000408 stack size: 0
core   0: 0x80000408 (0x0000205b) join    v0, v0, pc + 0
core   0: 3 0x80000408 (0x0000205b) current mask:	0000ffff current npc:	80000408 stack size: 0
core   0: 0x8000040c (0xffc12083) lw      x1, -4(x2)
core   0: 3 0x8000040c (0xffc12083) x1  0x800004ac mem 0x7000003c
core   0: 0x80000410 (0xffc10113) addi    x2, x2, -4
core   0: 3 0x80000410 (0xffc10113) x2  0x7000003c
core   0: 0x80000414 (0x00008067) ret
core   0: 3 0x80000414 (0x00008067)
core   0: 0x800004ac (0x80902373) csrr    x6, gidy
core   0: 3 0x800004ac (0x80902373) x6  0x00000005
core   0: 0x800004b0 (0x01c52383) lw      x7, 28(x10)
core   0: 3 0x800004b0 (0x01c52383) x7  0x00000001 mem 0x900e301c
core   0: 0x800004b4 (0x02852e83) lw      x29, 40(x10)
core   0: 3 0x800004b4 (0x02852e83) x29 0x00000001 mem 0x900e3028
core   0: 0x800004b8 (0x02730e33) mul     x28, x6, x7
core   0: 3 0x800004b8 (0x02730e33) x28 0x00000005
core   0: 0x800004bc (0x01de0e33) add     x28, x28, x29
core   0: 3 0x800004bc (0x01de0e33) x28 0x00000006
core   0: 0x800004c0 (0x020e4057) vadd.vx v0, v0, x28
core   0: 3 0x800004c0 (0x020e4057) c8_vstart 0x00000000 e32 m1 l16 v0  0000ffff 0x00000006 00000006 00000006 00000006 00000006 00000006 00000006 00000006 00000006 00000006 00000006 00000006 00000006 00000006 00000006 00000006 
core   0: 0x800004c4 (0xffc12083) lw      x1, -4(x2)
core   0: 3 0x800004c4 (0xffc12083) x1  0x800002e0 mem 0x70000038
core   0: 0x800004c8 (0xffc10113) addi    x2, x2, -4
core   0: 3 0x800004c8 (0xffc10113) x2  0x70000038
core   0: 0x800004cc (0x00008067) ret
core   0: 3 0x800004cc (0x00008067)
core   0: 0x800002e0 (0x0080006f) j       pc + 0x8
core   0: 3 0x800002e0 (0x0080006f)
core   0: 0x800002e8 (0x0000205b) join    v0, v0, pc + 0
core   0: 3 0x800002e8 (0x0000205b) current mask:	0000ffff current npc:	80000408 stack size: 0
core   0: 0x800002ec (0xffc12083) lw      x1, -4(x2)
core   0: 3 0x800002ec (0xffc12083) x1  0x80000150 mem 0x70000034
core   0: 0x800002f0 (0xffc10113) addi    x2, x2, -4
core   0: 3 0x800002f0 (0xffc10113) x2  0x70000034
core   0: 0x800002f4 (0x00008067) ret
core   0: 3 0x800002f4 (0x00008067)
core   0: 0x80000150 (0xfd012283) lw      x5, -48(x2)
core   0: 3 0x80000150 (0xfd012283) x5  0x00000010 mem 0x70000004
core   0: 0x80000154 (0x5e02c0d7) vmv.v.x v1, x5
core   0: 3 0x80000154 (0x5e02c0d7) c8_vstart 0x00000000 e32 m1 l16 v1  0000ffff 0x00000010 00000010 00000010 00000010 00000010 00000010 00000010 00000010 00000010 00000010 00000010 00000010 00000010 00000010 00000010 00000010 
core   0: 0x80000158 (0x0400200b) regext  x0, x0,  0 1 0 0 
core   0: 3 0x80000158 (0x0400200b)
core   0: 0x8000015c (0xa612e057) vmadd.vx v0, v1, x5
core   0: 3 0x8000015c (0xa612e057) c8_vstart 0x00000000 e32 m1 l16 v0  0000ffff 0x00000062 00000061 0000006e 0000006d 0000006c 0000006b 0000006a 00000069 00000068 00000067 00000066 00000065 00000064 00000063 00000062 00000061 
core   0: 0x80000160 (0x0010110b) vsub12.vi v2, v0, 1
core   0: 3 0x80000160 (0x0010110b) c8_vstart 0x00000000 e32 m1 l16 v2  0000ffff 0x00000061 00000060 0000006d 0000006c 0000006b 0000006a 00000069 00000068 00000067 00000066 00000065 00000064 00000063 00000062 00000061 00000060 
core   0: 0x80000164 (0x0a2081d7) vsub.vv v3, v2, v1
core   0: 3 0x80000164 (0x0a2081d7) c8_vstart 0x00000000 e32 m1 l16 v3  0000ffff 0x00000051 00000050 0000005d 0000005c 0000005b 0000005a 00000059 00000058 00000057 00000056 00000055 00000054 00000053 00000052 00000051 00000050 
core   0: 0x80000168 (0x963131d7) vsll.vi v3, v3, 2
core   0: 3 0x80000168 (0x963131d7) c8_vstart 0x00000000 e32 m1 l16 v3  0000ffff 0x00000144 00000140 00000174 00000170 0000016c 00000168 00000164 00000160 0000015c 00000158 00000154 00000150 0000014c 00000148 00000144 00000140 
core   0: 0x8000016c (0xfd412283) lw      x5, -44(x2)
core   0: 3 0x8000016c (0xfd412283) x5  0x90000000 mem 0x70000008
core   0: 0x80000170 (0x5e02c257) vmv.v.x v4, x5
core   0: 3 0x80000170 (0x5e02c257) c8_vstart 0x00000000 e32 m1 l16 v4  0000ffff 0x90000000 90000000 90000000 90000000 90000000 90000000 90000000 90000000 90000000 90000000 90000000 90000000 90000000 90000000 90000000 90000000 
core   0: 0x80000174 (0x0232c1d7) vadd.vx v3, v3, x5
core   0: 3 0x80000174 (0x0232c1d7) c8_vstart 0x00000000 e32 m1 l16 v3  0000ffff 0x90000144 90000140 90000174 90000170 9000016c 90000168 90000164 90000160 9000015c 90000158 90000154 90000150 9000014c 90000148 90000144 90000140 
core   0: 0x80000178 (0x0a0082d7) vsub.vv v5, v0, v1
core   0: 3 0x80000178 (0x0a0082d7) c8_vstart 0x00000000 e32 m1 l16 v5  0000ffff 0x00000052 00000051 0000005e 0000005d 0000005c 0000005b 0000005a 00000059 00000058 00000057 00000056 00000055 00000054 00000053 00000052 00000051 
core   0: 0x8000017c (0x965132d7) vsll.vi v5, v5, 2
core   0: 3 0x8000017c (0x965132d7) c8_vstart 0x00000000 e32 m1 l16 v5  0000ffff 0x00000148 00000144 00000178 00000174 00000170 0000016c 00000168 00000164 00000160 0000015c 00000158 00000154 00000150 0000014c 00000148 00000144 
core   0: 0x80000180 (0x024282d7) vadd.vv v5, v4, v5
core   0: 3 0x80000180 (0x024282d7) c8_vstart 0x00000000 e32 m1 l16 v5  0000ffff 0x90000148 90000144 90000178 90000174 90000170 9000016c 90000168 90000164 90000160 9000015c 90000158 90000154 90000150 9000014c 90000148 90000144 
core   0: 0x80000184 (0x0002a2fb) vlw12.v v5, v5, 0
core   0: 3 0x80000184 (0x0002a2fb) e32 m1 l16 v5  0000ffff 0x41f3a5e2 424d8e5d 413071e6 41f54138 41125973 412ecc1a 4125807a 427187ac 41dea313 40231f08 41bb52b8 4118f190 4244cf3c 424b26f7 41f3a5e2 424d8e5d  c8_vstart 0x00000000 mem 0x90000144 mem 0x90000148 mem 0x9000014c mem 0x90000150 mem 0x90000154 mem 0x90000158 mem 0x9000015c mem 0x90000160 mem 0x90000164 mem 0x90000168 mem 0x9000016c mem 0x90000170 mem 0x90000174 mem 0x90000178 mem 0x90000144 mem 0x90000148
core   0: 0x80000188 (0x0001a1fb) vlw12.v v3, v3, 0
core   0: 3 0x80000188 (0x0001a1fb) e32 m1 l16 v3  0000ffff 0x424d8e5d 4257f9c1 41f54138 41125973 412ecc1a 4125807a 427187ac 41dea313 40231f08 41bb52b8 4118f190 4244cf3c 424b26f7 41f3a5e2 424d8e5d 4257f9c1  c8_vstart 0x00000000 mem 0x90000140 mem 0x90000144 mem 0x90000148 mem 0x9000014c mem 0x90000150 mem 0x90000154 mem 0x90000158 mem 0x9000015c mem 0x90000160 mem 0x90000164 mem 0x90000168 mem 0x9000016c mem 0x90000170 mem 0x90000174 mem 0x90000140 mem 0x90000144
core   0: 0x8000018c (0xfd812283) lw      x5, -40(x2)
core   0: 3 0x8000018c (0xfd812283) x5  0x3f800000 mem 0x7000000c
core   0: 0x80000190 (0x5e02c357) vmv.v.x v6, x5
core   0: 3 0x80000190 (0x5e02c357) c8_vstart 0x00000000 e32 m1 l16 v6  0000ffff 0x3f800000 3f800000 3f800000 3f800000 3f800000 3f800000 3f800000 3f800000 3f800000 3f800000 3f800000 3f800000 3f800000 3f800000 3f800000 3f800000 
core   0: 0x80000194 (0x925312d7) vfmul.vv v5, v5, v6
core   0: 3 0x80000194 (0x925312d7) c8_vstart 0x00000000 e32 m1 l16 v5  0000ffff 0x41f3a5e2 424d8e5d 413071e6 41f54138 41125973 412ecc1a 4125807a 427187ac 41dea313 40231f08 41bb52b8 4118f190 4244cf3c 424b26f7 41f3a5e2 424d8e5d 
core   0: 0x80000198 (0x0200b357) vadd.vi v6, v0, 1
core   0: 3 0x80000198 (0x0200b357) c8_vstart 0x00000000 e32 m1 l16 v6  0000ffff 0x00000063 00000062 0000006f 0000006e 0000006d 0000006c 0000006b 0000006a 00000069 00000068 00000067 00000066 00000065 00000064 00000063 00000062 
core   0: 0x8000019c (0x0a6083d7) vsub.vv v7, v6, v1
core   0: 3 0x8000019c (0x0a6083d7) c8_vstart 0x00000000 e32 m1 l16 v7  0000ffff 0x00000053 00000052 0000005f 0000005e 0000005d 0000005c 0000005b 0000005a 00000059 00000058 00000057 00000056 00000055 00000054 00000053 00000052 
core   0: 0x800001a0 (0x967133d7) vsll.vi v7, v7, 2
core   0: 3 0x800001a0 (0x967133d7) c8_vstart 0x00000000 e32 m1 l16 v7  0000ffff 0x0000014c 00000148 0000017c 00000178 00000174 00000170 0000016c 00000168 00000164 00000160 0000015c 00000158 00000154 00000150 0000014c 00000148 
core   0: 0x800001a4 (0x024383d7) vadd.vv v7, v4, v7
core   0: 3 0x800001a4 (0x024383d7) c8_vstart 0x00000000 e32 m1 l16 v7  0000ffff 0x9000014c 90000148 9000017c 90000178 90000174 90000170 9000016c 90000168 90000164 90000160 9000015c 90000158 90000154 90000150 9000014c 90000148 
core   0: 0x800001a8 (0x0003a3fb) vlw12.v v7, v7, 0
core   0: 3 0x800001a8 (0x0003a3fb) e32 m1 l16 v7  0000ffff 0x424b26f7 41f3a5e2 42427e21 413071e6 41f54138 41125973 412ecc1a 4125807a 427187ac 41dea313 40231f08 41bb52b8 4118f190 4244cf3c 424b26f7 41f3a5e2  c8_vstart 0x00000000 mem 0x90000148 mem 0x9000014c mem 0x90000150 mem 0x90000154 mem 0x90000158 mem 0x9000015c mem 0x90000160 mem 0x90000164 mem 0x90000168 mem 0x9000016c mem 0x90000170 mem 0x90000174 mem 0x90000178 mem 0x9000017c mem 0x90000148 mem 0x9000014c
core   0: 0x800001ac (0x96213457) vsll.vi v8, v2, 2
core   0: 3 0x800001ac (0x96213457) c8_vstart 0x00000000 e32 m1 l16 v8  0000ffff 0x00000184 00000180 000001b4 000001b0 000001ac 000001a8 000001a4 000001a0 0000019c 00000198 00000194 00000190 0000018c 00000188 00000184 00000180 
core   0: 0x800001b0 (0x02440457) vadd.vv v8, v4, v8
core   0: 3 0x800001b0 (0x02440457) c8_vstart 0x00000000 e32 m1 l16 v8  0000ffff 0x90000184 90000180 900001b4 900001b0 900001ac 900001a8 900001a4 900001a0 9000019c 90000198 90000194 90000190 9000018c 90000188 90000184 90000180 
core   0: 0x800001b4 (0x0004247b) vlw12.v v8, v8, 0
core   0: 3 0x800001b4 (0x0004247b) e32 m1 l16 v8  0000ffff 0x424d87cc 425d7bfb 40cfb2ff 42c7d64c 412d36d5 420df551 41f66212 42438987 42bbf28b 42adc58e 42c6386a 42535855 414b8494 42c0fddb 424d87cc 425d7bfb  c8_vstart 0x00000000 mem 0x90000180 mem 0x90000184 mem 0x90000188 mem 0x9000018c mem 0x90000190 mem 0x90000194 mem 0x90000198 mem 0x9000019c mem 0x900001a0 mem 0x900001a4 mem 0x900001a8 mem 0x900001ac mem 0x900001b0 mem 0x900001b4 mem 0x90000180 mem 0x90000184
core   0: 0x800001b8 (0x960134d7) vsll.vi v9, v0, 2
core   0: 3 0x800001b8 (0x960134d7) c8_vstart 0x00000000 e32 m1 l16 v9  0000ffff 0x00000188 00000184 000001b8 000001b4 000001b0 000001ac 000001a8 000001a4 000001a0 0000019c 00000198 00000194 00000190 0000018c 00000188 00000184 
core   0: 0x800001bc (0x02448557) vadd.vv v10, v4, v9
core   0: 3 0x800001bc (0x02448557) c8_vstart 0x00000000 e32 m1 l16 v10 0000ffff 0x90000188 90000184 900001b8 900001b4 900001b0 900001ac 900001a8 900001a4 900001a0 9000019c 90000198 90000194 90000190 9000018c 90000188 90000184 
core   0: 0x800001c0 (0x0005257b) vlw12.v v10, v10, 0
core   0: 3 0x800001c0 (0x0005257b) e32 m1 l16 v10 0000ffff 0x42c0fddb 424d87cc 42a3e6bb 40cfb2ff 42c7d64c 412d36d5 420df551 41f66212 42438987 42bbf28b 42adc58e 42c6386a 42535855 414b8494 42c0fddb 424d87cc  c8_vstart 0x00000000 mem 0x90000184 mem 0x90000188 mem 0x9000018c mem 0x90000190 mem 0x90000194 mem 0x90000198 mem 0x9000019c mem 0x900001a0 mem 0x900001a4 mem 0x900001a8 mem 0x900001ac mem 0x900001b0 mem 0x900001b4 mem 0x900001b8 mem 0x90000184 mem 0x90000188
core   0: 0x800001c4 (0x966135d7) vsll.vi v11, v6, 2
core   0: 3 0x800001c4 (0x966135d7) c8_vstart 0x00000000 e32 m1 l16 v11 0000ffff 0x0000018c 00000188 000001bc 000001b8 000001b4 000001b0 000001ac 000001a8 000001a4 000001a0 0000019c 00000198 00000194 00000190 0000018c 00000188 
core   0: 0x800001c8 (0x024585d7) vadd.vv v11, v4, v11
core   0: 3 0x800001c8 (0x024585d7) c8_vstart 0x00000000 e32 m1 l16 v11 0000ffff 0x9000018c 90000188 900001bc 900001b8 900001b4 900001b0 900001ac 900001a8 900001a4 900001a0 9000019c 90000198 90000194 90000190 9000018c 90000188 
core   0: 0x800001cc (0x0005a5fb) vlw12.v v11, v11, 0
core   0: 3 0x800001cc (0x0005a5fb) e32 m1 l16 v11 0000ffff 0x414b8494 42c0fddb 4257a659 42a3e6bb 40cfb2ff 42c7d64c 412d36d5 420df551 41f66212 42438987 42bbf28b 42adc58e 42c6386a 42535855 414b8494 42c0fddb  c8_vstart 0x00000000 mem 0x90000188 mem 0x9000018c mem 0x90000190 mem 0x90000194 mem 0x90000198 mem 0x9000019c mem 0x900001a0 mem 0x900001a4 mem 0x900001a8 mem 0x900001ac mem 0x900001b0 mem 0x900001b4 mem 0x900001b8 mem 0x900001bc mem 0x90000188 mem 0x9000018c
core   0: 0x800001d0 (0x02208157) vadd.vv v2, v2, v1
core   0: 3 0x800001d0 (0x02208157) c8_vstart 0x00000000 e32 m1 l16 v2  0000ffff 0x00000071 00000070 0000007d 0000007c 0000007b 0000007a 00000079 00000078 00000077 00000076 00000075 00000074 00000073 00000072 00000071 00000070 
core   0: 0x800001d4 (0x96213157) vsll.vi v2, v2, 2
core   0: 3 0x800001d4 (0x96213157) c8_vstart 0x00000000 e32 m1 l16 v2  0000ffff 0x000001c4 000001c0 000001f4 000001f0 000001ec 000001e8 000001e4 000001e0 000001dc 000001d8 000001d4 000001d0 000001cc 000001c8 000001c4 000001c0 
core   0: 0x800001d8 (0x02410157) vadd.vv v2, v4, v2
core   0: 3 0x800001d8 (0x02410157) c8_vstart 0x00000000 e32 m1 l16 v2  0000ffff 0x900001c4 900001c0 900001f4 900001f0 900001ec 900001e8 900001e4 900001e0 900001dc 900001d8 900001d4 900001d0 900001cc 900001c8 900001c4 900001c0 
core   0: 0x800001dc (0x0001217b) vlw12.v v2, v2, 0
core   0: 3 0x800001dc (0x0001217b) e32 m1 l16 v2  0000ffff 0x4146819c 426784bd 428f7eea 424a86a3 42c34a5b 4272e15b 419fcc10 42b0ff2c 42472e54 411a17a6 41e0ed57 41afb996 40e29fc9 40966a81 4146819c 426784bd  c8_vstart 0x00000000 mem 0x900001c0 mem 0x900001c4 mem 0x900001c8 mem 0x900001cc mem 0x900001d0 mem 0x900001d4 mem 0x900001d8 mem 0x900001dc mem 0x900001e0 mem 0x900001e4 mem 0x900001e8 mem 0x900001ec mem 0x900001f0 mem 0x900001f4 mem 0x900001c0 mem 0x900001c4
core   0: 0x800001e0 (0x02008057) vadd.vv v0, v0, v1
core   0: 3 0x800001e0 (0x02008057) c8_vstart 0x00000000 e32 m1 l16 v0  0000ffff 0x00000072 00000071 0000007e 0000007d 0000007c 0000007b 0000007a 00000079 00000078 00000077 00000076 00000075 00000074 00000073 00000072 00000071 
core   0: 0x800001e4 (0x96013057) vsll.vi v0, v0, 2
core   0: 3 0x800001e4 (0x96013057) c8_vstart 0x00000000 e32 m1 l16 v0  0000ffff 0x000001c8 000001c4 000001f8 000001f4 000001f0 000001ec 000001e8 000001e4 000001e0 000001dc 000001d8 000001d4 000001d0 000001cc 000001c8 000001c4 
core   0: 0x800001e8 (0x02400057) vadd.vv v0, v4, v0
core   0: 3 0x800001e8 (0x02400057) c8_vstart 0x00000000 e32 m1 l16 v0  0000ffff 0x900001c8 900001c4 900001f8 900001f4 900001f0 900001ec 900001e8 900001e4 900001e0 900001dc 900001d8 900001d4 900001d0 900001cc 900001c8 900001c4 
core   0: 0x800001ec (0x0000207b) vlw12.v v0, v0, 0
core   0: 3 0x800001ec (0x0000207b) e32 m1 l16 v0  0000ffff 0x40966a81 4146819c 423912d7 428f7eea 424a86a3 42c34a5b 4272e15b 419fcc10 42b0ff2c 42472e54 411a17a6 41e0ed57 41afb996 40e29fc9 40966a81 4146819c  c8_vstart 0x00000000 mem 0x900001c4 mem 0x900001c8 mem 0x900001cc mem 0x900001d0 mem 0x900001d4 mem 0x900001d8 mem 0x900001dc mem 0x900001e0 mem 0x900001e4 mem 0x900001e8 mem 0x900001ec mem 0x900001f0 mem 0x900001f4 mem 0x900001f8 mem 0x900001c4 mem 0x900001c8
core   0: 0x800001f0 (0x026080d7) vadd.vv v1, v6, v1
core   0: 3 0x800001f0 (0x026080d7) c8_vstart 0x00000000 e32 m1 l16 v1  0000ffff 0x00000073 00000072 0000007f 0000007e 0000007d 0000007c 0000007b 0000007a 00000079 00000078 00000077 00000076 00000075 00000074 00000073 00000072 
core   0: 0x800001f4 (0x961130d7) vsll.vi v1, v1, 2
core   0: 3 0x800001f4 (0x961130d7) c8_vstart 0x00000000 e32 m1 l16 v1  0000ffff 0x000001cc 000001c8 000001fc 000001f8 000001f4 000001f0 000001ec 000001e8 000001e4 000001e0 000001dc 000001d8 000001d4 000001d0 000001cc 000001c8 
core   0: 0x800001f8 (0x024080d7) vadd.vv v1, v4, v1
core   0: 3 0x800001f8 (0x024080d7) c8_vstart 0x00000000 e32 m1 l16 v1  0000ffff 0x900001cc 900001c8 900001fc 900001f8 900001f4 900001f0 900001ec 900001e8 900001e4 900001e0 900001dc 900001d8 900001d4 900001d0 900001cc 900001c8 
core   0: 0x800001fc (0x0000a0fb) vlw12.v v1, v1, 0
core   0: 3 0x800001fc (0x0000a0fb) e32 m1 l16 v1  0000ffff 0x40e29fc9 40966a81 40c014fd 423912d7 428f7eea 424a86a3 42c34a5b 4272e15b 419fcc10 42b0ff2c 42472e54 411a17a6 41e0ed57 41afb996 40e29fc9 40966a81  c8_vstart 0x00000000 mem 0x900001c8 mem 0x900001cc mem 0x900001d0 mem 0x900001d4 mem 0x900001d8 mem 0x900001dc mem 0x900001e0 mem 0x900001e4 mem 0x900001e8 mem 0x900001ec mem 0x900001f0 mem 0x900001f4 mem 0x900001f8 mem 0x900001fc mem 0x900001c8 mem 0x900001cc
core   0: 0x80000200 (0xfdc12283) lw      x5, -36(x2)
core   0: 3 0x80000200 (0xfdc12283) x5  0x3f800000 mem 0x70000010
core   0: 0x80000204 (0x5e02c257) vmv.v.x v4, x5
core   0: 3 0x80000204 (0x5e02c257) c8_vstart 0x00000000 e32 m1 l16 v4  0000ffff 0x3f800000 3f800000 3f800000 3f800000 3f800000 3f800000 3f800000 3f800000 3f800000 3f800000 3f800000 3f800000 3f800000 3f800000 3f800000 3f800000 
core   0: 0x80000208 (0xa25211d7) vfmadd.vv v3, v5, v4
core   0: 3 0x80000208 (0xa25211d7) c8_vstart 0x00000000 c1_fflags 0x00000001 e32 m1 l16 v3  0000ffff 0x42a3b0a7 42d2c40f 4226bd16 421f36f9 41a092c6 41aa264a 428d73e5 42b06c9b 41f306f4 41cfb699 4203e5c0 426b0ba0 42c7fb1a 42a27cf4 42a3b0a7 42d2c40f 
core   0: 0x8000020c (0xfe012283) lw      x5, -32(x2)
core   0: 3 0x8000020c (0xfe012283) x5  0x3f800000 mem 0x70000014
core   0: 0x80000210 (0x5e02c257) vmv.v.x v4, x5
core   0: 3 0x80000210 (0x5e02c257) c8_vstart 0x00000000 e32 m1 l16 v4  0000ffff 0x3f800000 3f800000 3f800000 3f800000 3f800000 3f800000 3f800000 3f800000 3f800000 3f800000 3f800000 3f800000 3f800000 3f800000 3f800000 3f800000 
core   0: 0x80000214 (0xa23213d7) vfmadd.vv v7, v3, v4
core   0: 3 0x80000214 (0xa23213d7) c8_vstart 0x00000000 c1_fflags 0x00000001 e32 m1 l16 v7  0000ffff 0x4304a211 4307d6c4 42b49d9c 424b5372 424ae9ff 41f35304 42a34d68 42c51caa 42b58593 42572cd6 420e17b0 42a45a7e 42db194c 43027249 4304a211 4307d6c4 
core   0: 0x80000218 (0xfe412283) lw      x5, -28(x2)
core   0: 3 0x80000218 (0xfe412283) x5  0x3f800000 mem 0x70000018
core   0: 0x8000021c (0x5e02c1d7) vmv.v.x v3, x5
core   0: 3 0x8000021c (0x5e02c1d7) c8_vstart 0x00000000 e32 m1 l16 v3  0000ffff 0x3f800000 3f800000 3f800000 3f800000 3f800000 3f800000 3f800000 3f800000 3f800000 3f800000 3f800000 3f800000 3f800000 3f800000 3f800000 3f800000 
core   0: 0x80000220 (0xa2719457) vfmadd.vv v8, v7, v3
core   0: 3 0x80000220 (0xa2719457) c8_vstart 0x00000000 c1_fflags 0x00000001 e32 m1 l16 v8  0000ffff 0x43380404 433f35c3 42c198cc 4316c002 427637b4 4283cf6a 42e0e5ec 431370b7 4338bc0f 430cadfc 4306a221 43070354 42f489de 4362f136 43380404 433f35c3 
core   0: 0x80000224 (0xfe812283) lw      x5, -24(x2)
core   0: 3 0x80000224 (0xfe812283) x5  0x3f800000 mem 0x7000001c
core   0: 0x80000228 (0x5e02c1d7) vmv.v.x v3, x5
core   0: 3 0x80000228 (0x5e02c1d7) c8_vstart 0x00000000 e32 m1 l16 v3  0000ffff 0x3f800000 3f800000 3f800000 3f800000 3f800000 3f800000 3f800000 3f800000 3f800000 3f800000 3f800000 3f800000 3f800000 3f800000 3f800000 3f800000 
core   0: 0x8000022c (0xa2819557) vfmadd.vv v10, v8, v3
core   0: 3 0x8000022c (0xa2819557) c8_vstart 0x00000000 c1_fflags 0x00000001 e32 m1 l16 v10 0000ffff 0x438c4179 437297b6 4332bfc4 431d3d9a 43217913 42997645 4313f04a 43323cf9 43699e71 436aa742 435d84e8 436a1f89 432f1b04 436fa97f 438c4179 437297b6 
core   0: 0x80000230 (0xfec12283) lw      x5, -20(x2)
core   0: 3 0x80000230 (0xfec12283) x5  0x3f800000 mem 0x70000020
core   0: 0x80000234 (0x5e02c1d7) vmv.v.x v3, x5
core   0: 3 0x80000234 (0x5e02c1d7) c8_vstart 0x00000000 e32 m1 l16 v3  0000ffff 0x3f800000 3f800000 3f800000 3f800000 3f800000 3f800000 3f800000 3f800000 3f800000 3f800000 3f800000 3f800000 3f800000 3f800000 3f800000 3f800000 
core   0: 0x80000238 (0xa2a195d7) vfmadd.vv v11, v10, v3
core   0: 3 0x80000238 (0xa2a195d7) c8_vstart 0x00000000 c1_fflags 0x00000001 e32 m1 l16 v11 0000ffff 0x43929d9e 43a98b52 4368a95a 436f30f8 4327f6ab 4330a648 431ec3b7 4355ba4d 4384355a 438dc4d2 439dbf17 43a08128 43891b9c 43923fca 43929d9e 43a98b52 
core   0: 0x8000023c (0xff012283) lw      x5, -16(x2)
core   0: 3 0x8000023c (0xff012283) x5  0x3f800000 mem 0x70000024
core   0: 0x80000240 (0x5e02c1d7) vmv.v.x v3, x5
core   0: 3 0x80000240 (0x5e02c1d7) c8_vstart 0x00000000 e32 m1 l16 v3  0000ffff 0x3f800000 3f800000 3f800000 3f800000 3f800000 3f800000 3f800000 3f800000 3f800000 3f800000 3f800000 3f800000 3f800000 3f800000 3f800000 3f800000 
core   0: 0x80000244 (0xa2b19157) vfmadd.vv v2, v11, v3
core   0: 3 0x80000244 (0xa2b19157) c8_vstart 0x00000000 c1_fflags 0x00000001 e32 m1 l16 v2  0000ffff 0x4398d1ab 43c67bea 43983468 4390e950 4384cdec 436d5e9f 4332bd39 43971cf2 439d1b24 4392958f 43abcdec 43ab7cc1 438ca61b 43949974 4398d1ab 43c67bea 
core   0: 0x80000248 (0xff412283) lw      x5, -12(x2)
core   0: 3 0x80000248 (0xff412283) x5  0x3f800000 mem 0x70000028
core   0: 0x8000024c (0x5e02c1d7) vmv.v.x v3, x5
core   0: 3 0x8000024c (0x5e02c1d7) c8_vstart 0x00000000 e32 m1 l16 v3  0000ffff 0x3f800000 3f800000 3f800000 3f800000 3f800000 3f800000 3f800000 3f800000 3f800000 3f800000 3f800000 3f800000 3f800000 3f800000 3f800000 3f800000 
core   0: 0x80000250 (0xa2219057) vfmadd.vv v0, v2, v3
core   0: 3 0x80000250 (0xa2219057) c8_vstart 0x00000000 c1_fflags 0x00000001 e32 m1 l16 v0  0000ffff 0x439b2b55 43ccaff7 43af56c3 43b4c90a 439e1ec0 43a781e6 436f7590 43a119b3 43c95aef 43ab7b5a 43b09ea9 43b98b96 4397a1b4 439823f3 439b2b55 43ccaff7 
core   0: 0x80000254 (0xff812283) lw      x5, -8(x2)
core   0: 3 0x80000254 (0xff812283) x5  0x3f800000 mem 0x7000002c
core   0: 0x80000258 (0x5e02c157) vmv.v.x v2, x5
core   0: 3 0x80000258 (0x5e02c157) c8_vstart 0x00000000 e32 m1 l16 v2  0000ffff 0x3f800000 3f800000 3f800000 3f800000 3f800000 3f800000 3f800000 3f800000 3f800000 3f800000 3f800000 3f800000 3f800000 3f800000 3f800000 3f800000 
core   0: 0x8000025c (0xa20110d7) vfmadd.vv v1, v0, v2
core   0: 3 0x8000025c (0xa20110d7) c8_vstart 0x00000000 c1_fflags 0x00000001 e32 m1 l16 v1  0000ffff 0x439eb5d4 43cf09a1 43b25717 43cbeb65 43c1fe7a 43c0d2ba 43a88d5f 43bf75de 43d357b0 43d7bb25 43c98474 43be5c53 43a5b089 43a31f8c 439eb5d4 43cf09a1 
core   0: 0x80000260 (0xffc12283) lw      x5, -4(x2)
core   0: 3 0x80000260 (0xffc12283) x5  0x90001000 mem 0x70000030
core   0: 0x80000264 (0x0292c057) vadd.vx v0, v9, x5
core   0: 3 0x80000264 (0x0292c057) c8_vstart 0x00000000 e32 m1 l16 v0  0000ffff 0x90001188 90001184 900011b8 900011b4 900011b0 900011ac 900011a8 900011a4 900011a0 9000119c 90001198 90001194 90001190 9000118c 90001188 90001184 
core   0: 0x80000268 (0x0010607b) vsw12.v v1, v0, 0
core   0: 3 0x80000268 (0x0010607b) c8_vstart 0x00000000 e32 m1 l16 mem 0x90001184 0x43cf09a1 mem 0x90001188 0x439eb5d4 mem 0x9000118c 0x43a31f8c mem 0x90001190 0x43a5b089 mem 0x90001194 0x43be5c53 mem 0x90001198 0x43c98474 mem 0x9000119c 0x43d7bb25 mem 0x900011a0 0x43d357b0 mem 0x900011a4 0x43bf75de mem 0x900011a8 0x43a88d5f mem 0x900011ac 0x43c0d2ba mem 0x900011b0 0x43c1fe7a mem 0x900011b4 0x43cbeb65 mem 0x900011b8 0x43b25717 mem 0x90001184 0x43cf09a1 mem 0x90001188 0x439eb5d4
core   0: 0x8000026c (0xfcc12083) lw      x1, -52(x2)
core   0: 3 0x8000026c (0xfcc12083) x1  0x800000a0 mem 0x70000000
core   0: 0x80000270 (0x0090200b) regext  x0, x0,  0 0 1 1 
core   0: 3 0x80000270 (0x0090200b)
core   0: 0x80000274 (0x7fc020ab) vlw.v   v1, x0, -4
core   0: 3 0x80000274 (0x7fc020ab) e32 m1 l16 v33 0000ffff 0x00000000 00000000 00000000 00000000 00000000 00000000 00000000 00000000 00000000 00000000 00000000 00000000 00000000 00000000 00000000 00000000  c8_vstart 0x00000000 mem 0x90003000 mem 0x90003004 mem 0x90003008 mem 0x9000300c mem 0x90003010 mem 0x90003014 mem 0x90003018 mem 0x9000301c mem 0x90003020 mem 0x90003024 mem 0x90003028 mem 0x9000302c mem 0x90003030 mem 0x90003034 mem 0x90003038 mem 0x9000303c
core   0: 0x80000278 (0xfcc10113) addi    x2, x2, -52
core   0: 3 0x80000278 (0xfcc10113) x2  0x70000000
core   0: 0x8000027c (0xffc20213) addi    x4, x4, -4
core   0: 3 0x8000027c (0xffc20213) x4  0x00000000
core   0: 0x80000280 (0x0010200b) regext  x0, x0,  0 0 0 1 
core   0: 3 0x80000280 (0x0010200b)
core   0: 0x80000284 (0x5e024057) vmv.v.x v0, x4
core   0: 3 0x80000284 (0x5e024057) c8_vstart 0x00000000 e32 m1 l16 v32 0000ffff 0x00000000 00000000 00000000 00000000 00000000 00000000 00000000 00000000 00000000 00000000 00000000 00000000 00000000 00000000 00000000 00000000 
core   0: 0x80000288 (0x00008067) ret
core   0: 3 0x80000288 (0x00008067)
core   0: 0x800000a0 (0x0000400b) endprg  x0, x0, x0
core   0: 3 0x800000a0 (0x0000400b)
core   0: 0x800000a4 (0x0040006f) j       pc + 0x4
core   0: 3 0x800000a4 (0x0040006f)
core   0: 0x800000a8 (0x00100313) li      x6, 1
core   0: 3 0x800000a8 (0x00100313) x6  0x00000001
core   0: 0x800000ac (0x00001297) auipc   x5, 0x1
core   0: 3 0x800000ac (0x00001297) x5  0x800010ac
core   0: 0x800000b0 (0xf5428293) addi    x5, x5, -172
core   0: 3 0x800000b0 (0xf5428293) x5  0x80001000
core   0: 0x800000b4 (0x0062a023) sw      x6, 0(x5)
core   0: 3 0x800000b4 (0x0062a023) mem 0x80001000 0x00000001
core   0: 0x00001000 (0x00000297) auipc   x5, 0x0
core   0: 3 0x00001000 (0x00000297) x5  0x00001000
core   0: 0x00001004 (0x02028593) addi    x11, x5, 32
core   0: 3 0x00001004 (0x02028593) x11 0x00001020
core   0: 0x00001008 (0xf1402573) csrr    x10, mhartid
core   0: 3 0x00001008 (0xf1402573) x10 0x00000000
core   0: 0x0000100c (0x0182a283) lw      x5, 24(x5)
core   0: 3 0x0000100c (0x0182a283) x5  0x80000000 mem 0x00001018
core   0: 0x00001010 (0x00028067) jr      x5
core   0: 3 0x00001010 (0x00028067)
core   0: 0x80000000 (0x00004197) auipc   x3, 0x4
core   0: 3 0x80000000 (0x00004197) x3  0x80004000
core   0: 0x80000004 (0x80818193) addi    x3, x3, -2040
core   0: 3 0x80000004 (0x80818193) x3  0x80003808
core   0: 0x80000008 (0x02000e93) li      x29, 32
core   0: 3 0x80000008 (0x02000e93) x29 0x00000020
core   0: 0x8000000c (0x0d0efed7) vsetvli x29, x29, e32, m1, ta, ma
core   0: 3 0x8000000c (0x0d0efed7) x29 0x00000010 c8_vstart 0x00000000 c3104_vl 0x00000010 c3105_vtype 0x000000d0 c768_mstatus 0x80000600
core   0: 0x80000010 (0x00002eb7) lui     x29, 0x2
core   0: 3 0x80000010 (0x00002eb7) x29 0x00002000
core   0: 0x80000014 (0x300eaef3) csrrs   x29, mstatus, x29
core   0: 3 0x80000014 (0x300eaef3) x29 0x80000600 c768_mstatus 0x80006600
core   0: 0x80000018 (0x00000e93) li      x29, 0
core   0: 3 0x80000018 (0x00000e93) x29 0x00000000
core   0: 0x8000001c (0x80502373) csrr    x6, wid
core   0: 3 0x8000001c (0x80502373) x6  0x00000000
core   0: 0x80000020 (0x806023f3) csrr    x7, lds
core   0: 3 0x80000020 (0x806023f3) x7  0x70000000
core   0: 0x80000024 (0x40000e13) li      x28, 1024
core   0: 3 0x80000024 (0x40000e13) x28 0x00000400
core   0: 0x80000028 (0x03c30333) mul     x6, x6, x28
core   0: 3 0x80000028 (0x03c30333) x6  0x00000000
core   0: 0x8000002c (0x00730133) add     x2, x6, x7
core   0: 3 0x8000002c (0x00730133) x2  0x70000000
core   0: 0x80000030 (0x00000213) li      x4, 0
core   0: 3 0x80000030 (0x00000213) x4  0x00000000
core   0: 0x80000034 (0x80102f73) csrr    x30, numw
core   0: 3 0x80000034 (0x80102f73) x30 0x00000001
core   0: 0x80000038 (0x40000e13) li      x28, 1024
core   0: 3 0x80000038 (0x40000e13) x28 0x00000400
core   0: 0x8000003c (0x03cf0f33) mul     x30, x30, x28
core   0: 3 0x8000003c (0x03cf0f33) x30 0x00000400
core   0: 0x80000040 (0x01e38433) add     x8, x7, x30
core   0: 3 0x80000040 (0x01e38433) x8  0x70000400
core   0: 0x80000044 (0x00003517) auipc   x10, 0x3
core   0: 3 0x80000044 (0x00003517) x10 0x80003044
core   0: 0x80000048 (0xfc450513) addi    x10, x10, -60
core   0: 3 0x80000048 (0xfc450513) x10 0x80003008
core   0: 0x8000004c (0x00003617) auipc   x12, 0x3
core   0: 3 0x8000004c (0x00003617) x12 0x8000304c
core   0: 0x80000050 (0xfbc60613) addi    x12, x12, -68
core   0: 3 0x80000050 (0xfbc60613) x12 0x80003008
core   0: 0x80000054 (0x00c50863) beq     x10, x12, pc + 16
core   0: 3 0x80000054 (0x00c50863)
core   0: 0x80000064 (0x803022f3) csrr    x5, knl
core   0: 3 0x80000064 (0x803022f3) x5  0x900e3000
core   0: 0x80000068 (0x0002a303) lw      x6, 0(x5)
core   0: 3 0x80000068 (0x0002a303) x6  0x800000b8 mem 0x900e3000
core   0: 0x8000006c (0x0042a503) lw      x10, 4(x5)
core   0: 3 0x8000006c (0x0042a503) x10 0x90002000 mem 0x900e3004
core   0: 0x80000070 (0x0302a383) lw      x7, 48(x5)
core   0: 3 0x80000070 (0x0302a383) x7  0x00000000 mem 0x900e3030
core   0: 0x80000074 (0x0342ae03) lw      x28, 52(x5)
core   0: 3 0x80000074 (0x0342ae03) x28 0x00000000 mem 0x900e3034
core   0: 0x80000078 (0x00003e97) auipc   x29, 0x3
core   0: 3 0x80000078 (0x00003e97) x29 0x80003078
core   0: 0x8000007c (0xf88e8e93) addi    x29, x29, -120
core   0: 3 0x8000007c (0xf88e8e93) x29 0x80003000
core   0: 0x80000080 (0x00003f17) auipc   x30, 0x3
core   0: 3 0x80000080 (0x00003f17) x30 0x80003080
core   0: 0x80000084 (0xf84f0f13) addi    x30, x30, -124
core   0: 3 0x80000084 (0xf84f0f13) x30 0x80003004
core   0: 0x80000088 (0x007ea023) sw      x7, 0(x29)
core   0: 3 0x80000088 (0x007ea023) mem 0x80003000 0x00000000
core   0: 0x8000008c (0x01cf2023) sw      x28, 0(x30)
core   0: 3 0x8000008c (0x01cf2023) mem 0x80003004 0x00000000
core   0: 0x80000090 (0x00000f97) auipc   x31, 0x0
core   0: 3 0x80000090 (0x00000f97) x31 0x80000090
core   0: 0x80000094 (0x018f8f93) addi    x31, x31, 24
core   0: 3 0x80000094 (0x018f8f93) x31 0x800000a8
core   0: 0x80000098 (0x305f9073) csrw    mtvec, x31
core   0: 3 0x80000098 (0x305f9073) c773_mtvec 0x800000a8
core   0: 0x8000009c (0x000300e7) jalr    x6
core   0: 3 0x8000009c (0x000300e7) x1  0x800000a0
core   0: 0x800000b8 (0x03410113) addi    x2, x2, 52
core   0: 3 0x800000b8 (0x03410113) x2  0x70000034
core   0: 0x800000bc (0x00420213) addi    x4, x4, 4
core   0: 3 0x800000bc (0x00420213) x4  0x00000004
core   0: 0x800000c0 (0x0010200b) regext  x0, x0,  0 0 0 1 
core   0: 3 0x800000c0 (0x0010200b)
core   0: 0x800000c4 (0x5e024057) vmv.v.x v0, x4
core   0: 3 0x800000c4 (0x5e024057) c8_vstart 0x00000000 e32 m1 l16 v32 0000ffff 0x00000004 00000004 00000004 00000004 00000004 00000004 00000004 00000004 00000004 00000004 00000004 00000004 00000004 00000004 00000004 00000004 
core   0: 0x800000c8 (0xfc112623) sw      x1, -52(x2)
core   0: 3 0x800000c8 (0xfc112623) mem 0x70000000 0x800000a0
core   0: 0x800000cc (0x0480200b) regext  x0, x0,  0 1 1 0 
core   0: 3 0x800000cc (0x0480200b)
core   0: 0x800000d0 (0xfe102e2b) vsw.v   v1, x0, -4
core   0: 3 0x800000d0 (0xfe102e2b) c8_vstart 0x00000000 mem 0x90003000 0x00000000 mem 0x90003004 0x00000000 mem 0x90003008 0x00000000 mem 0x9000300c 0x00000000 mem 0x90003010 0x00000000 mem 0x90003014 0x00000000 mem 0x90003018 0x00000000 mem 0x9000301c 0x00000000 mem 0x90003020 0x00000000 mem 0x90003024 0x00000000 mem 0x90003028 0x00000000 mem 0x9000302c 0x00000000 mem 0x90003030 0x00000000 mem 0x90003034 0x00000000 mem 0x90003038 0x00000000 mem 0x9000303c 0x00000000
core   0: 0x800000d4 (0x00452283) lw      x5, 4(x10)
core   0: 3 0x800000d4 (0x00452283) x5  0x90001000 mem 0x90002004
core   0: 0x800000d8 (0xfe512e23) sw      x5, -4(x2)
core   0: 3 0x800000d8 (0xfe512e23) mem 0x70000030 0x90001000
core   0: 0x800000dc (0x03052283) lw      x5, 48(x10)
core   0: 3 0x800000dc (0x03052283) x5  0x3f800000 mem 0x90002030
core   0: 0x800000e0 (0xfe512c23) sw      x5, -8(x2)
core   0: 3 0x800000e0 (0xfe512c23) mem 0x7000002c 0x3f800000
core   0: 0x800000e4 (0x02c52283) lw      x5, 44(x10)
core   0: 3 0x800000e4 (0x02c52283) x5  0x3f800000 mem 0x9000202c
core   0: 0x800000e8 (0xfe512a23) sw      x5, -12(x2)
core   0: 3 0x800000e8 (0xfe512a23) mem 0x70000028 0x3f800000
core   0: 0x800000ec (0x02852283) lw      x5, 40(x10)
core   0: 3 0x800000ec (0x02852283) x5  0x3f800000 mem 0x90002028
core   0: 0x800000f0 (0xfe512823) sw      x5, -16(x2)
core   0: 3 0x800000f0 (0xfe512823) mem 0x70000024 0x3f800000
core   0: 0x800000f4 (0x02452283) lw      x5, 36(x10)
core   0: 3 0x800000f4 (0x02452283) x5  0x3f800000 mem 0x90002024
core   0: 0x800000f8 (0xfe512623) sw      x5, -20(x2)
core   0: 3 0x800000f8 (0xfe512623) mem 0x70000020 0x3f800000
core   0: 0x800000fc (0x02052283) lw      x5, 32(x10)
core   0: 3 0x800000fc (0x02052283) x5  0x3f800000 mem 0x90002020
core   0: 0x80000100 (0xfe512423) sw      x5, -24(x2)
core   0: 3 0x80000100 (0xfe512423) mem 0x7000001c 0x3f800000
core   0: 0x80000104 (0x01c52283) lw      x5, 28(x10)
core   0: 3 0x80000104 (0x01c52283) x5  0x3f800000 mem 0x9000201c
core   0: 0x80000108 (0xfe512223) sw      x5, -28(x2)
core   0: 3 0x80000108 (0xfe512223) mem 0x70000018 0x3f800000
core   0: 0x8000010c (0x01852283) lw      x5, 24(x10)
core   0: 3 0x8000010c (0x01852283) x5  0x3f800000 mem 0x90002018
core   0: 0x80000110 (0xfe512023) sw      x5, -32(x2)
core   0: 3 0x80000110 (0xfe512023) mem 0x70000014 0x3f800000
core   0: 0x80000114 (0x01052283) lw      x5, 16(x10)
core   0: 3 0x80000114 (0x01052283) x5  0x3f800000 mem 0x90002010
core   0: 0x80000118 (0xfc512e23) sw      x5, -36(x2)
core   0: 3 0x80000118 (0xfc512e23) mem 0x70000010 0x3f800000
core   0: 0x8000011c (0x01452283) lw      x5, 20(x10)
core   0: 3 0x8000011c (0x01452283) x5  0x3f800000 mem 0x90002014
core   0: 0x80000120 (0xfc512c23) sw      x5, -40(x2)
core   0: 3 0x80000120 (0xfc512c23) mem 0x7000000c 0x3f800000
core   0: 0x80000124 (0x00052283) lw      x5, 0(x10)
core   0: 3 0x80000124 (0x00052283) x5  0x90000000 mem 0x90002000
core   0: 0x80000128 (0xfc512a23) sw      x5, -44(x2)
core   0: 3 0x80000128 (0xfc512a23) mem 0x70000008 0x90000000
core   0: 0x8000012c (0x00852283) lw      x5, 8(x10)
core   0: 3 0x8000012c (0x00852283) x5  0x00000010 mem 0x90002008
core   0: 0x80000130 (0xfc512823) sw      x5, -48(x2)
core   0: 3 0x80000130 (0xfc512823) mem 0x70000004 0x00000010
core   0: 0x80000134 (0x5e004057) vmv.v.x v0, x0
core   0: 3 0x80000134 (0x5e004057) c8_vstart 0x00000000 e32 m1 l16 v0  0000ffff 0x00000000 00000000 00000000 00000000 00000000 00000000 00000000 00000000 00000000 00000000 00000000 00000000 00000000 00000000 00000000 00000000 
core   0: 0x80000138 (0x154000ef) jal     pc + 0x154
core   0: 3 0x80000138 (0x154000ef) x1  0x8000013c
core   0: 0x8000028c (0x00410113) addi    x2, x2, 4
core   0: 3 0x8000028c (0x00410113) x2  0x70000038
core   0: 0x80000290 (0xfe112e23) sw      x1, -4(x2)
core   0: 3 0x80000290 (0xfe112e23) mem 0x70000034 0x8000013c
core   0: 0x80000294 (0x00200293) li      x5, 2
core   0: 3 0x80000294 (0x00200293) x5  0x00000002
core   0: 0x80000298 (0x5e02c0d7) vmv.v.x v1, x5
core   0: 3 0x80000298 (0x5e02c0d7) c8_vstart 0x00000000 e32 m1 l16 v1  0000ffff 0x00000002 00000002 00000002 00000002 00000002 00000002 00000002 00000002 00000002 00000002 00000002 00000002 00000002 00000002 00000002 00000002 
core   0: 0x8000029c (0x00000317) auipc   x6, 0x0
core   0: 3 0x8000029c (0x00000317) x6  0x8000029c
core   0: 0x800002a0 (0x04c3305b) setrpc  x0, x6, 76
core   0: 3 0x800002a0 (0x04c3305b) c2060_rpc 0x800002e8 current mask:	0000ffff current npc:	00000000 stack size: 0
core   0: 0x800002a4 (0x0200885b) vbeq    v0, v1, pc + 48
core   0: 3 0x800002a4 (0x0200885b) c8_vstart 0x00000000 e32 m1 l16 current mask:	0000ffff current npc:	800002a8 stack size: 0
core   0: 0x800002a8 (0x00100293) li      x5, 1
core   0: 3 0x800002a8 (0x00100293) x5  0x00000001
core   0: 0x800002ac (0x5e02c0d7) vmv.v.x v1, x5
core   0: 3 0x800002ac (0x5e02c0d7) c8_vstart 0x00000000 e32 m1 l16 v1  0000ffff 0x00000001 00000001 00000001 00000001 00000001 00000001 00000001 00000001 00000001 00000001 00000001 00000001 00000001 00000001 00000001 00000001 
core   0: 0x800002b0 (0x00000317) auipc   x6, 0x0
core   0: 3 0x800002b0 (0x00000317) x6  0x800002b0
core   0: 0x800002b4 (0x0383305b) setrpc  x0, x6, 56
core   0: 3 0x800002b4 (0x0383305b) c2060_rpc 0x800002e8 current mask:	0000ffff current npc:	800002a8 stack size: 0
core   0: 0x800002b8 (0x0200825b) vbeq    v0, v1, pc + 36
core   0: 3 0x800002b8 (0x0200825b) c8_vstart 0x00000000 e32 m1 l16 current mask:	0000ffff current npc:	800002bc stack size: 0
core   0: 0x800002bc (0x5e0040d7) vmv.v.x v1, x0
core   0: 3 0x800002bc (0x5e0040d7) c8_vstart 0x00000000 e32 m1 l16 v1  0000ffff 0x00000000 00000000 00000000 00000000 00000000 00000000 00000000 00000000 00000000 00000000 00000000 00000000 00000000 00000000 00000000 00000000 
core   0: 0x800002c0 (0x00000317) auipc   x6, 0x0
core   0: 3 0x800002c0 (0x00000317) x6  0x800002c0
core   0: 0x800002c4 (0x0283305b) setrpc  x0, x6, 40
core   0: 3 0x800002c4 (0x0283305b) c2060_rpc 0x800002e8 current mask:	0000ffff current npc:	800002bc stack size: 0
core   0: 0x800002c8 (0x00009e5b) vbne    v0, v1, pc + 28
core   0: 3 0x800002c8 (0x00009e5b) c8_vstart 0x00000000 e32 m1 l16 current mask:	0000ffff current npc:	800002cc stack size: 0
core   0: 0x800002cc (0x1a0000ef) jal     pc + 0x1a0
core   0: 3 0x800002cc (0x1a0000ef) x1  0x800002d0
core   0: 0x8000046c (0x00410113) addi    x2, x2, 4
core   0: 3 0x8000046c (0x00410113) x2  0x7000003c
core   0: 0x80000470 (0xfe112e23) sw      x1, -4(x2)
core   0: 3 0x80000470 (0xfe112e23) mem 0x70000038 0x800002d0
core   0: 0x80000474 (0xf1dff0ef) jal     pc - 0xe4
core   0: 3 0x80000474 (0xf1dff0ef) x1  0x80000478
core   0: 0x80000390 (0x00410113) addi    x2, x2, 4
core   0: 3 0x80000390 (0x00410113) x2  0x70000040
core   0: 0x80000394 (0xfe112e23) sw      x1, -4(x2)
core   0: 3 0x80000394 (0xfe112e23) mem 0x7000003c 0x80000478
core   0: 0x80000398 (0x80302573) csrr    x10, knl
core   0: 3 0x80000398 (0x80302573) x10 0x900e3000
core   0: 0x8000039c (0x00852283) lw      x5, 8(x10)
core   0: 3 0x8000039c (0x00852283) x5  0x00000002 mem 0x900e3008
core   0: 0x800003a0 (0x80002373) csrr    x6, tid
core   0: 3 0x800003a0 (0x80002373) x6  0x00000000
core   0: 0x800003a4 (0x5208a157) vid.v   v2
core   0: 3 0x800003a4 (0x5208a157) c8_vstart 0x00000000 e32 m1 l16 v2  0000ffff 0x0000000f 0000000e 0000000d 0000000c 0000000b 0000000a 00000009 00000008 00000007 00000006 00000005 00000004 00000003 00000002 00000001 00000000 
core   0: 0x800003a8 (0x02234057) vadd.vx v0, v2, x6
core   0: 3 0x800003a8 (0x02234057) c8_vstart 0x00000000 e32 m1 l16 v0  0000ffff 0x0000000f 0000000e 0000000d 0000000c 0000000b 0000000a 00000009 00000008 00000007 00000006 00000005 00000004 00000003 00000002 00000001 00000000 
core   0: 0x800003ac (0x01852e03) lw      x28, 24(x10)
core   0: 3 0x800003ac (0x01852e03) x28 0x0000000e mem 0x900e3018
core   0: 0x800003b0 (0x8a0e6057) vremu.vx v0, v0, x28
core   0: 3 0x800003b0 (0x8a0e6057) c8_vstart 0x00000000 e32 m1 l16 v0  0000ffff 0x00000001 00000000 0000000d 0000000c 0000000b 0000000a 00000009 00000008 00000007 00000006 00000005 00000004 00000003 00000002 00000001 00000000 
core   0: 0x800003b4 (0xffc12083) lw      x1, -4(x2)
core   0: 3 0x800003b4 (0xffc12083) x1  0x80000478 mem 0x7000003c
core   0: 0x800003b8 (0xffc10113) addi    x2, x2, -4
core   0: 3 0x800003b8 (0xffc10113) x2  0x7000003c
core   0: 0x800003bc (0x00008067) ret
core   0: 3 0x800003bc (0x00008067)
core   0: 0x80000478 (0x80302573) csrr    x10, knl
core   0: 3 0x80000478 (0x80302573) x10 0x900e3000
core   0: 0x8000047c (0x80802373) csrr    x6, gidx
core   0: 3 0x8000047c (0x80802373) x6  0x00000000
core   0: 0x80000480 (0x01852e03) lw      x28, 24(x10)
core   0: 3 0x80000480 (0x01852e03) x28 0x0000000e mem 0x900e3018
core   0: 0x80000484 (0x02452e83) lw      x29, 36(x10)
core   0: 3 0x80000484 (0x02452e83) x29 0x00000001 mem 0x900e3024
core   0: 0x80000488 (0x03c30fb3) mul     x31, x6, x28
core   0: 3 0x80000488 (0x03c30fb3) x31 0x00000000
core   0: 0x8000048c (0x01df8fb3) add     x31, x31, x29
core   0: 3 0x8000048c (0x01df8fb3) x31 0x00000001
core   0: 0x80000490 (0x020fc057) vadd.vx v0, v0, x31
core   0: 3 0x80000490 (0x020fc057) c8_vstart 0x00000000 e32 m1 l16 v0  0000ffff 0x00000002 00000001 0000000e 0000000d 0000000c 0000000b 0000000a 00000009 00000008 00000007 00000006 00000005 00000004 00000003 00000002 00000001 
core   0: 0x80000494 (0xffc12083) lw      x1, -4(x2)
core   0: 3 0x80000494 (0xffc12083) x1  0x800002d0 mem 0x70000038
core   0: 0x80000498 (0xffc10113) addi    x2, x2, -4
core   0: 3 0x80000498 (0xffc10113) x2  0x70000038
core   0: 0x8000049c (0x00008067) ret
core   0: 3 0x8000049c (0x00008067)
core   0: 0x800002d0 (0x0180006f) j       pc + 0x18
core   0: 3 0x800002d0 (0x0180006f)
core   0: 0x800002e8 (0x0000205b) join    v0, v0, pc + 0
core   0: 3 0x800002e8 (0x0000205b) current mask:	0000ffff current npc:	800002cc stack size: 0
core   0: 0x800002ec (0xffc12083) lw      x1, -4(x2)
core   0: 3 0x800002ec (0xffc12083) x1  0x8000013c mem 0x70000034
core   0: 0x800002f0 (0xffc10113) addi    x2, x2, -4
core   0: 3 0x800002f0 (0xffc10113) x2  0x70000034
core   0: 0x800002f4 (0x00008067) ret
core   0: 3 0x800002f4 (0x00008067)
core   0: 0x8000013c (0x0010200b) regext  x0, x0,  0 0 0 1 
core   0: 3 0x8000013c (0x0010200b)
core   0: 0x80000140 (0x020040d7) vadd.vx v1, v0, x0
core   0: 3 0x80000140 (0x020040d7) c8_vstart 0x00000000 e32 m1 l16 v33 0000ffff 0x00000002 00000001 0000000e 0000000d 0000000c 0000000b 0000000a 00000009 00000008 00000007 00000006 00000005 00000004 00000003 00000002 00000001 
core   0: 0x80000144 (0x00100293) li      x5, 1
core   0: 3 0x80000144 (0x00100293) x5  0x00000001
core   0: 0x80000148 (0x5e02c057) vmv.v.x v0, x5
core   0: 3 0x80000148 (0x5e02c057) c8_vstart 0x00000000 e32 m1 l16 v0  0000ffff 0x00000001 00000001 00000001 00000001 00000001 00000001 00000001 00000001 00000001 00000001 00000001 00000001 00000001 00000001 00000001 00000001 
core   0: 0x8000014c (0x140000ef) jal     pc + 0x140
core   0: 3 0x8000014c (0x140000ef) x1  0x80000150
core   0: 0x8000028c (0x00410113) addi    x2, x2, 4
core   0: 3 0x8000028c (0x00410113) x2  0x70000038
core   0: 0x80000290 (0xfe112e23) sw      x1, -4(x2)
core   0: 3 0x80000290 (0xfe112e23) mem 0x70000034 0x80000150
core   0: 0x80000294 (0x00200293) li      x5, 2
core   0: 3 0x80000294 (0x00200293) x5  0x00000002
core   0: 0x80000298 (0x5e02c0d7) vmv.v.x v1, x5
core   0: 3 0x80000298 (0x5e02c0d7) c8_vstart 0x00000000 e32 m1 l16 v1  0000ffff 0x00000002 00000002 00000002 00000002 00000002 00000002 00000002 00000002 00000002 00000002 00000002 00000002 00000002 00000002 00000002 00000002 
core   0: 0x8000029c (0x00000317) auipc   x6, 0x0
core   0: 3 0x8000029c (0x00000317) x6  0x8000029c
core   0: 0x800002a0 (0x04c3305b) setrpc  x0, x6, 76
core   0: 3 0x800002a0 (0x04c3305b) c2060_rpc 0x800002e8 current mask:	0000ffff current npc:	800002cc stack size: 0
core   0: 0x800002a4 (0x0200885b) vbeq    v0, v1, pc + 48
core   0: 3 0x800002a4 (0x0200885b) c8_vstart 0x00000000 e32 m1 l16 current mask:	0000ffff current npc:	800002a8 stack size: 0
core   0: 0x800002a8 (0x00100293) li      x5, 1
core   0: 3 0x800002a8 (0x00100293) x5  0x00000001
core   0: 0x800002ac (0x5e02c0d7) vmv.v.x v1, x5
core   0: 3 0x800002ac (0x5e02c0d7) c8_vstart 0x00000000 e32 m1 l16 v1  0000ffff 0x00000001 00000001 00000001 00000001 00000001 00000001 00000001 00000001 00000001 00000001 00000001 00000001 00000001 00000001 00000001 00000001 
core   0: 0x800002b0 (0x00000317) auipc   x6, 0x0
core   0: 3 0x800002b0 (0x00000317) x6  0x800002b0
core   0: 0x800002b4 (0x0383305b) setrpc  x0, x6, 56
core   0: 3 0x800002b4 (0x0383305b) c2060_rpc 0x800002e8 current mask:	0000ffff current npc:	800002a8 stack size: 0
core   0: 0x800002b8 (0x0200825b) vbeq    v0, v1, pc + 36
core   0: 3 0x800002b8 (0x0200825b) c8_vstart 0x00000000 e32 m1 l16 current mask:	0000ffff current npc:	800002dc stack size: 0
core   0: 0x800002dc (0x1c4000ef) jal     pc + 0x1c4
core   0: 3 0x800002dc (0x1c4000ef) x1  0x800002e0
core   0: 0x800004a0 (0x00410113) addi    x2, x2, 4
core   0: 3 0x800004a0 (0x00410113) x2  0x7000003c
core   0: 0x800004a4 (0xfe112e23) sw      x1, -4(x2)
core   0: 3 0x800004a4 (0xfe112e23) mem 0x70000038 0x800002e0
core   0: 0x800004a8 (0xf19ff0ef) jal     pc - 0xe8
core   0: 3 0x800004a8 (0xf19ff0ef) x1  0x800004ac
core   0: 0x800003c0 (0x00410113) addi    x2, x2, 4
core   0: 3 0x800003c0 (0x00410113) x2  0x70000040
core   0: 0x800003c4 (0xfe112e23) sw      x1, -4(x2)
core   0: 3 0x800003c4 (0xfe112e23) mem 0x7000003c 0x800004ac
core   0: 0x800003c8 (0x80302573) csrr    x10, knl
core   0: 3 0x800003c8 (0x80302573) x10 0x900e3000
core   0: 0x800003cc (0x00852283) lw      x5, 8(x10)
core   0: 3 0x800003cc (0x00852283) x5  0x00000002 mem 0x900e3008
core   0: 0x800003d0 (0x80002373) csrr    x6, tid
core   0: 3 0x800003d0 (0x80002373) x6  0x00000000
core   0: 0x800003d4 (0x5208a157) vid.v   v2
core   0: 3 0x800003d4 (0x5208a157) c8_vstart 0x00000000 e32 m1 l16 v2  0000ffff 0x0000000f 0000000e 0000000d 0000000c 0000000b 0000000a 00000009 00000008 00000007 00000006 00000005 00000004 00000003 00000002 00000001 00000000 
core   0: 0x800003d8 (0x02234057) vadd.vx v0, v2, x6
core   0: 3 0x800003d8 (0x02234057) c8_vstart 0x00000000 e32 m1 l16 v0  0000ffff 0x0000000f 0000000e 0000000d 0000000c 0000000b 0000000a 00000009 00000008 00000007 00000006 00000005 00000004 00000003 00000002 00000001 00000000 
core   0: 0x800003dc (0x01852e03) lw      x28, 24(x10)
core   0: 3 0x800003dc (0x01852e03) x28 0x0000000e mem 0x900e3018
core   0: 0x800003e0 (0x01c52e83) lw      x29, 28(x10)
core   0: 3 0x800003e0 (0x01c52e83) x29 0x00000001 mem 0x900e301c
core   0: 0x800003e4 (0x03ce8f33) mul     x30, x29, x28
core   0: 3 0x800003e4 (0x03ce8f33) x30 0x0000000e
core   0: 0x800003e8 (0x8a0f6057) vremu.vx v0, v0, x30
core   0: 3 0x800003e8 (0x8a0f6057) c8_vstart 0x00000000 e32 m1 l16 v0  0000ffff 0x00000001 00000000 0000000d 0000000c 0000000b 0000000a 00000009 00000008 00000007 00000006 00000005 00000004 00000003 00000002 00000001 00000000 
core   0: 0x800003ec (0x820e6057) vdivu.vx v0, v0, x28
core   0: 3 0x800003ec (0x820e6057) c8_vstart 0x00000000 e32 m1 l16 v0  0000ffff 0x00000000 00000000 00000000 00000000 00000000 00000000 00000000 00000000 00000000 00000000 00000000 00000000 00000000 00000000 00000000 00000000 
core   0: 0x800003f0 (0x5e0ec0d7) vmv.v.x v1, x29
core   0: 3 0x800003f0 (0x5e0ec0d7) c8_vstart 0x00000000 e32 m1 l16 v1  0000ffff 0x00000001 00000001 00000001 00000001 00000001 00000001 00000001 00000001 00000001 00000001 00000001 00000001 00000001 00000001 00000001 00000001 
core   0: 0x800003f4 (0x00000317) auipc   x6, 0x0
core   0: 3 0x800003f4 (0x00000317) x6  0x800003f4
core   0: 0x800003f8 (0x0143305b) setrpc  x0, x6, 20
core   0: 3 0x800003f8 (0x0143305b) c2060_rpc 0x80000408 current mask:	0000ffff current npc:	800002dc stack size: 0
core   0: 0x800003fc (0x0000c65b) vblt    v0, v1, pc + 12
core   0: 3 0x800003fc (0x0000c65b) c8_vstart 0x00000000 e32 m1 l16 current mask:	0000ffff current npc:	80000408 stack size: 0
core   0: 0x80000408 (0x0000205b) join    v0, v0, pc + 0
core   0: 3 0x80000408 (0x0000205b) current mask:	0000ffff current npc:	80000408 stack size: 0
core   0: 0x8000040c (0xffc12083) lw      x1, -4(x2)
core   0: 3 0x8000040c (0xffc12083) x1  0x800004ac mem 0x7000003c
core   0: 0x80000410 (0xffc10113) addi    x2, x2, -4
core   0: 3 0x80000410 (0xffc10113) x2  0x7000003c
core   0: 0x80000414 (0x00008067) ret
core   0: 3 0x80000414 (0x00008067)
core   0: 0x800004ac (0x80902373) csrr    x6, gidy
core   0: 3 0x800004ac (0x80902373) x6  0x00000006
core   0: 0x800004b0 (0x01c52383) lw      x7, 28(x10)
core   0: 3 0x800004b0 (0x01c52383) x7  0x00000001 mem 0x900e301c
core   0: 0x800004b4 (0x02852e83) lw      x29, 40(x10)
core   0: 3 0x800004b4 (0x02852e83) x29 0x00000001 mem 0x900e3028
core   0: 0x800004b8 (0x02730e33) mul     x28, x6, x7
core   0: 3 0x800004b8 (0x02730e33) x28 0x00000006
core   0: 0x800004bc (0x01de0e33) add     x28, x28, x29
core   0: 3 0x800004bc (0x01de0e33) x28 0x00000007
core   0: 0x800004c0 (0x020e4057) vadd.vx v0, v0, x28
core   0: 3 0x800004c0 (0x020e4057) c8_vstart 0x00000000 e32 m1 l16 v0  0000ffff 0x00000007 00000007 00000007 00000007 00000007 00000007 00000007 00000007 00000007 00000007 00000007 00000007 00000007 00000007 00000007 00000007 
core   0: 0x800004c4 (0xffc12083) lw      x1, -4(x2)
core   0: 3 0x800004c4 (0xffc12083) x1  0x800002e0 mem 0x70000038
core   0: 0x800004c8 (0xffc10113) addi    x2, x2, -4
core   0: 3 0x800004c8 (0xffc10113) x2  0x70000038
core   0: 0x800004cc (0x00008067) ret
core   0: 3 0x800004cc (0x00008067)
core   0: 0x800002e0 (0x0080006f) j       pc + 0x8
core   0: 3 0x800002e0 (0x0080006f)
core   0: 0x800002e8 (0x0000205b) join    v0, v0, pc + 0
core   0: 3 0x800002e8 (0x0000205b) current mask:	0000ffff current npc:	80000408 stack size: 0
core   0: 0x800002ec (0xffc12083) lw      x1, -4(x2)
core   0: 3 0x800002ec (0xffc12083) x1  0x80000150 mem 0x70000034
core   0: 0x800002f0 (0xffc10113) addi    x2, x2, -4
core   0: 3 0x800002f0 (0xffc10113) x2  0x70000034
core   0: 0x800002f4 (0x00008067) ret
core   0: 3 0x800002f4 (0x00008067)
core   0: 0x80000150 (0xfd012283) lw      x5, -48(x2)
core   0: 3 0x80000150 (0xfd012283) x5  0x00000010 mem 0x70000004
core   0: 0x80000154 (0x5e02c0d7) vmv.v.x v1, x5
core   0: 3 0x80000154 (0x5e02c0d7) c8_vstart 0x00000000 e32 m1 l16 v1  0000ffff 0x00000010 00000010 00000010 00000010 00000010 00000010 00000010 00000010 00000010 00000010 00000010 00000010 00000010 00000010 00000010 00000010 
core   0: 0x80000158 (0x0400200b) regext  x0, x0,  0 1 0 0 
core   0: 3 0x80000158 (0x0400200b)
core   0: 0x8000015c (0xa612e057) vmadd.vx v0, v1, x5
core   0: 3 0x8000015c (0xa612e057) c8_vstart 0x00000000 e32 m1 l16 v0  0000ffff 0x00000072 00000071 0000007e 0000007d 0000007c 0000007b 0000007a 00000079 00000078 00000077 00000076 00000075 00000074 00000073 00000072 00000071 
core   0: 0x80000160 (0x0010110b) vsub12.vi v2, v0, 1
core   0: 3 0x80000160 (0x0010110b) c8_vstart 0x00000000 e32 m1 l16 v2  0000ffff 0x00000071 00000070 0000007d 0000007c 0000007b 0000007a 00000079 00000078 00000077 00000076 00000075 00000074 00000073 00000072 00000071 00000070 
core   0: 0x80000164 (0x0a2081d7) vsub.vv v3, v2, v1
core   0: 3 0x80000164 (0x0a2081d7) c8_vstart 0x00000000 e32 m1 l16 v3  0000ffff 0x00000061 00000060 0000006d 0000006c 0000006b 0000006a 00000069 00000068 00000067 00000066 00000065 00000064 00000063 00000062 00000061 00000060 
core   0: 0x80000168 (0x963131d7) vsll.vi v3, v3, 2
core   0: 3 0x80000168 (0x963131d7) c8_vstart 0x00000000 e32 m1 l16 v3  0000ffff 0x00000184 00000180 000001b4 000001b0 000001ac 000001a8 000001a4 000001a0 0000019c 00000198 00000194 00000190 0000018c 00000188 00000184 00000180 
core   0: 0x8000016c (0xfd412283) lw      x5, -44(x2)
core   0: 3 0x8000016c (0xfd412283) x5  0x90000000 mem 0x70000008
core   0: 0x80000170 (0x5e02c257) vmv.v.x v4, x5
core   0: 3 0x80000170 (0x5e02c257) c8_vstart 0x00000000 e32 m1 l16 v4  0000ffff 0x90000000 90000000 90000000 90000000 90000000 90000000 90000000 90000000 90000000 90000000 90000000 90000000 90000000 90000000 90000000 90000000 
core   0: 0x80000174 (0x0232c1d7) vadd.vx v3, v3, x5
core   0: 3 0x80000174 (0x0232c1d7) c8_vstart 0x00000000 e32 m1 l16 v3  0000ffff 0x90000184 90000180 900001b4 900001b0 900001ac 900001a8 900001a4 900001a0 9000019c 90000198 90000194 90000190 9000018c 90000188 90000184 90000180 
core   0: 0x80000178 (0x0a0082d7) vsub.vv v5, v0, v1
core   0: 3 0x80000178 (0x0a0082d7) c8_vstart 0x00000000 e32 m1 l16 v5  0000ffff 0x00000062 00000061 0000006e 0000006d 0000006c 0000006b 0000006a 00000069 00000068 00000067 00000066 00000065 00000064 00000063 00000062 00000061 
core   0: 0x8000017c (0x965132d7) vsll.vi v5, v5, 2
core   0: 3 0x8000017c (0x965132d7) c8_vstart 0x00000000 e32 m1 l16 v5  0000ffff 0x00000188 00000184 000001b8 000001b4 000001b0 000001ac 000001a8 000001a4 000001a0 0000019c 00000198 00000194 00000190 0000018c 00000188 00000184 
core   0: 0x80000180 (0x024282d7) vadd.vv v5, v4, v5
core   0: 3 0x80000180 (0x024282d7) c8_vstart 0x00000000 e32 m1 l16 v5  0000ffff 0x90000188 90000184 900001b8 900001b4 900001b0 900001ac 900001a8 900001a4 900001a0 9000019c 90000198 90000194 90000190 9000018c 90000188 90000184 
core   0: 0x80000184 (0x0002a2fb) vlw12.v v5, v5, 0
core   0: 3 0x80000184 (0x0002a2fb) e32 m1 l16 v5  0000ffff 0x42c0fddb 424d87cc 42a3e6bb 40cfb2ff 42c7d64c 412d36d5 420df551 41f66212 42438987 42bbf28b 42adc58e 42c6386a 42535855 414b8494 42c0fddb 424d87cc  c8_vstart 0x00000000 mem 0x90000184 mem 0x90000188 mem 0x9000018c mem 0x90000190 mem 0x90000194 mem 0x90000198 mem 0x9000019c mem 0x900001a0 mem 0x900001a4 mem 0x900001a8 mem 0x900001ac mem 0x900001b0 mem 0x900001b4 mem 0x900001b8 mem 0x90000184 mem 0x90000188
core   0: 0x80000188 (0x0001a1fb) vlw12.v v3, v3, 0
core   0: 3 0x80000188 (0x0001a1fb) e32 m1 l16 v3  0000ffff 0x424d87cc 425d7bfb 40cfb2ff 42c7d64c 412d36d5 420df551 41f66212 42438987 42bbf28b 42adc58e 42c6386a 42535855 414b8494 42c0fddb 424d87cc 425d7bfb  c8_vstart 0x00000000 mem 0x90000180 mem 0x90000184 mem 0x90000188 mem 0x9000018c mem 0x90000190 mem 0x90000194 mem 0x90000198 mem 0x9000019c mem 0x900001a0 mem 0x900001a4 mem 0x900001a8 mem 0x900001ac mem 0x900001b0 mem 0x900001b4 mem 0x90000180 mem 0x90000184
core   0: 0x8000018c (0xfd812283) lw      x5, -40(x2)
core   0: 3 0x8000018c (0xfd812283) x5  0x3f800000 mem 0x7000000c
core   0: 0x80000190 (0x5e02c357) vmv.v.x v6, x5
core   0: 3 0x80000190 (0x5e02c357) c8_vstart 0x00000000 e32 m1 l16 v6  0000ffff 0x3f800000 3f800000 3f800000 3f800000 3f800000 3f800000 3f800000 3f800000 3f800000 3f800000 3f800000 3f800000 3f800000 3f800000 3f800000 3f800000 
core   0: 0x80000194 (0x925312d7) vfmul.vv v5, v5, v6
core   0: 3 0x80000194 (0x925312d7) c8_vstart 0x00000000 e32 m1 l16 v5  0000ffff 0x42c0fddb 424d87cc 42a3e6bb 40cfb2ff 42c7d64c 412d36d5 420df551 41f66212 42438987 42bbf28b 42adc58e 42c6386a 42535855 414b8494 42c0fddb 424d87cc 
core   0: 0x80000198 (0x0200b357) vadd.vi v6, v0, 1
core   0: 3 0x80000198 (0x0200b357) c8_vstart 0x00000000 e32 m1 l16 v6  0000ffff 0x00000073 00000072 0000007f 0000007e 0000007d 0000007c 0000007b 0000007a 00000079 00000078 00000077 00000076 00000075 00000074 00000073 00000072 
core   0: 0x8000019c (0x0a6083d7) vsub.vv v7, v6, v1
core   0: 3 0x8000019c (0x0a6083d7) c8_vstart 0x00000000 e32 m1 l16 v7  0000ffff 0x00000063 00000062 0000006f 0000006e 0000006d 0000006c 0000006b 0000006a 00000069 00000068 00000067 00000066 00000065 00000064 00000063 00000062 
core   0: 0x800001a0 (0x967133d7) vsll.vi v7, v7, 2
core   0: 3 0x800001a0 (0x967133d7) c8_vstart 0x00000000 e32 m1 l16 v7  0000ffff 0x0000018c 00000188 000001bc 000001b8 000001b4 000001b0 000001ac 000001a8 000001a4 000001a0 0000019c 00000198 00000194 00000190 0000018c 00000188 
core   0: 0x800001a4 (0x024383d7) vadd.vv v7, v4, v7
core   0: 3 0x800001a4 (0x024383d7) c8_vstart 0x00000000 e32 m1 l16 v7  0000ffff 0x9000018c 90000188 900001bc 900001b8 900001b4 900001b0 900001ac 900001a8 900001a4 900001a0 9000019c 90000198 90000194 90000190 9000018c 90000188 
core   0: 0x800001a8 (0x0003a3fb) vlw12.v v7, v7, 0
core   0: 3 0x800001a8 (0x0003a3fb) e32 m1 l16 v7  0000ffff 0x414b8494 42c0fddb 4257a659 42a3e6bb 40cfb2ff 42c7d64c 412d36d5 420df551 41f66212 42438987 42bbf28b 42adc58e 42c6386a 42535855 414b8494 42c0fddb  c8_vstart 0x00000000 mem 0x90000188 mem 0x9000018c mem 0x90000190 mem 0x90000194 mem 0x90000198 mem 0x9000019c mem 0x900001a0 mem 0x900001a4 mem 0x900001a8 mem 0x900001ac mem 0x900001b0 mem 0x900001b4 mem 0x900001b8 mem 0x900001bc mem 0x90000188 mem 0x9000018c
core   0: 0x800001ac (0x96213457) vsll.vi v8, v2, 2
core   0: 3 0x800001ac (0x96213457) c8_vstart 0x00000000 e32 m1 l16 v8  0000ffff 0x000001c4 000001c0 000001f4 000001f0 000001ec 000001e8 000001e4 000001e0 000001dc 000001d8 000001d4 000001d0 000001cc 000001c8 000001c4 000001c0 
core   0: 0x800001b0 (0x02440457) vadd.vv v8, v4, v8
core   0: 3 0x800001b0 (0x02440457) c8_vstart 0x00000000 e32 m1 l16 v8  0000ffff 0x900001c4 900001c0 900001f4 900001f0 900001ec 900001e8 900001e4 900001e0 900001dc 900001d8 900001d4 900001d0 900001cc 900001c8 900001c4 900001c0 
core   0: 0x800001b4 (0x0004247b) vlw12.v v8, v8, 0
core   0: 3 0x800001b4 (0x0004247b) e32 m1 l16 v8  0000ffff 0x4146819c 426784bd 428f7eea 424a86a3 42c34a5b 4272e15b 419fcc10 42b0ff2c 42472e54 411a17a6 41e0ed57 41afb996 40e29fc9 40966a81 4146819c 426784bd  c8_vstart 0x00000000 mem 0x900001c0 mem 0x900001c4 mem 0x900001c8 mem 0x900001cc mem 0x900001d0 mem 0x900001d4 mem 0x900001d8 mem 0x900001dc mem 0x900001e0 mem 0x900001e4 mem 0x900001e8 mem 0x900001ec mem 0x900001f0 mem 0x900001f4 mem 0x900001c0 mem 0x900001c4
core   0: 0x800001b8 (0x960134d7) vsll.vi v9, v0, 2
core   0: 3 0x800001b8 (0x960134d7) c8_vstart 0x00000000 e32 m1 l16 v9  0000ffff 0x000001c8 000001c4 000001f8 000001f4 000001f0 000001ec 000001e8 000001e4 000001e0 000001dc 000001d8 000001d4 000001d0 000001cc 000001c8 000001c4 
core   0: 0x800001bc (0x02448557) vadd.vv v10, v4, v9
core   0: 3 0x800001bc (0x02448557) c8_vstart 0x00000000 e32 m1 l16 v10 0000ffff 0x900001c8 900001c4 900001f8 900001f4 900001f0 900001ec 900001e8 900001e4 900001e0 900001dc 900001d8 900001d4 900001d0 900001cc 900001c8 900001c4 
core   0: 0x800001c0 (0x0005257b) vlw12.v v10, v10, 0
core   0: 3 0x800001c0 (0x0005257b) e32 m1 l16 v10 0000ffff 0x40966a81 4146819c 423912d7 428f7eea 424a86a3 42c34a5b 4272e15b 419fcc10 42b0ff2c 42472e54 411a17a6 41e0ed57 41afb996 40e29fc9 40966a81 4146819c  c8_vstart 0x00000000 mem 0x900001c4 mem 0x900001c8 mem 0x900001cc mem 0x900001d0 mem 0x900001d4 mem 0x900001d8 mem 0x900001dc mem 0x900001e0 mem 0x900001e4 mem 0x900001e8 mem 0x900001ec mem 0x900001f0 mem 0x900001f4 mem 0x900001f8 mem 0x900001c4 mem 0x900001c8
core   0: 0x800001c4 (0x966135d7) vsll.vi v11, v6, 2
core   0: 3 0x800001c4 (0x966135d7) c8_vstart 0x00000000 e32 m1 l16 v11 0000ffff 0x000001cc 000001c8 000001fc 000001f8 000001f4 000001f0 000001ec 000001e8 000001e4 000001e0 000001dc 000001d8 000001d4 000001d0 000001cc 000001c8 
core   0: 0x800001c8 (0x024585d7) vadd.vv v11, v4, v11
core   0: 3 0x800001c8 (0x024585d7) c8_vstart 0x00000000 e32 m1 l16 v11 0000ffff 0x900001cc 900001c8 900001fc 900001f8 900001f4 900001f0 900001ec 900001e8 900001e4 900001e0 900001dc 900001d8 900001d4 900001d0 900001cc 900001c8 
core   0: 0x800001cc (0x0005a5fb) vlw12.v v11, v11, 0
core   0: 3 0x800001cc (0x0005a5fb) e32 m1 l16 v11 0000ffff 0x40e29fc9 40966a81 40c014fd 423912d7 428f7eea 424a86a3 42c34a5b 4272e15b 419fcc10 42b0ff2c 42472e54 411a17a6 41e0ed57 41afb996 40e29fc9 40966a81  c8_vstart 0x00000000 mem 0x900001c8 mem 0x900001cc mem 0x900001d0 mem 0x900001d4 mem 0x900001d8 mem 0x900001dc mem 0x900001e0 mem 0x900001e4 mem 0x900001e8 mem 0x900001ec mem 0x900001f0 mem 0x900001f4 mem 0x900001f8 mem 0x900001fc mem 0x900001c8 mem 0x900001cc
core   0: 0x800001d0 (0x02208157) vadd.vv v2, v2, v1
core   0: 3 0x800001d0 (0x02208157) c8_vstart 0x00000000 e32 m1 l16 v2  0000ffff 0x00000081 00000080 0000008d 0000008c 0000008b 0000008a 00000089 00000088 00000087 00000086 00000085 00000084 00000083 00000082 00000081 00000080 
core   0: 0x800001d4 (0x96213157) vsll.vi v2, v2, 2
core   0: 3 0x800001d4 (0x96213157) c8_vstart 0x00000000 e32 m1 l16 v2  0000ffff 0x00000204 00000200 00000234 00000230 0000022c 00000228 00000224 00000220 0000021c 00000218 00000214 00000210 0000020c 00000208 00000204 00000200 
core   0: 0x800001d8 (0x02410157) vadd.vv v2, v4, v2
core   0: 3 0x800001d8 (0x02410157) c8_vstart 0x00000000 e32 m1 l16 v2  0000ffff 0x90000204 90000200 90000234 90000230 9000022c 90000228 90000224 90000220 9000021c 90000218 90000214 90000210 9000020c 90000208 90000204 90000200 
core   0: 0x800001dc (0x0001217b) vlw12.v v2, v2, 0
core   0: 3 0x800001dc (0x0001217b) e32 m1 l16 v2  0000ffff 0x422b0e8e 41b90b40 42a7120a 413ebaf1 42114c82 3fcad3b8 40adc2e3 42119fe9 42b58474 428be186 40b376ff 42277f62 4297eefb 4195c789 422b0e8e 41b90b40  c8_vstart 0x00000000 mem 0x90000200 mem 0x90000204 mem 0x90000208 mem 0x9000020c mem 0x90000210 mem 0x90000214 mem 0x90000218 mem 0x9000021c mem 0x90000220 mem 0x90000224 mem 0x90000228 mem 0x9000022c mem 0x90000230 mem 0x90000234 mem 0x90000200 mem 0x90000204
core   0: 0x800001e0 (0x02008057) vadd.vv v0, v0, v1
core   0: 3 0x800001e0 (0x02008057) c8_vstart 0x00000000 e32 m1 l16 v0  0000ffff 0x00000082 00000081 0000008e 0000008d 0000008c 0000008b 0000008a 00000089 00000088 00000087 00000086 00000085 00000084 00000083 00000082 00000081 
core   0: 0x800001e4 (0x96013057) vsll.vi v0, v0, 2
core   0: 3 0x800001e4 (0x96013057) c8_vstart 0x00000000 e32 m1 l16 v0  0000ffff 0x00000208 00000204 00000238 00000234 00000230 0000022c 00000228 00000224 00000220 0000021c 00000218 00000214 00000210 0000020c 00000208 00000204 
core   0: 0x800001e8 (0x02400057) vadd.vv v0, v4, v0
core   0: 3 0x800001e8 (0x02400057) c8_vstart 0x00000000 e32 m1 l16 v0  0000ffff 0x90000208 90000204 90000238 90000234 90000230 9000022c 90000228 90000224 90000220 9000021c 90000218 90000214 90000210 9000020c 90000208 90000204 
core   0: 0x800001ec (0x0000207b) vlw12.v v0, v0, 0
core   0: 3 0x800001ec (0x0000207b) e32 m1 l16 v0  0000ffff 0x4195c789 422b0e8e 42b4796e 42a7120a 413ebaf1 42114c82 3fcad3b8 40adc2e3 42119fe9 42b58474 428be186 40b376ff 42277f62 4297eefb 4195c789 422b0e8e  c8_vstart 0x00000000 mem 0x90000204 mem 0x90000208 mem 0x9000020c mem 0x90000210 mem 0x90000214 mem 0x90000218 mem 0x9000021c mem 0x90000220 mem 0x90000224 mem 0x90000228 mem 0x9000022c mem 0x90000230 mem 0x90000234 mem 0x90000238 mem 0x90000204 mem 0x90000208
core   0: 0x800001f0 (0x026080d7) vadd.vv v1, v6, v1
core   0: 3 0x800001f0 (0x026080d7) c8_vstart 0x00000000 e32 m1 l16 v1  0000ffff 0x00000083 00000082 0000008f 0000008e 0000008d 0000008c 0000008b 0000008a 00000089 00000088 00000087 00000086 00000085 00000084 00000083 00000082 
core   0: 0x800001f4 (0x961130d7) vsll.vi v1, v1, 2
core   0: 3 0x800001f4 (0x961130d7) c8_vstart 0x00000000 e32 m1 l16 v1  0000ffff 0x0000020c 00000208 0000023c 00000238 00000234 00000230 0000022c 00000228 00000224 00000220 0000021c 00000218 00000214 00000210 0000020c 00000208 
core   0: 0x800001f8 (0x024080d7) vadd.vv v1, v4, v1
core   0: 3 0x800001f8 (0x024080d7) c8_vstart 0x00000000 e32 m1 l16 v1  0000ffff 0x9000020c 90000208 9000023c 90000238 90000234 90000230 9000022c 90000228 90000224 90000220 9000021c 90000218 90000214 90000210 9000020c 90000208 
core   0: 0x800001fc (0x0000a0fb) vlw12.v v1, v1, 0
core   0: 3 0x800001fc (0x0000a0fb) e32 m1 l16 v1  0000ffff 0x4297eefb 4195c789 428b99bd 42b4796e 42a7120a 413ebaf1 42114c82 3fcad3b8 40adc2e3 42119fe9 42b58474 428be186 40b376ff 42277f62 4297eefb 4195c789  c8_vstart 0x00000000 mem 0x90000208 mem 0x9000020c mem 0x90000210 mem 0x90000214 mem 0x90000218 mem 0x9000021c mem 0x90000220 mem 0x90000224 mem 0x90000228 mem 0x9000022c mem 0x90000230 mem 0x90000234 mem 0x90000238 mem 0x9000023c mem 0x90000208 mem 0x9000020c
core   0: 0x80000200 (0xfdc12283) lw      x5, -36(x2)
core   0: 3 0x80000200 (0xfdc12283) x5  0x3f800000 mem 0x70000010
core   0: 0x80000204 (0x5e02c257) vmv.v.x v4, x5
core   0: 3 0x80000204 (0x5e02c257) c8_vstart 0x00000000 e32 m1 l16 v4  0000ffff 0x3f800000 3f800000 3f800000 3f800000 3f800000 3f800000 3f800000 3f800000 3f800000 3f800000 3f800000 3f800000 3f800000 3f800000 3f800000 3f800000 
core   0: 0x80000208 (0xa25211d7) vfmadd.vv v3, v5, v4
core   0: 3 0x80000208 (0xa25211d7) c8_vstart 0x00000000 c1_fflags 0x00000001 e32 m1 l16 v3  0000ffff 0x4313e0e0 42d581e4 42b0e1eb 42d4d17c 42dd7d27 42394306 4284932d 429f5d48 430edba7 4334dc0c 4339fefc 4317f24a 42831cbd 42da6e6e 4313e0e0 42d581e4 
core   0: 0x8000020c (0xfe012283) lw      x5, -32(x2)
core   0: 3 0x8000020c (0xfe012283) x5  0x3f800000 mem 0x70000014
core   0: 0x80000210 (0x5e02c257) vmv.v.x v4, x5
core   0: 3 0x80000210 (0x5e02c257) c8_vstart 0x00000000 e32 m1 l16 v4  0000ffff 0x3f800000 3f800000 3f800000 3f800000 3f800000 3f800000 3f800000 3f800000 3f800000 3f800000 3f800000 3f800000 3f800000 3f800000 3f800000 3f800000 
core   0: 0x80000214 (0xa23213d7) vfmadd.vv v7, v3, v4
core   0: 3 0x80000214 (0xa23213d7) c8_vstart 0x00000000 c1_fflags 0x00000001 e32 m1 l16 v7  0000ffff 0x43209929 434b3fe0 430e5a8c 433c5c1c 42ea7857 43123be8 429a3a08 42e657f0 432da7e9 4365be6e 438bfc21 436ed511 4324aa94 43220d4c 43209929 434b3fe0 
core   0: 0x80000218 (0xfe412283) lw      x5, -28(x2)
core   0: 3 0x80000218 (0xfe412283) x5  0x3f800000 mem 0x70000018
core   0: 0x8000021c (0x5e02c1d7) vmv.v.x v3, x5
core   0: 3 0x8000021c (0x5e02c1d7) c8_vstart 0x00000000 e32 m1 l16 v3  0000ffff 0x3f800000 3f800000 3f800000 3f800000 3f800000 3f800000 3f800000 3f800000 3f800000 3f800000 3f800000 3f800000 3f800000 3f800000 3f800000 3f800000 
core   0: 0x80000220 (0xa2719457) vfmadd.vv v8, v7, v3
core   0: 3 0x80000220 (0xa2719457) c8_vstart 0x00000000 c1_fflags 0x00000001 e32 m1 l16 v8  0000ffff 0x432d0143 43829088 43561a01 436efdc5 4356e159 434ef43f 42c22d0c 434bab8e 435f737e 436f5fe8 439a0af6 43826622 432bbf92 4326c0a0 432d0143 43829088 
core   0: 0x80000224 (0xfe812283) lw      x5, -24(x2)
core   0: 3 0x80000224 (0xfe812283) x5  0x3f800000 mem 0x7000001c
core   0: 0x80000228 (0x5e02c1d7) vmv.v.x v3, x5
core   0: 3 0x80000228 (0x5e02c1d7) c8_vstart 0x00000000 e32 m1 l16 v3  0000ffff 0x3f800000 3f800000 3f800000 3f800000 3f800000 3f800000 3f800000 3f800000 3f800000 3f800000 3f800000 3f800000 3f800000 3f800000 3f800000 3f800000 
core   0: 0x8000022c (0xa2819557) vfmadd.vv v10, v8, v3
core   0: 3 0x8000022c (0xa2819557) c8_vstart 0x00000000 c1_fflags 0x00000001 e32 m1 l16 v10 0000ffff 0x4331b497 4388c495 43822f5b 439b5e9d 4384c181 43984cb6 431dcedd 435fa510 439bf98a 439095be 439edbb3 439074f7 4341b6c5 432dd59e 4331b497 4388c495 
core   0: 0x80000230 (0xfec12283) lw      x5, -20(x2)
core   0: 3 0x80000230 (0xfec12283) x5  0x3f800000 mem 0x70000020
core   0: 0x80000234 (0x5e02c1d7) vmv.v.x v3, x5
core   0: 3 0x80000234 (0x5e02c1d7) c8_vstart 0x00000000 e32 m1 l16 v3  0000ffff 0x3f800000 3f800000 3f800000 3f800000 3f800000 3f800000 3f800000 3f800000 3f800000 3f800000 3f800000 3f800000 3f800000 3f800000 3f800000 3f800000 
core   0: 0x80000238 (0xa2a195d7) vfmadd.vv v11, v10, v3
core   0: 3 0x80000238 (0xa2a195d7) c8_vstart 0x00000000 c1_fflags 0x00000001 e32 m1 l16 v11 0000ffff 0x4338c995 438b1e3f 43852faf 43b280f8 43a8a13c 43b19d8a 437f740a 438e2eb3 43a5f64b 43bcd589 43b7c17e 439545b4 435dd470 4343ccd1 4338c995 438b1e3f 
core   0: 0x8000023c (0xff012283) lw      x5, -16(x2)
core   0: 3 0x8000023c (0xff012283) x5  0x3f800000 mem 0x70000024
core   0: 0x80000240 (0x5e02c1d7) vmv.v.x v3, x5
core   0: 3 0x80000240 (0x5e02c1d7) c8_vstart 0x00000000 e32 m1 l16 v3  0000ffff 0x3f800000 3f800000 3f800000 3f800000 3f800000 3f800000 3f800000 3f800000 3f800000 3f800000 3f800000 3f800000 3f800000 3f800000 3f800000 3f800000 
core   0: 0x80000244 (0xa2b19157) vfmadd.vv v2, v11, v3
core   0: 3 0x80000244 (0xa2b19157) c8_vstart 0x00000000 c1_fflags 0x00000001 e32 m1 l16 v2  0000ffff 0x43638d38 4396aef3 43aef432 43b876d0 43bacacc 43b2685e 43827111 43a062b0 43d35768 43dfcdea 43ba8f5a 43aa35a0 4394e5f7 435685c2 43638d38 4396aef3 
core   0: 0x80000248 (0xff412283) lw      x5, -12(x2)
core   0: 3 0x80000248 (0xff412283) x5  0x3f800000 mem 0x70000028
core   0: 0x8000024c (0x5e02c1d7) vmv.v.x v3, x5
core   0: 3 0x8000024c (0x5e02c1d7) c8_vstart 0x00000000 e32 m1 l16 v3  0000ffff 0x3f800000 3f800000 3f800000 3f800000 3f800000 3f800000 3f800000 3f800000 3f800000 3f800000 3f800000 3f800000 3f800000 3f800000 3f800000 3f800000 
core   0: 0x80000250 (0xa2219057) vfmadd.vv v0, v2, v3
core   0: 3 0x80000250 (0xa2219057) c8_vstart 0x00000000 c1_fflags 0x00000001 e32 m1 l16 v0  0000ffff 0x43764629 43ac10c5 43dc128e 43e23b52 43c0c0a4 43c491ee 43833be5 43a319bc 43e58b65 44069784 43dd87bc 43ad037c 43a9d5e3 43913ea0 43764629 43ac10c5 
core   0: 0x80000254 (0xff812283) lw      x5, -8(x2)
core   0: 3 0x80000254 (0xff812283) x5  0x3f800000 mem 0x7000002c
core   0: 0x80000258 (0x5e02c157) vmv.v.x v2, x5
core   0: 3 0x80000258 (0x5e02c157) c8_vstart 0x00000000 e32 m1 l16 v2  0000ffff 0x3f800000 3f800000 3f800000 3f800000 3f800000 3f800000 3f800000 3f800000 3f800000 3f800000 3f800000 3f800000 3f800000 3f800000 3f800000 3f800000 
core   0: 0x8000025c (0xa20110d7) vfmadd.vv v1, v0, v2
core   0: 3 0x8000025c (0xa20110d7) c8_vstart 0x00000000 c1_fflags 0x00000001 e32 m1 l16 v1  0000ffff 0x43a11ed3 43b56d3e 43fef8fd 4407acd7 43ea8526 43ca87c6 43956575 43a3e490 43e84271 440fb183 4405746c 43cffbde 43aca3bf 43a62e8c 43a11ed3 43b56d3e 
core   0: 0x80000260 (0xffc12283) lw      x5, -4(x2)
core   0: 3 0x80000260 (0xffc12283) x5  0x90001000 mem 0x70000030
core   0: 0x80000264 (0x0292c057) vadd.vx v0, v9, x5
core   0: 3 0x80000264 (0x0292c057) c8_vstart 0x00000000 e32 m1 l16 v0  0000ffff 0x900011c8 900011c4 900011f8 900011f4 900011f0 900011ec 900011e8 900011e4 900011e0 900011dc 900011d8 900011d4 900011d0 900011cc 900011c8 900011c4 
core   0: 0x80000268 (0x0010607b) vsw12.v v1, v0, 0
core   0: 3 0x80000268 (0x0010607b) c8_vstart 0x00000000 e32 m1 l16 mem 0x900011c4 0x43b56d3e mem 0x900011c8 0x43a11ed3 mem 0x900011cc 0x43a62e8c mem 0x900011d0 0x43aca3bf mem 0x900011d4 0x43cffbde mem 0x900011d8 0x4405746c mem 0x900011dc 0x440fb183 mem 0x900011e0 0x43e84271 mem 0x900011e4 0x43a3e490 mem 0x900011e8 0x43956575 mem 0x900011ec 0x43ca87c6 mem 0x900011f0 0x43ea8526 mem 0x900011f4 0x4407acd7 mem 0x900011f8 0x43fef8fd mem 0x900011c4 0x43b56d3e mem 0x900011c8 0x43a11ed3
core   0: 0x8000026c (0xfcc12083) lw      x1, -52(x2)
core   0: 3 0x8000026c (0xfcc12083) x1  0x800000a0 mem 0x70000000
core   0: 0x80000270 (0x0090200b) regext  x0, x0,  0 0 1 1 
core   0: 3 0x80000270 (0x0090200b)
core   0: 0x80000274 (0x7fc020ab) vlw.v   v1, x0, -4
core   0: 3 0x80000274 (0x7fc020ab) e32 m1 l16 v33 0000ffff 0x00000000 00000000 00000000 00000000 00000000 00000000 00000000 00000000 00000000 00000000 00000000 00000000 00000000 00000000 00000000 00000000  c8_vstart 0x00000000 mem 0x90003000 mem 0x90003004 mem 0x90003008 mem 0x9000300c mem 0x90003010 mem 0x90003014 mem 0x90003018 mem 0x9000301c mem 0x90003020 mem 0x90003024 mem 0x90003028 mem 0x9000302c mem 0x90003030 mem 0x90003034 mem 0x90003038 mem 0x9000303c
core   0: 0x80000278 (0xfcc10113) addi    x2, x2, -52
core   0: 3 0x80000278 (0xfcc10113) x2  0x70000000
core   0: 0x8000027c (0xffc20213) addi    x4, x4, -4
core   0: 3 0x8000027c (0xffc20213) x4  0x00000000
core   0: 0x80000280 (0x0010200b) regext  x0, x0,  0 0 0 1 
core   0: 3 0x80000280 (0x0010200b)
core   0: 0x80000284 (0x5e024057) vmv.v.x v0, x4
core   0: 3 0x80000284 (0x5e024057) c8_vstart 0x00000000 e32 m1 l16 v32 0000ffff 0x00000000 00000000 00000000 00000000 00000000 00000000 00000000 00000000 00000000 00000000 00000000 00000000 00000000 00000000 00000000 00000000 
core   0: 0x80000288 (0x00008067) ret
core   0: 3 0x80000288 (0x00008067)
core   0: 0x800000a0 (0x0000400b) endprg  x0, x0, x0
core   0: 3 0x800000a0 (0x0000400b)
core   0: 0x800000a4 (0x0040006f) j       pc + 0x4
core   0: 3 0x800000a4 (0x0040006f)
core   0: 0x800000a8 (0x00100313) li      x6, 1
core   0: 3 0x800000a8 (0x00100313) x6  0x00000001
core   0: 0x800000ac (0x00001297) auipc   x5, 0x1
core   0: 3 0x800000ac (0x00001297) x5  0x800010ac
core   0: 0x800000b0 (0xf5428293) addi    x5, x5, -172
core   0: 3 0x800000b0 (0xf5428293) x5  0x80001000
core   0: 0x800000b4 (0x0062a023) sw      x6, 0(x5)
core   0: 3 0x800000b4 (0x0062a023) mem 0x80001000 0x00000001
core   0: 0x00001000 (0x00000297) auipc   x5, 0x0
core   0: 3 0x00001000 (0x00000297) x5  0x00001000
core   0: 0x00001004 (0x02028593) addi    x11, x5, 32
core   0: 3 0x00001004 (0x02028593) x11 0x00001020
core   0: 0x00001008 (0xf1402573) csrr    x10, mhartid
core   0: 3 0x00001008 (0xf1402573) x10 0x00000000
core   0: 0x0000100c (0x0182a283) lw      x5, 24(x5)
core   0: 3 0x0000100c (0x0182a283) x5  0x80000000 mem 0x00001018
core   0: 0x00001010 (0x00028067) jr      x5
core   0: 3 0x00001010 (0x00028067)
core   0: 0x80000000 (0x00004197) auipc   x3, 0x4
core   0: 3 0x80000000 (0x00004197) x3  0x80004000
core   0: 0x80000004 (0x80818193) addi    x3, x3, -2040
core   0: 3 0x80000004 (0x80818193) x3  0x80003808
core   0: 0x80000008 (0x02000e93) li      x29, 32
core   0: 3 0x80000008 (0x02000e93) x29 0x00000020
core   0: 0x8000000c (0x0d0efed7) vsetvli x29, x29, e32, m1, ta, ma
core   0: 3 0x8000000c (0x0d0efed7) x29 0x00000010 c8_vstart 0x00000000 c3104_vl 0x00000010 c3105_vtype 0x000000d0 c768_mstatus 0x80000600
core   0: 0x80000010 (0x00002eb7) lui     x29, 0x2
core   0: 3 0x80000010 (0x00002eb7) x29 0x00002000
core   0: 0x80000014 (0x300eaef3) csrrs   x29, mstatus, x29
core   0: 3 0x80000014 (0x300eaef3) x29 0x80000600 c768_mstatus 0x80006600
core   0: 0x80000018 (0x00000e93) li      x29, 0
core   0: 3 0x80000018 (0x00000e93) x29 0x00000000
core   0: 0x8000001c (0x80502373) csrr    x6, wid
core   0: 3 0x8000001c (0x80502373) x6  0x00000000
core   0: 0x80000020 (0x806023f3) csrr    x7, lds
core   0: 3 0x80000020 (0x806023f3) x7  0x70000000
core   0: 0x80000024 (0x40000e13) li      x28, 1024
core   0: 3 0x80000024 (0x40000e13) x28 0x00000400
core   0: 0x80000028 (0x03c30333) mul     x6, x6, x28
core   0: 3 0x80000028 (0x03c30333) x6  0x00000000
core   0: 0x8000002c (0x00730133) add     x2, x6, x7
core   0: 3 0x8000002c (0x00730133) x2  0x70000000
core   0: 0x80000030 (0x00000213) li      x4, 0
core   0: 3 0x80000030 (0x00000213) x4  0x00000000
core   0: 0x80000034 (0x80102f73) csrr    x30, numw
core   0: 3 0x80000034 (0x80102f73) x30 0x00000001
core   0: 0x80000038 (0x40000e13) li      x28, 1024
core   0: 3 0x80000038 (0x40000e13) x28 0x00000400
core   0: 0x8000003c (0x03cf0f33) mul     x30, x30, x28
core   0: 3 0x8000003c (0x03cf0f33) x30 0x00000400
core   0: 0x80000040 (0x01e38433) add     x8, x7, x30
core   0: 3 0x80000040 (0x01e38433) x8  0x70000400
core   0: 0x80000044 (0x00003517) auipc   x10, 0x3
core   0: 3 0x80000044 (0x00003517) x10 0x80003044
core   0: 0x80000048 (0xfc450513) addi    x10, x10, -60
core   0: 3 0x80000048 (0xfc450513) x10 0x80003008
core   0: 0x8000004c (0x00003617) auipc   x12, 0x3
core   0: 3 0x8000004c (0x00003617) x12 0x8000304c
core   0: 0x80000050 (0xfbc60613) addi    x12, x12, -68
core   0: 3 0x80000050 (0xfbc60613) x12 0x80003008
core   0: 0x80000054 (0x00c50863) beq     x10, x12, pc + 16
core   0: 3 0x80000054 (0x00c50863)
core   0: 0x80000064 (0x803022f3) csrr    x5, knl
core   0: 3 0x80000064 (0x803022f3) x5  0x900e3000
core   0: 0x80000068 (0x0002a303) lw      x6, 0(x5)
core   0: 3 0x80000068 (0x0002a303) x6  0x800000b8 mem 0x900e3000
core   0: 0x8000006c (0x0042a503) lw      x10, 4(x5)
core   0: 3 0x8000006c (0x0042a503) x10 0x90002000 mem 0x900e3004
core   0: 0x80000070 (0x0302a383) lw      x7, 48(x5)
core   0: 3 0x80000070 (0x0302a383) x7  0x00000000 mem 0x900e3030
core   0: 0x80000074 (0x0342ae03) lw      x28, 52(x5)
core   0: 3 0x80000074 (0x0342ae03) x28 0x00000000 mem 0x900e3034
core   0: 0x80000078 (0x00003e97) auipc   x29, 0x3
core   0: 3 0x80000078 (0x00003e97) x29 0x80003078
core   0: 0x8000007c (0xf88e8e93) addi    x29, x29, -120
core   0: 3 0x8000007c (0xf88e8e93) x29 0x80003000
core   0: 0x80000080 (0x00003f17) auipc   x30, 0x3
core   0: 3 0x80000080 (0x00003f17) x30 0x80003080
core   0: 0x80000084 (0xf84f0f13) addi    x30, x30, -124
core   0: 3 0x80000084 (0xf84f0f13) x30 0x80003004
core   0: 0x80000088 (0x007ea023) sw      x7, 0(x29)
core   0: 3 0x80000088 (0x007ea023) mem 0x80003000 0x00000000
core   0: 0x8000008c (0x01cf2023) sw      x28, 0(x30)
core   0: 3 0x8000008c (0x01cf2023) mem 0x80003004 0x00000000
core   0: 0x80000090 (0x00000f97) auipc   x31, 0x0
core   0: 3 0x80000090 (0x00000f97) x31 0x80000090
core   0: 0x80000094 (0x018f8f93) addi    x31, x31, 24
core   0: 3 0x80000094 (0x018f8f93) x31 0x800000a8
core   0: 0x80000098 (0x305f9073) csrw    mtvec, x31
core   0: 3 0x80000098 (0x305f9073) c773_mtvec 0x800000a8
core   0: 0x8000009c (0x000300e7) jalr    x6
core   0: 3 0x8000009c (0x000300e7) x1  0x800000a0
core   0: 0x800000b8 (0x03410113) addi    x2, x2, 52
core   0: 3 0x800000b8 (0x03410113) x2  0x70000034
core   0: 0x800000bc (0x00420213) addi    x4, x4, 4
core   0: 3 0x800000bc (0x00420213) x4  0x00000004
core   0: 0x800000c0 (0x0010200b) regext  x0, x0,  0 0 0 1 
core   0: 3 0x800000c0 (0x0010200b)
core   0: 0x800000c4 (0x5e024057) vmv.v.x v0, x4
core   0: 3 0x800000c4 (0x5e024057) c8_vstart 0x00000000 e32 m1 l16 v32 0000ffff 0x00000004 00000004 00000004 00000004 00000004 00000004 00000004 00000004 00000004 00000004 00000004 00000004 00000004 00000004 00000004 00000004 
core   0: 0x800000c8 (0xfc112623) sw      x1, -52(x2)
core   0: 3 0x800000c8 (0xfc112623) mem 0x70000000 0x800000a0
core   0: 0x800000cc (0x0480200b) regext  x0, x0,  0 1 1 0 
core   0: 3 0x800000cc (0x0480200b)
core   0: 0x800000d0 (0xfe102e2b) vsw.v   v1, x0, -4
core   0: 3 0x800000d0 (0xfe102e2b) c8_vstart 0x00000000 mem 0x90003000 0x00000000 mem 0x90003004 0x00000000 mem 0x90003008 0x00000000 mem 0x9000300c 0x00000000 mem 0x90003010 0x00000000 mem 0x90003014 0x00000000 mem 0x90003018 0x00000000 mem 0x9000301c 0x00000000 mem 0x90003020 0x00000000 mem 0x90003024 0x00000000 mem 0x90003028 0x00000000 mem 0x9000302c 0x00000000 mem 0x90003030 0x00000000 mem 0x90003034 0x00000000 mem 0x90003038 0x00000000 mem 0x9000303c 0x00000000
core   0: 0x800000d4 (0x00452283) lw      x5, 4(x10)
core   0: 3 0x800000d4 (0x00452283) x5  0x90001000 mem 0x90002004
core   0: 0x800000d8 (0xfe512e23) sw      x5, -4(x2)
core   0: 3 0x800000d8 (0xfe512e23) mem 0x70000030 0x90001000
core   0: 0x800000dc (0x03052283) lw      x5, 48(x10)
core   0: 3 0x800000dc (0x03052283) x5  0x3f800000 mem 0x90002030
core   0: 0x800000e0 (0xfe512c23) sw      x5, -8(x2)
core   0: 3 0x800000e0 (0xfe512c23) mem 0x7000002c 0x3f800000
core   0: 0x800000e4 (0x02c52283) lw      x5, 44(x10)
core   0: 3 0x800000e4 (0x02c52283) x5  0x3f800000 mem 0x9000202c
core   0: 0x800000e8 (0xfe512a23) sw      x5, -12(x2)
core   0: 3 0x800000e8 (0xfe512a23) mem 0x70000028 0x3f800000
core   0: 0x800000ec (0x02852283) lw      x5, 40(x10)
core   0: 3 0x800000ec (0x02852283) x5  0x3f800000 mem 0x90002028
core   0: 0x800000f0 (0xfe512823) sw      x5, -16(x2)
core   0: 3 0x800000f0 (0xfe512823) mem 0x70000024 0x3f800000
core   0: 0x800000f4 (0x02452283) lw      x5, 36(x10)
core   0: 3 0x800000f4 (0x02452283) x5  0x3f800000 mem 0x90002024
core   0: 0x800000f8 (0xfe512623) sw      x5, -20(x2)
core   0: 3 0x800000f8 (0xfe512623) mem 0x70000020 0x3f800000
core   0: 0x800000fc (0x02052283) lw      x5, 32(x10)
core   0: 3 0x800000fc (0x02052283) x5  0x3f800000 mem 0x90002020
core   0: 0x80000100 (0xfe512423) sw      x5, -24(x2)
core   0: 3 0x80000100 (0xfe512423) mem 0x7000001c 0x3f800000
core   0: 0x80000104 (0x01c52283) lw      x5, 28(x10)
core   0: 3 0x80000104 (0x01c52283) x5  0x3f800000 mem 0x9000201c
core   0: 0x80000108 (0xfe512223) sw      x5, -28(x2)
core   0: 3 0x80000108 (0xfe512223) mem 0x70000018 0x3f800000
core   0: 0x8000010c (0x01852283) lw      x5, 24(x10)
core   0: 3 0x8000010c (0x01852283) x5  0x3f800000 mem 0x90002018
core   0: 0x80000110 (0xfe512023) sw      x5, -32(x2)
core   0: 3 0x80000110 (0xfe512023) mem 0x70000014 0x3f800000
core   0: 0x80000114 (0x01052283) lw      x5, 16(x10)
core   0: 3 0x80000114 (0x01052283) x5  0x3f800000 mem 0x90002010
core   0: 0x80000118 (0xfc512e23) sw      x5, -36(x2)
core   0: 3 0x80000118 (0xfc512e23) mem 0x70000010 0x3f800000
core   0: 0x8000011c (0x01452283) lw      x5, 20(x10)
core   0: 3 0x8000011c (0x01452283) x5  0x3f800000 mem 0x90002014
core   0: 0x80000120 (0xfc512c23) sw      x5, -40(x2)
core   0: 3 0x80000120 (0xfc512c23) mem 0x7000000c 0x3f800000
core   0: 0x80000124 (0x00052283) lw      x5, 0(x10)
core   0: 3 0x80000124 (0x00052283) x5  0x90000000 mem 0x90002000
core   0: 0x80000128 (0xfc512a23) sw      x5, -44(x2)
core   0: 3 0x80000128 (0xfc512a23) mem 0x70000008 0x90000000
core   0: 0x8000012c (0x00852283) lw      x5, 8(x10)
core   0: 3 0x8000012c (0x00852283) x5  0x00000010 mem 0x90002008
core   0: 0x80000130 (0xfc512823) sw      x5, -48(x2)
core   0: 3 0x80000130 (0xfc512823) mem 0x70000004 0x00000010
core   0: 0x80000134 (0x5e004057) vmv.v.x v0, x0
core   0: 3 0x80000134 (0x5e004057) c8_vstart 0x00000000 e32 m1 l16 v0  0000ffff 0x00000000 00000000 00000000 00000000 00000000 00000000 00000000 00000000 00000000 00000000 00000000 00000000 00000000 00000000 00000000 00000000 
core   0: 0x80000138 (0x154000ef) jal     pc + 0x154
core   0: 3 0x80000138 (0x154000ef) x1  0x8000013c
core   0: 0x8000028c (0x00410113) addi    x2, x2, 4
core   0: 3 0x8000028c (0x00410113) x2  0x70000038
core   0: 0x80000290 (0xfe112e23) sw      x1, -4(x2)
core   0: 3 0x80000290 (0xfe112e23) mem 0x70000034 0x8000013c
core   0: 0x80000294 (0x00200293) li      x5, 2
core   0: 3 0x80000294 (0x00200293) x5  0x00000002
core   0: 0x80000298 (0x5e02c0d7) vmv.v.x v1, x5
core   0: 3 0x80000298 (0x5e02c0d7) c8_vstart 0x00000000 e32 m1 l16 v1  0000ffff 0x00000002 00000002 00000002 00000002 00000002 00000002 00000002 00000002 00000002 00000002 00000002 00000002 00000002 00000002 00000002 00000002 
core   0: 0x8000029c (0x00000317) auipc   x6, 0x0
core   0: 3 0x8000029c (0x00000317) x6  0x8000029c
core   0: 0x800002a0 (0x04c3305b) setrpc  x0, x6, 76
core   0: 3 0x800002a0 (0x04c3305b) c2060_rpc 0x800002e8 current mask:	0000ffff current npc:	00000000 stack size: 0
core   0: 0x800002a4 (0x0200885b) vbeq    v0, v1, pc + 48
core   0: 3 0x800002a4 (0x0200885b) c8_vstart 0x00000000 e32 m1 l16 current mask:	0000ffff current npc:	800002a8 stack size: 0
core   0: 0x800002a8 (0x00100293) li      x5, 1
core   0: 3 0x800002a8 (0x00100293) x5  0x00000001
core   0: 0x800002ac (0x5e02c0d7) vmv.v.x v1, x5
core   0: 3 0x800002ac (0x5e02c0d7) c8_vstart 0x00000000 e32 m1 l16 v1  0000ffff 0x00000001 00000001 00000001 00000001 00000001 00000001 00000001 00000001 00000001 00000001 00000001 00000001 00000001 00000001 00000001 00000001 
core   0: 0x800002b0 (0x00000317) auipc   x6, 0x0
core   0: 3 0x800002b0 (0x00000317) x6  0x800002b0
core   0: 0x800002b4 (0x0383305b) setrpc  x0, x6, 56
core   0: 3 0x800002b4 (0x0383305b) c2060_rpc 0x800002e8 current mask:	0000ffff current npc:	800002a8 stack size: 0
core   0: 0x800002b8 (0x0200825b) vbeq    v0, v1, pc + 36
core   0: 3 0x800002b8 (0x0200825b) c8_vstart 0x00000000 e32 m1 l16 current mask:	0000ffff current npc:	800002bc stack size: 0
core   0: 0x800002bc (0x5e0040d7) vmv.v.x v1, x0
core   0: 3 0x800002bc (0x5e0040d7) c8_vstart 0x00000000 e32 m1 l16 v1  0000ffff 0x00000000 00000000 00000000 00000000 00000000 00000000 00000000 00000000 00000000 00000000 00000000 00000000 00000000 00000000 00000000 00000000 
core   0: 0x800002c0 (0x00000317) auipc   x6, 0x0
core   0: 3 0x800002c0 (0x00000317) x6  0x800002c0
core   0: 0x800002c4 (0x0283305b) setrpc  x0, x6, 40
core   0: 3 0x800002c4 (0x0283305b) c2060_rpc 0x800002e8 current mask:	0000ffff current npc:	800002bc stack size: 0
core   0: 0x800002c8 (0x00009e5b) vbne    v0, v1, pc + 28
core   0: 3 0x800002c8 (0x00009e5b) c8_vstart 0x00000000 e32 m1 l16 current mask:	0000ffff current npc:	800002cc stack size: 0
core   0: 0x800002cc (0x1a0000ef) jal     pc + 0x1a0
core   0: 3 0x800002cc (0x1a0000ef) x1  0x800002d0
core   0: 0x8000046c (0x00410113) addi    x2, x2, 4
core   0: 3 0x8000046c (0x00410113) x2  0x7000003c
core   0: 0x80000470 (0xfe112e23) sw      x1, -4(x2)
core   0: 3 0x80000470 (0xfe112e23) mem 0x70000038 0x800002d0
core   0: 0x80000474 (0xf1dff0ef) jal     pc - 0xe4
core   0: 3 0x80000474 (0xf1dff0ef) x1  0x80000478
core   0: 0x80000390 (0x00410113) addi    x2, x2, 4
core   0: 3 0x80000390 (0x00410113) x2  0x70000040
core   0: 0x80000394 (0xfe112e23) sw      x1, -4(x2)
core   0: 3 0x80000394 (0xfe112e23) mem 0x7000003c 0x80000478
core   0: 0x80000398 (0x80302573) csrr    x10, knl
core   0: 3 0x80000398 (0x80302573) x10 0x900e3000
core   0: 0x8000039c (0x00852283) lw      x5, 8(x10)
core   0: 3 0x8000039c (0x00852283) x5  0x00000002 mem 0x900e3008
core   0: 0x800003a0 (0x80002373) csrr    x6, tid
core   0: 3 0x800003a0 (0x80002373) x6  0x00000000
core   0: 0x800003a4 (0x5208a157) vid.v   v2
core   0: 3 0x800003a4 (0x5208a157) c8_vstart 0x00000000 e32 m1 l16 v2  0000ffff 0x0000000f 0000000e 0000000d 0000000c 0000000b 0000000a 00000009 00000008 00000007 00000006 00000005 00000004 00000003 00000002 00000001 00000000 
core   0: 0x800003a8 (0x02234057) vadd.vx v0, v2, x6
core   0: 3 0x800003a8 (0x02234057) c8_vstart 0x00000000 e32 m1 l16 v0  0000ffff 0x0000000f 0000000e 0000000d 0000000c 0000000b 0000000a 00000009 00000008 00000007 00000006 00000005 00000004 00000003 00000002 00000001 00000000 
core   0: 0x800003ac (0x01852e03) lw      x28, 24(x10)
core   0: 3 0x800003ac (0x01852e03) x28 0x0000000e mem 0x900e3018
core   0: 0x800003b0 (0x8a0e6057) vremu.vx v0, v0, x28
core   0: 3 0x800003b0 (0x8a0e6057) c8_vstart 0x00000000 e32 m1 l16 v0  0000ffff 0x00000001 00000000 0000000d 0000000c 0000000b 0000000a 00000009 00000008 00000007 00000006 00000005 00000004 00000003 00000002 00000001 00000000 
core   0: 0x800003b4 (0xffc12083) lw      x1, -4(x2)
core   0: 3 0x800003b4 (0xffc12083) x1  0x80000478 mem 0x7000003c
core   0: 0x800003b8 (0xffc10113) addi    x2, x2, -4
core   0: 3 0x800003b8 (0xffc10113) x2  0x7000003c
core   0: 0x800003bc (0x00008067) ret
core   0: 3 0x800003bc (0x00008067)
core   0: 0x80000478 (0x80302573) csrr    x10, knl
core   0: 3 0x80000478 (0x80302573) x10 0x900e3000
core   0: 0x8000047c (0x80802373) csrr    x6, gidx
core   0: 3 0x8000047c (0x80802373) x6  0x00000000
core   0: 0x80000480 (0x01852e03) lw      x28, 24(x10)
core   0: 3 0x80000480 (0x01852e03) x28 0x0000000e mem 0x900e3018
core   0: 0x80000484 (0x02452e83) lw      x29, 36(x10)
core   0: 3 0x80000484 (0x02452e83) x29 0x00000001 mem 0x900e3024
core   0: 0x80000488 (0x03c30fb3) mul     x31, x6, x28
core   0: 3 0x80000488 (0x03c30fb3) x31 0x00000000
core   0: 0x8000048c (0x01df8fb3) add     x31, x31, x29
core   0: 3 0x8000048c (0x01df8fb3) x31 0x00000001
core   0: 0x80000490 (0x020fc057) vadd.vx v0, v0, x31
core   0: 3 0x80000490 (0x020fc057) c8_vstart 0x00000000 e32 m1 l16 v0  0000ffff 0x00000002 00000001 0000000e 0000000d 0000000c 0000000b 0000000a 00000009 00000008 00000007 00000006 00000005 00000004 00000003 00000002 00000001 
core   0: 0x80000494 (0xffc12083) lw      x1, -4(x2)
core   0: 3 0x80000494 (0xffc12083) x1  0x800002d0 mem 0x70000038
core   0: 0x80000498 (0xffc10113) addi    x2, x2, -4
core   0: 3 0x80000498 (0xffc10113) x2  0x70000038
core   0: 0x8000049c (0x00008067) ret
core   0: 3 0x8000049c (0x00008067)
core   0: 0x800002d0 (0x0180006f) j       pc + 0x18
core   0: 3 0x800002d0 (0x0180006f)
core   0: 0x800002e8 (0x0000205b) join    v0, v0, pc + 0
core   0: 3 0x800002e8 (0x0000205b) current mask:	0000ffff current npc:	800002cc stack size: 0
core   0: 0x800002ec (0xffc12083) lw      x1, -4(x2)
core   0: 3 0x800002ec (0xffc12083) x1  0x8000013c mem 0x70000034
core   0: 0x800002f0 (0xffc10113) addi    x2, x2, -4
core   0: 3 0x800002f0 (0xffc10113) x2  0x70000034
core   0: 0x800002f4 (0x00008067) ret
core   0: 3 0x800002f4 (0x00008067)
core   0: 0x8000013c (0x0010200b) regext  x0, x0,  0 0 0 1 
core   0: 3 0x8000013c (0x0010200b)
core   0: 0x80000140 (0x020040d7) vadd.vx v1, v0, x0
core   0: 3 0x80000140 (0x020040d7) c8_vstart 0x00000000 e32 m1 l16 v33 0000ffff 0x00000002 00000001 0000000e 0000000d 0000000c 0000000b 0000000a 00000009 00000008 00000007 00000006 00000005 00000004 00000003 00000002 00000001 
core   0: 0x80000144 (0x00100293) li      x5, 1
core   0: 3 0x80000144 (0x00100293) x5  0x00000001
core   0: 0x80000148 (0x5e02c057) vmv.v.x v0, x5
core   0: 3 0x80000148 (0x5e02c057) c8_vstart 0x00000000 e32 m1 l16 v0  0000ffff 0x00000001 00000001 00000001 00000001 00000001 00000001 00000001 00000001 00000001 00000001 00000001 00000001 00000001 00000001 00000001 00000001 
core   0: 0x8000014c (0x140000ef) jal     pc + 0x140
core   0: 3 0x8000014c (0x140000ef) x1  0x80000150
core   0: 0x8000028c (0x00410113) addi    x2, x2, 4
core   0: 3 0x8000028c (0x00410113) x2  0x70000038
core   0: 0x80000290 (0xfe112e23) sw      x1, -4(x2)
core   0: 3 0x80000290 (0xfe112e23) mem 0x70000034 0x80000150
core   0: 0x80000294 (0x00200293) li      x5, 2
core   0: 3 0x80000294 (0x00200293) x5  0x00000002
core   0: 0x80000298 (0x5e02c0d7) vmv.v.x v1, x5
core   0: 3 0x80000298 (0x5e02c0d7) c8_vstart 0x00000000 e32 m1 l16 v1  0000ffff 0x00000002 00000002 00000002 00000002 00000002 00000002 00000002 00000002 00000002 00000002 00000002 00000002 00000002 00000002 00000002 00000002 
core   0: 0x8000029c (0x00000317) auipc   x6, 0x0
core   0: 3 0x8000029c (0x00000317) x6  0x8000029c
core   0: 0x800002a0 (0x04c3305b) setrpc  x0, x6, 76
core   0: 3 0x800002a0 (0x04c3305b) c2060_rpc 0x800002e8 current mask:	0000ffff current npc:	800002cc stack size: 0
core   0: 0x800002a4 (0x0200885b) vbeq    v0, v1, pc + 48
core   0: 3 0x800002a4 (0x0200885b) c8_vstart 0x00000000 e32 m1 l16 current mask:	0000ffff current npc:	800002a8 stack size: 0
core   0: 0x800002a8 (0x00100293) li      x5, 1
core   0: 3 0x800002a8 (0x00100293) x5  0x00000001
core   0: 0x800002ac (0x5e02c0d7) vmv.v.x v1, x5
core   0: 3 0x800002ac (0x5e02c0d7) c8_vstart 0x00000000 e32 m1 l16 v1  0000ffff 0x00000001 00000001 00000001 00000001 00000001 00000001 00000001 00000001 00000001 00000001 00000001 00000001 00000001 00000001 00000001 00000001 
core   0: 0x800002b0 (0x00000317) auipc   x6, 0x0
core   0: 3 0x800002b0 (0x00000317) x6  0x800002b0
core   0: 0x800002b4 (0x0383305b) setrpc  x0, x6, 56
core   0: 3 0x800002b4 (0x0383305b) c2060_rpc 0x800002e8 current mask:	0000ffff current npc:	800002a8 stack size: 0
core   0: 0x800002b8 (0x0200825b) vbeq    v0, v1, pc + 36
core   0: 3 0x800002b8 (0x0200825b) c8_vstart 0x00000000 e32 m1 l16 current mask:	0000ffff current npc:	800002dc stack size: 0
core   0: 0x800002dc (0x1c4000ef) jal     pc + 0x1c4
core   0: 3 0x800002dc (0x1c4000ef) x1  0x800002e0
core   0: 0x800004a0 (0x00410113) addi    x2, x2, 4
core   0: 3 0x800004a0 (0x00410113) x2  0x7000003c
core   0: 0x800004a4 (0xfe112e23) sw      x1, -4(x2)
core   0: 3 0x800004a4 (0xfe112e23) mem 0x70000038 0x800002e0
core   0: 0x800004a8 (0xf19ff0ef) jal     pc - 0xe8
core   0: 3 0x800004a8 (0xf19ff0ef) x1  0x800004ac
core   0: 0x800003c0 (0x00410113) addi    x2, x2, 4
core   0: 3 0x800003c0 (0x00410113) x2  0x70000040
core   0: 0x800003c4 (0xfe112e23) sw      x1, -4(x2)
core   0: 3 0x800003c4 (0xfe112e23) mem 0x7000003c 0x800004ac
core   0: 0x800003c8 (0x80302573) csrr    x10, knl
core   0: 3 0x800003c8 (0x80302573) x10 0x900e3000
core   0: 0x800003cc (0x00852283) lw      x5, 8(x10)
core   0: 3 0x800003cc (0x00852283) x5  0x00000002 mem 0x900e3008
core   0: 0x800003d0 (0x80002373) csrr    x6, tid
core   0: 3 0x800003d0 (0x80002373) x6  0x00000000
core   0: 0x800003d4 (0x5208a157) vid.v   v2
core   0: 3 0x800003d4 (0x5208a157) c8_vstart 0x00000000 e32 m1 l16 v2  0000ffff 0x0000000f 0000000e 0000000d 0000000c 0000000b 0000000a 00000009 00000008 00000007 00000006 00000005 00000004 00000003 00000002 00000001 00000000 
core   0: 0x800003d8 (0x02234057) vadd.vx v0, v2, x6
core   0: 3 0x800003d8 (0x02234057) c8_vstart 0x00000000 e32 m1 l16 v0  0000ffff 0x0000000f 0000000e 0000000d 0000000c 0000000b 0000000a 00000009 00000008 00000007 00000006 00000005 00000004 00000003 00000002 00000001 00000000 
core   0: 0x800003dc (0x01852e03) lw      x28, 24(x10)
core   0: 3 0x800003dc (0x01852e03) x28 0x0000000e mem 0x900e3018
core   0: 0x800003e0 (0x01c52e83) lw      x29, 28(x10)
core   0: 3 0x800003e0 (0x01c52e83) x29 0x00000001 mem 0x900e301c
core   0: 0x800003e4 (0x03ce8f33) mul     x30, x29, x28
core   0: 3 0x800003e4 (0x03ce8f33) x30 0x0000000e
core   0: 0x800003e8 (0x8a0f6057) vremu.vx v0, v0, x30
core   0: 3 0x800003e8 (0x8a0f6057) c8_vstart 0x00000000 e32 m1 l16 v0  0000ffff 0x00000001 00000000 0000000d 0000000c 0000000b 0000000a 00000009 00000008 00000007 00000006 00000005 00000004 00000003 00000002 00000001 00000000 
core   0: 0x800003ec (0x820e6057) vdivu.vx v0, v0, x28
core   0: 3 0x800003ec (0x820e6057) c8_vstart 0x00000000 e32 m1 l16 v0  0000ffff 0x00000000 00000000 00000000 00000000 00000000 00000000 00000000 00000000 00000000 00000000 00000000 00000000 00000000 00000000 00000000 00000000 
core   0: 0x800003f0 (0x5e0ec0d7) vmv.v.x v1, x29
core   0: 3 0x800003f0 (0x5e0ec0d7) c8_vstart 0x00000000 e32 m1 l16 v1  0000ffff 0x00000001 00000001 00000001 00000001 00000001 00000001 00000001 00000001 00000001 00000001 00000001 00000001 00000001 00000001 00000001 00000001 
core   0: 0x800003f4 (0x00000317) auipc   x6, 0x0
core   0: 3 0x800003f4 (0x00000317) x6  0x800003f4
core   0: 0x800003f8 (0x0143305b) setrpc  x0, x6, 20
core   0: 3 0x800003f8 (0x0143305b) c2060_rpc 0x80000408 current mask:	0000ffff current npc:	800002dc stack size: 0
core   0: 0x800003fc (0x0000c65b) vblt    v0, v1, pc + 12
core   0: 3 0x800003fc (0x0000c65b) c8_vstart 0x00000000 e32 m1 l16 current mask:	0000ffff current npc:	80000408 stack size: 0
core   0: 0x80000408 (0x0000205b) join    v0, v0, pc + 0
core   0: 3 0x80000408 (0x0000205b) current mask:	0000ffff current npc:	80000408 stack size: 0
core   0: 0x8000040c (0xffc12083) lw      x1, -4(x2)
core   0: 3 0x8000040c (0xffc12083) x1  0x800004ac mem 0x7000003c
core   0: 0x80000410 (0xffc10113) addi    x2, x2, -4
core   0: 3 0x80000410 (0xffc10113) x2  0x7000003c
core   0: 0x80000414 (0x00008067) ret
core   0: 3 0x80000414 (0x00008067)
core   0: 0x800004ac (0x80902373) csrr    x6, gidy
core   0: 3 0x800004ac (0x80902373) x6  0x00000007
core   0: 0x800004b0 (0x01c52383) lw      x7, 28(x10)
core   0: 3 0x800004b0 (0x01c52383) x7  0x00000001 mem 0x900e301c
core   0: 0x800004b4 (0x02852e83) lw      x29, 40(x10)
core   0: 3 0x800004b4 (0x02852e83) x29 0x00000001 mem 0x900e3028
core   0: 0x800004b8 (0x02730e33) mul     x28, x6, x7
core   0: 3 0x800004b8 (0x02730e33) x28 0x00000007
core   0: 0x800004bc (0x01de0e33) add     x28, x28, x29
core   0: 3 0x800004bc (0x01de0e33) x28 0x00000008
core   0: 0x800004c0 (0x020e4057) vadd.vx v0, v0, x28
core   0: 3 0x800004c0 (0x020e4057) c8_vstart 0x00000000 e32 m1 l16 v0  0000ffff 0x00000008 00000008 00000008 00000008 00000008 00000008 00000008 00000008 00000008 00000008 00000008 00000008 00000008 00000008 00000008 00000008 
core   0: 0x800004c4 (0xffc12083) lw      x1, -4(x2)
core   0: 3 0x800004c4 (0xffc12083) x1  0x800002e0 mem 0x70000038
core   0: 0x800004c8 (0xffc10113) addi    x2, x2, -4
core   0: 3 0x800004c8 (0xffc10113) x2  0x70000038
core   0: 0x800004cc (0x00008067) ret
core   0: 3 0x800004cc (0x00008067)
core   0: 0x800002e0 (0x0080006f) j       pc + 0x8
core   0: 3 0x800002e0 (0x0080006f)
core   0: 0x800002e8 (0x0000205b) join    v0, v0, pc + 0
core   0: 3 0x800002e8 (0x0000205b) current mask:	0000ffff current npc:	80000408 stack size: 0
core   0: 0x800002ec (0xffc12083) lw      x1, -4(x2)
core   0: 3 0x800002ec (0xffc12083) x1  0x80000150 mem 0x70000034
core   0: 0x800002f0 (0xffc10113) addi    x2, x2, -4
core   0: 3 0x800002f0 (0xffc10113) x2  0x70000034
core   0: 0x800002f4 (0x00008067) ret
core   0: 3 0x800002f4 (0x00008067)
core   0: 0x80000150 (0xfd012283) lw      x5, -48(x2)
core   0: 3 0x80000150 (0xfd012283) x5  0x00000010 mem 0x70000004
core   0: 0x80000154 (0x5e02c0d7) vmv.v.x v1, x5
core   0: 3 0x80000154 (0x5e02c0d7) c8_vstart 0x00000000 e32 m1 l16 v1  0000ffff 0x00000010 00000010 00000010 00000010 00000010 00000010 00000010 00000010 00000010 00000010 00000010 00000010 00000010 00000010 00000010 00000010 
core   0: 0x80000158 (0x0400200b) regext  x0, x0,  0 1 0 0 
core   0: 3 0x80000158 (0x0400200b)
core   0: 0x8000015c (0xa612e057) vmadd.vx v0, v1, x5
core   0: 3 0x8000015c (0xa612e057) c8_vstart 0x00000000 e32 m1 l16 v0  0000ffff 0x00000082 00000081 0000008e 0000008d 0000008c 0000008b 0000008a 00000089 00000088 00000087 00000086 00000085 00000084 00000083 00000082 00000081 
core   0: 0x80000160 (0x0010110b) vsub12.vi v2, v0, 1
core   0: 3 0x80000160 (0x0010110b) c8_vstart 0x00000000 e32 m1 l16 v2  0000ffff 0x00000081 00000080 0000008d 0000008c 0000008b 0000008a 00000089 00000088 00000087 00000086 00000085 00000084 00000083 00000082 00000081 00000080 
core   0: 0x80000164 (0x0a2081d7) vsub.vv v3, v2, v1
core   0: 3 0x80000164 (0x0a2081d7) c8_vstart 0x00000000 e32 m1 l16 v3  0000ffff 0x00000071 00000070 0000007d 0000007c 0000007b 0000007a 00000079 00000078 00000077 00000076 00000075 00000074 00000073 00000072 00000071 00000070 
core   0: 0x80000168 (0x963131d7) vsll.vi v3, v3, 2
core   0: 3 0x80000168 (0x963131d7) c8_vstart 0x00000000 e32 m1 l16 v3  0000ffff 0x000001c4 000001c0 000001f4 000001f0 000001ec 000001e8 000001e4 000001e0 000001dc 000001d8 000001d4 000001d0 000001cc 000001c8 000001c4 000001c0 
core   0: 0x8000016c (0xfd412283) lw      x5, -44(x2)
core   0: 3 0x8000016c (0xfd412283) x5  0x90000000 mem 0x70000008
core   0: 0x80000170 (0x5e02c257) vmv.v.x v4, x5
core   0: 3 0x80000170 (0x5e02c257) c8_vstart 0x00000000 e32 m1 l16 v4  0000ffff 0x90000000 90000000 90000000 90000000 90000000 90000000 90000000 90000000 90000000 90000000 90000000 90000000 90000000 90000000 90000000 90000000 
core   0: 0x80000174 (0x0232c1d7) vadd.vx v3, v3, x5
core   0: 3 0x80000174 (0x0232c1d7) c8_vstart 0x00000000 e32 m1 l16 v3  0000ffff 0x900001c4 900001c0 900001f4 900001f0 900001ec 900001e8 900001e4 900001e0 900001dc 900001d8 900001d4 900001d0 900001cc 900001c8 900001c4 900001c0 
core   0: 0x80000178 (0x0a0082d7) vsub.vv v5, v0, v1
core   0: 3 0x80000178 (0x0a0082d7) c8_vstart 0x00000000 e32 m1 l16 v5  0000ffff 0x00000072 00000071 0000007e 0000007d 0000007c 0000007b 0000007a 00000079 00000078 00000077 00000076 00000075 00000074 00000073 00000072 00000071 
core   0: 0x8000017c (0x965132d7) vsll.vi v5, v5, 2
core   0: 3 0x8000017c (0x965132d7) c8_vstart 0x00000000 e32 m1 l16 v5  0000ffff 0x000001c8 000001c4 000001f8 000001f4 000001f0 000001ec 000001e8 000001e4 000001e0 000001dc 000001d8 000001d4 000001d0 000001cc 000001c8 000001c4 
core   0: 0x80000180 (0x024282d7) vadd.vv v5, v4, v5
core   0: 3 0x80000180 (0x024282d7) c8_vstart 0x00000000 e32 m1 l16 v5  0000ffff 0x900001c8 900001c4 900001f8 900001f4 900001f0 900001ec 900001e8 900001e4 900001e0 900001dc 900001d8 900001d4 900001d0 900001cc 900001c8 900001c4 
core   0: 0x80000184 (0x0002a2fb) vlw12.v v5, v5, 0
core   0: 3 0x80000184 (0x0002a2fb) e32 m1 l16 v5  0000ffff 0x40966a81 4146819c 423912d7 428f7eea 424a86a3 42c34a5b 4272e15b 419fcc10 42b0ff2c 42472e54 411a17a6 41e0ed57 41afb996 40e29fc9 40966a81 4146819c  c8_vstart 0x00000000 mem 0x900001c4 mem 0x900001c8 mem 0x900001cc mem 0x900001d0 mem 0x900001d4 mem 0x900001d8 mem 0x900001dc mem 0x900001e0 mem 0x900001e4 mem 0x900001e8 mem 0x900001ec mem 0x900001f0 mem 0x900001f4 mem 0x900001f8 mem 0x900001c4 mem 0x900001c8
core   0: 0x80000188 (0x0001a1fb) vlw12.v v3, v3, 0
core   0: 3 0x80000188 (0x0001a1fb) e32 m1 l16 v3  0000ffff 0x4146819c 426784bd 428f7eea 424a86a3 42c34a5b 4272e15b 419fcc10 42b0ff2c 42472e54 411a17a6 41e0ed57 41afb996 40e29fc9 40966a81 4146819c 426784bd  c8_vstart 0x00000000 mem 0x900001c0 mem 0x900001c4 mem 0x900001c8 mem 0x900001cc mem 0x900001d0 mem 0x900001d4 mem 0x900001d8 mem 0x900001dc mem 0x900001e0 mem 0x900001e4 mem 0x900001e8 mem 0x900001ec mem 0x900001f0 mem 0x900001f4 mem 0x900001c0 mem 0x900001c4
core   0: 0x8000018c (0xfd812283) lw      x5, -40(x2)
core   0: 3 0x8000018c (0xfd812283) x5  0x3f800000 mem 0x7000000c
core   0: 0x80000190 (0x5e02c357) vmv.v.x v6, x5
core   0: 3 0x80000190 (0x5e02c357) c8_vstart 0x00000000 e32 m1 l16 v6  0000ffff 0x3f800000 3f800000 3f800000 3f800000 3f800000 3f800000 3f800000 3f800000 3f800000 3f800000 3f800000 3f800000 3f800000 3f800000 3f800000 3f800000 
core   0: 0x80000194 (0x925312d7) vfmul.vv v5, v5, v6
core   0: 3 0x80000194 (0x925312d7) c8_vstart 0x00000000 e32 m1 l16 v5  0000ffff 0x40966a81 4146819c 423912d7 428f7eea 424a86a3 42c34a5b 4272e15b 419fcc10 42b0ff2c 42472e54 411a17a6 41e0ed57 41afb996 40e29fc9 40966a81 4146819c 
core   0: 0x80000198 (0x0200b357) vadd.vi v6, v0, 1
core   0: 3 0x80000198 (0x0200b357) c8_vstart 0x00000000 e32 m1 l16 v6  0000ffff 0x00000083 00000082 0000008f 0000008e 0000008d 0000008c 0000008b 0000008a 00000089 00000088 00000087 00000086 00000085 00000084 00000083 00000082 
core   0: 0x8000019c (0x0a6083d7) vsub.vv v7, v6, v1
core   0: 3 0x8000019c (0x0a6083d7) c8_vstart 0x00000000 e32 m1 l16 v7  0000ffff 0x00000073 00000072 0000007f 0000007e 0000007d 0000007c 0000007b 0000007a 00000079 00000078 00000077 00000076 00000075 00000074 00000073 00000072 
core   0: 0x800001a0 (0x967133d7) vsll.vi v7, v7, 2
core   0: 3 0x800001a0 (0x967133d7) c8_vstart 0x00000000 e32 m1 l16 v7  0000ffff 0x000001cc 000001c8 000001fc 000001f8 000001f4 000001f0 000001ec 000001e8 000001e4 000001e0 000001dc 000001d8 000001d4 000001d0 000001cc 000001c8 
core   0: 0x800001a4 (0x024383d7) vadd.vv v7, v4, v7
core   0: 3 0x800001a4 (0x024383d7) c8_vstart 0x00000000 e32 m1 l16 v7  0000ffff 0x900001cc 900001c8 900001fc 900001f8 900001f4 900001f0 900001ec 900001e8 900001e4 900001e0 900001dc 900001d8 900001d4 900001d0 900001cc 900001c8 
core   0: 0x800001a8 (0x0003a3fb) vlw12.v v7, v7, 0
core   0: 3 0x800001a8 (0x0003a3fb) e32 m1 l16 v7  0000ffff 0x40e29fc9 40966a81 40c014fd 423912d7 428f7eea 424a86a3 42c34a5b 4272e15b 419fcc10 42b0ff2c 42472e54 411a17a6 41e0ed57 41afb996 40e29fc9 40966a81  c8_vstart 0x00000000 mem 0x900001c8 mem 0x900001cc mem 0x900001d0 mem 0x900001d4 mem 0x900001d8 mem 0x900001dc mem 0x900001e0 mem 0x900001e4 mem 0x900001e8 mem 0x900001ec mem 0x900001f0 mem 0x900001f4 mem 0x900001f8 mem 0x900001fc mem 0x900001c8 mem 0x900001cc
core   0: 0x800001ac (0x96213457) vsll.vi v8, v2, 2
core   0: 3 0x800001ac (0x96213457) c8_vstart 0x00000000 e32 m1 l16 v8  0000ffff 0x00000204 00000200 00000234 00000230 0000022c 00000228 00000224 00000220 0000021c 00000218 00000214 00000210 0000020c 00000208 00000204 00000200 
core   0: 0x800001b0 (0x02440457) vadd.vv v8, v4, v8
core   0: 3 0x800001b0 (0x02440457) c8_vstart 0x00000000 e32 m1 l16 v8  0000ffff 0x90000204 90000200 90000234 90000230 9000022c 90000228 90000224 90000220 9000021c 90000218 90000214 90000210 9000020c 90000208 90000204 90000200 
core   0: 0x800001b4 (0x0004247b) vlw12.v v8, v8, 0
core   0: 3 0x800001b4 (0x0004247b) e32 m1 l16 v8  0000ffff 0x422b0e8e 41b90b40 42a7120a 413ebaf1 42114c82 3fcad3b8 40adc2e3 42119fe9 42b58474 428be186 40b376ff 42277f62 4297eefb 4195c789 422b0e8e 41b90b40  c8_vstart 0x00000000 mem 0x90000200 mem 0x90000204 mem 0x90000208 mem 0x9000020c mem 0x90000210 mem 0x90000214 mem 0x90000218 mem 0x9000021c mem 0x90000220 mem 0x90000224 mem 0x90000228 mem 0x9000022c mem 0x90000230 mem 0x90000234 mem 0x90000200 mem 0x90000204
core   0: 0x800001b8 (0x960134d7) vsll.vi v9, v0, 2
core   0: 3 0x800001b8 (0x960134d7) c8_vstart 0x00000000 e32 m1 l16 v9  0000ffff 0x00000208 00000204 00000238 00000234 00000230 0000022c 00000228 00000224 00000220 0000021c 00000218 00000214 00000210 0000020c 00000208 00000204 
core   0: 0x800001bc (0x02448557) vadd.vv v10, v4, v9
core   0: 3 0x800001bc (0x02448557) c8_vstart 0x00000000 e32 m1 l16 v10 0000ffff 0x90000208 90000204 90000238 90000234 90000230 9000022c 90000228 90000224 90000220 9000021c 90000218 90000214 90000210 9000020c 90000208 90000204 
core   0: 0x800001c0 (0x0005257b) vlw12.v v10, v10, 0
core   0: 3 0x800001c0 (0x0005257b) e32 m1 l16 v10 0000ffff 0x4195c789 422b0e8e 42b4796e 42a7120a 413ebaf1 42114c82 3fcad3b8 40adc2e3 42119fe9 42b58474 428be186 40b376ff 42277f62 4297eefb 4195c789 422b0e8e  c8_vstart 0x00000000 mem 0x90000204 mem 0x90000208 mem 0x9000020c mem 0x90000210 mem 0x90000214 mem 0x90000218 mem 0x9000021c mem 0x90000220 mem 0x90000224 mem 0x90000228 mem 0x9000022c mem 0x90000230 mem 0x90000234 mem 0x90000238 mem 0x90000204 mem 0x90000208
core   0: 0x800001c4 (0x966135d7) vsll.vi v11, v6, 2
core   0: 3 0x800001c4 (0x966135d7) c8_vstart 0x00000000 e32 m1 l16 v11 0000ffff 0x0000020c 00000208 0000023c 00000238 00000234 00000230 0000022c 00000228 00000224 00000220 0000021c 00000218 00000214 00000210 0000020c 00000208 
core   0: 0x800001c8 (0x024585d7) vadd.vv v11, v4, v11
core   0: 3 0x800001c8 (0x024585d7) c8_vstart 0x00000000 e32 m1 l16 v11 0000ffff 0x9000020c 90000208 9000023c 90000238 90000234 90000230 9000022c 90000228 90000224 90000220 9000021c 90000218 90000214 90000210 9000020c 90000208 
core   0: 0x800001cc (0x0005a5fb) vlw12.v v11, v11, 0
core   0: 3 0x800001cc (0x0005a5fb) e32 m1 l16 v11 0000ffff 0x4297eefb 4195c789 428b99bd 42b4796e 42a7120a 413ebaf1 42114c82 3fcad3b8 40adc2e3 42119fe9 42b58474 428be186 40b376ff 42277f62 4297eefb 4195c789  c8_vstart 0x00000000 mem 0x90000208 mem 0x9000020c mem 0x90000210 mem 0x90000214 mem 0x90000218 mem 0x9000021c mem 0x90000220 mem 0x90000224 mem 0x90000228 mem 0x9000022c mem 0x90000230 mem 0x90000234 mem 0x90000238 mem 0x9000023c mem 0x90000208 mem 0x9000020c
core   0: 0x800001d0 (0x02208157) vadd.vv v2, v2, v1
core   0: 3 0x800001d0 (0x02208157) c8_vstart 0x00000000 e32 m1 l16 v2  0000ffff 0x00000091 00000090 0000009d 0000009c 0000009b 0000009a 00000099 00000098 00000097 00000096 00000095 00000094 00000093 00000092 00000091 00000090 
core   0: 0x800001d4 (0x96213157) vsll.vi v2, v2, 2
core   0: 3 0x800001d4 (0x96213157) c8_vstart 0x00000000 e32 m1 l16 v2  0000ffff 0x00000244 00000240 00000274 00000270 0000026c 00000268 00000264 00000260 0000025c 00000258 00000254 00000250 0000024c 00000248 00000244 00000240 
core   0: 0x800001d8 (0x02410157) vadd.vv v2, v4, v2
core   0: 3 0x800001d8 (0x02410157) c8_vstart 0x00000000 e32 m1 l16 v2  0000ffff 0x90000244 90000240 90000274 90000270 9000026c 90000268 90000264 90000260 9000025c 90000258 90000254 90000250 9000024c 90000248 90000244 90000240 
core   0: 0x800001dc (0x0001217b) vlw12.v v2, v2, 0
core   0: 3 0x800001dc (0x0001217b) e32 m1 l16 v2  0000ffff 0x42bde016 42bfe23e 425ddcbc 3e2ec960 42647a07 41132796 41e361ea 40cf9b20 4138d4c0 428767cd 42ad06ae 41b86dae 418f428c 4299c3b9 42bde016 42bfe23e  c8_vstart 0x00000000 mem 0x90000240 mem 0x90000244 mem 0x90000248 mem 0x9000024c mem 0x90000250 mem 0x90000254 mem 0x90000258 mem 0x9000025c mem 0x90000260 mem 0x90000264 mem 0x90000268 mem 0x9000026c mem 0x90000270 mem 0x90000274 mem 0x90000240 mem 0x90000244
core   0: 0x800001e0 (0x02008057) vadd.vv v0, v0, v1
core   0: 3 0x800001e0 (0x02008057) c8_vstart 0x00000000 e32 m1 l16 v0  0000ffff 0x00000092 00000091 0000009e 0000009d 0000009c 0000009b 0000009a 00000099 00000098 00000097 00000096 00000095 00000094 00000093 00000092 00000091 
core   0: 0x800001e4 (0x96013057) vsll.vi v0, v0, 2
core   0: 3 0x800001e4 (0x96013057) c8_vstart 0x00000000 e32 m1 l16 v0  0000ffff 0x00000248 00000244 00000278 00000274 00000270 0000026c 00000268 00000264 00000260 0000025c 00000258 00000254 00000250 0000024c 00000248 00000244 
core   0: 0x800001e8 (0x02400057) vadd.vv v0, v4, v0
core   0: 3 0x800001e8 (0x02400057) c8_vstart 0x00000000 e32 m1 l16 v0  0000ffff 0x90000248 90000244 90000278 90000274 90000270 9000026c 90000268 90000264 90000260 9000025c 90000258 90000254 90000250 9000024c 90000248 90000244 
core   0: 0x800001ec (0x0000207b) vlw12.v v0, v0, 0
core   0: 3 0x800001ec (0x0000207b) e32 m1 l16 v0  0000ffff 0x4299c3b9 42bde016 427c7ca7 425ddcbc 3e2ec960 42647a07 41132796 41e361ea 40cf9b20 4138d4c0 428767cd 42ad06ae 41b86dae 418f428c 4299c3b9 42bde016  c8_vstart 0x00000000 mem 0x90000244 mem 0x90000248 mem 0x9000024c mem 0x90000250 mem 0x90000254 mem 0x90000258 mem 0x9000025c mem 0x90000260 mem 0x90000264 mem 0x90000268 mem 0x9000026c mem 0x90000270 mem 0x90000274 mem 0x90000278 mem 0x90000244 mem 0x90000248
core   0: 0x800001f0 (0x026080d7) vadd.vv v1, v6, v1
core   0: 3 0x800001f0 (0x026080d7) c8_vstart 0x00000000 e32 m1 l16 v1  0000ffff 0x00000093 00000092 0000009f 0000009e 0000009d 0000009c 0000009b 0000009a 00000099 00000098 00000097 00000096 00000095 00000094 00000093 00000092 
core   0: 0x800001f4 (0x961130d7) vsll.vi v1, v1, 2
core   0: 3 0x800001f4 (0x961130d7) c8_vstart 0x00000000 e32 m1 l16 v1  0000ffff 0x0000024c 00000248 0000027c 00000278 00000274 00000270 0000026c 00000268 00000264 00000260 0000025c 00000258 00000254 00000250 0000024c 00000248 
core   0: 0x800001f8 (0x024080d7) vadd.vv v1, v4, v1
core   0: 3 0x800001f8 (0x024080d7) c8_vstart 0x00000000 e32 m1 l16 v1  0000ffff 0x9000024c 90000248 9000027c 90000278 90000274 90000270 9000026c 90000268 90000264 90000260 9000025c 90000258 90000254 90000250 9000024c 90000248 
core   0: 0x800001fc (0x0000a0fb) vlw12.v v1, v1, 0
core   0: 3 0x800001fc (0x0000a0fb) e32 m1 l16 v1  0000ffff 0x418f428c 4299c3b9 41ba68d2 427c7ca7 425ddcbc 3e2ec960 42647a07 41132796 41e361ea 40cf9b20 4138d4c0 428767cd 42ad06ae 41b86dae 418f428c 4299c3b9  c8_vstart 0x00000000 mem 0x90000248 mem 0x9000024c mem 0x90000250 mem 0x90000254 mem 0x90000258 mem 0x9000025c mem 0x90000260 mem 0x90000264 mem 0x90000268 mem 0x9000026c mem 0x90000270 mem 0x90000274 mem 0x90000278 mem 0x9000027c mem 0x90000248 mem 0x9000024c
core   0: 0x80000200 (0xfdc12283) lw      x5, -36(x2)
core   0: 3 0x80000200 (0xfdc12283) x5  0x3f800000 mem 0x70000010
core   0: 0x80000204 (0x5e02c257) vmv.v.x v4, x5
core   0: 3 0x80000204 (0x5e02c257) c8_vstart 0x00000000 e32 m1 l16 v4  0000ffff 0x3f800000 3f800000 3f800000 3f800000 3f800000 3f800000 3f800000 3f800000 3f800000 3f800000 3f800000 3f800000 3f800000 3f800000 3f800000 3f800000 
core   0: 0x80000208 (0xa25211d7) vfmadd.vv v3, v5, v4
core   0: 3 0x80000208 (0xa25211d7) c8_vstart 0x00000000 c1_fflags 0x00000001 e32 m1 l16 v3  0000ffff 0x4188db6e 428c9292 42ec0856 42f4c23c 431446d6 431e5d84 42a163b2 42d8f230 430a4b2b 426db43e 4216fc95 42485376 41e86188 413c8525 4188db6e 428c9292 
core   0: 0x8000020c (0xfe012283) lw      x5, -32(x2)
core   0: 3 0x8000020c (0xfe012283) x5  0x3f800000 mem 0x70000014
core   0: 0x80000210 (0x5e02c257) vmv.v.x v4, x5
core   0: 3 0x80000210 (0x5e02c257) c8_vstart 0x00000000 e32 m1 l16 v4  0000ffff 0x3f800000 3f800000 3f800000 3f800000 3f800000 3f800000 3f800000 3f800000 3f800000 3f800000 3f800000 3f800000 3f800000 3f800000 3f800000 3f800000 
core   0: 0x80000214 (0xa23213d7) vfmadd.vv v7, v3, v4
core   0: 3 0x80000214 (0xa23213d7) c8_vstart 0x00000000 c1_fflags 0x00000001 e32 m1 l16 v7  0000ffff 0x41c18360 4295f93a 42f809a6 4328a5d4 435c064b 4350ff2d 43325706 4329316f 431e44ad 4313eca6 42af1574 426ed960 4264a770 4206fe14 41c18360 4295f93a 
core   0: 0x80000218 (0xfe412283) lw      x5, -28(x2)
core   0: 3 0x80000218 (0xfe412283) x5  0x3f800000 mem 0x70000018
core   0: 0x8000021c (0x5e02c1d7) vmv.v.x v3, x5
core   0: 3 0x8000021c (0x5e02c1d7) c8_vstart 0x00000000 e32 m1 l16 v3  0000ffff 0x3f800000 3f800000 3f800000 3f800000 3f800000 3f800000 3f800000 3f800000 3f800000 3f800000 3f800000 3f800000 3f800000 3f800000 3f800000 3f800000 
core   0: 0x80000220 (0xa2719457) vfmadd.vv v8, v7, v3
core   0: 3 0x80000220 (0xa2719457) c8_vstart 0x00000000 c1_fflags 0x00000001 e32 m1 l16 v8  0000ffff 0x4285e81f 42c43c0a 434f8dd8 43349183 43802cb6 435294d4 4337c51d 434d9969 437906e7 4359dd69 42ba4ce4 42cb2c61 4305215a 4251e1d8 4285e81f 42c43c0a 
core   0: 0x80000224 (0xfe812283) lw      x5, -24(x2)
core   0: 3 0x80000224 (0xfe812283) x5  0x3f800000 mem 0x7000001c
core   0: 0x80000228 (0x5e02c1d7) vmv.v.x v3, x5
core   0: 3 0x80000228 (0x5e02c1d7) c8_vstart 0x00000000 e32 m1 l16 v3  0000ffff 0x3f800000 3f800000 3f800000 3f800000 3f800000 3f800000 3f800000 3f800000 3f800000 3f800000 3f800000 3f800000 3f800000 3f800000 3f800000 3f800000 
core   0: 0x8000022c (0xa2819557) vfmadd.vv v10, v8, v3
core   0: 3 0x8000022c (0xa2819557) c8_vstart 0x00000000 c1_fflags 0x00000001 e32 m1 l16 v10 0000ffff 0x42ab5a01 430ce1a8 4394e548 43840d44 4386228e 4376e7f4 43395ac4 43530780 438eb771 439a4fd2 43231735 42d663d1 432f0132 43006ff4 42ab5a01 430ce1a8 
core   0: 0x80000230 (0xfec12283) lw      x5, -20(x2)
core   0: 3 0x80000230 (0xfec12283) x5  0x3f800000 mem 0x70000020
core   0: 0x80000234 (0x5e02c1d7) vmv.v.x v3, x5
core   0: 3 0x80000234 (0x5e02c1d7) c8_vstart 0x00000000 e32 m1 l16 v3  0000ffff 0x3f800000 3f800000 3f800000 3f800000 3f800000 3f800000 3f800000 3f800000 3f800000 3f800000 3f800000 3f800000 3f800000 3f800000 3f800000 3f800000 
core   0: 0x80000238 (0xa2a195d7) vfmadd.vv v11, v10, v3
core   0: 3 0x80000238 (0xa2a195d7) c8_vstart 0x00000000 c1_fflags 0x00000001 e32 m1 l16 v11 0000ffff 0x4321a47e 431f9a99 43b7cbb7 43b12ba0 43afe710 438169d2 435dade4 43549d27 43916e7d 43ac83cf 437dd96f 433122ac 43349cea 432a4fcc 4321a47e 431f9a99 
core   0: 0x8000023c (0xff012283) lw      x5, -16(x2)
core   0: 3 0x8000023c (0xff012283) x5  0x3f800000 mem 0x70000024
core   0: 0x80000240 (0x5e02c1d7) vmv.v.x v3, x5
core   0: 3 0x80000240 (0x5e02c1d7) c8_vstart 0x00000000 e32 m1 l16 v3  0000ffff 0x3f800000 3f800000 3f800000 3f800000 3f800000 3f800000 3f800000 3f800000 3f800000 3f800000 3f800000 3f800000 3f800000 3f800000 3f800000 3f800000 
core   0: 0x80000244 (0xa2b19157) vfmadd.vv v2, v11, v3
core   0: 3 0x80000244 (0xa2b19157) c8_vstart 0x00000000 c1_fflags 0x00000001 e32 m1 l16 v2  0000ffff 0x43804a44 437f8bb8 43d3874e 43b14179 43cc7651 4386030f 437a1a21 435b1a00 43973523 43ce5dc2 43aa2e63 43483062 4346853c 437731a8 43804a44 437f8bb8 
core   0: 0x80000248 (0xff412283) lw      x5, -12(x2)
core   0: 3 0x80000248 (0xff412283) x5  0x3f800000 mem 0x70000028
core   0: 0x8000024c (0x5e02c1d7) vmv.v.x v3, x5
core   0: 3 0x8000024c (0x5e02c1d7) c8_vstart 0x00000000 e32 m1 l16 v3  0000ffff 0x3f800000 3f800000 3f800000 3f800000 3f800000 3f800000 3f800000 3f800000 3f800000 3f800000 3f800000 3f800000 3f800000 3f800000 3f800000 3f800000 
core   0: 0x80000250 (0xa2219057) vfmadd.vv v0, v2, v3
core   0: 3 0x80000250 (0xa2219057) c8_vstart 0x00000000 c1_fflags 0x00000001 e32 m1 l16 v0  0000ffff 0x43a6bb32 43af3de2 43f316e3 43ccfd10 43cc8c2a 43a29250 4381a64d 4377863d 439a7390 43d42468 43cc0856 438f59dc 435d92f2 43848cfd 43a6bb32 43af3de2 
core   0: 0x80000254 (0xff812283) lw      x5, -8(x2)
core   0: 3 0x80000254 (0xff812283) x5  0x3f800000 mem 0x7000002c
core   0: 0x80000258 (0x5e02c157) vmv.v.x v2, x5
core   0: 3 0x80000258 (0x5e02c157) c8_vstart 0x00000000 e32 m1 l16 v2  0000ffff 0x3f800000 3f800000 3f800000 3f800000 3f800000 3f800000 3f800000 3f800000 3f800000 3f800000 3f800000 3f800000 3f800000 3f800000 3f800000 3f800000 
core   0: 0x8000025c (0xa20110d7) vfmadd.vv v1, v0, v2
core   0: 3 0x8000025c (0xa20110d7) c8_vstart 0x00000000 c1_fflags 0x00000001 e32 m1 l16 v1  0000ffff 0x43afaf5b 43d5aed0 43febd70 43ec8ca5 43e847c2 43a2a829 439e358e 43805c5b 43a8a9af 43d762d4 43d1cefc 43b133cf 439a0b24 439013d8 43afaf5b 43d5aed0 
core   0: 0x80000260 (0xffc12283) lw      x5, -4(x2)
core   0: 3 0x80000260 (0xffc12283) x5  0x90001000 mem 0x70000030
core   0: 0x80000264 (0x0292c057) vadd.vx v0, v9, x5
core   0: 3 0x80000264 (0x0292c057) c8_vstart 0x00000000 e32 m1 l16 v0  0000ffff 0x90001208 90001204 90001238 90001234 90001230 9000122c 90001228 90001224 90001220 9000121c 90001218 90001214 90001210 9000120c 90001208 90001204 
core   0: 0x80000268 (0x0010607b) vsw12.v v1, v0, 0
core   0: 3 0x80000268 (0x0010607b) c8_vstart 0x00000000 e32 m1 l16 mem 0x90001204 0x43d5aed0 mem 0x90001208 0x43afaf5b mem 0x9000120c 0x439013d8 mem 0x90001210 0x439a0b24 mem 0x90001214 0x43b133cf mem 0x90001218 0x43d1cefc mem 0x9000121c 0x43d762d4 mem 0x90001220 0x43a8a9af mem 0x90001224 0x43805c5b mem 0x90001228 0x439e358e mem 0x9000122c 0x43a2a829 mem 0x90001230 0x43e847c2 mem 0x90001234 0x43ec8ca5 mem 0x90001238 0x43febd70 mem 0x90001204 0x43d5aed0 mem 0x90001208 0x43afaf5b
core   0: 0x8000026c (0xfcc12083) lw      x1, -52(x2)
core   0: 3 0x8000026c (0xfcc12083) x1  0x800000a0 mem 0x70000000
core   0: 0x80000270 (0x0090200b) regext  x0, x0,  0 0 1 1 
core   0: 3 0x80000270 (0x0090200b)
core   0: 0x80000274 (0x7fc020ab) vlw.v   v1, x0, -4
core   0: 3 0x80000274 (0x7fc020ab) e32 m1 l16 v33 0000ffff 0x00000000 00000000 00000000 00000000 00000000 00000000 00000000 00000000 00000000 00000000 00000000 00000000 00000000 00000000 00000000 00000000  c8_vstart 0x00000000 mem 0x90003000 mem 0x90003004 mem 0x90003008 mem 0x9000300c mem 0x90003010 mem 0x90003014 mem 0x90003018 mem 0x9000301c mem 0x90003020 mem 0x90003024 mem 0x90003028 mem 0x9000302c mem 0x90003030 mem 0x90003034 mem 0x90003038 mem 0x9000303c
core   0: 0x80000278 (0xfcc10113) addi    x2, x2, -52
core   0: 3 0x80000278 (0xfcc10113) x2  0x70000000
core   0: 0x8000027c (0xffc20213) addi    x4, x4, -4
core   0: 3 0x8000027c (0xffc20213) x4  0x00000000
core   0: 0x80000280 (0x0010200b) regext  x0, x0,  0 0 0 1 
core   0: 3 0x80000280 (0x0010200b)
core   0: 0x80000284 (0x5e024057) vmv.v.x v0, x4
core   0: 3 0x80000284 (0x5e024057) c8_vstart 0x00000000 e32 m1 l16 v32 0000ffff 0x00000000 00000000 00000000 00000000 00000000 00000000 00000000 00000000 00000000 00000000 00000000 00000000 00000000 00000000 00000000 00000000 
core   0: 0x80000288 (0x00008067) ret
core   0: 3 0x80000288 (0x00008067)
core   0: 0x800000a0 (0x0000400b) endprg  x0, x0, x0
core   0: 3 0x800000a0 (0x0000400b)
core   0: 0x800000a4 (0x0040006f) j       pc + 0x4
core   0: 3 0x800000a4 (0x0040006f)
core   0: 0x800000a8 (0x00100313) li      x6, 1
core   0: 3 0x800000a8 (0x00100313) x6  0x00000001
core   0: 0x800000ac (0x00001297) auipc   x5, 0x1
core   0: 3 0x800000ac (0x00001297) x5  0x800010ac
core   0: 0x800000b0 (0xf5428293) addi    x5, x5, -172
core   0: 3 0x800000b0 (0xf5428293) x5  0x80001000
core   0: 0x800000b4 (0x0062a023) sw      x6, 0(x5)
core   0: 3 0x800000b4 (0x0062a023) mem 0x80001000 0x00000001
core   0: 0x00001000 (0x00000297) auipc   x5, 0x0
core   0: 3 0x00001000 (0x00000297) x5  0x00001000
core   0: 0x00001004 (0x02028593) addi    x11, x5, 32
core   0: 3 0x00001004 (0x02028593) x11 0x00001020
core   0: 0x00001008 (0xf1402573) csrr    x10, mhartid
core   0: 3 0x00001008 (0xf1402573) x10 0x00000000
core   0: 0x0000100c (0x0182a283) lw      x5, 24(x5)
core   0: 3 0x0000100c (0x0182a283) x5  0x80000000 mem 0x00001018
core   0: 0x00001010 (0x00028067) jr      x5
core   0: 3 0x00001010 (0x00028067)
core   0: 0x80000000 (0x00004197) auipc   x3, 0x4
core   0: 3 0x80000000 (0x00004197) x3  0x80004000
core   0: 0x80000004 (0x80818193) addi    x3, x3, -2040
core   0: 3 0x80000004 (0x80818193) x3  0x80003808
core   0: 0x80000008 (0x02000e93) li      x29, 32
core   0: 3 0x80000008 (0x02000e93) x29 0x00000020
core   0: 0x8000000c (0x0d0efed7) vsetvli x29, x29, e32, m1, ta, ma
core   0: 3 0x8000000c (0x0d0efed7) x29 0x00000010 c8_vstart 0x00000000 c3104_vl 0x00000010 c3105_vtype 0x000000d0 c768_mstatus 0x80000600
core   0: 0x80000010 (0x00002eb7) lui     x29, 0x2
core   0: 3 0x80000010 (0x00002eb7) x29 0x00002000
core   0: 0x80000014 (0x300eaef3) csrrs   x29, mstatus, x29
core   0: 3 0x80000014 (0x300eaef3) x29 0x80000600 c768_mstatus 0x80006600
core   0: 0x80000018 (0x00000e93) li      x29, 0
core   0: 3 0x80000018 (0x00000e93) x29 0x00000000
core   0: 0x8000001c (0x80502373) csrr    x6, wid
core   0: 3 0x8000001c (0x80502373) x6  0x00000000
core   0: 0x80000020 (0x806023f3) csrr    x7, lds
core   0: 3 0x80000020 (0x806023f3) x7  0x70000000
core   0: 0x80000024 (0x40000e13) li      x28, 1024
core   0: 3 0x80000024 (0x40000e13) x28 0x00000400
core   0: 0x80000028 (0x03c30333) mul     x6, x6, x28
core   0: 3 0x80000028 (0x03c30333) x6  0x00000000
core   0: 0x8000002c (0x00730133) add     x2, x6, x7
core   0: 3 0x8000002c (0x00730133) x2  0x70000000
core   0: 0x80000030 (0x00000213) li      x4, 0
core   0: 3 0x80000030 (0x00000213) x4  0x00000000
core   0: 0x80000034 (0x80102f73) csrr    x30, numw
core   0: 3 0x80000034 (0x80102f73) x30 0x00000001
core   0: 0x80000038 (0x40000e13) li      x28, 1024
core   0: 3 0x80000038 (0x40000e13) x28 0x00000400
core   0: 0x8000003c (0x03cf0f33) mul     x30, x30, x28
core   0: 3 0x8000003c (0x03cf0f33) x30 0x00000400
core   0: 0x80000040 (0x01e38433) add     x8, x7, x30
core   0: 3 0x80000040 (0x01e38433) x8  0x70000400
core   0: 0x80000044 (0x00003517) auipc   x10, 0x3
core   0: 3 0x80000044 (0x00003517) x10 0x80003044
core   0: 0x80000048 (0xfc450513) addi    x10, x10, -60
core   0: 3 0x80000048 (0xfc450513) x10 0x80003008
core   0: 0x8000004c (0x00003617) auipc   x12, 0x3
core   0: 3 0x8000004c (0x00003617) x12 0x8000304c
core   0: 0x80000050 (0xfbc60613) addi    x12, x12, -68
core   0: 3 0x80000050 (0xfbc60613) x12 0x80003008
core   0: 0x80000054 (0x00c50863) beq     x10, x12, pc + 16
core   0: 3 0x80000054 (0x00c50863)
core   0: 0x80000064 (0x803022f3) csrr    x5, knl
core   0: 3 0x80000064 (0x803022f3) x5  0x900e3000
core   0: 0x80000068 (0x0002a303) lw      x6, 0(x5)
core   0: 3 0x80000068 (0x0002a303) x6  0x800000b8 mem 0x900e3000
core   0: 0x8000006c (0x0042a503) lw      x10, 4(x5)
core   0: 3 0x8000006c (0x0042a503) x10 0x90002000 mem 0x900e3004
core   0: 0x80000070 (0x0302a383) lw      x7, 48(x5)
core   0: 3 0x80000070 (0x0302a383) x7  0x00000000 mem 0x900e3030
core   0: 0x80000074 (0x0342ae03) lw      x28, 52(x5)
core   0: 3 0x80000074 (0x0342ae03) x28 0x00000000 mem 0x900e3034
core   0: 0x80000078 (0x00003e97) auipc   x29, 0x3
core   0: 3 0x80000078 (0x00003e97) x29 0x80003078
core   0: 0x8000007c (0xf88e8e93) addi    x29, x29, -120
core   0: 3 0x8000007c (0xf88e8e93) x29 0x80003000
core   0: 0x80000080 (0x00003f17) auipc   x30, 0x3
core   0: 3 0x80000080 (0x00003f17) x30 0x80003080
core   0: 0x80000084 (0xf84f0f13) addi    x30, x30, -124
core   0: 3 0x80000084 (0xf84f0f13) x30 0x80003004
core   0: 0x80000088 (0x007ea023) sw      x7, 0(x29)
core   0: 3 0x80000088 (0x007ea023) mem 0x80003000 0x00000000
core   0: 0x8000008c (0x01cf2023) sw      x28, 0(x30)
core   0: 3 0x8000008c (0x01cf2023) mem 0x80003004 0x00000000
core   0: 0x80000090 (0x00000f97) auipc   x31, 0x0
core   0: 3 0x80000090 (0x00000f97) x31 0x80000090
core   0: 0x80000094 (0x018f8f93) addi    x31, x31, 24
core   0: 3 0x80000094 (0x018f8f93) x31 0x800000a8
core   0: 0x80000098 (0x305f9073) csrw    mtvec, x31
core   0: 3 0x80000098 (0x305f9073) c773_mtvec 0x800000a8
core   0: 0x8000009c (0x000300e7) jalr    x6
core   0: 3 0x8000009c (0x000300e7) x1  0x800000a0
core   0: 0x800000b8 (0x03410113) addi    x2, x2, 52
core   0: 3 0x800000b8 (0x03410113) x2  0x70000034
core   0: 0x800000bc (0x00420213) addi    x4, x4, 4
core   0: 3 0x800000bc (0x00420213) x4  0x00000004
core   0: 0x800000c0 (0x0010200b) regext  x0, x0,  0 0 0 1 
core   0: 3 0x800000c0 (0x0010200b)
core   0: 0x800000c4 (0x5e024057) vmv.v.x v0, x4
core   0: 3 0x800000c4 (0x5e024057) c8_vstart 0x00000000 e32 m1 l16 v32 0000ffff 0x00000004 00000004 00000004 00000004 00000004 00000004 00000004 00000004 00000004 00000004 00000004 00000004 00000004 00000004 00000004 00000004 
core   0: 0x800000c8 (0xfc112623) sw      x1, -52(x2)
core   0: 3 0x800000c8 (0xfc112623) mem 0x70000000 0x800000a0
core   0: 0x800000cc (0x0480200b) regext  x0, x0,  0 1 1 0 
core   0: 3 0x800000cc (0x0480200b)
core   0: 0x800000d0 (0xfe102e2b) vsw.v   v1, x0, -4
core   0: 3 0x800000d0 (0xfe102e2b) c8_vstart 0x00000000 mem 0x90003000 0x00000000 mem 0x90003004 0x00000000 mem 0x90003008 0x00000000 mem 0x9000300c 0x00000000 mem 0x90003010 0x00000000 mem 0x90003014 0x00000000 mem 0x90003018 0x00000000 mem 0x9000301c 0x00000000 mem 0x90003020 0x00000000 mem 0x90003024 0x00000000 mem 0x90003028 0x00000000 mem 0x9000302c 0x00000000 mem 0x90003030 0x00000000 mem 0x90003034 0x00000000 mem 0x90003038 0x00000000 mem 0x9000303c 0x00000000
core   0: 0x800000d4 (0x00452283) lw      x5, 4(x10)
core   0: 3 0x800000d4 (0x00452283) x5  0x90001000 mem 0x90002004
core   0: 0x800000d8 (0xfe512e23) sw      x5, -4(x2)
core   0: 3 0x800000d8 (0xfe512e23) mem 0x70000030 0x90001000
core   0: 0x800000dc (0x03052283) lw      x5, 48(x10)
core   0: 3 0x800000dc (0x03052283) x5  0x3f800000 mem 0x90002030
core   0: 0x800000e0 (0xfe512c23) sw      x5, -8(x2)
core   0: 3 0x800000e0 (0xfe512c23) mem 0x7000002c 0x3f800000
core   0: 0x800000e4 (0x02c52283) lw      x5, 44(x10)
core   0: 3 0x800000e4 (0x02c52283) x5  0x3f800000 mem 0x9000202c
core   0: 0x800000e8 (0xfe512a23) sw      x5, -12(x2)
core   0: 3 0x800000e8 (0xfe512a23) mem 0x70000028 0x3f800000
core   0: 0x800000ec (0x02852283) lw      x5, 40(x10)
core   0: 3 0x800000ec (0x02852283) x5  0x3f800000 mem 0x90002028
core   0: 0x800000f0 (0xfe512823) sw      x5, -16(x2)
core   0: 3 0x800000f0 (0xfe512823) mem 0x70000024 0x3f800000
core   0: 0x800000f4 (0x02452283) lw      x5, 36(x10)
core   0: 3 0x800000f4 (0x02452283) x5  0x3f800000 mem 0x90002024
core   0: 0x800000f8 (0xfe512623) sw      x5, -20(x2)
core   0: 3 0x800000f8 (0xfe512623) mem 0x70000020 0x3f800000
core   0: 0x800000fc (0x02052283) lw      x5, 32(x10)
core   0: 3 0x800000fc (0x02052283) x5  0x3f800000 mem 0x90002020
core   0: 0x80000100 (0xfe512423) sw      x5, -24(x2)
core   0: 3 0x80000100 (0xfe512423) mem 0x7000001c 0x3f800000
core   0: 0x80000104 (0x01c52283) lw      x5, 28(x10)
core   0: 3 0x80000104 (0x01c52283) x5  0x3f800000 mem 0x9000201c
core   0: 0x80000108 (0xfe512223) sw      x5, -28(x2)
core   0: 3 0x80000108 (0xfe512223) mem 0x70000018 0x3f800000
core   0: 0x8000010c (0x01852283) lw      x5, 24(x10)
core   0: 3 0x8000010c (0x01852283) x5  0x3f800000 mem 0x90002018
core   0: 0x80000110 (0xfe512023) sw      x5, -32(x2)
core   0: 3 0x80000110 (0xfe512023) mem 0x70000014 0x3f800000
core   0: 0x80000114 (0x01052283) lw      x5, 16(x10)
core   0: 3 0x80000114 (0x01052283) x5  0x3f800000 mem 0x90002010
core   0: 0x80000118 (0xfc512e23) sw      x5, -36(x2)
core   0: 3 0x80000118 (0xfc512e23) mem 0x70000010 0x3f800000
core   0: 0x8000011c (0x01452283) lw      x5, 20(x10)
core   0: 3 0x8000011c (0x01452283) x5  0x3f800000 mem 0x90002014
core   0: 0x80000120 (0xfc512c23) sw      x5, -40(x2)
core   0: 3 0x80000120 (0xfc512c23) mem 0x7000000c 0x3f800000
core   0: 0x80000124 (0x00052283) lw      x5, 0(x10)
core   0: 3 0x80000124 (0x00052283) x5  0x90000000 mem 0x90002000
core   0: 0x80000128 (0xfc512a23) sw      x5, -44(x2)
core   0: 3 0x80000128 (0xfc512a23) mem 0x70000008 0x90000000
core   0: 0x8000012c (0x00852283) lw      x5, 8(x10)
core   0: 3 0x8000012c (0x00852283) x5  0x00000010 mem 0x90002008
core   0: 0x80000130 (0xfc512823) sw      x5, -48(x2)
core   0: 3 0x80000130 (0xfc512823) mem 0x70000004 0x00000010
core   0: 0x80000134 (0x5e004057) vmv.v.x v0, x0
core   0: 3 0x80000134 (0x5e004057) c8_vstart 0x00000000 e32 m1 l16 v0  0000ffff 0x00000000 00000000 00000000 00000000 00000000 00000000 00000000 00000000 00000000 00000000 00000000 00000000 00000000 00000000 00000000 00000000 
core   0: 0x80000138 (0x154000ef) jal     pc + 0x154
core   0: 3 0x80000138 (0x154000ef) x1  0x8000013c
core   0: 0x8000028c (0x00410113) addi    x2, x2, 4
core   0: 3 0x8000028c (0x00410113) x2  0x70000038
core   0: 0x80000290 (0xfe112e23) sw      x1, -4(x2)
core   0: 3 0x80000290 (0xfe112e23) mem 0x70000034 0x8000013c
core   0: 0x80000294 (0x00200293) li      x5, 2
core   0: 3 0x80000294 (0x00200293) x5  0x00000002
core   0: 0x80000298 (0x5e02c0d7) vmv.v.x v1, x5
core   0: 3 0x80000298 (0x5e02c0d7) c8_vstart 0x00000000 e32 m1 l16 v1  0000ffff 0x00000002 00000002 00000002 00000002 00000002 00000002 00000002 00000002 00000002 00000002 00000002 00000002 00000002 00000002 00000002 00000002 
core   0: 0x8000029c (0x00000317) auipc   x6, 0x0
core   0: 3 0x8000029c (0x00000317) x6  0x8000029c
core   0: 0x800002a0 (0x04c3305b) setrpc  x0, x6, 76
core   0: 3 0x800002a0 (0x04c3305b) c2060_rpc 0x800002e8 current mask:	0000ffff current npc:	00000000 stack size: 0
core   0: 0x800002a4 (0x0200885b) vbeq    v0, v1, pc + 48
core   0: 3 0x800002a4 (0x0200885b) c8_vstart 0x00000000 e32 m1 l16 current mask:	0000ffff current npc:	800002a8 stack size: 0
core   0: 0x800002a8 (0x00100293) li      x5, 1
core   0: 3 0x800002a8 (0x00100293) x5  0x00000001
core   0: 0x800002ac (0x5e02c0d7) vmv.v.x v1, x5
core   0: 3 0x800002ac (0x5e02c0d7) c8_vstart 0x00000000 e32 m1 l16 v1  0000ffff 0x00000001 00000001 00000001 00000001 00000001 00000001 00000001 00000001 00000001 00000001 00000001 00000001 00000001 00000001 00000001 00000001 
core   0: 0x800002b0 (0x00000317) auipc   x6, 0x0
core   0: 3 0x800002b0 (0x00000317) x6  0x800002b0
core   0: 0x800002b4 (0x0383305b) setrpc  x0, x6, 56
core   0: 3 0x800002b4 (0x0383305b) c2060_rpc 0x800002e8 current mask:	0000ffff current npc:	800002a8 stack size: 0
core   0: 0x800002b8 (0x0200825b) vbeq    v0, v1, pc + 36
core   0: 3 0x800002b8 (0x0200825b) c8_vstart 0x00000000 e32 m1 l16 current mask:	0000ffff current npc:	800002bc stack size: 0
core   0: 0x800002bc (0x5e0040d7) vmv.v.x v1, x0
core   0: 3 0x800002bc (0x5e0040d7) c8_vstart 0x00000000 e32 m1 l16 v1  0000ffff 0x00000000 00000000 00000000 00000000 00000000 00000000 00000000 00000000 00000000 00000000 00000000 00000000 00000000 00000000 00000000 00000000 
core   0: 0x800002c0 (0x00000317) auipc   x6, 0x0
core   0: 3 0x800002c0 (0x00000317) x6  0x800002c0
core   0: 0x800002c4 (0x0283305b) setrpc  x0, x6, 40
core   0: 3 0x800002c4 (0x0283305b) c2060_rpc 0x800002e8 current mask:	0000ffff current npc:	800002bc stack size: 0
core   0: 0x800002c8 (0x00009e5b) vbne    v0, v1, pc + 28
core   0: 3 0x800002c8 (0x00009e5b) c8_vstart 0x00000000 e32 m1 l16 current mask:	0000ffff current npc:	800002cc stack size: 0
core   0: 0x800002cc (0x1a0000ef) jal     pc + 0x1a0
core   0: 3 0x800002cc (0x1a0000ef) x1  0x800002d0
core   0: 0x8000046c (0x00410113) addi    x2, x2, 4
core   0: 3 0x8000046c (0x00410113) x2  0x7000003c
core   0: 0x80000470 (0xfe112e23) sw      x1, -4(x2)
core   0: 3 0x80000470 (0xfe112e23) mem 0x70000038 0x800002d0
core   0: 0x80000474 (0xf1dff0ef) jal     pc - 0xe4
core   0: 3 0x80000474 (0xf1dff0ef) x1  0x80000478
core   0: 0x80000390 (0x00410113) addi    x2, x2, 4
core   0: 3 0x80000390 (0x00410113) x2  0x70000040
core   0: 0x80000394 (0xfe112e23) sw      x1, -4(x2)
core   0: 3 0x80000394 (0xfe112e23) mem 0x7000003c 0x80000478
core   0: 0x80000398 (0x80302573) csrr    x10, knl
core   0: 3 0x80000398 (0x80302573) x10 0x900e3000
core   0: 0x8000039c (0x00852283) lw      x5, 8(x10)
core   0: 3 0x8000039c (0x00852283) x5  0x00000002 mem 0x900e3008
core   0: 0x800003a0 (0x80002373) csrr    x6, tid
core   0: 3 0x800003a0 (0x80002373) x6  0x00000000
core   0: 0x800003a4 (0x5208a157) vid.v   v2
core   0: 3 0x800003a4 (0x5208a157) c8_vstart 0x00000000 e32 m1 l16 v2  0000ffff 0x0000000f 0000000e 0000000d 0000000c 0000000b 0000000a 00000009 00000008 00000007 00000006 00000005 00000004 00000003 00000002 00000001 00000000 
core   0: 0x800003a8 (0x02234057) vadd.vx v0, v2, x6
core   0: 3 0x800003a8 (0x02234057) c8_vstart 0x00000000 e32 m1 l16 v0  0000ffff 0x0000000f 0000000e 0000000d 0000000c 0000000b 0000000a 00000009 00000008 00000007 00000006 00000005 00000004 00000003 00000002 00000001 00000000 
core   0: 0x800003ac (0x01852e03) lw      x28, 24(x10)
core   0: 3 0x800003ac (0x01852e03) x28 0x0000000e mem 0x900e3018
core   0: 0x800003b0 (0x8a0e6057) vremu.vx v0, v0, x28
core   0: 3 0x800003b0 (0x8a0e6057) c8_vstart 0x00000000 e32 m1 l16 v0  0000ffff 0x00000001 00000000 0000000d 0000000c 0000000b 0000000a 00000009 00000008 00000007 00000006 00000005 00000004 00000003 00000002 00000001 00000000 
core   0: 0x800003b4 (0xffc12083) lw      x1, -4(x2)
core   0: 3 0x800003b4 (0xffc12083) x1  0x80000478 mem 0x7000003c
core   0: 0x800003b8 (0xffc10113) addi    x2, x2, -4
core   0: 3 0x800003b8 (0xffc10113) x2  0x7000003c
core   0: 0x800003bc (0x00008067) ret
core   0: 3 0x800003bc (0x00008067)
core   0: 0x80000478 (0x80302573) csrr    x10, knl
core   0: 3 0x80000478 (0x80302573) x10 0x900e3000
core   0: 0x8000047c (0x80802373) csrr    x6, gidx
core   0: 3 0x8000047c (0x80802373) x6  0x00000000
core   0: 0x80000480 (0x01852e03) lw      x28, 24(x10)
core   0: 3 0x80000480 (0x01852e03) x28 0x0000000e mem 0x900e3018
core   0: 0x80000484 (0x02452e83) lw      x29, 36(x10)
core   0: 3 0x80000484 (0x02452e83) x29 0x00000001 mem 0x900e3024
core   0: 0x80000488 (0x03c30fb3) mul     x31, x6, x28
core   0: 3 0x80000488 (0x03c30fb3) x31 0x00000000
core   0: 0x8000048c (0x01df8fb3) add     x31, x31, x29
core   0: 3 0x8000048c (0x01df8fb3) x31 0x00000001
core   0: 0x80000490 (0x020fc057) vadd.vx v0, v0, x31
core   0: 3 0x80000490 (0x020fc057) c8_vstart 0x00000000 e32 m1 l16 v0  0000ffff 0x00000002 00000001 0000000e 0000000d 0000000c 0000000b 0000000a 00000009 00000008 00000007 00000006 00000005 00000004 00000003 00000002 00000001 
core   0: 0x80000494 (0xffc12083) lw      x1, -4(x2)
core   0: 3 0x80000494 (0xffc12083) x1  0x800002d0 mem 0x70000038
core   0: 0x80000498 (0xffc10113) addi    x2, x2, -4
core   0: 3 0x80000498 (0xffc10113) x2  0x70000038
core   0: 0x8000049c (0x00008067) ret
core   0: 3 0x8000049c (0x00008067)
core   0: 0x800002d0 (0x0180006f) j       pc + 0x18
core   0: 3 0x800002d0 (0x0180006f)
core   0: 0x800002e8 (0x0000205b) join    v0, v0, pc + 0
core   0: 3 0x800002e8 (0x0000205b) current mask:	0000ffff current npc:	800002cc stack size: 0
core   0: 0x800002ec (0xffc12083) lw      x1, -4(x2)
core   0: 3 0x800002ec (0xffc12083) x1  0x8000013c mem 0x70000034
core   0: 0x800002f0 (0xffc10113) addi    x2, x2, -4
core   0: 3 0x800002f0 (0xffc10113) x2  0x70000034
core   0: 0x800002f4 (0x00008067) ret
core   0: 3 0x800002f4 (0x00008067)
core   0: 0x8000013c (0x0010200b) regext  x0, x0,  0 0 0 1 
core   0: 3 0x8000013c (0x0010200b)
core   0: 0x80000140 (0x020040d7) vadd.vx v1, v0, x0
core   0: 3 0x80000140 (0x020040d7) c8_vstart 0x00000000 e32 m1 l16 v33 0000ffff 0x00000002 00000001 0000000e 0000000d 0000000c 0000000b 0000000a 00000009 00000008 00000007 00000006 00000005 00000004 00000003 00000002 00000001 
core   0: 0x80000144 (0x00100293) li      x5, 1
core   0: 3 0x80000144 (0x00100293) x5  0x00000001
core   0: 0x80000148 (0x5e02c057) vmv.v.x v0, x5
core   0: 3 0x80000148 (0x5e02c057) c8_vstart 0x00000000 e32 m1 l16 v0  0000ffff 0x00000001 00000001 00000001 00000001 00000001 00000001 00000001 00000001 00000001 00000001 00000001 00000001 00000001 00000001 00000001 00000001 
core   0: 0x8000014c (0x140000ef) jal     pc + 0x140
core   0: 3 0x8000014c (0x140000ef) x1  0x80000150
core   0: 0x8000028c (0x00410113) addi    x2, x2, 4
core   0: 3 0x8000028c (0x00410113) x2  0x70000038
core   0: 0x80000290 (0xfe112e23) sw      x1, -4(x2)
core   0: 3 0x80000290 (0xfe112e23) mem 0x70000034 0x80000150
core   0: 0x80000294 (0x00200293) li      x5, 2
core   0: 3 0x80000294 (0x00200293) x5  0x00000002
core   0: 0x80000298 (0x5e02c0d7) vmv.v.x v1, x5
core   0: 3 0x80000298 (0x5e02c0d7) c8_vstart 0x00000000 e32 m1 l16 v1  0000ffff 0x00000002 00000002 00000002 00000002 00000002 00000002 00000002 00000002 00000002 00000002 00000002 00000002 00000002 00000002 00000002 00000002 
core   0: 0x8000029c (0x00000317) auipc   x6, 0x0
core   0: 3 0x8000029c (0x00000317) x6  0x8000029c
core   0: 0x800002a0 (0x04c3305b) setrpc  x0, x6, 76
core   0: 3 0x800002a0 (0x04c3305b) c2060_rpc 0x800002e8 current mask:	0000ffff current npc:	800002cc stack size: 0
core   0: 0x800002a4 (0x0200885b) vbeq    v0, v1, pc + 48
core   0: 3 0x800002a4 (0x0200885b) c8_vstart 0x00000000 e32 m1 l16 current mask:	0000ffff current npc:	800002a8 stack size: 0
core   0: 0x800002a8 (0x00100293) li      x5, 1
core   0: 3 0x800002a8 (0x00100293) x5  0x00000001
core   0: 0x800002ac (0x5e02c0d7) vmv.v.x v1, x5
core   0: 3 0x800002ac (0x5e02c0d7) c8_vstart 0x00000000 e32 m1 l16 v1  0000ffff 0x00000001 00000001 00000001 00000001 00000001 00000001 00000001 00000001 00000001 00000001 00000001 00000001 00000001 00000001 00000001 00000001 
core   0: 0x800002b0 (0x00000317) auipc   x6, 0x0
core   0: 3 0x800002b0 (0x00000317) x6  0x800002b0
core   0: 0x800002b4 (0x0383305b) setrpc  x0, x6, 56
core   0: 3 0x800002b4 (0x0383305b) c2060_rpc 0x800002e8 current mask:	0000ffff current npc:	800002a8 stack size: 0
core   0: 0x800002b8 (0x0200825b) vbeq    v0, v1, pc + 36
core   0: 3 0x800002b8 (0x0200825b) c8_vstart 0x00000000 e32 m1 l16 current mask:	0000ffff current npc:	800002dc stack size: 0
core   0: 0x800002dc (0x1c4000ef) jal     pc + 0x1c4
core   0: 3 0x800002dc (0x1c4000ef) x1  0x800002e0
core   0: 0x800004a0 (0x00410113) addi    x2, x2, 4
core   0: 3 0x800004a0 (0x00410113) x2  0x7000003c
core   0: 0x800004a4 (0xfe112e23) sw      x1, -4(x2)
core   0: 3 0x800004a4 (0xfe112e23) mem 0x70000038 0x800002e0
core   0: 0x800004a8 (0xf19ff0ef) jal     pc - 0xe8
core   0: 3 0x800004a8 (0xf19ff0ef) x1  0x800004ac
core   0: 0x800003c0 (0x00410113) addi    x2, x2, 4
core   0: 3 0x800003c0 (0x00410113) x2  0x70000040
core   0: 0x800003c4 (0xfe112e23) sw      x1, -4(x2)
core   0: 3 0x800003c4 (0xfe112e23) mem 0x7000003c 0x800004ac
core   0: 0x800003c8 (0x80302573) csrr    x10, knl
core   0: 3 0x800003c8 (0x80302573) x10 0x900e3000
core   0: 0x800003cc (0x00852283) lw      x5, 8(x10)
core   0: 3 0x800003cc (0x00852283) x5  0x00000002 mem 0x900e3008
core   0: 0x800003d0 (0x80002373) csrr    x6, tid
core   0: 3 0x800003d0 (0x80002373) x6  0x00000000
core   0: 0x800003d4 (0x5208a157) vid.v   v2
core   0: 3 0x800003d4 (0x5208a157) c8_vstart 0x00000000 e32 m1 l16 v2  0000ffff 0x0000000f 0000000e 0000000d 0000000c 0000000b 0000000a 00000009 00000008 00000007 00000006 00000005 00000004 00000003 00000002 00000001 00000000 
core   0: 0x800003d8 (0x02234057) vadd.vx v0, v2, x6
core   0: 3 0x800003d8 (0x02234057) c8_vstart 0x00000000 e32 m1 l16 v0  0000ffff 0x0000000f 0000000e 0000000d 0000000c 0000000b 0000000a 00000009 00000008 00000007 00000006 00000005 00000004 00000003 00000002 00000001 00000000 
core   0: 0x800003dc (0x01852e03) lw      x28, 24(x10)
core   0: 3 0x800003dc (0x01852e03) x28 0x0000000e mem 0x900e3018
core   0: 0x800003e0 (0x01c52e83) lw      x29, 28(x10)
core   0: 3 0x800003e0 (0x01c52e83) x29 0x00000001 mem 0x900e301c
core   0: 0x800003e4 (0x03ce8f33) mul     x30, x29, x28
core   0: 3 0x800003e4 (0x03ce8f33) x30 0x0000000e
core   0: 0x800003e8 (0x8a0f6057) vremu.vx v0, v0, x30
core   0: 3 0x800003e8 (0x8a0f6057) c8_vstart 0x00000000 e32 m1 l16 v0  0000ffff 0x00000001 00000000 0000000d 0000000c 0000000b 0000000a 00000009 00000008 00000007 00000006 00000005 00000004 00000003 00000002 00000001 00000000 
core   0: 0x800003ec (0x820e6057) vdivu.vx v0, v0, x28
core   0: 3 0x800003ec (0x820e6057) c8_vstart 0x00000000 e32 m1 l16 v0  0000ffff 0x00000000 00000000 00000000 00000000 00000000 00000000 00000000 00000000 00000000 00000000 00000000 00000000 00000000 00000000 00000000 00000000 
core   0: 0x800003f0 (0x5e0ec0d7) vmv.v.x v1, x29
core   0: 3 0x800003f0 (0x5e0ec0d7) c8_vstart 0x00000000 e32 m1 l16 v1  0000ffff 0x00000001 00000001 00000001 00000001 00000001 00000001 00000001 00000001 00000001 00000001 00000001 00000001 00000001 00000001 00000001 00000001 
core   0: 0x800003f4 (0x00000317) auipc   x6, 0x0
core   0: 3 0x800003f4 (0x00000317) x6  0x800003f4
core   0: 0x800003f8 (0x0143305b) setrpc  x0, x6, 20
core   0: 3 0x800003f8 (0x0143305b) c2060_rpc 0x80000408 current mask:	0000ffff current npc:	800002dc stack size: 0
core   0: 0x800003fc (0x0000c65b) vblt    v0, v1, pc + 12
core   0: 3 0x800003fc (0x0000c65b) c8_vstart 0x00000000 e32 m1 l16 current mask:	0000ffff current npc:	80000408 stack size: 0
core   0: 0x80000408 (0x0000205b) join    v0, v0, pc + 0
core   0: 3 0x80000408 (0x0000205b) current mask:	0000ffff current npc:	80000408 stack size: 0
core   0: 0x8000040c (0xffc12083) lw      x1, -4(x2)
core   0: 3 0x8000040c (0xffc12083) x1  0x800004ac mem 0x7000003c
core   0: 0x80000410 (0xffc10113) addi    x2, x2, -4
core   0: 3 0x80000410 (0xffc10113) x2  0x7000003c
core   0: 0x80000414 (0x00008067) ret
core   0: 3 0x80000414 (0x00008067)
core   0: 0x800004ac (0x80902373) csrr    x6, gidy
core   0: 3 0x800004ac (0x80902373) x6  0x00000008
core   0: 0x800004b0 (0x01c52383) lw      x7, 28(x10)
core   0: 3 0x800004b0 (0x01c52383) x7  0x00000001 mem 0x900e301c
core   0: 0x800004b4 (0x02852e83) lw      x29, 40(x10)
core   0: 3 0x800004b4 (0x02852e83) x29 0x00000001 mem 0x900e3028
core   0: 0x800004b8 (0x02730e33) mul     x28, x6, x7
core   0: 3 0x800004b8 (0x02730e33) x28 0x00000008
core   0: 0x800004bc (0x01de0e33) add     x28, x28, x29
core   0: 3 0x800004bc (0x01de0e33) x28 0x00000009
core   0: 0x800004c0 (0x020e4057) vadd.vx v0, v0, x28
core   0: 3 0x800004c0 (0x020e4057) c8_vstart 0x00000000 e32 m1 l16 v0  0000ffff 0x00000009 00000009 00000009 00000009 00000009 00000009 00000009 00000009 00000009 00000009 00000009 00000009 00000009 00000009 00000009 00000009 
core   0: 0x800004c4 (0xffc12083) lw      x1, -4(x2)
core   0: 3 0x800004c4 (0xffc12083) x1  0x800002e0 mem 0x70000038
core   0: 0x800004c8 (0xffc10113) addi    x2, x2, -4
core   0: 3 0x800004c8 (0xffc10113) x2  0x70000038
core   0: 0x800004cc (0x00008067) ret
core   0: 3 0x800004cc (0x00008067)
core   0: 0x800002e0 (0x0080006f) j       pc + 0x8
core   0: 3 0x800002e0 (0x0080006f)
core   0: 0x800002e8 (0x0000205b) join    v0, v0, pc + 0
core   0: 3 0x800002e8 (0x0000205b) current mask:	0000ffff current npc:	80000408 stack size: 0
core   0: 0x800002ec (0xffc12083) lw      x1, -4(x2)
core   0: 3 0x800002ec (0xffc12083) x1  0x80000150 mem 0x70000034
core   0: 0x800002f0 (0xffc10113) addi    x2, x2, -4
core   0: 3 0x800002f0 (0xffc10113) x2  0x70000034
core   0: 0x800002f4 (0x00008067) ret
core   0: 3 0x800002f4 (0x00008067)
core   0: 0x80000150 (0xfd012283) lw      x5, -48(x2)
core   0: 3 0x80000150 (0xfd012283) x5  0x00000010 mem 0x70000004
core   0: 0x80000154 (0x5e02c0d7) vmv.v.x v1, x5
core   0: 3 0x80000154 (0x5e02c0d7) c8_vstart 0x00000000 e32 m1 l16 v1  0000ffff 0x00000010 00000010 00000010 00000010 00000010 00000010 00000010 00000010 00000010 00000010 00000010 00000010 00000010 00000010 00000010 00000010 
core   0: 0x80000158 (0x0400200b) regext  x0, x0,  0 1 0 0 
core   0: 3 0x80000158 (0x0400200b)
core   0: 0x8000015c (0xa612e057) vmadd.vx v0, v1, x5
core   0: 3 0x8000015c (0xa612e057) c8_vstart 0x00000000 e32 m1 l16 v0  0000ffff 0x00000092 00000091 0000009e 0000009d 0000009c 0000009b 0000009a 00000099 00000098 00000097 00000096 00000095 00000094 00000093 00000092 00000091 
core   0: 0x80000160 (0x0010110b) vsub12.vi v2, v0, 1
core   0: 3 0x80000160 (0x0010110b) c8_vstart 0x00000000 e32 m1 l16 v2  0000ffff 0x00000091 00000090 0000009d 0000009c 0000009b 0000009a 00000099 00000098 00000097 00000096 00000095 00000094 00000093 00000092 00000091 00000090 
core   0: 0x80000164 (0x0a2081d7) vsub.vv v3, v2, v1
core   0: 3 0x80000164 (0x0a2081d7) c8_vstart 0x00000000 e32 m1 l16 v3  0000ffff 0x00000081 00000080 0000008d 0000008c 0000008b 0000008a 00000089 00000088 00000087 00000086 00000085 00000084 00000083 00000082 00000081 00000080 
core   0: 0x80000168 (0x963131d7) vsll.vi v3, v3, 2
core   0: 3 0x80000168 (0x963131d7) c8_vstart 0x00000000 e32 m1 l16 v3  0000ffff 0x00000204 00000200 00000234 00000230 0000022c 00000228 00000224 00000220 0000021c 00000218 00000214 00000210 0000020c 00000208 00000204 00000200 
core   0: 0x8000016c (0xfd412283) lw      x5, -44(x2)
core   0: 3 0x8000016c (0xfd412283) x5  0x90000000 mem 0x70000008
core   0: 0x80000170 (0x5e02c257) vmv.v.x v4, x5
core   0: 3 0x80000170 (0x5e02c257) c8_vstart 0x00000000 e32 m1 l16 v4  0000ffff 0x90000000 90000000 90000000 90000000 90000000 90000000 90000000 90000000 90000000 90000000 90000000 90000000 90000000 90000000 90000000 90000000 
core   0: 0x80000174 (0x0232c1d7) vadd.vx v3, v3, x5
core   0: 3 0x80000174 (0x0232c1d7) c8_vstart 0x00000000 e32 m1 l16 v3  0000ffff 0x90000204 90000200 90000234 90000230 9000022c 90000228 90000224 90000220 9000021c 90000218 90000214 90000210 9000020c 90000208 90000204 90000200 
core   0: 0x80000178 (0x0a0082d7) vsub.vv v5, v0, v1
core   0: 3 0x80000178 (0x0a0082d7) c8_vstart 0x00000000 e32 m1 l16 v5  0000ffff 0x00000082 00000081 0000008e 0000008d 0000008c 0000008b 0000008a 00000089 00000088 00000087 00000086 00000085 00000084 00000083 00000082 00000081 
core   0: 0x8000017c (0x965132d7) vsll.vi v5, v5, 2
core   0: 3 0x8000017c (0x965132d7) c8_vstart 0x00000000 e32 m1 l16 v5  0000ffff 0x00000208 00000204 00000238 00000234 00000230 0000022c 00000228 00000224 00000220 0000021c 00000218 00000214 00000210 0000020c 00000208 00000204 
core   0: 0x80000180 (0x024282d7) vadd.vv v5, v4, v5
core   0: 3 0x80000180 (0x024282d7) c8_vstart 0x00000000 e32 m1 l16 v5  0000ffff 0x90000208 90000204 90000238 90000234 90000230 9000022c 90000228 90000224 90000220 9000021c 90000218 90000214 90000210 9000020c 90000208 90000204 
core   0: 0x80000184 (0x0002a2fb) vlw12.v v5, v5, 0
core   0: 3 0x80000184 (0x0002a2fb) e32 m1 l16 v5  0000ffff 0x4195c789 422b0e8e 42b4796e 42a7120a 413ebaf1 42114c82 3fcad3b8 40adc2e3 42119fe9 42b58474 428be186 40b376ff 42277f62 4297eefb 4195c789 422b0e8e  c8_vstart 0x00000000 mem 0x90000204 mem 0x90000208 mem 0x9000020c mem 0x90000210 mem 0x90000214 mem 0x90000218 mem 0x9000021c mem 0x90000220 mem 0x90000224 mem 0x90000228 mem 0x9000022c mem 0x90000230 mem 0x90000234 mem 0x90000238 mem 0x90000204 mem 0x90000208
core   0: 0x80000188 (0x0001a1fb) vlw12.v v3, v3, 0
core   0: 3 0x80000188 (0x0001a1fb) e32 m1 l16 v3  0000ffff 0x422b0e8e 41b90b40 42a7120a 413ebaf1 42114c82 3fcad3b8 40adc2e3 42119fe9 42b58474 428be186 40b376ff 42277f62 4297eefb 4195c789 422b0e8e 41b90b40  c8_vstart 0x00000000 mem 0x90000200 mem 0x90000204 mem 0x90000208 mem 0x9000020c mem 0x90000210 mem 0x90000214 mem 0x90000218 mem 0x9000021c mem 0x90000220 mem 0x90000224 mem 0x90000228 mem 0x9000022c mem 0x90000230 mem 0x90000234 mem 0x90000200 mem 0x90000204
core   0: 0x8000018c (0xfd812283) lw      x5, -40(x2)
core   0: 3 0x8000018c (0xfd812283) x5  0x3f800000 mem 0x7000000c
core   0: 0x80000190 (0x5e02c357) vmv.v.x v6, x5
core   0: 3 0x80000190 (0x5e02c357) c8_vstart 0x00000000 e32 m1 l16 v6  0000ffff 0x3f800000 3f800000 3f800000 3f800000 3f800000 3f800000 3f800000 3f800000 3f800000 3f800000 3f800000 3f800000 3f800000 3f800000 3f800000 3f800000 
core   0: 0x80000194 (0x925312d7) vfmul.vv v5, v5, v6
core   0: 3 0x80000194 (0x925312d7) c8_vstart 0x00000000 e32 m1 l16 v5  0000ffff 0x4195c789 422b0e8e 42b4796e 42a7120a 413ebaf1 42114c82 3fcad3b8 40adc2e3 42119fe9 42b58474 428be186 40b376ff 42277f62 4297eefb 4195c789 422b0e8e 
core   0: 0x80000198 (0x0200b357) vadd.vi v6, v0, 1
core   0: 3 0x80000198 (0x0200b357) c8_vstart 0x00000000 e32 m1 l16 v6  0000ffff 0x00000093 00000092 0000009f 0000009e 0000009d 0000009c 0000009b 0000009a 00000099 00000098 00000097 00000096 00000095 00000094 00000093 00000092 
core   0: 0x8000019c (0x0a6083d7) vsub.vv v7, v6, v1
core   0: 3 0x8000019c (0x0a6083d7) c8_vstart 0x00000000 e32 m1 l16 v7  0000ffff 0x00000083 00000082 0000008f 0000008e 0000008d 0000008c 0000008b 0000008a 00000089 00000088 00000087 00000086 00000085 00000084 00000083 00000082 
core   0: 0x800001a0 (0x967133d7) vsll.vi v7, v7, 2
core   0: 3 0x800001a0 (0x967133d7) c8_vstart 0x00000000 e32 m1 l16 v7  0000ffff 0x0000020c 00000208 0000023c 00000238 00000234 00000230 0000022c 00000228 00000224 00000220 0000021c 00000218 00000214 00000210 0000020c 00000208 
core   0: 0x800001a4 (0x024383d7) vadd.vv v7, v4, v7
core   0: 3 0x800001a4 (0x024383d7) c8_vstart 0x00000000 e32 m1 l16 v7  0000ffff 0x9000020c 90000208 9000023c 90000238 90000234 90000230 9000022c 90000228 90000224 90000220 9000021c 90000218 90000214 90000210 9000020c 90000208 
core   0: 0x800001a8 (0x0003a3fb) vlw12.v v7, v7, 0
core   0: 3 0x800001a8 (0x0003a3fb) e32 m1 l16 v7  0000ffff 0x4297eefb 4195c789 428b99bd 42b4796e 42a7120a 413ebaf1 42114c82 3fcad3b8 40adc2e3 42119fe9 42b58474 428be186 40b376ff 42277f62 4297eefb 4195c789  c8_vstart 0x00000000 mem 0x90000208 mem 0x9000020c mem 0x90000210 mem 0x90000214 mem 0x90000218 mem 0x9000021c mem 0x90000220 mem 0x90000224 mem 0x90000228 mem 0x9000022c mem 0x90000230 mem 0x90000234 mem 0x90000238 mem 0x9000023c mem 0x90000208 mem 0x9000020c
core   0: 0x800001ac (0x96213457) vsll.vi v8, v2, 2
core   0: 3 0x800001ac (0x96213457) c8_vstart 0x00000000 e32 m1 l16 v8  0000ffff 0x00000244 00000240 00000274 00000270 0000026c 00000268 00000264 00000260 0000025c 00000258 00000254 00000250 0000024c 00000248 00000244 00000240 
core   0: 0x800001b0 (0x02440457) vadd.vv v8, v4, v8
core   0: 3 0x800001b0 (0x02440457) c8_vstart 0x00000000 e32 m1 l16 v8  0000ffff 0x90000244 90000240 90000274 90000270 9000026c 90000268 90000264 90000260 9000025c 90000258 90000254 90000250 9000024c 90000248 90000244 90000240 
core   0: 0x800001b4 (0x0004247b) vlw12.v v8, v8, 0
core   0: 3 0x800001b4 (0x0004247b) e32 m1 l16 v8  0000ffff 0x42bde016 42bfe23e 425ddcbc 3e2ec960 42647a07 41132796 41e361ea 40cf9b20 4138d4c0 428767cd 42ad06ae 41b86dae 418f428c 4299c3b9 42bde016 42bfe23e  c8_vstart 0x00000000 mem 0x90000240 mem 0x90000244 mem 0x90000248 mem 0x9000024c mem 0x90000250 mem 0x90000254 mem 0x90000258 mem 0x9000025c mem 0x90000260 mem 0x90000264 mem 0x90000268 mem 0x9000026c mem 0x90000270 mem 0x90000274 mem 0x90000240 mem 0x90000244
core   0: 0x800001b8 (0x960134d7) vsll.vi v9, v0, 2
core   0: 3 0x800001b8 (0x960134d7) c8_vstart 0x00000000 e32 m1 l16 v9  0000ffff 0x00000248 00000244 00000278 00000274 00000270 0000026c 00000268 00000264 00000260 0000025c 00000258 00000254 00000250 0000024c 00000248 00000244 
core   0: 0x800001bc (0x02448557) vadd.vv v10, v4, v9
core   0: 3 0x800001bc (0x02448557) c8_vstart 0x00000000 e32 m1 l16 v10 0000ffff 0x90000248 90000244 90000278 90000274 90000270 9000026c 90000268 90000264 90000260 9000025c 90000258 90000254 90000250 9000024c 90000248 90000244 
core   0: 0x800001c0 (0x0005257b) vlw12.v v10, v10, 0
core   0: 3 0x800001c0 (0x0005257b) e32 m1 l16 v10 0000ffff 0x4299c3b9 42bde016 427c7ca7 425ddcbc 3e2ec960 42647a07 41132796 41e361ea 40cf9b20 4138d4c0 428767cd 42ad06ae 41b86dae 418f428c 4299c3b9 42bde016  c8_vstart 0x00000000 mem 0x90000244 mem 0x90000248 mem 0x9000024c mem 0x90000250 mem 0x90000254 mem 0x90000258 mem 0x9000025c mem 0x90000260 mem 0x90000264 mem 0x90000268 mem 0x9000026c mem 0x90000270 mem 0x90000274 mem 0x90000278 mem 0x90000244 mem 0x90000248
core   0: 0x800001c4 (0x966135d7) vsll.vi v11, v6, 2
core   0: 3 0x800001c4 (0x966135d7) c8_vstart 0x00000000 e32 m1 l16 v11 0000ffff 0x0000024c 00000248 0000027c 00000278 00000274 00000270 0000026c 00000268 00000264 00000260 0000025c 00000258 00000254 00000250 0000024c 00000248 
core   0: 0x800001c8 (0x024585d7) vadd.vv v11, v4, v11
core   0: 3 0x800001c8 (0x024585d7) c8_vstart 0x00000000 e32 m1 l16 v11 0000ffff 0x9000024c 90000248 9000027c 90000278 90000274 90000270 9000026c 90000268 90000264 90000260 9000025c 90000258 90000254 90000250 9000024c 90000248 
core   0: 0x800001cc (0x0005a5fb) vlw12.v v11, v11, 0
core   0: 3 0x800001cc (0x0005a5fb) e32 m1 l16 v11 0000ffff 0x418f428c 4299c3b9 41ba68d2 427c7ca7 425ddcbc 3e2ec960 42647a07 41132796 41e361ea 40cf9b20 4138d4c0 428767cd 42ad06ae 41b86dae 418f428c 4299c3b9  c8_vstart 0x00000000 mem 0x90000248 mem 0x9000024c mem 0x90000250 mem 0x90000254 mem 0x90000258 mem 0x9000025c mem 0x90000260 mem 0x90000264 mem 0x90000268 mem 0x9000026c mem 0x90000270 mem 0x90000274 mem 0x90000278 mem 0x9000027c mem 0x90000248 mem 0x9000024c
core   0: 0x800001d0 (0x02208157) vadd.vv v2, v2, v1
core   0: 3 0x800001d0 (0x02208157) c8_vstart 0x00000000 e32 m1 l16 v2  0000ffff 0x000000a1 000000a0 000000ad 000000ac 000000ab 000000aa 000000a9 000000a8 000000a7 000000a6 000000a5 000000a4 000000a3 000000a2 000000a1 000000a0 
core   0: 0x800001d4 (0x96213157) vsll.vi v2, v2, 2
core   0: 3 0x800001d4 (0x96213157) c8_vstart 0x00000000 e32 m1 l16 v2  0000ffff 0x00000284 00000280 000002b4 000002b0 000002ac 000002a8 000002a4 000002a0 0000029c 00000298 00000294 00000290 0000028c 00000288 00000284 00000280 
core   0: 0x800001d8 (0x02410157) vadd.vv v2, v4, v2
core   0: 3 0x800001d8 (0x02410157) c8_vstart 0x00000000 e32 m1 l16 v2  0000ffff 0x90000284 90000280 900002b4 900002b0 900002ac 900002a8 900002a4 900002a0 9000029c 90000298 90000294 90000290 9000028c 90000288 90000284 90000280 
core   0: 0x800001dc (0x0001217b) vlw12.v v2, v2, 0
core   0: 3 0x800001dc (0x0001217b) e32 m1 l16 v2  0000ffff 0x42a3b036 42c475a5 4249ae91 417fb918 42ad1e41 4270bbb6 4201ca32 429546e3 41bede69 41f6e729 428a6ab5 42aee7a6 42206aac 42c68930 42a3b036 42c475a5  c8_vstart 0x00000000 mem 0x90000280 mem 0x90000284 mem 0x90000288 mem 0x9000028c mem 0x90000290 mem 0x90000294 mem 0x90000298 mem 0x9000029c mem 0x900002a0 mem 0x900002a4 mem 0x900002a8 mem 0x900002ac mem 0x900002b0 mem 0x900002b4 mem 0x90000280 mem 0x90000284
core   0: 0x800001e0 (0x02008057) vadd.vv v0, v0, v1
core   0: 3 0x800001e0 (0x02008057) c8_vstart 0x00000000 e32 m1 l16 v0  0000ffff 0x000000a2 000000a1 000000ae 000000ad 000000ac 000000ab 000000aa 000000a9 000000a8 000000a7 000000a6 000000a5 000000a4 000000a3 000000a2 000000a1 
core   0: 0x800001e4 (0x96013057) vsll.vi v0, v0, 2
core   0: 3 0x800001e4 (0x96013057) c8_vstart 0x00000000 e32 m1 l16 v0  0000ffff 0x00000288 00000284 000002b8 000002b4 000002b0 000002ac 000002a8 000002a4 000002a0 0000029c 00000298 00000294 00000290 0000028c 00000288 00000284 
core   0: 0x800001e8 (0x02400057) vadd.vv v0, v4, v0
core   0: 3 0x800001e8 (0x02400057) c8_vstart 0x00000000 e32 m1 l16 v0  0000ffff 0x90000288 90000284 900002b8 900002b4 900002b0 900002ac 900002a8 900002a4 900002a0 9000029c 90000298 90000294 90000290 9000028c 90000288 90000284 
core   0: 0x800001ec (0x0000207b) vlw12.v v0, v0, 0
core   0: 3 0x800001ec (0x0000207b) e32 m1 l16 v0  0000ffff 0x42c68930 42a3b036 42616ffd 4249ae91 417fb918 42ad1e41 4270bbb6 4201ca32 429546e3 41bede69 41f6e729 428a6ab5 42aee7a6 42206aac 42c68930 42a3b036  c8_vstart 0x00000000 mem 0x90000284 mem 0x90000288 mem 0x9000028c mem 0x90000290 mem 0x90000294 mem 0x90000298 mem 0x9000029c mem 0x900002a0 mem 0x900002a4 mem 0x900002a8 mem 0x900002ac mem 0x900002b0 mem 0x900002b4 mem 0x900002b8 mem 0x90000284 mem 0x90000288
core   0: 0x800001f0 (0x026080d7) vadd.vv v1, v6, v1
core   0: 3 0x800001f0 (0x026080d7) c8_vstart 0x00000000 e32 m1 l16 v1  0000ffff 0x000000a3 000000a2 000000af 000000ae 000000ad 000000ac 000000ab 000000aa 000000a9 000000a8 000000a7 000000a6 000000a5 000000a4 000000a3 000000a2 
core   0: 0x800001f4 (0x961130d7) vsll.vi v1, v1, 2
core   0: 3 0x800001f4 (0x961130d7) c8_vstart 0x00000000 e32 m1 l16 v1  0000ffff 0x0000028c 00000288 000002bc 000002b8 000002b4 000002b0 000002ac 000002a8 000002a4 000002a0 0000029c 00000298 00000294 00000290 0000028c 00000288 
core   0: 0x800001f8 (0x024080d7) vadd.vv v1, v4, v1
core   0: 3 0x800001f8 (0x024080d7) c8_vstart 0x00000000 e32 m1 l16 v1  0000ffff 0x9000028c 90000288 900002bc 900002b8 900002b4 900002b0 900002ac 900002a8 900002a4 900002a0 9000029c 90000298 90000294 90000290 9000028c 90000288 
core   0: 0x800001fc (0x0000a0fb) vlw12.v v1, v1, 0
core   0: 3 0x800001fc (0x0000a0fb) e32 m1 l16 v1  0000ffff 0x42206aac 42c68930 413ecb04 42616ffd 4249ae91 417fb918 42ad1e41 4270bbb6 4201ca32 429546e3 41bede69 41f6e729 428a6ab5 42aee7a6 42206aac 42c68930  c8_vstart 0x00000000 mem 0x90000288 mem 0x9000028c mem 0x90000290 mem 0x90000294 mem 0x90000298 mem 0x9000029c mem 0x900002a0 mem 0x900002a4 mem 0x900002a8 mem 0x900002ac mem 0x900002b0 mem 0x900002b4 mem 0x900002b8 mem 0x900002bc mem 0x90000288 mem 0x9000028c
core   0: 0x80000200 (0xfdc12283) lw      x5, -36(x2)
core   0: 3 0x80000200 (0xfdc12283) x5  0x3f800000 mem 0x70000010
core   0: 0x80000204 (0x5e02c257) vmv.v.x v4, x5
core   0: 3 0x80000204 (0x5e02c257) c8_vstart 0x00000000 e32 m1 l16 v4  0000ffff 0x3f800000 3f800000 3f800000 3f800000 3f800000 3f800000 3f800000 3f800000 3f800000 3f800000 3f800000 3f800000 3f800000 3f800000 3f800000 3f800000 
core   0: 0x80000208 (0xa25211d7) vfmadd.vv v3, v5, v4
core   0: 3 0x80000208 (0xa25211d7) c8_vstart 0x00000000 c1_fflags 0x00000001 e32 m1 l16 v3  0000ffff 0x4275f252 4283ca17 432dc5bc 42bee968 4240fb3e 4217a320 40e077d1 42275845 42fe5468 4320b2fd 429718f6 423dee42 42ebaeac 42bd60dd 4275f252 4283ca17 
core   0: 0x8000020c (0xfe012283) lw      x5, -32(x2)
core   0: 3 0x8000020c (0xfe012283) x5  0x3f800000 mem 0x70000014
core   0: 0x80000210 (0x5e02c257) vmv.v.x v4, x5
core   0: 3 0x80000210 (0x5e02c257) c8_vstart 0x00000000 e32 m1 l16 v4  0000ffff 0x3f800000 3f800000 3f800000 3f800000 3f800000 3f800000 3f800000 3f800000 3f800000 3f800000 3f800000 3f800000 3f800000 3f800000 3f800000 3f800000 
core   0: 0x80000214 (0xa23213d7) vfmadd.vv v7, v3, v4
core   0: 3 0x80000214 (0xa23213d7) c8_vstart 0x00000000 c1_fflags 0x00000001 e32 m1 l16 v7  0000ffff 0x43097412 42a93bf9 4373929a 4339b16b 4303c7d4 424751dc 422d5b7c 422daee3 4304984b 43451af7 43264eb5 42ead8a7 42f6e61c 43089047 43097412 42a93bf9 
core   0: 0x80000218 (0xfe412283) lw      x5, -28(x2)
core   0: 3 0x80000218 (0xfe412283) x5  0x3f800000 mem 0x70000018
core   0: 0x8000021c (0x5e02c1d7) vmv.v.x v3, x5
core   0: 3 0x8000021c (0x5e02c1d7) c8_vstart 0x00000000 e32 m1 l16 v3  0000ffff 0x3f800000 3f800000 3f800000 3f800000 3f800000 3f800000 3f800000 3f800000 3f800000 3f800000 3f800000 3f800000 3f800000 3f800000 3f800000 3f800000 
core   0: 0x80000220 (0xa2719457) vfmadd.vv v8, v7, v3
core   0: 3 0x80000220 (0xa2719457) c8_vstart 0x00000000 c1_fflags 0x00000001 e32 m1 l16 v8  0000ffff 0x4368641d 43348f1c 439584e4 4339dd1d 433ce656 426c1bc2 428f8638 4247a247 43102597 4384676f 437cd20c 430c7a09 430d5b60 43557224 4368641d 43348f1c 
core   0: 0x80000224 (0xfe812283) lw      x5, -24(x2)
core   0: 3 0x80000224 (0xfe812283) x5  0x3f800000 mem 0x7000001c
core   0: 0x80000228 (0x5e02c1d7) vmv.v.x v3, x5
core   0: 3 0x80000228 (0x5e02c1d7) c8_vstart 0x00000000 e32 m1 l16 v3  0000ffff 0x3f800000 3f800000 3f800000 3f800000 3f800000 3f800000 3f800000 3f800000 3f800000 3f800000 3f800000 3f800000 3f800000 3f800000 3f800000 3f800000 
core   0: 0x8000022c (0xa2819557) vfmadd.vv v10, v8, v3
core   0: 3 0x8000022c (0xa2819557) c8_vstart 0x00000000 c1_fflags 0x00000001 e32 m1 l16 v10 0000ffff 0x439aa2fd 4389bf94 43b51479 4371544c 433d1208 42e84ae4 42a1eb2b 429ca99e 4316a270 438a2e15 43a042f9 4362fd60 43246916 43675a76 439aa2fd 4389bf94 
core   0: 0x80000230 (0xfec12283) lw      x5, -20(x2)
core   0: 3 0x80000230 (0xfec12283) x5  0x3f800000 mem 0x70000020
core   0: 0x80000234 (0x5e02c1d7) vmv.v.x v3, x5
core   0: 3 0x80000234 (0x5e02c1d7) c8_vstart 0x00000000 e32 m1 l16 v3  0000ffff 0x3f800000 3f800000 3f800000 3f800000 3f800000 3f800000 3f800000 3f800000 3f800000 3f800000 3f800000 3f800000 3f800000 3f800000 3f800000 3f800000 
core   0: 0x80000238 (0xa2a195d7) vfmadd.vv v11, v10, v3
core   0: 3 0x80000238 (0xa2a195d7) c8_vstart 0x00000000 c1_fflags 0x00000001 e32 m1 l16 v11 0000ffff 0x43a39726 43b03082 43c0bb06 439839bb 43748937 42e8a249 430a1417 42af0e91 43330ead 438d6c82 43a6099f 439358a3 437aec6d 437e682c 43a39726 43b03082 
core   0: 0x8000023c (0xff012283) lw      x5, -16(x2)
core   0: 3 0x8000023c (0xff012283) x5  0x3f800000 mem 0x70000024
core   0: 0x80000240 (0x5e02c1d7) vmv.v.x v3, x5
core   0: 3 0x80000240 (0x5e02c1d7) c8_vstart 0x00000000 e32 m1 l16 v3  0000ffff 0x3f800000 3f800000 3f800000 3f800000 3f800000 3f800000 3f800000 3f800000 3f800000 3f800000 3f800000 3f800000 3f800000 3f800000 3f800000 3f800000 
core   0: 0x80000244 (0xa2b19157) vfmadd.vv v2, v11, v3
core   0: 3 0x80000244 (0xa2b19157) c8_vstart 0x00000000 c1_fflags 0x00000001 e32 m1 l16 v2  0000ffff 0x43cc8334 43e14deb 43d9f0d8 43a03784 43a58c2c 43308012 432a86a4 43222aba 434aea7a 439cdaf5 43c8a44c 43bf128c 4391838c 43b0d662 43cc8334 43e14deb 
core   0: 0x80000248 (0xff412283) lw      x5, -12(x2)
core   0: 3 0x80000248 (0xff412283) x5  0x3f800000 mem 0x70000028
core   0: 0x8000024c (0x5e02c1d7) vmv.v.x v3, x5
core   0: 3 0x8000024c (0x5e02c1d7) c8_vstart 0x00000000 e32 m1 l16 v3  0000ffff 0x3f800000 3f800000 3f800000 3f800000 3f800000 3f800000 3f800000 3f800000 3f800000 3f800000 3f800000 3f800000 3f800000 3f800000 3f800000 3f800000 
core   0: 0x80000250 (0xa2219057) vfmadd.vv v0, v2, v3
core   0: 3 0x80000250 (0xa2219057) c8_vstart 0x00000000 c1_fflags 0x00000001 e32 m1 l16 v0  0000ffff 0x43fe2580 44051cfc 43f61ed8 43b96d56 43ad89f5 43838799 4366b592 43429d46 438ac6f6 43a8c8dc 43d812bf 43e1ad39 43bd3d76 43c4e3b8 43fe2580 44051cfc 
core   0: 0x80000254 (0xff812283) lw      x5, -8(x2)
core   0: 3 0x80000254 (0xff812283) x5  0x3f800000 mem 0x7000002c
core   0: 0x80000258 (0x5e02c157) vmv.v.x v2, x5
core   0: 3 0x80000258 (0x5e02c157) c8_vstart 0x00000000 e32 m1 l16 v2  0000ffff 0x3f800000 3f800000 3f800000 3f800000 3f800000 3f800000 3f800000 3f800000 3f800000 3f800000 3f800000 3f800000 3f800000 3f800000 3f800000 3f800000 
core   0: 0x8000025c (0xa20110d7) vfmadd.vv v1, v0, v2
core   0: 3 0x8000025c (0xa20110d7) c8_vstart 0x00000000 c1_fflags 0x00000001 e32 m1 l16 v1  0000ffff 0x4409196b 441dee22 43fc1530 43d59b56 43c6bfc7 438b8562 439ea259 437ecc34 439b003c 43ce1a95 43e400a6 43f11bac 43dfd823 43f09da2 4409196b 441dee22 
core   0: 0x80000260 (0xffc12283) lw      x5, -4(x2)
core   0: 3 0x80000260 (0xffc12283) x5  0x90001000 mem 0x70000030
core   0: 0x80000264 (0x0292c057) vadd.vx v0, v9, x5
core   0: 3 0x80000264 (0x0292c057) c8_vstart 0x00000000 e32 m1 l16 v0  0000ffff 0x90001248 90001244 90001278 90001274 90001270 9000126c 90001268 90001264 90001260 9000125c 90001258 90001254 90001250 9000124c 90001248 90001244 
core   0: 0x80000268 (0x0010607b) vsw12.v v1, v0, 0
core   0: 3 0x80000268 (0x0010607b) c8_vstart 0x00000000 e32 m1 l16 mem 0x90001244 0x441dee22 mem 0x90001248 0x4409196b mem 0x9000124c 0x43f09da2 mem 0x90001250 0x43dfd823 mem 0x90001254 0x43f11bac mem 0x90001258 0x43e400a6 mem 0x9000125c 0x43ce1a95 mem 0x90001260 0x439b003c mem 0x90001264 0x437ecc34 mem 0x90001268 0x439ea259 mem 0x9000126c 0x438b8562 mem 0x90001270 0x43c6bfc7 mem 0x90001274 0x43d59b56 mem 0x90001278 0x43fc1530 mem 0x90001244 0x441dee22 mem 0x90001248 0x4409196b
core   0: 0x8000026c (0xfcc12083) lw      x1, -52(x2)
core   0: 3 0x8000026c (0xfcc12083) x1  0x800000a0 mem 0x70000000
core   0: 0x80000270 (0x0090200b) regext  x0, x0,  0 0 1 1 
core   0: 3 0x80000270 (0x0090200b)
core   0: 0x80000274 (0x7fc020ab) vlw.v   v1, x0, -4
core   0: 3 0x80000274 (0x7fc020ab) e32 m1 l16 v33 0000ffff 0x00000000 00000000 00000000 00000000 00000000 00000000 00000000 00000000 00000000 00000000 00000000 00000000 00000000 00000000 00000000 00000000  c8_vstart 0x00000000 mem 0x90003000 mem 0x90003004 mem 0x90003008 mem 0x9000300c mem 0x90003010 mem 0x90003014 mem 0x90003018 mem 0x9000301c mem 0x90003020 mem 0x90003024 mem 0x90003028 mem 0x9000302c mem 0x90003030 mem 0x90003034 mem 0x90003038 mem 0x9000303c
core   0: 0x80000278 (0xfcc10113) addi    x2, x2, -52
core   0: 3 0x80000278 (0xfcc10113) x2  0x70000000
core   0: 0x8000027c (0xffc20213) addi    x4, x4, -4
core   0: 3 0x8000027c (0xffc20213) x4  0x00000000
core   0: 0x80000280 (0x0010200b) regext  x0, x0,  0 0 0 1 
core   0: 3 0x80000280 (0x0010200b)
core   0: 0x80000284 (0x5e024057) vmv.v.x v0, x4
core   0: 3 0x80000284 (0x5e024057) c8_vstart 0x00000000 e32 m1 l16 v32 0000ffff 0x00000000 00000000 00000000 00000000 00000000 00000000 00000000 00000000 00000000 00000000 00000000 00000000 00000000 00000000 00000000 00000000 
core   0: 0x80000288 (0x00008067) ret
core   0: 3 0x80000288 (0x00008067)
core   0: 0x800000a0 (0x0000400b) endprg  x0, x0, x0
core   0: 3 0x800000a0 (0x0000400b)
core   0: 0x800000a4 (0x0040006f) j       pc + 0x4
core   0: 3 0x800000a4 (0x0040006f)
core   0: 0x800000a8 (0x00100313) li      x6, 1
core   0: 3 0x800000a8 (0x00100313) x6  0x00000001
core   0: 0x800000ac (0x00001297) auipc   x5, 0x1
core   0: 3 0x800000ac (0x00001297) x5  0x800010ac
core   0: 0x800000b0 (0xf5428293) addi    x5, x5, -172
core   0: 3 0x800000b0 (0xf5428293) x5  0x80001000
core   0: 0x800000b4 (0x0062a023) sw      x6, 0(x5)
core   0: 3 0x800000b4 (0x0062a023) mem 0x80001000 0x00000001
core   0: 0x00001000 (0x00000297) auipc   x5, 0x0
core   0: 3 0x00001000 (0x00000297) x5  0x00001000
core   0: 0x00001004 (0x02028593) addi    x11, x5, 32
core   0: 3 0x00001004 (0x02028593) x11 0x00001020
core   0: 0x00001008 (0xf1402573) csrr    x10, mhartid
core   0: 3 0x00001008 (0xf1402573) x10 0x00000000
core   0: 0x0000100c (0x0182a283) lw      x5, 24(x5)
core   0: 3 0x0000100c (0x0182a283) x5  0x80000000 mem 0x00001018
core   0: 0x00001010 (0x00028067) jr      x5
core   0: 3 0x00001010 (0x00028067)
core   0: 0x80000000 (0x00004197) auipc   x3, 0x4
core   0: 3 0x80000000 (0x00004197) x3  0x80004000
core   0: 0x80000004 (0x80818193) addi    x3, x3, -2040
core   0: 3 0x80000004 (0x80818193) x3  0x80003808
core   0: 0x80000008 (0x02000e93) li      x29, 32
core   0: 3 0x80000008 (0x02000e93) x29 0x00000020
core   0: 0x8000000c (0x0d0efed7) vsetvli x29, x29, e32, m1, ta, ma
core   0: 3 0x8000000c (0x0d0efed7) x29 0x00000010 c8_vstart 0x00000000 c3104_vl 0x00000010 c3105_vtype 0x000000d0 c768_mstatus 0x80000600
core   0: 0x80000010 (0x00002eb7) lui     x29, 0x2
core   0: 3 0x80000010 (0x00002eb7) x29 0x00002000
core   0: 0x80000014 (0x300eaef3) csrrs   x29, mstatus, x29
core   0: 3 0x80000014 (0x300eaef3) x29 0x80000600 c768_mstatus 0x80006600
core   0: 0x80000018 (0x00000e93) li      x29, 0
core   0: 3 0x80000018 (0x00000e93) x29 0x00000000
core   0: 0x8000001c (0x80502373) csrr    x6, wid
core   0: 3 0x8000001c (0x80502373) x6  0x00000000
core   0: 0x80000020 (0x806023f3) csrr    x7, lds
core   0: 3 0x80000020 (0x806023f3) x7  0x70000000
core   0: 0x80000024 (0x40000e13) li      x28, 1024
core   0: 3 0x80000024 (0x40000e13) x28 0x00000400
core   0: 0x80000028 (0x03c30333) mul     x6, x6, x28
core   0: 3 0x80000028 (0x03c30333) x6  0x00000000
core   0: 0x8000002c (0x00730133) add     x2, x6, x7
core   0: 3 0x8000002c (0x00730133) x2  0x70000000
core   0: 0x80000030 (0x00000213) li      x4, 0
core   0: 3 0x80000030 (0x00000213) x4  0x00000000
core   0: 0x80000034 (0x80102f73) csrr    x30, numw
core   0: 3 0x80000034 (0x80102f73) x30 0x00000001
core   0: 0x80000038 (0x40000e13) li      x28, 1024
core   0: 3 0x80000038 (0x40000e13) x28 0x00000400
core   0: 0x8000003c (0x03cf0f33) mul     x30, x30, x28
core   0: 3 0x8000003c (0x03cf0f33) x30 0x00000400
core   0: 0x80000040 (0x01e38433) add     x8, x7, x30
core   0: 3 0x80000040 (0x01e38433) x8  0x70000400
core   0: 0x80000044 (0x00003517) auipc   x10, 0x3
core   0: 3 0x80000044 (0x00003517) x10 0x80003044
core   0: 0x80000048 (0xfc450513) addi    x10, x10, -60
core   0: 3 0x80000048 (0xfc450513) x10 0x80003008
core   0: 0x8000004c (0x00003617) auipc   x12, 0x3
core   0: 3 0x8000004c (0x00003617) x12 0x8000304c
core   0: 0x80000050 (0xfbc60613) addi    x12, x12, -68
core   0: 3 0x80000050 (0xfbc60613) x12 0x80003008
core   0: 0x80000054 (0x00c50863) beq     x10, x12, pc + 16
core   0: 3 0x80000054 (0x00c50863)
core   0: 0x80000064 (0x803022f3) csrr    x5, knl
core   0: 3 0x80000064 (0x803022f3) x5  0x900e3000
core   0: 0x80000068 (0x0002a303) lw      x6, 0(x5)
core   0: 3 0x80000068 (0x0002a303) x6  0x800000b8 mem 0x900e3000
core   0: 0x8000006c (0x0042a503) lw      x10, 4(x5)
core   0: 3 0x8000006c (0x0042a503) x10 0x90002000 mem 0x900e3004
core   0: 0x80000070 (0x0302a383) lw      x7, 48(x5)
core   0: 3 0x80000070 (0x0302a383) x7  0x00000000 mem 0x900e3030
core   0: 0x80000074 (0x0342ae03) lw      x28, 52(x5)
core   0: 3 0x80000074 (0x0342ae03) x28 0x00000000 mem 0x900e3034
core   0: 0x80000078 (0x00003e97) auipc   x29, 0x3
core   0: 3 0x80000078 (0x00003e97) x29 0x80003078
core   0: 0x8000007c (0xf88e8e93) addi    x29, x29, -120
core   0: 3 0x8000007c (0xf88e8e93) x29 0x80003000
core   0: 0x80000080 (0x00003f17) auipc   x30, 0x3
core   0: 3 0x80000080 (0x00003f17) x30 0x80003080
core   0: 0x80000084 (0xf84f0f13) addi    x30, x30, -124
core   0: 3 0x80000084 (0xf84f0f13) x30 0x80003004
core   0: 0x80000088 (0x007ea023) sw      x7, 0(x29)
core   0: 3 0x80000088 (0x007ea023) mem 0x80003000 0x00000000
core   0: 0x8000008c (0x01cf2023) sw      x28, 0(x30)
core   0: 3 0x8000008c (0x01cf2023) mem 0x80003004 0x00000000
core   0: 0x80000090 (0x00000f97) auipc   x31, 0x0
core   0: 3 0x80000090 (0x00000f97) x31 0x80000090
core   0: 0x80000094 (0x018f8f93) addi    x31, x31, 24
core   0: 3 0x80000094 (0x018f8f93) x31 0x800000a8
core   0: 0x80000098 (0x305f9073) csrw    mtvec, x31
core   0: 3 0x80000098 (0x305f9073) c773_mtvec 0x800000a8
core   0: 0x8000009c (0x000300e7) jalr    x6
core   0: 3 0x8000009c (0x000300e7) x1  0x800000a0
core   0: 0x800000b8 (0x03410113) addi    x2, x2, 52
core   0: 3 0x800000b8 (0x03410113) x2  0x70000034
core   0: 0x800000bc (0x00420213) addi    x4, x4, 4
core   0: 3 0x800000bc (0x00420213) x4  0x00000004
core   0: 0x800000c0 (0x0010200b) regext  x0, x0,  0 0 0 1 
core   0: 3 0x800000c0 (0x0010200b)
core   0: 0x800000c4 (0x5e024057) vmv.v.x v0, x4
core   0: 3 0x800000c4 (0x5e024057) c8_vstart 0x00000000 e32 m1 l16 v32 0000ffff 0x00000004 00000004 00000004 00000004 00000004 00000004 00000004 00000004 00000004 00000004 00000004 00000004 00000004 00000004 00000004 00000004 
core   0: 0x800000c8 (0xfc112623) sw      x1, -52(x2)
core   0: 3 0x800000c8 (0xfc112623) mem 0x70000000 0x800000a0
core   0: 0x800000cc (0x0480200b) regext  x0, x0,  0 1 1 0 
core   0: 3 0x800000cc (0x0480200b)
core   0: 0x800000d0 (0xfe102e2b) vsw.v   v1, x0, -4
core   0: 3 0x800000d0 (0xfe102e2b) c8_vstart 0x00000000 mem 0x90003000 0x00000000 mem 0x90003004 0x00000000 mem 0x90003008 0x00000000 mem 0x9000300c 0x00000000 mem 0x90003010 0x00000000 mem 0x90003014 0x00000000 mem 0x90003018 0x00000000 mem 0x9000301c 0x00000000 mem 0x90003020 0x00000000 mem 0x90003024 0x00000000 mem 0x90003028 0x00000000 mem 0x9000302c 0x00000000 mem 0x90003030 0x00000000 mem 0x90003034 0x00000000 mem 0x90003038 0x00000000 mem 0x9000303c 0x00000000
core   0: 0x800000d4 (0x00452283) lw      x5, 4(x10)
core   0: 3 0x800000d4 (0x00452283) x5  0x90001000 mem 0x90002004
core   0: 0x800000d8 (0xfe512e23) sw      x5, -4(x2)
core   0: 3 0x800000d8 (0xfe512e23) mem 0x70000030 0x90001000
core   0: 0x800000dc (0x03052283) lw      x5, 48(x10)
core   0: 3 0x800000dc (0x03052283) x5  0x3f800000 mem 0x90002030
core   0: 0x800000e0 (0xfe512c23) sw      x5, -8(x2)
core   0: 3 0x800000e0 (0xfe512c23) mem 0x7000002c 0x3f800000
core   0: 0x800000e4 (0x02c52283) lw      x5, 44(x10)
core   0: 3 0x800000e4 (0x02c52283) x5  0x3f800000 mem 0x9000202c
core   0: 0x800000e8 (0xfe512a23) sw      x5, -12(x2)
core   0: 3 0x800000e8 (0xfe512a23) mem 0x70000028 0x3f800000
core   0: 0x800000ec (0x02852283) lw      x5, 40(x10)
core   0: 3 0x800000ec (0x02852283) x5  0x3f800000 mem 0x90002028
core   0: 0x800000f0 (0xfe512823) sw      x5, -16(x2)
core   0: 3 0x800000f0 (0xfe512823) mem 0x70000024 0x3f800000
core   0: 0x800000f4 (0x02452283) lw      x5, 36(x10)
core   0: 3 0x800000f4 (0x02452283) x5  0x3f800000 mem 0x90002024
core   0: 0x800000f8 (0xfe512623) sw      x5, -20(x2)
core   0: 3 0x800000f8 (0xfe512623) mem 0x70000020 0x3f800000
core   0: 0x800000fc (0x02052283) lw      x5, 32(x10)
core   0: 3 0x800000fc (0x02052283) x5  0x3f800000 mem 0x90002020
core   0: 0x80000100 (0xfe512423) sw      x5, -24(x2)
core   0: 3 0x80000100 (0xfe512423) mem 0x7000001c 0x3f800000
core   0: 0x80000104 (0x01c52283) lw      x5, 28(x10)
core   0: 3 0x80000104 (0x01c52283) x5  0x3f800000 mem 0x9000201c
core   0: 0x80000108 (0xfe512223) sw      x5, -28(x2)
core   0: 3 0x80000108 (0xfe512223) mem 0x70000018 0x3f800000
core   0: 0x8000010c (0x01852283) lw      x5, 24(x10)
core   0: 3 0x8000010c (0x01852283) x5  0x3f800000 mem 0x90002018
core   0: 0x80000110 (0xfe512023) sw      x5, -32(x2)
core   0: 3 0x80000110 (0xfe512023) mem 0x70000014 0x3f800000
core   0: 0x80000114 (0x01052283) lw      x5, 16(x10)
core   0: 3 0x80000114 (0x01052283) x5  0x3f800000 mem 0x90002010
core   0: 0x80000118 (0xfc512e23) sw      x5, -36(x2)
core   0: 3 0x80000118 (0xfc512e23) mem 0x70000010 0x3f800000
core   0: 0x8000011c (0x01452283) lw      x5, 20(x10)
core   0: 3 0x8000011c (0x01452283) x5  0x3f800000 mem 0x90002014
core   0: 0x80000120 (0xfc512c23) sw      x5, -40(x2)
core   0: 3 0x80000120 (0xfc512c23) mem 0x7000000c 0x3f800000
core   0: 0x80000124 (0x00052283) lw      x5, 0(x10)
core   0: 3 0x80000124 (0x00052283) x5  0x90000000 mem 0x90002000
core   0: 0x80000128 (0xfc512a23) sw      x5, -44(x2)
core   0: 3 0x80000128 (0xfc512a23) mem 0x70000008 0x90000000
core   0: 0x8000012c (0x00852283) lw      x5, 8(x10)
core   0: 3 0x8000012c (0x00852283) x5  0x00000010 mem 0x90002008
core   0: 0x80000130 (0xfc512823) sw      x5, -48(x2)
core   0: 3 0x80000130 (0xfc512823) mem 0x70000004 0x00000010
core   0: 0x80000134 (0x5e004057) vmv.v.x v0, x0
core   0: 3 0x80000134 (0x5e004057) c8_vstart 0x00000000 e32 m1 l16 v0  0000ffff 0x00000000 00000000 00000000 00000000 00000000 00000000 00000000 00000000 00000000 00000000 00000000 00000000 00000000 00000000 00000000 00000000 
core   0: 0x80000138 (0x154000ef) jal     pc + 0x154
core   0: 3 0x80000138 (0x154000ef) x1  0x8000013c
core   0: 0x8000028c (0x00410113) addi    x2, x2, 4
core   0: 3 0x8000028c (0x00410113) x2  0x70000038
core   0: 0x80000290 (0xfe112e23) sw      x1, -4(x2)
core   0: 3 0x80000290 (0xfe112e23) mem 0x70000034 0x8000013c
core   0: 0x80000294 (0x00200293) li      x5, 2
core   0: 3 0x80000294 (0x00200293) x5  0x00000002
core   0: 0x80000298 (0x5e02c0d7) vmv.v.x v1, x5
core   0: 3 0x80000298 (0x5e02c0d7) c8_vstart 0x00000000 e32 m1 l16 v1  0000ffff 0x00000002 00000002 00000002 00000002 00000002 00000002 00000002 00000002 00000002 00000002 00000002 00000002 00000002 00000002 00000002 00000002 
core   0: 0x8000029c (0x00000317) auipc   x6, 0x0
core   0: 3 0x8000029c (0x00000317) x6  0x8000029c
core   0: 0x800002a0 (0x04c3305b) setrpc  x0, x6, 76
core   0: 3 0x800002a0 (0x04c3305b) c2060_rpc 0x800002e8 current mask:	0000ffff current npc:	00000000 stack size: 0
core   0: 0x800002a4 (0x0200885b) vbeq    v0, v1, pc + 48
core   0: 3 0x800002a4 (0x0200885b) c8_vstart 0x00000000 e32 m1 l16 current mask:	0000ffff current npc:	800002a8 stack size: 0
core   0: 0x800002a8 (0x00100293) li      x5, 1
core   0: 3 0x800002a8 (0x00100293) x5  0x00000001
core   0: 0x800002ac (0x5e02c0d7) vmv.v.x v1, x5
core   0: 3 0x800002ac (0x5e02c0d7) c8_vstart 0x00000000 e32 m1 l16 v1  0000ffff 0x00000001 00000001 00000001 00000001 00000001 00000001 00000001 00000001 00000001 00000001 00000001 00000001 00000001 00000001 00000001 00000001 
core   0: 0x800002b0 (0x00000317) auipc   x6, 0x0
core   0: 3 0x800002b0 (0x00000317) x6  0x800002b0
core   0: 0x800002b4 (0x0383305b) setrpc  x0, x6, 56
core   0: 3 0x800002b4 (0x0383305b) c2060_rpc 0x800002e8 current mask:	0000ffff current npc:	800002a8 stack size: 0
core   0: 0x800002b8 (0x0200825b) vbeq    v0, v1, pc + 36
core   0: 3 0x800002b8 (0x0200825b) c8_vstart 0x00000000 e32 m1 l16 current mask:	0000ffff current npc:	800002bc stack size: 0
core   0: 0x800002bc (0x5e0040d7) vmv.v.x v1, x0
core   0: 3 0x800002bc (0x5e0040d7) c8_vstart 0x00000000 e32 m1 l16 v1  0000ffff 0x00000000 00000000 00000000 00000000 00000000 00000000 00000000 00000000 00000000 00000000 00000000 00000000 00000000 00000000 00000000 00000000 
core   0: 0x800002c0 (0x00000317) auipc   x6, 0x0
core   0: 3 0x800002c0 (0x00000317) x6  0x800002c0
core   0: 0x800002c4 (0x0283305b) setrpc  x0, x6, 40
core   0: 3 0x800002c4 (0x0283305b) c2060_rpc 0x800002e8 current mask:	0000ffff current npc:	800002bc stack size: 0
core   0: 0x800002c8 (0x00009e5b) vbne    v0, v1, pc + 28
core   0: 3 0x800002c8 (0x00009e5b) c8_vstart 0x00000000 e32 m1 l16 current mask:	0000ffff current npc:	800002cc stack size: 0
core   0: 0x800002cc (0x1a0000ef) jal     pc + 0x1a0
core   0: 3 0x800002cc (0x1a0000ef) x1  0x800002d0
core   0: 0x8000046c (0x00410113) addi    x2, x2, 4
core   0: 3 0x8000046c (0x00410113) x2  0x7000003c
core   0: 0x80000470 (0xfe112e23) sw      x1, -4(x2)
core   0: 3 0x80000470 (0xfe112e23) mem 0x70000038 0x800002d0
core   0: 0x80000474 (0xf1dff0ef) jal     pc - 0xe4
core   0: 3 0x80000474 (0xf1dff0ef) x1  0x80000478
core   0: 0x80000390 (0x00410113) addi    x2, x2, 4
core   0: 3 0x80000390 (0x00410113) x2  0x70000040
core   0: 0x80000394 (0xfe112e23) sw      x1, -4(x2)
core   0: 3 0x80000394 (0xfe112e23) mem 0x7000003c 0x80000478
core   0: 0x80000398 (0x80302573) csrr    x10, knl
core   0: 3 0x80000398 (0x80302573) x10 0x900e3000
core   0: 0x8000039c (0x00852283) lw      x5, 8(x10)
core   0: 3 0x8000039c (0x00852283) x5  0x00000002 mem 0x900e3008
core   0: 0x800003a0 (0x80002373) csrr    x6, tid
core   0: 3 0x800003a0 (0x80002373) x6  0x00000000
core   0: 0x800003a4 (0x5208a157) vid.v   v2
core   0: 3 0x800003a4 (0x5208a157) c8_vstart 0x00000000 e32 m1 l16 v2  0000ffff 0x0000000f 0000000e 0000000d 0000000c 0000000b 0000000a 00000009 00000008 00000007 00000006 00000005 00000004 00000003 00000002 00000001 00000000 
core   0: 0x800003a8 (0x02234057) vadd.vx v0, v2, x6
core   0: 3 0x800003a8 (0x02234057) c8_vstart 0x00000000 e32 m1 l16 v0  0000ffff 0x0000000f 0000000e 0000000d 0000000c 0000000b 0000000a 00000009 00000008 00000007 00000006 00000005 00000004 00000003 00000002 00000001 00000000 
core   0: 0x800003ac (0x01852e03) lw      x28, 24(x10)
core   0: 3 0x800003ac (0x01852e03) x28 0x0000000e mem 0x900e3018
core   0: 0x800003b0 (0x8a0e6057) vremu.vx v0, v0, x28
core   0: 3 0x800003b0 (0x8a0e6057) c8_vstart 0x00000000 e32 m1 l16 v0  0000ffff 0x00000001 00000000 0000000d 0000000c 0000000b 0000000a 00000009 00000008 00000007 00000006 00000005 00000004 00000003 00000002 00000001 00000000 
core   0: 0x800003b4 (0xffc12083) lw      x1, -4(x2)
core   0: 3 0x800003b4 (0xffc12083) x1  0x80000478 mem 0x7000003c
core   0: 0x800003b8 (0xffc10113) addi    x2, x2, -4
core   0: 3 0x800003b8 (0xffc10113) x2  0x7000003c
core   0: 0x800003bc (0x00008067) ret
core   0: 3 0x800003bc (0x00008067)
core   0: 0x80000478 (0x80302573) csrr    x10, knl
core   0: 3 0x80000478 (0x80302573) x10 0x900e3000
core   0: 0x8000047c (0x80802373) csrr    x6, gidx
core   0: 3 0x8000047c (0x80802373) x6  0x00000000
core   0: 0x80000480 (0x01852e03) lw      x28, 24(x10)
core   0: 3 0x80000480 (0x01852e03) x28 0x0000000e mem 0x900e3018
core   0: 0x80000484 (0x02452e83) lw      x29, 36(x10)
core   0: 3 0x80000484 (0x02452e83) x29 0x00000001 mem 0x900e3024
core   0: 0x80000488 (0x03c30fb3) mul     x31, x6, x28
core   0: 3 0x80000488 (0x03c30fb3) x31 0x00000000
core   0: 0x8000048c (0x01df8fb3) add     x31, x31, x29
core   0: 3 0x8000048c (0x01df8fb3) x31 0x00000001
core   0: 0x80000490 (0x020fc057) vadd.vx v0, v0, x31
core   0: 3 0x80000490 (0x020fc057) c8_vstart 0x00000000 e32 m1 l16 v0  0000ffff 0x00000002 00000001 0000000e 0000000d 0000000c 0000000b 0000000a 00000009 00000008 00000007 00000006 00000005 00000004 00000003 00000002 00000001 
core   0: 0x80000494 (0xffc12083) lw      x1, -4(x2)
core   0: 3 0x80000494 (0xffc12083) x1  0x800002d0 mem 0x70000038
core   0: 0x80000498 (0xffc10113) addi    x2, x2, -4
core   0: 3 0x80000498 (0xffc10113) x2  0x70000038
core   0: 0x8000049c (0x00008067) ret
core   0: 3 0x8000049c (0x00008067)
core   0: 0x800002d0 (0x0180006f) j       pc + 0x18
core   0: 3 0x800002d0 (0x0180006f)
core   0: 0x800002e8 (0x0000205b) join    v0, v0, pc + 0
core   0: 3 0x800002e8 (0x0000205b) current mask:	0000ffff current npc:	800002cc stack size: 0
core   0: 0x800002ec (0xffc12083) lw      x1, -4(x2)
core   0: 3 0x800002ec (0xffc12083) x1  0x8000013c mem 0x70000034
core   0: 0x800002f0 (0xffc10113) addi    x2, x2, -4
core   0: 3 0x800002f0 (0xffc10113) x2  0x70000034
core   0: 0x800002f4 (0x00008067) ret
core   0: 3 0x800002f4 (0x00008067)
core   0: 0x8000013c (0x0010200b) regext  x0, x0,  0 0 0 1 
core   0: 3 0x8000013c (0x0010200b)
core   0: 0x80000140 (0x020040d7) vadd.vx v1, v0, x0
core   0: 3 0x80000140 (0x020040d7) c8_vstart 0x00000000 e32 m1 l16 v33 0000ffff 0x00000002 00000001 0000000e 0000000d 0000000c 0000000b 0000000a 00000009 00000008 00000007 00000006 00000005 00000004 00000003 00000002 00000001 
core   0: 0x80000144 (0x00100293) li      x5, 1
core   0: 3 0x80000144 (0x00100293) x5  0x00000001
core   0: 0x80000148 (0x5e02c057) vmv.v.x v0, x5
core   0: 3 0x80000148 (0x5e02c057) c8_vstart 0x00000000 e32 m1 l16 v0  0000ffff 0x00000001 00000001 00000001 00000001 00000001 00000001 00000001 00000001 00000001 00000001 00000001 00000001 00000001 00000001 00000001 00000001 
core   0: 0x8000014c (0x140000ef) jal     pc + 0x140
core   0: 3 0x8000014c (0x140000ef) x1  0x80000150
core   0: 0x8000028c (0x00410113) addi    x2, x2, 4
core   0: 3 0x8000028c (0x00410113) x2  0x70000038
core   0: 0x80000290 (0xfe112e23) sw      x1, -4(x2)
core   0: 3 0x80000290 (0xfe112e23) mem 0x70000034 0x80000150
core   0: 0x80000294 (0x00200293) li      x5, 2
core   0: 3 0x80000294 (0x00200293) x5  0x00000002
core   0: 0x80000298 (0x5e02c0d7) vmv.v.x v1, x5
core   0: 3 0x80000298 (0x5e02c0d7) c8_vstart 0x00000000 e32 m1 l16 v1  0000ffff 0x00000002 00000002 00000002 00000002 00000002 00000002 00000002 00000002 00000002 00000002 00000002 00000002 00000002 00000002 00000002 00000002 
core   0: 0x8000029c (0x00000317) auipc   x6, 0x0
core   0: 3 0x8000029c (0x00000317) x6  0x8000029c
core   0: 0x800002a0 (0x04c3305b) setrpc  x0, x6, 76
core   0: 3 0x800002a0 (0x04c3305b) c2060_rpc 0x800002e8 current mask:	0000ffff current npc:	800002cc stack size: 0
core   0: 0x800002a4 (0x0200885b) vbeq    v0, v1, pc + 48
core   0: 3 0x800002a4 (0x0200885b) c8_vstart 0x00000000 e32 m1 l16 current mask:	0000ffff current npc:	800002a8 stack size: 0
core   0: 0x800002a8 (0x00100293) li      x5, 1
core   0: 3 0x800002a8 (0x00100293) x5  0x00000001
core   0: 0x800002ac (0x5e02c0d7) vmv.v.x v1, x5
core   0: 3 0x800002ac (0x5e02c0d7) c8_vstart 0x00000000 e32 m1 l16 v1  0000ffff 0x00000001 00000001 00000001 00000001 00000001 00000001 00000001 00000001 00000001 00000001 00000001 00000001 00000001 00000001 00000001 00000001 
core   0: 0x800002b0 (0x00000317) auipc   x6, 0x0
core   0: 3 0x800002b0 (0x00000317) x6  0x800002b0
core   0: 0x800002b4 (0x0383305b) setrpc  x0, x6, 56
core   0: 3 0x800002b4 (0x0383305b) c2060_rpc 0x800002e8 current mask:	0000ffff current npc:	800002a8 stack size: 0
core   0: 0x800002b8 (0x0200825b) vbeq    v0, v1, pc + 36
core   0: 3 0x800002b8 (0x0200825b) c8_vstart 0x00000000 e32 m1 l16 current mask:	0000ffff current npc:	800002dc stack size: 0
core   0: 0x800002dc (0x1c4000ef) jal     pc + 0x1c4
core   0: 3 0x800002dc (0x1c4000ef) x1  0x800002e0
core   0: 0x800004a0 (0x00410113) addi    x2, x2, 4
core   0: 3 0x800004a0 (0x00410113) x2  0x7000003c
core   0: 0x800004a4 (0xfe112e23) sw      x1, -4(x2)
core   0: 3 0x800004a4 (0xfe112e23) mem 0x70000038 0x800002e0
core   0: 0x800004a8 (0xf19ff0ef) jal     pc - 0xe8
core   0: 3 0x800004a8 (0xf19ff0ef) x1  0x800004ac
core   0: 0x800003c0 (0x00410113) addi    x2, x2, 4
core   0: 3 0x800003c0 (0x00410113) x2  0x70000040
core   0: 0x800003c4 (0xfe112e23) sw      x1, -4(x2)
core   0: 3 0x800003c4 (0xfe112e23) mem 0x7000003c 0x800004ac
core   0: 0x800003c8 (0x80302573) csrr    x10, knl
core   0: 3 0x800003c8 (0x80302573) x10 0x900e3000
core   0: 0x800003cc (0x00852283) lw      x5, 8(x10)
core   0: 3 0x800003cc (0x00852283) x5  0x00000002 mem 0x900e3008
core   0: 0x800003d0 (0x80002373) csrr    x6, tid
core   0: 3 0x800003d0 (0x80002373) x6  0x00000000
core   0: 0x800003d4 (0x5208a157) vid.v   v2
core   0: 3 0x800003d4 (0x5208a157) c8_vstart 0x00000000 e32 m1 l16 v2  0000ffff 0x0000000f 0000000e 0000000d 0000000c 0000000b 0000000a 00000009 00000008 00000007 00000006 00000005 00000004 00000003 00000002 00000001 00000000 
core   0: 0x800003d8 (0x02234057) vadd.vx v0, v2, x6
core   0: 3 0x800003d8 (0x02234057) c8_vstart 0x00000000 e32 m1 l16 v0  0000ffff 0x0000000f 0000000e 0000000d 0000000c 0000000b 0000000a 00000009 00000008 00000007 00000006 00000005 00000004 00000003 00000002 00000001 00000000 
core   0: 0x800003dc (0x01852e03) lw      x28, 24(x10)
core   0: 3 0x800003dc (0x01852e03) x28 0x0000000e mem 0x900e3018
core   0: 0x800003e0 (0x01c52e83) lw      x29, 28(x10)
core   0: 3 0x800003e0 (0x01c52e83) x29 0x00000001 mem 0x900e301c
core   0: 0x800003e4 (0x03ce8f33) mul     x30, x29, x28
core   0: 3 0x800003e4 (0x03ce8f33) x30 0x0000000e
core   0: 0x800003e8 (0x8a0f6057) vremu.vx v0, v0, x30
core   0: 3 0x800003e8 (0x8a0f6057) c8_vstart 0x00000000 e32 m1 l16 v0  0000ffff 0x00000001 00000000 0000000d 0000000c 0000000b 0000000a 00000009 00000008 00000007 00000006 00000005 00000004 00000003 00000002 00000001 00000000 
core   0: 0x800003ec (0x820e6057) vdivu.vx v0, v0, x28
core   0: 3 0x800003ec (0x820e6057) c8_vstart 0x00000000 e32 m1 l16 v0  0000ffff 0x00000000 00000000 00000000 00000000 00000000 00000000 00000000 00000000 00000000 00000000 00000000 00000000 00000000 00000000 00000000 00000000 
core   0: 0x800003f0 (0x5e0ec0d7) vmv.v.x v1, x29
core   0: 3 0x800003f0 (0x5e0ec0d7) c8_vstart 0x00000000 e32 m1 l16 v1  0000ffff 0x00000001 00000001 00000001 00000001 00000001 00000001 00000001 00000001 00000001 00000001 00000001 00000001 00000001 00000001 00000001 00000001 
core   0: 0x800003f4 (0x00000317) auipc   x6, 0x0
core   0: 3 0x800003f4 (0x00000317) x6  0x800003f4
core   0: 0x800003f8 (0x0143305b) setrpc  x0, x6, 20
core   0: 3 0x800003f8 (0x0143305b) c2060_rpc 0x80000408 current mask:	0000ffff current npc:	800002dc stack size: 0
core   0: 0x800003fc (0x0000c65b) vblt    v0, v1, pc + 12
core   0: 3 0x800003fc (0x0000c65b) c8_vstart 0x00000000 e32 m1 l16 current mask:	0000ffff current npc:	80000408 stack size: 0
core   0: 0x80000408 (0x0000205b) join    v0, v0, pc + 0
core   0: 3 0x80000408 (0x0000205b) current mask:	0000ffff current npc:	80000408 stack size: 0
core   0: 0x8000040c (0xffc12083) lw      x1, -4(x2)
core   0: 3 0x8000040c (0xffc12083) x1  0x800004ac mem 0x7000003c
core   0: 0x80000410 (0xffc10113) addi    x2, x2, -4
core   0: 3 0x80000410 (0xffc10113) x2  0x7000003c
core   0: 0x80000414 (0x00008067) ret
core   0: 3 0x80000414 (0x00008067)
core   0: 0x800004ac (0x80902373) csrr    x6, gidy
core   0: 3 0x800004ac (0x80902373) x6  0x00000009
core   0: 0x800004b0 (0x01c52383) lw      x7, 28(x10)
core   0: 3 0x800004b0 (0x01c52383) x7  0x00000001 mem 0x900e301c
core   0: 0x800004b4 (0x02852e83) lw      x29, 40(x10)
core   0: 3 0x800004b4 (0x02852e83) x29 0x00000001 mem 0x900e3028
core   0: 0x800004b8 (0x02730e33) mul     x28, x6, x7
core   0: 3 0x800004b8 (0x02730e33) x28 0x00000009
core   0: 0x800004bc (0x01de0e33) add     x28, x28, x29
core   0: 3 0x800004bc (0x01de0e33) x28 0x0000000a
core   0: 0x800004c0 (0x020e4057) vadd.vx v0, v0, x28
core   0: 3 0x800004c0 (0x020e4057) c8_vstart 0x00000000 e32 m1 l16 v0  0000ffff 0x0000000a 0000000a 0000000a 0000000a 0000000a 0000000a 0000000a 0000000a 0000000a 0000000a 0000000a 0000000a 0000000a 0000000a 0000000a 0000000a 
core   0: 0x800004c4 (0xffc12083) lw      x1, -4(x2)
core   0: 3 0x800004c4 (0xffc12083) x1  0x800002e0 mem 0x70000038
core   0: 0x800004c8 (0xffc10113) addi    x2, x2, -4
core   0: 3 0x800004c8 (0xffc10113) x2  0x70000038
core   0: 0x800004cc (0x00008067) ret
core   0: 3 0x800004cc (0x00008067)
core   0: 0x800002e0 (0x0080006f) j       pc + 0x8
core   0: 3 0x800002e0 (0x0080006f)
core   0: 0x800002e8 (0x0000205b) join    v0, v0, pc + 0
core   0: 3 0x800002e8 (0x0000205b) current mask:	0000ffff current npc:	80000408 stack size: 0
core   0: 0x800002ec (0xffc12083) lw      x1, -4(x2)
core   0: 3 0x800002ec (0xffc12083) x1  0x80000150 mem 0x70000034
core   0: 0x800002f0 (0xffc10113) addi    x2, x2, -4
core   0: 3 0x800002f0 (0xffc10113) x2  0x70000034
core   0: 0x800002f4 (0x00008067) ret
core   0: 3 0x800002f4 (0x00008067)
core   0: 0x80000150 (0xfd012283) lw      x5, -48(x2)
core   0: 3 0x80000150 (0xfd012283) x5  0x00000010 mem 0x70000004
core   0: 0x80000154 (0x5e02c0d7) vmv.v.x v1, x5
core   0: 3 0x80000154 (0x5e02c0d7) c8_vstart 0x00000000 e32 m1 l16 v1  0000ffff 0x00000010 00000010 00000010 00000010 00000010 00000010 00000010 00000010 00000010 00000010 00000010 00000010 00000010 00000010 00000010 00000010 
core   0: 0x80000158 (0x0400200b) regext  x0, x0,  0 1 0 0 
core   0: 3 0x80000158 (0x0400200b)
core   0: 0x8000015c (0xa612e057) vmadd.vx v0, v1, x5
core   0: 3 0x8000015c (0xa612e057) c8_vstart 0x00000000 e32 m1 l16 v0  0000ffff 0x000000a2 000000a1 000000ae 000000ad 000000ac 000000ab 000000aa 000000a9 000000a8 000000a7 000000a6 000000a5 000000a4 000000a3 000000a2 000000a1 
core   0: 0x80000160 (0x0010110b) vsub12.vi v2, v0, 1
core   0: 3 0x80000160 (0x0010110b) c8_vstart 0x00000000 e32 m1 l16 v2  0000ffff 0x000000a1 000000a0 000000ad 000000ac 000000ab 000000aa 000000a9 000000a8 000000a7 000000a6 000000a5 000000a4 000000a3 000000a2 000000a1 000000a0 
core   0: 0x80000164 (0x0a2081d7) vsub.vv v3, v2, v1
core   0: 3 0x80000164 (0x0a2081d7) c8_vstart 0x00000000 e32 m1 l16 v3  0000ffff 0x00000091 00000090 0000009d 0000009c 0000009b 0000009a 00000099 00000098 00000097 00000096 00000095 00000094 00000093 00000092 00000091 00000090 
core   0: 0x80000168 (0x963131d7) vsll.vi v3, v3, 2
core   0: 3 0x80000168 (0x963131d7) c8_vstart 0x00000000 e32 m1 l16 v3  0000ffff 0x00000244 00000240 00000274 00000270 0000026c 00000268 00000264 00000260 0000025c 00000258 00000254 00000250 0000024c 00000248 00000244 00000240 
core   0: 0x8000016c (0xfd412283) lw      x5, -44(x2)
core   0: 3 0x8000016c (0xfd412283) x5  0x90000000 mem 0x70000008
core   0: 0x80000170 (0x5e02c257) vmv.v.x v4, x5
core   0: 3 0x80000170 (0x5e02c257) c8_vstart 0x00000000 e32 m1 l16 v4  0000ffff 0x90000000 90000000 90000000 90000000 90000000 90000000 90000000 90000000 90000000 90000000 90000000 90000000 90000000 90000000 90000000 90000000 
core   0: 0x80000174 (0x0232c1d7) vadd.vx v3, v3, x5
core   0: 3 0x80000174 (0x0232c1d7) c8_vstart 0x00000000 e32 m1 l16 v3  0000ffff 0x90000244 90000240 90000274 90000270 9000026c 90000268 90000264 90000260 9000025c 90000258 90000254 90000250 9000024c 90000248 90000244 90000240 
core   0: 0x80000178 (0x0a0082d7) vsub.vv v5, v0, v1
core   0: 3 0x80000178 (0x0a0082d7) c8_vstart 0x00000000 e32 m1 l16 v5  0000ffff 0x00000092 00000091 0000009e 0000009d 0000009c 0000009b 0000009a 00000099 00000098 00000097 00000096 00000095 00000094 00000093 00000092 00000091 
core   0: 0x8000017c (0x965132d7) vsll.vi v5, v5, 2
core   0: 3 0x8000017c (0x965132d7) c8_vstart 0x00000000 e32 m1 l16 v5  0000ffff 0x00000248 00000244 00000278 00000274 00000270 0000026c 00000268 00000264 00000260 0000025c 00000258 00000254 00000250 0000024c 00000248 00000244 
core   0: 0x80000180 (0x024282d7) vadd.vv v5, v4, v5
core   0: 3 0x80000180 (0x024282d7) c8_vstart 0x00000000 e32 m1 l16 v5  0000ffff 0x90000248 90000244 90000278 90000274 90000270 9000026c 90000268 90000264 90000260 9000025c 90000258 90000254 90000250 9000024c 90000248 90000244 
core   0: 0x80000184 (0x0002a2fb) vlw12.v v5, v5, 0
core   0: 3 0x80000184 (0x0002a2fb) e32 m1 l16 v5  0000ffff 0x4299c3b9 42bde016 427c7ca7 425ddcbc 3e2ec960 42647a07 41132796 41e361ea 40cf9b20 4138d4c0 428767cd 42ad06ae 41b86dae 418f428c 4299c3b9 42bde016  c8_vstart 0x00000000 mem 0x90000244 mem 0x90000248 mem 0x9000024c mem 0x90000250 mem 0x90000254 mem 0x90000258 mem 0x9000025c mem 0x90000260 mem 0x90000264 mem 0x90000268 mem 0x9000026c mem 0x90000270 mem 0x90000274 mem 0x90000278 mem 0x90000244 mem 0x90000248
core   0: 0x80000188 (0x0001a1fb) vlw12.v v3, v3, 0
core   0: 3 0x80000188 (0x0001a1fb) e32 m1 l16 v3  0000ffff 0x42bde016 42bfe23e 425ddcbc 3e2ec960 42647a07 41132796 41e361ea 40cf9b20 4138d4c0 428767cd 42ad06ae 41b86dae 418f428c 4299c3b9 42bde016 42bfe23e  c8_vstart 0x00000000 mem 0x90000240 mem 0x90000244 mem 0x90000248 mem 0x9000024c mem 0x90000250 mem 0x90000254 mem 0x90000258 mem 0x9000025c mem 0x90000260 mem 0x90000264 mem 0x90000268 mem 0x9000026c mem 0x90000270 mem 0x90000274 mem 0x90000240 mem 0x90000244
core   0: 0x8000018c (0xfd812283) lw      x5, -40(x2)
core   0: 3 0x8000018c (0xfd812283) x5  0x3f800000 mem 0x7000000c
core   0: 0x80000190 (0x5e02c357) vmv.v.x v6, x5
core   0: 3 0x80000190 (0x5e02c357) c8_vstart 0x00000000 e32 m1 l16 v6  0000ffff 0x3f800000 3f800000 3f800000 3f800000 3f800000 3f800000 3f800000 3f800000 3f800000 3f800000 3f800000 3f800000 3f800000 3f800000 3f800000 3f800000 
core   0: 0x80000194 (0x925312d7) vfmul.vv v5, v5, v6
core   0: 3 0x80000194 (0x925312d7) c8_vstart 0x00000000 e32 m1 l16 v5  0000ffff 0x4299c3b9 42bde016 427c7ca7 425ddcbc 3e2ec960 42647a07 41132796 41e361ea 40cf9b20 4138d4c0 428767cd 42ad06ae 41b86dae 418f428c 4299c3b9 42bde016 
core   0: 0x80000198 (0x0200b357) vadd.vi v6, v0, 1
core   0: 3 0x80000198 (0x0200b357) c8_vstart 0x00000000 e32 m1 l16 v6  0000ffff 0x000000a3 000000a2 000000af 000000ae 000000ad 000000ac 000000ab 000000aa 000000a9 000000a8 000000a7 000000a6 000000a5 000000a4 000000a3 000000a2 
core   0: 0x8000019c (0x0a6083d7) vsub.vv v7, v6, v1
core   0: 3 0x8000019c (0x0a6083d7) c8_vstart 0x00000000 e32 m1 l16 v7  0000ffff 0x00000093 00000092 0000009f 0000009e 0000009d 0000009c 0000009b 0000009a 00000099 00000098 00000097 00000096 00000095 00000094 00000093 00000092 
core   0: 0x800001a0 (0x967133d7) vsll.vi v7, v7, 2
core   0: 3 0x800001a0 (0x967133d7) c8_vstart 0x00000000 e32 m1 l16 v7  0000ffff 0x0000024c 00000248 0000027c 00000278 00000274 00000270 0000026c 00000268 00000264 00000260 0000025c 00000258 00000254 00000250 0000024c 00000248 
core   0: 0x800001a4 (0x024383d7) vadd.vv v7, v4, v7
core   0: 3 0x800001a4 (0x024383d7) c8_vstart 0x00000000 e32 m1 l16 v7  0000ffff 0x9000024c 90000248 9000027c 90000278 90000274 90000270 9000026c 90000268 90000264 90000260 9000025c 90000258 90000254 90000250 9000024c 90000248 
core   0: 0x800001a8 (0x0003a3fb) vlw12.v v7, v7, 0
core   0: 3 0x800001a8 (0x0003a3fb) e32 m1 l16 v7  0000ffff 0x418f428c 4299c3b9 41ba68d2 427c7ca7 425ddcbc 3e2ec960 42647a07 41132796 41e361ea 40cf9b20 4138d4c0 428767cd 42ad06ae 41b86dae 418f428c 4299c3b9  c8_vstart 0x00000000 mem 0x90000248 mem 0x9000024c mem 0x90000250 mem 0x90000254 mem 0x90000258 mem 0x9000025c mem 0x90000260 mem 0x90000264 mem 0x90000268 mem 0x9000026c mem 0x90000270 mem 0x90000274 mem 0x90000278 mem 0x9000027c mem 0x90000248 mem 0x9000024c
core   0: 0x800001ac (0x96213457) vsll.vi v8, v2, 2
core   0: 3 0x800001ac (0x96213457) c8_vstart 0x00000000 e32 m1 l16 v8  0000ffff 0x00000284 00000280 000002b4 000002b0 000002ac 000002a8 000002a4 000002a0 0000029c 00000298 00000294 00000290 0000028c 00000288 00000284 00000280 
core   0: 0x800001b0 (0x02440457) vadd.vv v8, v4, v8
core   0: 3 0x800001b0 (0x02440457) c8_vstart 0x00000000 e32 m1 l16 v8  0000ffff 0x90000284 90000280 900002b4 900002b0 900002ac 900002a8 900002a4 900002a0 9000029c 90000298 90000294 90000290 9000028c 90000288 90000284 90000280 
core   0: 0x800001b4 (0x0004247b) vlw12.v v8, v8, 0
core   0: 3 0x800001b4 (0x0004247b) e32 m1 l16 v8  0000ffff 0x42a3b036 42c475a5 4249ae91 417fb918 42ad1e41 4270bbb6 4201ca32 429546e3 41bede69 41f6e729 428a6ab5 42aee7a6 42206aac 42c68930 42a3b036 42c475a5  c8_vstart 0x00000000 mem 0x90000280 mem 0x90000284 mem 0x90000288 mem 0x9000028c mem 0x90000290 mem 0x90000294 mem 0x90000298 mem 0x9000029c mem 0x900002a0 mem 0x900002a4 mem 0x900002a8 mem 0x900002ac mem 0x900002b0 mem 0x900002b4 mem 0x90000280 mem 0x90000284
core   0: 0x800001b8 (0x960134d7) vsll.vi v9, v0, 2
core   0: 3 0x800001b8 (0x960134d7) c8_vstart 0x00000000 e32 m1 l16 v9  0000ffff 0x00000288 00000284 000002b8 000002b4 000002b0 000002ac 000002a8 000002a4 000002a0 0000029c 00000298 00000294 00000290 0000028c 00000288 00000284 
core   0: 0x800001bc (0x02448557) vadd.vv v10, v4, v9
core   0: 3 0x800001bc (0x02448557) c8_vstart 0x00000000 e32 m1 l16 v10 0000ffff 0x90000288 90000284 900002b8 900002b4 900002b0 900002ac 900002a8 900002a4 900002a0 9000029c 90000298 90000294 90000290 9000028c 90000288 90000284 
core   0: 0x800001c0 (0x0005257b) vlw12.v v10, v10, 0
core   0: 3 0x800001c0 (0x0005257b) e32 m1 l16 v10 0000ffff 0x42c68930 42a3b036 42616ffd 4249ae91 417fb918 42ad1e41 4270bbb6 4201ca32 429546e3 41bede69 41f6e729 428a6ab5 42aee7a6 42206aac 42c68930 42a3b036  c8_vstart 0x00000000 mem 0x90000284 mem 0x90000288 mem 0x9000028c mem 0x90000290 mem 0x90000294 mem 0x90000298 mem 0x9000029c mem 0x900002a0 mem 0x900002a4 mem 0x900002a8 mem 0x900002ac mem 0x900002b0 mem 0x900002b4 mem 0x900002b8 mem 0x90000284 mem 0x90000288
core   0: 0x800001c4 (0x966135d7) vsll.vi v11, v6, 2
core   0: 3 0x800001c4 (0x966135d7) c8_vstart 0x00000000 e32 m1 l16 v11 0000ffff 0x0000028c 00000288 000002bc 000002b8 000002b4 000002b0 000002ac 000002a8 000002a4 000002a0 0000029c 00000298 00000294 00000290 0000028c 00000288 
core   0: 0x800001c8 (0x024585d7) vadd.vv v11, v4, v11
core   0: 3 0x800001c8 (0x024585d7) c8_vstart 0x00000000 e32 m1 l16 v11 0000ffff 0x9000028c 90000288 900002bc 900002b8 900002b4 900002b0 900002ac 900002a8 900002a4 900002a0 9000029c 90000298 90000294 90000290 9000028c 90000288 
core   0: 0x800001cc (0x0005a5fb) vlw12.v v11, v11, 0
core   0: 3 0x800001cc (0x0005a5fb) e32 m1 l16 v11 0000ffff 0x42206aac 42c68930 413ecb04 42616ffd 4249ae91 417fb918 42ad1e41 4270bbb6 4201ca32 429546e3 41bede69 41f6e729 428a6ab5 42aee7a6 42206aac 42c68930  c8_vstart 0x00000000 mem 0x90000288 mem 0x9000028c mem 0x90000290 mem 0x90000294 mem 0x90000298 mem 0x9000029c mem 0x900002a0 mem 0x900002a4 mem 0x900002a8 mem 0x900002ac mem 0x900002b0 mem 0x900002b4 mem 0x900002b8 mem 0x900002bc mem 0x90000288 mem 0x9000028c
core   0: 0x800001d0 (0x02208157) vadd.vv v2, v2, v1
core   0: 3 0x800001d0 (0x02208157) c8_vstart 0x00000000 e32 m1 l16 v2  0000ffff 0x000000b1 000000b0 000000bd 000000bc 000000bb 000000ba 000000b9 000000b8 000000b7 000000b6 000000b5 000000b4 000000b3 000000b2 000000b1 000000b0 
core   0: 0x800001d4 (0x96213157) vsll.vi v2, v2, 2
core   0: 3 0x800001d4 (0x96213157) c8_vstart 0x00000000 e32 m1 l16 v2  0000ffff 0x000002c4 000002c0 000002f4 000002f0 000002ec 000002e8 000002e4 000002e0 000002dc 000002d8 000002d4 000002d0 000002cc 000002c8 000002c4 000002c0 
core   0: 0x800001d8 (0x02410157) vadd.vv v2, v4, v2
core   0: 3 0x800001d8 (0x02410157) c8_vstart 0x00000000 e32 m1 l16 v2  0000ffff 0x900002c4 900002c0 900002f4 900002f0 900002ec 900002e8 900002e4 900002e0 900002dc 900002d8 900002d4 900002d0 900002cc 900002c8 900002c4 900002c0 
core   0: 0x800001dc (0x0001217b) vlw12.v v2, v2, 0
core   0: 3 0x800001dc (0x0001217b) e32 m1 l16 v2  0000ffff 0x4204f76f 42356ebd 4239eede 42328166 41d106c0 42a6b91b 42b25254 41cfa92d 41d1f05e 429fed62 42c311d0 419e0996 4288d2ca 41eea80d 4204f76f 42356ebd  c8_vstart 0x00000000 mem 0x900002c0 mem 0x900002c4 mem 0x900002c8 mem 0x900002cc mem 0x900002d0 mem 0x900002d4 mem 0x900002d8 mem 0x900002dc mem 0x900002e0 mem 0x900002e4 mem 0x900002e8 mem 0x900002ec mem 0x900002f0 mem 0x900002f4 mem 0x900002c0 mem 0x900002c4
core   0: 0x800001e0 (0x02008057) vadd.vv v0, v0, v1
core   0: 3 0x800001e0 (0x02008057) c8_vstart 0x00000000 e32 m1 l16 v0  0000ffff 0x000000b2 000000b1 000000be 000000bd 000000bc 000000bb 000000ba 000000b9 000000b8 000000b7 000000b6 000000b5 000000b4 000000b3 000000b2 000000b1 
core   0: 0x800001e4 (0x96013057) vsll.vi v0, v0, 2
core   0: 3 0x800001e4 (0x96013057) c8_vstart 0x00000000 e32 m1 l16 v0  0000ffff 0x000002c8 000002c4 000002f8 000002f4 000002f0 000002ec 000002e8 000002e4 000002e0 000002dc 000002d8 000002d4 000002d0 000002cc 000002c8 000002c4 
core   0: 0x800001e8 (0x02400057) vadd.vv v0, v4, v0
core   0: 3 0x800001e8 (0x02400057) c8_vstart 0x00000000 e32 m1 l16 v0  0000ffff 0x900002c8 900002c4 900002f8 900002f4 900002f0 900002ec 900002e8 900002e4 900002e0 900002dc 900002d8 900002d4 900002d0 900002cc 900002c8 900002c4 
core   0: 0x800001ec (0x0000207b) vlw12.v v0, v0, 0
core   0: 3 0x800001ec (0x0000207b) e32 m1 l16 v0  0000ffff 0x41eea80d 4204f76f 4245b7c9 4239eede 42328166 41d106c0 42a6b91b 42b25254 41cfa92d 41d1f05e 429fed62 42c311d0 419e0996 4288d2ca 41eea80d 4204f76f  c8_vstart 0x00000000 mem 0x900002c4 mem 0x900002c8 mem 0x900002cc mem 0x900002d0 mem 0x900002d4 mem 0x900002d8 mem 0x900002dc mem 0x900002e0 mem 0x900002e4 mem 0x900002e8 mem 0x900002ec mem 0x900002f0 mem 0x900002f4 mem 0x900002f8 mem 0x900002c4 mem 0x900002c8
core   0: 0x800001f0 (0x026080d7) vadd.vv v1, v6, v1
core   0: 3 0x800001f0 (0x026080d7) c8_vstart 0x00000000 e32 m1 l16 v1  0000ffff 0x000000b3 000000b2 000000bf 000000be 000000bd 000000bc 000000bb 000000ba 000000b9 000000b8 000000b7 000000b6 000000b5 000000b4 000000b3 000000b2 
core   0: 0x800001f4 (0x961130d7) vsll.vi v1, v1, 2
core   0: 3 0x800001f4 (0x961130d7) c8_vstart 0x00000000 e32 m1 l16 v1  0000ffff 0x000002cc 000002c8 000002fc 000002f8 000002f4 000002f0 000002ec 000002e8 000002e4 000002e0 000002dc 000002d8 000002d4 000002d0 000002cc 000002c8 
core   0: 0x800001f8 (0x024080d7) vadd.vv v1, v4, v1
core   0: 3 0x800001f8 (0x024080d7) c8_vstart 0x00000000 e32 m1 l16 v1  0000ffff 0x900002cc 900002c8 900002fc 900002f8 900002f4 900002f0 900002ec 900002e8 900002e4 900002e0 900002dc 900002d8 900002d4 900002d0 900002cc 900002c8 
core   0: 0x800001fc (0x0000a0fb) vlw12.v v1, v1, 0
core   0: 3 0x800001fc (0x0000a0fb) e32 m1 l16 v1  0000ffff 0x4288d2ca 41eea80d 422b6cb0 4245b7c9 4239eede 42328166 41d106c0 42a6b91b 42b25254 41cfa92d 41d1f05e 429fed62 42c311d0 419e0996 4288d2ca 41eea80d  c8_vstart 0x00000000 mem 0x900002c8 mem 0x900002cc mem 0x900002d0 mem 0x900002d4 mem 0x900002d8 mem 0x900002dc mem 0x900002e0 mem 0x900002e4 mem 0x900002e8 mem 0x900002ec mem 0x900002f0 mem 0x900002f4 mem 0x900002f8 mem 0x900002fc mem 0x900002c8 mem 0x900002cc
core   0: 0x80000200 (0xfdc12283) lw      x5, -36(x2)
core   0: 3 0x80000200 (0xfdc12283) x5  0x3f800000 mem 0x70000010
core   0: 0x80000204 (0x5e02c257) vmv.v.x v4, x5
core   0: 3 0x80000204 (0x5e02c257) c8_vstart 0x00000000 e32 m1 l16 v4  0000ffff 0x3f800000 3f800000 3f800000 3f800000 3f800000 3f800000 3f800000 3f800000 3f800000 3f800000 3f800000 3f800000 3f800000 3f800000 3f800000 3f800000 
core   0: 0x80000208 (0xa25211d7) vfmadd.vv v3, v5, v4
core   0: 3 0x80000208 (0xa25211d7) c8_vstart 0x00000000 c1_fflags 0x00000001 e32 m1 l16 v3  0000ffff 0x432bd1e8 433ee12a 42ed2cb2 425e8b85 426528d0 4284a1f6 42167ada 420ba459 41905128 429e8265 431a373e 42db221a 4223d81d 42bd945c 432bd1e8 433ee12a 
core   0: 0x8000020c (0xfe012283) lw      x5, -32(x2)
core   0: 3 0x8000020c (0xfe012283) x5  0x3f800000 mem 0x70000014
core   0: 0x80000210 (0x5e02c257) vmv.v.x v4, x5
core   0: 3 0x80000210 (0x5e02c257) c8_vstart 0x00000000 e32 m1 l16 v4  0000ffff 0x3f800000 3f800000 3f800000 3f800000 3f800000 3f800000 3f800000 3f800000 3f800000 3f800000 3f800000 3f800000 3f800000 3f800000 3f800000 3f800000 
core   0: 0x80000214 (0xa23213d7) vfmadd.vv v7, v3, v4
core   0: 3 0x80000214 (0xa23213d7) c8_vstart 0x00000000 c1_fflags 0x00000001 e32 m1 l16 v7  0000ffff 0x433dba3a 4385e183 430de373 42ed8416 42e182c6 4284f95b 42bd7a70 42306e3e 4239d989 42ab7c17 4325c48a 433144f4 42fef2bc 42ebafc8 433dba3a 4385e183 
core   0: 0x80000218 (0xfe412283) lw      x5, -28(x2)
core   0: 3 0x80000218 (0xfe412283) x5  0x3f800000 mem 0x70000018
core   0: 0x8000021c (0x5e02c1d7) vmv.v.x v3, x5
core   0: 3 0x8000021c (0x5e02c1d7) c8_vstart 0x00000000 e32 m1 l16 v3  0000ffff 0x3f800000 3f800000 3f800000 3f800000 3f800000 3f800000 3f800000 3f800000 3f800000 3f800000 3f800000 3f800000 3f800000 3f800000 3f800000 3f800000 
core   0: 0x80000220 (0xa2719457) vfmadd.vv v8, v7, v3
core   0: 3 0x80000220 (0xa2719457) c8_vstart 0x00000000 c1_fflags 0x00000001 e32 m1 l16 v8  0000ffff 0x4387c92a 43b6feec 43404f17 4306bd9c 43475084 42fd5736 42fe5f89 42ed7e02 428ca45f 42e935e1 436af9e4 43845c64 43279409 43591c7c 4387c92a 43b6feec 
core   0: 0x80000224 (0xfe812283) lw      x5, -24(x2)
core   0: 3 0x80000224 (0xfe812283) x5  0x3f800000 mem 0x7000001c
core   0: 0x80000228 (0x5e02c1d7) vmv.v.x v3, x5
core   0: 3 0x80000228 (0x5e02c1d7) c8_vstart 0x00000000 e32 m1 l16 v3  0000ffff 0x3f800000 3f800000 3f800000 3f800000 3f800000 3f800000 3f800000 3f800000 3f800000 3f800000 3f800000 3f800000 3f800000 3f800000 3f800000 3f800000 
core   0: 0x8000022c (0xa2819557) vfmadd.vv v10, v8, v3
core   0: 3 0x8000022c (0xa2819557) c8_vstart 0x00000000 c1_fflags 0x00000001 e32 m1 l16 v10 0000ffff 0x43b96b76 43dfeafa 4378ab16 43392940 43574c16 43553abc 433b5eb2 4317318e 4310f5a1 430c76be 4384eb65 43a6f711 437f07dc 43809b94 43b96b76 43dfeafa 
core   0: 0x80000230 (0xfec12283) lw      x5, -20(x2)
core   0: 3 0x80000230 (0xfec12283) x5  0x3f800000 mem 0x70000020
core   0: 0x80000234 (0x5e02c1d7) vmv.v.x v3, x5
core   0: 3 0x80000234 (0x5e02c1d7) c8_vstart 0x00000000 e32 m1 l16 v3  0000ffff 0x3f800000 3f800000 3f800000 3f800000 3f800000 3f800000 3f800000 3f800000 3f800000 3f800000 3f800000 3f800000 3f800000 3f800000 3f800000 3f800000 
core   0: 0x80000238 (0xa2a195d7) vfmadd.vv v11, v10, v3
core   0: 3 0x80000238 (0xa2a195d7) c8_vstart 0x00000000 c1_fflags 0x00000001 e32 m1 l16 v11 0000ffff 0x43cd78cc 4408c6a3 43824be3 4371853f 4384dbdd 4365364e 4388f6e9 4353607c 4331682e 43571a30 4390d94c 43b66584 43a21e9b 43ac557e 43cd78cc 4408c6a3 
core   0: 0x8000023c (0xff012283) lw      x5, -16(x2)
core   0: 3 0x8000023c (0xff012283) x5  0x3f800000 mem 0x70000024
core   0: 0x80000240 (0x5e02c1d7) vmv.v.x v3, x5
core   0: 3 0x80000240 (0x5e02c1d7) c8_vstart 0x00000000 e32 m1 l16 v3  0000ffff 0x3f800000 3f800000 3f800000 3f800000 3f800000 3f800000 3f800000 3f800000 3f800000 3f800000 3f800000 3f800000 3f800000 3f800000 3f800000 3f800000 
core   0: 0x80000244 (0xa2b19157) vfmadd.vv v2, v11, v3
core   0: 3 0x80000244 (0xa2b19157) c8_vstart 0x00000000 c1_fflags 0x00000001 e32 m1 l16 v2  0000ffff 0x43de17ba 44141d8f 439989bf 438f12cc 4391ec49 439c496e 43b58b7e 436d55a2 434ba63a 43938870 43c19dc0 43c0461d 43c4534e 43bb3fff 43de17ba 44141d8f 
core   0: 0x80000248 (0xff412283) lw      x5, -12(x2)
core   0: 3 0x80000248 (0xff412283) x5  0x3f800000 mem 0x70000028
core   0: 0x8000024c (0x5e02c1d7) vmv.v.x v3, x5
core   0: 3 0x8000024c (0x5e02c1d7) c8_vstart 0x00000000 e32 m1 l16 v3  0000ffff 0x3f800000 3f800000 3f800000 3f800000 3f800000 3f800000 3f800000 3f800000 3f800000 3f800000 3f800000 3f800000 3f800000 3f800000 3f800000 3f800000 
core   0: 0x80000250 (0xa2219057) vfmadd.vv v0, v2, v3
core   0: 3 0x80000250 (0xa2219057) c8_vstart 0x00000000 c1_fflags 0x00000001 e32 m1 l16 v0  0000ffff 0x43ed023b 441c6d06 43b240b8 43a650a8 43a83c76 43a959da 43df39c5 43a33f66 43659b60 43a0a776 43e99918 43f10a91 43ce33e7 43dd74b2 43ed023b 441c6d06 
core   0: 0x80000254 (0xff812283) lw      x5, -8(x2)
core   0: 3 0x80000254 (0xff812283) x5  0x3f800000 mem 0x7000002c
core   0: 0x80000258 (0x5e02c157) vmv.v.x v2, x5
core   0: 3 0x80000258 (0x5e02c157) c8_vstart 0x00000000 e32 m1 l16 v2  0000ffff 0x3f800000 3f800000 3f800000 3f800000 3f800000 3f800000 3f800000 3f800000 3f800000 3f800000 3f800000 3f800000 3f800000 3f800000 3f800000 3f800000 
core   0: 0x8000025c (0xa20110d7) vfmadd.vv v1, v0, v2
core   0: 3 0x8000025c (0xa20110d7) c8_vstart 0x00000000 c1_fflags 0x00000001 e32 m1 l16 v1  0000ffff 0x44079b77 4423e246 43c7ae4e 43bf07a1 43bf7a52 43bfaa07 43ec4a31 43ccedad 439f6245 43ada209 43f6b81e 440c82f5 43fef85b 43e7554b 44079b77 4423e246 
core   0: 0x80000260 (0xffc12283) lw      x5, -4(x2)
core   0: 3 0x80000260 (0xffc12283) x5  0x90001000 mem 0x70000030
core   0: 0x80000264 (0x0292c057) vadd.vx v0, v9, x5
core   0: 3 0x80000264 (0x0292c057) c8_vstart 0x00000000 e32 m1 l16 v0  0000ffff 0x90001288 90001284 900012b8 900012b4 900012b0 900012ac 900012a8 900012a4 900012a0 9000129c 90001298 90001294 90001290 9000128c 90001288 90001284 
core   0: 0x80000268 (0x0010607b) vsw12.v v1, v0, 0
core   0: 3 0x80000268 (0x0010607b) c8_vstart 0x00000000 e32 m1 l16 mem 0x90001284 0x4423e246 mem 0x90001288 0x44079b77 mem 0x9000128c 0x43e7554b mem 0x90001290 0x43fef85b mem 0x90001294 0x440c82f5 mem 0x90001298 0x43f6b81e mem 0x9000129c 0x43ada209 mem 0x900012a0 0x439f6245 mem 0x900012a4 0x43ccedad mem 0x900012a8 0x43ec4a31 mem 0x900012ac 0x43bfaa07 mem 0x900012b0 0x43bf7a52 mem 0x900012b4 0x43bf07a1 mem 0x900012b8 0x43c7ae4e mem 0x90001284 0x4423e246 mem 0x90001288 0x44079b77
core   0: 0x8000026c (0xfcc12083) lw      x1, -52(x2)
core   0: 3 0x8000026c (0xfcc12083) x1  0x800000a0 mem 0x70000000
core   0: 0x80000270 (0x0090200b) regext  x0, x0,  0 0 1 1 
core   0: 3 0x80000270 (0x0090200b)
core   0: 0x80000274 (0x7fc020ab) vlw.v   v1, x0, -4
core   0: 3 0x80000274 (0x7fc020ab) e32 m1 l16 v33 0000ffff 0x00000000 00000000 00000000 00000000 00000000 00000000 00000000 00000000 00000000 00000000 00000000 00000000 00000000 00000000 00000000 00000000  c8_vstart 0x00000000 mem 0x90003000 mem 0x90003004 mem 0x90003008 mem 0x9000300c mem 0x90003010 mem 0x90003014 mem 0x90003018 mem 0x9000301c mem 0x90003020 mem 0x90003024 mem 0x90003028 mem 0x9000302c mem 0x90003030 mem 0x90003034 mem 0x90003038 mem 0x9000303c
core   0: 0x80000278 (0xfcc10113) addi    x2, x2, -52
core   0: 3 0x80000278 (0xfcc10113) x2  0x70000000
core   0: 0x8000027c (0xffc20213) addi    x4, x4, -4
core   0: 3 0x8000027c (0xffc20213) x4  0x00000000
core   0: 0x80000280 (0x0010200b) regext  x0, x0,  0 0 0 1 
core   0: 3 0x80000280 (0x0010200b)
core   0: 0x80000284 (0x5e024057) vmv.v.x v0, x4
core   0: 3 0x80000284 (0x5e024057) c8_vstart 0x00000000 e32 m1 l16 v32 0000ffff 0x00000000 00000000 00000000 00000000 00000000 00000000 00000000 00000000 00000000 00000000 00000000 00000000 00000000 00000000 00000000 00000000 
core   0: 0x80000288 (0x00008067) ret
core   0: 3 0x80000288 (0x00008067)
core   0: 0x800000a0 (0x0000400b) endprg  x0, x0, x0
core   0: 3 0x800000a0 (0x0000400b)
core   0: 0x800000a4 (0x0040006f) j       pc + 0x4
core   0: 3 0x800000a4 (0x0040006f)
core   0: 0x800000a8 (0x00100313) li      x6, 1
core   0: 3 0x800000a8 (0x00100313) x6  0x00000001
core   0: 0x800000ac (0x00001297) auipc   x5, 0x1
core   0: 3 0x800000ac (0x00001297) x5  0x800010ac
core   0: 0x800000b0 (0xf5428293) addi    x5, x5, -172
core   0: 3 0x800000b0 (0xf5428293) x5  0x80001000
core   0: 0x800000b4 (0x0062a023) sw      x6, 0(x5)
core   0: 3 0x800000b4 (0x0062a023) mem 0x80001000 0x00000001
core   0: 0x00001000 (0x00000297) auipc   x5, 0x0
core   0: 3 0x00001000 (0x00000297) x5  0x00001000
core   0: 0x00001004 (0x02028593) addi    x11, x5, 32
core   0: 3 0x00001004 (0x02028593) x11 0x00001020
core   0: 0x00001008 (0xf1402573) csrr    x10, mhartid
core   0: 3 0x00001008 (0xf1402573) x10 0x00000000
core   0: 0x0000100c (0x0182a283) lw      x5, 24(x5)
core   0: 3 0x0000100c (0x0182a283) x5  0x80000000 mem 0x00001018
core   0: 0x00001010 (0x00028067) jr      x5
core   0: 3 0x00001010 (0x00028067)
core   0: 0x80000000 (0x00004197) auipc   x3, 0x4
core   0: 3 0x80000000 (0x00004197) x3  0x80004000
core   0: 0x80000004 (0x80818193) addi    x3, x3, -2040
core   0: 3 0x80000004 (0x80818193) x3  0x80003808
core   0: 0x80000008 (0x02000e93) li      x29, 32
core   0: 3 0x80000008 (0x02000e93) x29 0x00000020
core   0: 0x8000000c (0x0d0efed7) vsetvli x29, x29, e32, m1, ta, ma
core   0: 3 0x8000000c (0x0d0efed7) x29 0x00000010 c8_vstart 0x00000000 c3104_vl 0x00000010 c3105_vtype 0x000000d0 c768_mstatus 0x80000600
core   0: 0x80000010 (0x00002eb7) lui     x29, 0x2
core   0: 3 0x80000010 (0x00002eb7) x29 0x00002000
core   0: 0x80000014 (0x300eaef3) csrrs   x29, mstatus, x29
core   0: 3 0x80000014 (0x300eaef3) x29 0x80000600 c768_mstatus 0x80006600
core   0: 0x80000018 (0x00000e93) li      x29, 0
core   0: 3 0x80000018 (0x00000e93) x29 0x00000000
core   0: 0x8000001c (0x80502373) csrr    x6, wid
core   0: 3 0x8000001c (0x80502373) x6  0x00000000
core   0: 0x80000020 (0x806023f3) csrr    x7, lds
core   0: 3 0x80000020 (0x806023f3) x7  0x70000000
core   0: 0x80000024 (0x40000e13) li      x28, 1024
core   0: 3 0x80000024 (0x40000e13) x28 0x00000400
core   0: 0x80000028 (0x03c30333) mul     x6, x6, x28
core   0: 3 0x80000028 (0x03c30333) x6  0x00000000
core   0: 0x8000002c (0x00730133) add     x2, x6, x7
core   0: 3 0x8000002c (0x00730133) x2  0x70000000
core   0: 0x80000030 (0x00000213) li      x4, 0
core   0: 3 0x80000030 (0x00000213) x4  0x00000000
core   0: 0x80000034 (0x80102f73) csrr    x30, numw
core   0: 3 0x80000034 (0x80102f73) x30 0x00000001
core   0: 0x80000038 (0x40000e13) li      x28, 1024
core   0: 3 0x80000038 (0x40000e13) x28 0x00000400
core   0: 0x8000003c (0x03cf0f33) mul     x30, x30, x28
core   0: 3 0x8000003c (0x03cf0f33) x30 0x00000400
core   0: 0x80000040 (0x01e38433) add     x8, x7, x30
core   0: 3 0x80000040 (0x01e38433) x8  0x70000400
core   0: 0x80000044 (0x00003517) auipc   x10, 0x3
core   0: 3 0x80000044 (0x00003517) x10 0x80003044
core   0: 0x80000048 (0xfc450513) addi    x10, x10, -60
core   0: 3 0x80000048 (0xfc450513) x10 0x80003008
core   0: 0x8000004c (0x00003617) auipc   x12, 0x3
core   0: 3 0x8000004c (0x00003617) x12 0x8000304c
core   0: 0x80000050 (0xfbc60613) addi    x12, x12, -68
core   0: 3 0x80000050 (0xfbc60613) x12 0x80003008
core   0: 0x80000054 (0x00c50863) beq     x10, x12, pc + 16
core   0: 3 0x80000054 (0x00c50863)
core   0: 0x80000064 (0x803022f3) csrr    x5, knl
core   0: 3 0x80000064 (0x803022f3) x5  0x900e3000
core   0: 0x80000068 (0x0002a303) lw      x6, 0(x5)
core   0: 3 0x80000068 (0x0002a303) x6  0x800000b8 mem 0x900e3000
core   0: 0x8000006c (0x0042a503) lw      x10, 4(x5)
core   0: 3 0x8000006c (0x0042a503) x10 0x90002000 mem 0x900e3004
core   0: 0x80000070 (0x0302a383) lw      x7, 48(x5)
core   0: 3 0x80000070 (0x0302a383) x7  0x00000000 mem 0x900e3030
core   0: 0x80000074 (0x0342ae03) lw      x28, 52(x5)
core   0: 3 0x80000074 (0x0342ae03) x28 0x00000000 mem 0x900e3034
core   0: 0x80000078 (0x00003e97) auipc   x29, 0x3
core   0: 3 0x80000078 (0x00003e97) x29 0x80003078
core   0: 0x8000007c (0xf88e8e93) addi    x29, x29, -120
core   0: 3 0x8000007c (0xf88e8e93) x29 0x80003000
core   0: 0x80000080 (0x00003f17) auipc   x30, 0x3
core   0: 3 0x80000080 (0x00003f17) x30 0x80003080
core   0: 0x80000084 (0xf84f0f13) addi    x30, x30, -124
core   0: 3 0x80000084 (0xf84f0f13) x30 0x80003004
core   0: 0x80000088 (0x007ea023) sw      x7, 0(x29)
core   0: 3 0x80000088 (0x007ea023) mem 0x80003000 0x00000000
core   0: 0x8000008c (0x01cf2023) sw      x28, 0(x30)
core   0: 3 0x8000008c (0x01cf2023) mem 0x80003004 0x00000000
core   0: 0x80000090 (0x00000f97) auipc   x31, 0x0
core   0: 3 0x80000090 (0x00000f97) x31 0x80000090
core   0: 0x80000094 (0x018f8f93) addi    x31, x31, 24
core   0: 3 0x80000094 (0x018f8f93) x31 0x800000a8
core   0: 0x80000098 (0x305f9073) csrw    mtvec, x31
core   0: 3 0x80000098 (0x305f9073) c773_mtvec 0x800000a8
core   0: 0x8000009c (0x000300e7) jalr    x6
core   0: 3 0x8000009c (0x000300e7) x1  0x800000a0
core   0: 0x800000b8 (0x03410113) addi    x2, x2, 52
core   0: 3 0x800000b8 (0x03410113) x2  0x70000034
core   0: 0x800000bc (0x00420213) addi    x4, x4, 4
core   0: 3 0x800000bc (0x00420213) x4  0x00000004
core   0: 0x800000c0 (0x0010200b) regext  x0, x0,  0 0 0 1 
core   0: 3 0x800000c0 (0x0010200b)
core   0: 0x800000c4 (0x5e024057) vmv.v.x v0, x4
core   0: 3 0x800000c4 (0x5e024057) c8_vstart 0x00000000 e32 m1 l16 v32 0000ffff 0x00000004 00000004 00000004 00000004 00000004 00000004 00000004 00000004 00000004 00000004 00000004 00000004 00000004 00000004 00000004 00000004 
core   0: 0x800000c8 (0xfc112623) sw      x1, -52(x2)
core   0: 3 0x800000c8 (0xfc112623) mem 0x70000000 0x800000a0
core   0: 0x800000cc (0x0480200b) regext  x0, x0,  0 1 1 0 
core   0: 3 0x800000cc (0x0480200b)
core   0: 0x800000d0 (0xfe102e2b) vsw.v   v1, x0, -4
core   0: 3 0x800000d0 (0xfe102e2b) c8_vstart 0x00000000 mem 0x90003000 0x00000000 mem 0x90003004 0x00000000 mem 0x90003008 0x00000000 mem 0x9000300c 0x00000000 mem 0x90003010 0x00000000 mem 0x90003014 0x00000000 mem 0x90003018 0x00000000 mem 0x9000301c 0x00000000 mem 0x90003020 0x00000000 mem 0x90003024 0x00000000 mem 0x90003028 0x00000000 mem 0x9000302c 0x00000000 mem 0x90003030 0x00000000 mem 0x90003034 0x00000000 mem 0x90003038 0x00000000 mem 0x9000303c 0x00000000
core   0: 0x800000d4 (0x00452283) lw      x5, 4(x10)
core   0: 3 0x800000d4 (0x00452283) x5  0x90001000 mem 0x90002004
core   0: 0x800000d8 (0xfe512e23) sw      x5, -4(x2)
core   0: 3 0x800000d8 (0xfe512e23) mem 0x70000030 0x90001000
core   0: 0x800000dc (0x03052283) lw      x5, 48(x10)
core   0: 3 0x800000dc (0x03052283) x5  0x3f800000 mem 0x90002030
core   0: 0x800000e0 (0xfe512c23) sw      x5, -8(x2)
core   0: 3 0x800000e0 (0xfe512c23) mem 0x7000002c 0x3f800000
core   0: 0x800000e4 (0x02c52283) lw      x5, 44(x10)
core   0: 3 0x800000e4 (0x02c52283) x5  0x3f800000 mem 0x9000202c
core   0: 0x800000e8 (0xfe512a23) sw      x5, -12(x2)
core   0: 3 0x800000e8 (0xfe512a23) mem 0x70000028 0x3f800000
core   0: 0x800000ec (0x02852283) lw      x5, 40(x10)
core   0: 3 0x800000ec (0x02852283) x5  0x3f800000 mem 0x90002028
core   0: 0x800000f0 (0xfe512823) sw      x5, -16(x2)
core   0: 3 0x800000f0 (0xfe512823) mem 0x70000024 0x3f800000
core   0: 0x800000f4 (0x02452283) lw      x5, 36(x10)
core   0: 3 0x800000f4 (0x02452283) x5  0x3f800000 mem 0x90002024
core   0: 0x800000f8 (0xfe512623) sw      x5, -20(x2)
core   0: 3 0x800000f8 (0xfe512623) mem 0x70000020 0x3f800000
core   0: 0x800000fc (0x02052283) lw      x5, 32(x10)
core   0: 3 0x800000fc (0x02052283) x5  0x3f800000 mem 0x90002020
core   0: 0x80000100 (0xfe512423) sw      x5, -24(x2)
core   0: 3 0x80000100 (0xfe512423) mem 0x7000001c 0x3f800000
core   0: 0x80000104 (0x01c52283) lw      x5, 28(x10)
core   0: 3 0x80000104 (0x01c52283) x5  0x3f800000 mem 0x9000201c
core   0: 0x80000108 (0xfe512223) sw      x5, -28(x2)
core   0: 3 0x80000108 (0xfe512223) mem 0x70000018 0x3f800000
core   0: 0x8000010c (0x01852283) lw      x5, 24(x10)
core   0: 3 0x8000010c (0x01852283) x5  0x3f800000 mem 0x90002018
core   0: 0x80000110 (0xfe512023) sw      x5, -32(x2)
core   0: 3 0x80000110 (0xfe512023) mem 0x70000014 0x3f800000
core   0: 0x80000114 (0x01052283) lw      x5, 16(x10)
core   0: 3 0x80000114 (0x01052283) x5  0x3f800000 mem 0x90002010
core   0: 0x80000118 (0xfc512e23) sw      x5, -36(x2)
core   0: 3 0x80000118 (0xfc512e23) mem 0x70000010 0x3f800000
core   0: 0x8000011c (0x01452283) lw      x5, 20(x10)
core   0: 3 0x8000011c (0x01452283) x5  0x3f800000 mem 0x90002014
core   0: 0x80000120 (0xfc512c23) sw      x5, -40(x2)
core   0: 3 0x80000120 (0xfc512c23) mem 0x7000000c 0x3f800000
core   0: 0x80000124 (0x00052283) lw      x5, 0(x10)
core   0: 3 0x80000124 (0x00052283) x5  0x90000000 mem 0x90002000
core   0: 0x80000128 (0xfc512a23) sw      x5, -44(x2)
core   0: 3 0x80000128 (0xfc512a23) mem 0x70000008 0x90000000
core   0: 0x8000012c (0x00852283) lw      x5, 8(x10)
core   0: 3 0x8000012c (0x00852283) x5  0x00000010 mem 0x90002008
core   0: 0x80000130 (0xfc512823) sw      x5, -48(x2)
core   0: 3 0x80000130 (0xfc512823) mem 0x70000004 0x00000010
core   0: 0x80000134 (0x5e004057) vmv.v.x v0, x0
core   0: 3 0x80000134 (0x5e004057) c8_vstart 0x00000000 e32 m1 l16 v0  0000ffff 0x00000000 00000000 00000000 00000000 00000000 00000000 00000000 00000000 00000000 00000000 00000000 00000000 00000000 00000000 00000000 00000000 
core   0: 0x80000138 (0x154000ef) jal     pc + 0x154
core   0: 3 0x80000138 (0x154000ef) x1  0x8000013c
core   0: 0x8000028c (0x00410113) addi    x2, x2, 4
core   0: 3 0x8000028c (0x00410113) x2  0x70000038
core   0: 0x80000290 (0xfe112e23) sw      x1, -4(x2)
core   0: 3 0x80000290 (0xfe112e23) mem 0x70000034 0x8000013c
core   0: 0x80000294 (0x00200293) li      x5, 2
core   0: 3 0x80000294 (0x00200293) x5  0x00000002
core   0: 0x80000298 (0x5e02c0d7) vmv.v.x v1, x5
core   0: 3 0x80000298 (0x5e02c0d7) c8_vstart 0x00000000 e32 m1 l16 v1  0000ffff 0x00000002 00000002 00000002 00000002 00000002 00000002 00000002 00000002 00000002 00000002 00000002 00000002 00000002 00000002 00000002 00000002 
core   0: 0x8000029c (0x00000317) auipc   x6, 0x0
core   0: 3 0x8000029c (0x00000317) x6  0x8000029c
core   0: 0x800002a0 (0x04c3305b) setrpc  x0, x6, 76
core   0: 3 0x800002a0 (0x04c3305b) c2060_rpc 0x800002e8 current mask:	0000ffff current npc:	00000000 stack size: 0
core   0: 0x800002a4 (0x0200885b) vbeq    v0, v1, pc + 48
core   0: 3 0x800002a4 (0x0200885b) c8_vstart 0x00000000 e32 m1 l16 current mask:	0000ffff current npc:	800002a8 stack size: 0
core   0: 0x800002a8 (0x00100293) li      x5, 1
core   0: 3 0x800002a8 (0x00100293) x5  0x00000001
core   0: 0x800002ac (0x5e02c0d7) vmv.v.x v1, x5
core   0: 3 0x800002ac (0x5e02c0d7) c8_vstart 0x00000000 e32 m1 l16 v1  0000ffff 0x00000001 00000001 00000001 00000001 00000001 00000001 00000001 00000001 00000001 00000001 00000001 00000001 00000001 00000001 00000001 00000001 
core   0: 0x800002b0 (0x00000317) auipc   x6, 0x0
core   0: 3 0x800002b0 (0x00000317) x6  0x800002b0
core   0: 0x800002b4 (0x0383305b) setrpc  x0, x6, 56
core   0: 3 0x800002b4 (0x0383305b) c2060_rpc 0x800002e8 current mask:	0000ffff current npc:	800002a8 stack size: 0
core   0: 0x800002b8 (0x0200825b) vbeq    v0, v1, pc + 36
core   0: 3 0x800002b8 (0x0200825b) c8_vstart 0x00000000 e32 m1 l16 current mask:	0000ffff current npc:	800002bc stack size: 0
core   0: 0x800002bc (0x5e0040d7) vmv.v.x v1, x0
core   0: 3 0x800002bc (0x5e0040d7) c8_vstart 0x00000000 e32 m1 l16 v1  0000ffff 0x00000000 00000000 00000000 00000000 00000000 00000000 00000000 00000000 00000000 00000000 00000000 00000000 00000000 00000000 00000000 00000000 
core   0: 0x800002c0 (0x00000317) auipc   x6, 0x0
core   0: 3 0x800002c0 (0x00000317) x6  0x800002c0
core   0: 0x800002c4 (0x0283305b) setrpc  x0, x6, 40
core   0: 3 0x800002c4 (0x0283305b) c2060_rpc 0x800002e8 current mask:	0000ffff current npc:	800002bc stack size: 0
core   0: 0x800002c8 (0x00009e5b) vbne    v0, v1, pc + 28
core   0: 3 0x800002c8 (0x00009e5b) c8_vstart 0x00000000 e32 m1 l16 current mask:	0000ffff current npc:	800002cc stack size: 0
core   0: 0x800002cc (0x1a0000ef) jal     pc + 0x1a0
core   0: 3 0x800002cc (0x1a0000ef) x1  0x800002d0
core   0: 0x8000046c (0x00410113) addi    x2, x2, 4
core   0: 3 0x8000046c (0x00410113) x2  0x7000003c
core   0: 0x80000470 (0xfe112e23) sw      x1, -4(x2)
core   0: 3 0x80000470 (0xfe112e23) mem 0x70000038 0x800002d0
core   0: 0x80000474 (0xf1dff0ef) jal     pc - 0xe4
core   0: 3 0x80000474 (0xf1dff0ef) x1  0x80000478
core   0: 0x80000390 (0x00410113) addi    x2, x2, 4
core   0: 3 0x80000390 (0x00410113) x2  0x70000040
core   0: 0x80000394 (0xfe112e23) sw      x1, -4(x2)
core   0: 3 0x80000394 (0xfe112e23) mem 0x7000003c 0x80000478
core   0: 0x80000398 (0x80302573) csrr    x10, knl
core   0: 3 0x80000398 (0x80302573) x10 0x900e3000
core   0: 0x8000039c (0x00852283) lw      x5, 8(x10)
core   0: 3 0x8000039c (0x00852283) x5  0x00000002 mem 0x900e3008
core   0: 0x800003a0 (0x80002373) csrr    x6, tid
core   0: 3 0x800003a0 (0x80002373) x6  0x00000000
core   0: 0x800003a4 (0x5208a157) vid.v   v2
core   0: 3 0x800003a4 (0x5208a157) c8_vstart 0x00000000 e32 m1 l16 v2  0000ffff 0x0000000f 0000000e 0000000d 0000000c 0000000b 0000000a 00000009 00000008 00000007 00000006 00000005 00000004 00000003 00000002 00000001 00000000 
core   0: 0x800003a8 (0x02234057) vadd.vx v0, v2, x6
core   0: 3 0x800003a8 (0x02234057) c8_vstart 0x00000000 e32 m1 l16 v0  0000ffff 0x0000000f 0000000e 0000000d 0000000c 0000000b 0000000a 00000009 00000008 00000007 00000006 00000005 00000004 00000003 00000002 00000001 00000000 
core   0: 0x800003ac (0x01852e03) lw      x28, 24(x10)
core   0: 3 0x800003ac (0x01852e03) x28 0x0000000e mem 0x900e3018
core   0: 0x800003b0 (0x8a0e6057) vremu.vx v0, v0, x28
core   0: 3 0x800003b0 (0x8a0e6057) c8_vstart 0x00000000 e32 m1 l16 v0  0000ffff 0x00000001 00000000 0000000d 0000000c 0000000b 0000000a 00000009 00000008 00000007 00000006 00000005 00000004 00000003 00000002 00000001 00000000 
core   0: 0x800003b4 (0xffc12083) lw      x1, -4(x2)
core   0: 3 0x800003b4 (0xffc12083) x1  0x80000478 mem 0x7000003c
core   0: 0x800003b8 (0xffc10113) addi    x2, x2, -4
core   0: 3 0x800003b8 (0xffc10113) x2  0x7000003c
core   0: 0x800003bc (0x00008067) ret
core   0: 3 0x800003bc (0x00008067)
core   0: 0x80000478 (0x80302573) csrr    x10, knl
core   0: 3 0x80000478 (0x80302573) x10 0x900e3000
core   0: 0x8000047c (0x80802373) csrr    x6, gidx
core   0: 3 0x8000047c (0x80802373) x6  0x00000000
core   0: 0x80000480 (0x01852e03) lw      x28, 24(x10)
core   0: 3 0x80000480 (0x01852e03) x28 0x0000000e mem 0x900e3018
core   0: 0x80000484 (0x02452e83) lw      x29, 36(x10)
core   0: 3 0x80000484 (0x02452e83) x29 0x00000001 mem 0x900e3024
core   0: 0x80000488 (0x03c30fb3) mul     x31, x6, x28
core   0: 3 0x80000488 (0x03c30fb3) x31 0x00000000
core   0: 0x8000048c (0x01df8fb3) add     x31, x31, x29
core   0: 3 0x8000048c (0x01df8fb3) x31 0x00000001
core   0: 0x80000490 (0x020fc057) vadd.vx v0, v0, x31
core   0: 3 0x80000490 (0x020fc057) c8_vstart 0x00000000 e32 m1 l16 v0  0000ffff 0x00000002 00000001 0000000e 0000000d 0000000c 0000000b 0000000a 00000009 00000008 00000007 00000006 00000005 00000004 00000003 00000002 00000001 
core   0: 0x80000494 (0xffc12083) lw      x1, -4(x2)
core   0: 3 0x80000494 (0xffc12083) x1  0x800002d0 mem 0x70000038
core   0: 0x80000498 (0xffc10113) addi    x2, x2, -4
core   0: 3 0x80000498 (0xffc10113) x2  0x70000038
core   0: 0x8000049c (0x00008067) ret
core   0: 3 0x8000049c (0x00008067)
core   0: 0x800002d0 (0x0180006f) j       pc + 0x18
core   0: 3 0x800002d0 (0x0180006f)
core   0: 0x800002e8 (0x0000205b) join    v0, v0, pc + 0
core   0: 3 0x800002e8 (0x0000205b) current mask:	0000ffff current npc:	800002cc stack size: 0
core   0: 0x800002ec (0xffc12083) lw      x1, -4(x2)
core   0: 3 0x800002ec (0xffc12083) x1  0x8000013c mem 0x70000034
core   0: 0x800002f0 (0xffc10113) addi    x2, x2, -4
core   0: 3 0x800002f0 (0xffc10113) x2  0x70000034
core   0: 0x800002f4 (0x00008067) ret
core   0: 3 0x800002f4 (0x00008067)
core   0: 0x8000013c (0x0010200b) regext  x0, x0,  0 0 0 1 
core   0: 3 0x8000013c (0x0010200b)
core   0: 0x80000140 (0x020040d7) vadd.vx v1, v0, x0
core   0: 3 0x80000140 (0x020040d7) c8_vstart 0x00000000 e32 m1 l16 v33 0000ffff 0x00000002 00000001 0000000e 0000000d 0000000c 0000000b 0000000a 00000009 00000008 00000007 00000006 00000005 00000004 00000003 00000002 00000001 
core   0: 0x80000144 (0x00100293) li      x5, 1
core   0: 3 0x80000144 (0x00100293) x5  0x00000001
core   0: 0x80000148 (0x5e02c057) vmv.v.x v0, x5
core   0: 3 0x80000148 (0x5e02c057) c8_vstart 0x00000000 e32 m1 l16 v0  0000ffff 0x00000001 00000001 00000001 00000001 00000001 00000001 00000001 00000001 00000001 00000001 00000001 00000001 00000001 00000001 00000001 00000001 
core   0: 0x8000014c (0x140000ef) jal     pc + 0x140
core   0: 3 0x8000014c (0x140000ef) x1  0x80000150
core   0: 0x8000028c (0x00410113) addi    x2, x2, 4
core   0: 3 0x8000028c (0x00410113) x2  0x70000038
core   0: 0x80000290 (0xfe112e23) sw      x1, -4(x2)
core   0: 3 0x80000290 (0xfe112e23) mem 0x70000034 0x80000150
core   0: 0x80000294 (0x00200293) li      x5, 2
core   0: 3 0x80000294 (0x00200293) x5  0x00000002
core   0: 0x80000298 (0x5e02c0d7) vmv.v.x v1, x5
core   0: 3 0x80000298 (0x5e02c0d7) c8_vstart 0x00000000 e32 m1 l16 v1  0000ffff 0x00000002 00000002 00000002 00000002 00000002 00000002 00000002 00000002 00000002 00000002 00000002 00000002 00000002 00000002 00000002 00000002 
core   0: 0x8000029c (0x00000317) auipc   x6, 0x0
core   0: 3 0x8000029c (0x00000317) x6  0x8000029c
core   0: 0x800002a0 (0x04c3305b) setrpc  x0, x6, 76
core   0: 3 0x800002a0 (0x04c3305b) c2060_rpc 0x800002e8 current mask:	0000ffff current npc:	800002cc stack size: 0
core   0: 0x800002a4 (0x0200885b) vbeq    v0, v1, pc + 48
core   0: 3 0x800002a4 (0x0200885b) c8_vstart 0x00000000 e32 m1 l16 current mask:	0000ffff current npc:	800002a8 stack size: 0
core   0: 0x800002a8 (0x00100293) li      x5, 1
core   0: 3 0x800002a8 (0x00100293) x5  0x00000001
core   0: 0x800002ac (0x5e02c0d7) vmv.v.x v1, x5
core   0: 3 0x800002ac (0x5e02c0d7) c8_vstart 0x00000000 e32 m1 l16 v1  0000ffff 0x00000001 00000001 00000001 00000001 00000001 00000001 00000001 00000001 00000001 00000001 00000001 00000001 00000001 00000001 00000001 00000001 
core   0: 0x800002b0 (0x00000317) auipc   x6, 0x0
core   0: 3 0x800002b0 (0x00000317) x6  0x800002b0
core   0: 0x800002b4 (0x0383305b) setrpc  x0, x6, 56
core   0: 3 0x800002b4 (0x0383305b) c2060_rpc 0x800002e8 current mask:	0000ffff current npc:	800002a8 stack size: 0
core   0: 0x800002b8 (0x0200825b) vbeq    v0, v1, pc + 36
core   0: 3 0x800002b8 (0x0200825b) c8_vstart 0x00000000 e32 m1 l16 current mask:	0000ffff current npc:	800002dc stack size: 0
core   0: 0x800002dc (0x1c4000ef) jal     pc + 0x1c4
core   0: 3 0x800002dc (0x1c4000ef) x1  0x800002e0
core   0: 0x800004a0 (0x00410113) addi    x2, x2, 4
core   0: 3 0x800004a0 (0x00410113) x2  0x7000003c
core   0: 0x800004a4 (0xfe112e23) sw      x1, -4(x2)
core   0: 3 0x800004a4 (0xfe112e23) mem 0x70000038 0x800002e0
core   0: 0x800004a8 (0xf19ff0ef) jal     pc - 0xe8
core   0: 3 0x800004a8 (0xf19ff0ef) x1  0x800004ac
core   0: 0x800003c0 (0x00410113) addi    x2, x2, 4
core   0: 3 0x800003c0 (0x00410113) x2  0x70000040
core   0: 0x800003c4 (0xfe112e23) sw      x1, -4(x2)
core   0: 3 0x800003c4 (0xfe112e23) mem 0x7000003c 0x800004ac
core   0: 0x800003c8 (0x80302573) csrr    x10, knl
core   0: 3 0x800003c8 (0x80302573) x10 0x900e3000
core   0: 0x800003cc (0x00852283) lw      x5, 8(x10)
core   0: 3 0x800003cc (0x00852283) x5  0x00000002 mem 0x900e3008
core   0: 0x800003d0 (0x80002373) csrr    x6, tid
core   0: 3 0x800003d0 (0x80002373) x6  0x00000000
core   0: 0x800003d4 (0x5208a157) vid.v   v2
core   0: 3 0x800003d4 (0x5208a157) c8_vstart 0x00000000 e32 m1 l16 v2  0000ffff 0x0000000f 0000000e 0000000d 0000000c 0000000b 0000000a 00000009 00000008 00000007 00000006 00000005 00000004 00000003 00000002 00000001 00000000 
core   0: 0x800003d8 (0x02234057) vadd.vx v0, v2, x6
core   0: 3 0x800003d8 (0x02234057) c8_vstart 0x00000000 e32 m1 l16 v0  0000ffff 0x0000000f 0000000e 0000000d 0000000c 0000000b 0000000a 00000009 00000008 00000007 00000006 00000005 00000004 00000003 00000002 00000001 00000000 
core   0: 0x800003dc (0x01852e03) lw      x28, 24(x10)
core   0: 3 0x800003dc (0x01852e03) x28 0x0000000e mem 0x900e3018
core   0: 0x800003e0 (0x01c52e83) lw      x29, 28(x10)
core   0: 3 0x800003e0 (0x01c52e83) x29 0x00000001 mem 0x900e301c
core   0: 0x800003e4 (0x03ce8f33) mul     x30, x29, x28
core   0: 3 0x800003e4 (0x03ce8f33) x30 0x0000000e
core   0: 0x800003e8 (0x8a0f6057) vremu.vx v0, v0, x30
core   0: 3 0x800003e8 (0x8a0f6057) c8_vstart 0x00000000 e32 m1 l16 v0  0000ffff 0x00000001 00000000 0000000d 0000000c 0000000b 0000000a 00000009 00000008 00000007 00000006 00000005 00000004 00000003 00000002 00000001 00000000 
core   0: 0x800003ec (0x820e6057) vdivu.vx v0, v0, x28
core   0: 3 0x800003ec (0x820e6057) c8_vstart 0x00000000 e32 m1 l16 v0  0000ffff 0x00000000 00000000 00000000 00000000 00000000 00000000 00000000 00000000 00000000 00000000 00000000 00000000 00000000 00000000 00000000 00000000 
core   0: 0x800003f0 (0x5e0ec0d7) vmv.v.x v1, x29
core   0: 3 0x800003f0 (0x5e0ec0d7) c8_vstart 0x00000000 e32 m1 l16 v1  0000ffff 0x00000001 00000001 00000001 00000001 00000001 00000001 00000001 00000001 00000001 00000001 00000001 00000001 00000001 00000001 00000001 00000001 
core   0: 0x800003f4 (0x00000317) auipc   x6, 0x0
core   0: 3 0x800003f4 (0x00000317) x6  0x800003f4
core   0: 0x800003f8 (0x0143305b) setrpc  x0, x6, 20
core   0: 3 0x800003f8 (0x0143305b) c2060_rpc 0x80000408 current mask:	0000ffff current npc:	800002dc stack size: 0
core   0: 0x800003fc (0x0000c65b) vblt    v0, v1, pc + 12
core   0: 3 0x800003fc (0x0000c65b) c8_vstart 0x00000000 e32 m1 l16 current mask:	0000ffff current npc:	80000408 stack size: 0
core   0: 0x80000408 (0x0000205b) join    v0, v0, pc + 0
core   0: 3 0x80000408 (0x0000205b) current mask:	0000ffff current npc:	80000408 stack size: 0
core   0: 0x8000040c (0xffc12083) lw      x1, -4(x2)
core   0: 3 0x8000040c (0xffc12083) x1  0x800004ac mem 0x7000003c
core   0: 0x80000410 (0xffc10113) addi    x2, x2, -4
core   0: 3 0x80000410 (0xffc10113) x2  0x7000003c
core   0: 0x80000414 (0x00008067) ret
core   0: 3 0x80000414 (0x00008067)
core   0: 0x800004ac (0x80902373) csrr    x6, gidy
core   0: 3 0x800004ac (0x80902373) x6  0x0000000a
core   0: 0x800004b0 (0x01c52383) lw      x7, 28(x10)
core   0: 3 0x800004b0 (0x01c52383) x7  0x00000001 mem 0x900e301c
core   0: 0x800004b4 (0x02852e83) lw      x29, 40(x10)
core   0: 3 0x800004b4 (0x02852e83) x29 0x00000001 mem 0x900e3028
core   0: 0x800004b8 (0x02730e33) mul     x28, x6, x7
core   0: 3 0x800004b8 (0x02730e33) x28 0x0000000a
core   0: 0x800004bc (0x01de0e33) add     x28, x28, x29
core   0: 3 0x800004bc (0x01de0e33) x28 0x0000000b
core   0: 0x800004c0 (0x020e4057) vadd.vx v0, v0, x28
core   0: 3 0x800004c0 (0x020e4057) c8_vstart 0x00000000 e32 m1 l16 v0  0000ffff 0x0000000b 0000000b 0000000b 0000000b 0000000b 0000000b 0000000b 0000000b 0000000b 0000000b 0000000b 0000000b 0000000b 0000000b 0000000b 0000000b 
core   0: 0x800004c4 (0xffc12083) lw      x1, -4(x2)
core   0: 3 0x800004c4 (0xffc12083) x1  0x800002e0 mem 0x70000038
core   0: 0x800004c8 (0xffc10113) addi    x2, x2, -4
core   0: 3 0x800004c8 (0xffc10113) x2  0x70000038
core   0: 0x800004cc (0x00008067) ret
core   0: 3 0x800004cc (0x00008067)
core   0: 0x800002e0 (0x0080006f) j       pc + 0x8
core   0: 3 0x800002e0 (0x0080006f)
core   0: 0x800002e8 (0x0000205b) join    v0, v0, pc + 0
core   0: 3 0x800002e8 (0x0000205b) current mask:	0000ffff current npc:	80000408 stack size: 0
core   0: 0x800002ec (0xffc12083) lw      x1, -4(x2)
core   0: 3 0x800002ec (0xffc12083) x1  0x80000150 mem 0x70000034
core   0: 0x800002f0 (0xffc10113) addi    x2, x2, -4
core   0: 3 0x800002f0 (0xffc10113) x2  0x70000034
core   0: 0x800002f4 (0x00008067) ret
core   0: 3 0x800002f4 (0x00008067)
core   0: 0x80000150 (0xfd012283) lw      x5, -48(x2)
core   0: 3 0x80000150 (0xfd012283) x5  0x00000010 mem 0x70000004
core   0: 0x80000154 (0x5e02c0d7) vmv.v.x v1, x5
core   0: 3 0x80000154 (0x5e02c0d7) c8_vstart 0x00000000 e32 m1 l16 v1  0000ffff 0x00000010 00000010 00000010 00000010 00000010 00000010 00000010 00000010 00000010 00000010 00000010 00000010 00000010 00000010 00000010 00000010 
core   0: 0x80000158 (0x0400200b) regext  x0, x0,  0 1 0 0 
core   0: 3 0x80000158 (0x0400200b)
core   0: 0x8000015c (0xa612e057) vmadd.vx v0, v1, x5
core   0: 3 0x8000015c (0xa612e057) c8_vstart 0x00000000 e32 m1 l16 v0  0000ffff 0x000000b2 000000b1 000000be 000000bd 000000bc 000000bb 000000ba 000000b9 000000b8 000000b7 000000b6 000000b5 000000b4 000000b3 000000b2 000000b1 
core   0: 0x80000160 (0x0010110b) vsub12.vi v2, v0, 1
core   0: 3 0x80000160 (0x0010110b) c8_vstart 0x00000000 e32 m1 l16 v2  0000ffff 0x000000b1 000000b0 000000bd 000000bc 000000bb 000000ba 000000b9 000000b8 000000b7 000000b6 000000b5 000000b4 000000b3 000000b2 000000b1 000000b0 
core   0: 0x80000164 (0x0a2081d7) vsub.vv v3, v2, v1
core   0: 3 0x80000164 (0x0a2081d7) c8_vstart 0x00000000 e32 m1 l16 v3  0000ffff 0x000000a1 000000a0 000000ad 000000ac 000000ab 000000aa 000000a9 000000a8 000000a7 000000a6 000000a5 000000a4 000000a3 000000a2 000000a1 000000a0 
core   0: 0x80000168 (0x963131d7) vsll.vi v3, v3, 2
core   0: 3 0x80000168 (0x963131d7) c8_vstart 0x00000000 e32 m1 l16 v3  0000ffff 0x00000284 00000280 000002b4 000002b0 000002ac 000002a8 000002a4 000002a0 0000029c 00000298 00000294 00000290 0000028c 00000288 00000284 00000280 
core   0: 0x8000016c (0xfd412283) lw      x5, -44(x2)
core   0: 3 0x8000016c (0xfd412283) x5  0x90000000 mem 0x70000008
core   0: 0x80000170 (0x5e02c257) vmv.v.x v4, x5
core   0: 3 0x80000170 (0x5e02c257) c8_vstart 0x00000000 e32 m1 l16 v4  0000ffff 0x90000000 90000000 90000000 90000000 90000000 90000000 90000000 90000000 90000000 90000000 90000000 90000000 90000000 90000000 90000000 90000000 
core   0: 0x80000174 (0x0232c1d7) vadd.vx v3, v3, x5
core   0: 3 0x80000174 (0x0232c1d7) c8_vstart 0x00000000 e32 m1 l16 v3  0000ffff 0x90000284 90000280 900002b4 900002b0 900002ac 900002a8 900002a4 900002a0 9000029c 90000298 90000294 90000290 9000028c 90000288 90000284 90000280 
core   0: 0x80000178 (0x0a0082d7) vsub.vv v5, v0, v1
core   0: 3 0x80000178 (0x0a0082d7) c8_vstart 0x00000000 e32 m1 l16 v5  0000ffff 0x000000a2 000000a1 000000ae 000000ad 000000ac 000000ab 000000aa 000000a9 000000a8 000000a7 000000a6 000000a5 000000a4 000000a3 000000a2 000000a1 
core   0: 0x8000017c (0x965132d7) vsll.vi v5, v5, 2
core   0: 3 0x8000017c (0x965132d7) c8_vstart 0x00000000 e32 m1 l16 v5  0000ffff 0x00000288 00000284 000002b8 000002b4 000002b0 000002ac 000002a8 000002a4 000002a0 0000029c 00000298 00000294 00000290 0000028c 00000288 00000284 
core   0: 0x80000180 (0x024282d7) vadd.vv v5, v4, v5
core   0: 3 0x80000180 (0x024282d7) c8_vstart 0x00000000 e32 m1 l16 v5  0000ffff 0x90000288 90000284 900002b8 900002b4 900002b0 900002ac 900002a8 900002a4 900002a0 9000029c 90000298 90000294 90000290 9000028c 90000288 90000284 
core   0: 0x80000184 (0x0002a2fb) vlw12.v v5, v5, 0
core   0: 3 0x80000184 (0x0002a2fb) e32 m1 l16 v5  0000ffff 0x42c68930 42a3b036 42616ffd 4249ae91 417fb918 42ad1e41 4270bbb6 4201ca32 429546e3 41bede69 41f6e729 428a6ab5 42aee7a6 42206aac 42c68930 42a3b036  c8_vstart 0x00000000 mem 0x90000284 mem 0x90000288 mem 0x9000028c mem 0x90000290 mem 0x90000294 mem 0x90000298 mem 0x9000029c mem 0x900002a0 mem 0x900002a4 mem 0x900002a8 mem 0x900002ac mem 0x900002b0 mem 0x900002b4 mem 0x900002b8 mem 0x90000284 mem 0x90000288
core   0: 0x80000188 (0x0001a1fb) vlw12.v v3, v3, 0
core   0: 3 0x80000188 (0x0001a1fb) e32 m1 l16 v3  0000ffff 0x42a3b036 42c475a5 4249ae91 417fb918 42ad1e41 4270bbb6 4201ca32 429546e3 41bede69 41f6e729 428a6ab5 42aee7a6 42206aac 42c68930 42a3b036 42c475a5  c8_vstart 0x00000000 mem 0x90000280 mem 0x90000284 mem 0x90000288 mem 0x9000028c mem 0x90000290 mem 0x90000294 mem 0x90000298 mem 0x9000029c mem 0x900002a0 mem 0x900002a4 mem 0x900002a8 mem 0x900002ac mem 0x900002b0 mem 0x900002b4 mem 0x90000280 mem 0x90000284
core   0: 0x8000018c (0xfd812283) lw      x5, -40(x2)
core   0: 3 0x8000018c (0xfd812283) x5  0x3f800000 mem 0x7000000c
core   0: 0x80000190 (0x5e02c357) vmv.v.x v6, x5
core   0: 3 0x80000190 (0x5e02c357) c8_vstart 0x00000000 e32 m1 l16 v6  0000ffff 0x3f800000 3f800000 3f800000 3f800000 3f800000 3f800000 3f800000 3f800000 3f800000 3f800000 3f800000 3f800000 3f800000 3f800000 3f800000 3f800000 
core   0: 0x80000194 (0x925312d7) vfmul.vv v5, v5, v6
core   0: 3 0x80000194 (0x925312d7) c8_vstart 0x00000000 e32 m1 l16 v5  0000ffff 0x42c68930 42a3b036 42616ffd 4249ae91 417fb918 42ad1e41 4270bbb6 4201ca32 429546e3 41bede69 41f6e729 428a6ab5 42aee7a6 42206aac 42c68930 42a3b036 
core   0: 0x80000198 (0x0200b357) vadd.vi v6, v0, 1
core   0: 3 0x80000198 (0x0200b357) c8_vstart 0x00000000 e32 m1 l16 v6  0000ffff 0x000000b3 000000b2 000000bf 000000be 000000bd 000000bc 000000bb 000000ba 000000b9 000000b8 000000b7 000000b6 000000b5 000000b4 000000b3 000000b2 
core   0: 0x8000019c (0x0a6083d7) vsub.vv v7, v6, v1
core   0: 3 0x8000019c (0x0a6083d7) c8_vstart 0x00000000 e32 m1 l16 v7  0000ffff 0x000000a3 000000a2 000000af 000000ae 000000ad 000000ac 000000ab 000000aa 000000a9 000000a8 000000a7 000000a6 000000a5 000000a4 000000a3 000000a2 
core   0: 0x800001a0 (0x967133d7) vsll.vi v7, v7, 2
core   0: 3 0x800001a0 (0x967133d7) c8_vstart 0x00000000 e32 m1 l16 v7  0000ffff 0x0000028c 00000288 000002bc 000002b8 000002b4 000002b0 000002ac 000002a8 000002a4 000002a0 0000029c 00000298 00000294 00000290 0000028c 00000288 
core   0: 0x800001a4 (0x024383d7) vadd.vv v7, v4, v7
core   0: 3 0x800001a4 (0x024383d7) c8_vstart 0x00000000 e32 m1 l16 v7  0000ffff 0x9000028c 90000288 900002bc 900002b8 900002b4 900002b0 900002ac 900002a8 900002a4 900002a0 9000029c 90000298 90000294 90000290 9000028c 90000288 
core   0: 0x800001a8 (0x0003a3fb) vlw12.v v7, v7, 0
core   0: 3 0x800001a8 (0x0003a3fb) e32 m1 l16 v7  0000ffff 0x42206aac 42c68930 413ecb04 42616ffd 4249ae91 417fb918 42ad1e41 4270bbb6 4201ca32 429546e3 41bede69 41f6e729 428a6ab5 42aee7a6 42206aac 42c68930  c8_vstart 0x00000000 mem 0x90000288 mem 0x9000028c mem 0x90000290 mem 0x90000294 mem 0x90000298 mem 0x9000029c mem 0x900002a0 mem 0x900002a4 mem 0x900002a8 mem 0x900002ac mem 0x900002b0 mem 0x900002b4 mem 0x900002b8 mem 0x900002bc mem 0x90000288 mem 0x9000028c
core   0: 0x800001ac (0x96213457) vsll.vi v8, v2, 2
core   0: 3 0x800001ac (0x96213457) c8_vstart 0x00000000 e32 m1 l16 v8  0000ffff 0x000002c4 000002c0 000002f4 000002f0 000002ec 000002e8 000002e4 000002e0 000002dc 000002d8 000002d4 000002d0 000002cc 000002c8 000002c4 000002c0 
core   0: 0x800001b0 (0x02440457) vadd.vv v8, v4, v8
core   0: 3 0x800001b0 (0x02440457) c8_vstart 0x00000000 e32 m1 l16 v8  0000ffff 0x900002c4 900002c0 900002f4 900002f0 900002ec 900002e8 900002e4 900002e0 900002dc 900002d8 900002d4 900002d0 900002cc 900002c8 900002c4 900002c0 
core   0: 0x800001b4 (0x0004247b) vlw12.v v8, v8, 0
core   0: 3 0x800001b4 (0x0004247b) e32 m1 l16 v8  0000ffff 0x4204f76f 42356ebd 4239eede 42328166 41d106c0 42a6b91b 42b25254 41cfa92d 41d1f05e 429fed62 42c311d0 419e0996 4288d2ca 41eea80d 4204f76f 42356ebd  c8_vstart 0x00000000 mem 0x900002c0 mem 0x900002c4 mem 0x900002c8 mem 0x900002cc mem 0x900002d0 mem 0x900002d4 mem 0x900002d8 mem 0x900002dc mem 0x900002e0 mem 0x900002e4 mem 0x900002e8 mem 0x900002ec mem 0x900002f0 mem 0x900002f4 mem 0x900002c0 mem 0x900002c4
core   0: 0x800001b8 (0x960134d7) vsll.vi v9, v0, 2
core   0: 3 0x800001b8 (0x960134d7) c8_vstart 0x00000000 e32 m1 l16 v9  0000ffff 0x000002c8 000002c4 000002f8 000002f4 000002f0 000002ec 000002e8 000002e4 000002e0 000002dc 000002d8 000002d4 000002d0 000002cc 000002c8 000002c4 
core   0: 0x800001bc (0x02448557) vadd.vv v10, v4, v9
core   0: 3 0x800001bc (0x02448557) c8_vstart 0x00000000 e32 m1 l16 v10 0000ffff 0x900002c8 900002c4 900002f8 900002f4 900002f0 900002ec 900002e8 900002e4 900002e0 900002dc 900002d8 900002d4 900002d0 900002cc 900002c8 900002c4 
core   0: 0x800001c0 (0x0005257b) vlw12.v v10, v10, 0
core   0: 3 0x800001c0 (0x0005257b) e32 m1 l16 v10 0000ffff 0x41eea80d 4204f76f 4245b7c9 4239eede 42328166 41d106c0 42a6b91b 42b25254 41cfa92d 41d1f05e 429fed62 42c311d0 419e0996 4288d2ca 41eea80d 4204f76f  c8_vstart 0x00000000 mem 0x900002c4 mem 0x900002c8 mem 0x900002cc mem 0x900002d0 mem 0x900002d4 mem 0x900002d8 mem 0x900002dc mem 0x900002e0 mem 0x900002e4 mem 0x900002e8 mem 0x900002ec mem 0x900002f0 mem 0x900002f4 mem 0x900002f8 mem 0x900002c4 mem 0x900002c8
core   0: 0x800001c4 (0x966135d7) vsll.vi v11, v6, 2
core   0: 3 0x800001c4 (0x966135d7) c8_vstart 0x00000000 e32 m1 l16 v11 0000ffff 0x000002cc 000002c8 000002fc 000002f8 000002f4 000002f0 000002ec 000002e8 000002e4 000002e0 000002dc 000002d8 000002d4 000002d0 000002cc 000002c8 
core   0: 0x800001c8 (0x024585d7) vadd.vv v11, v4, v11
core   0: 3 0x800001c8 (0x024585d7) c8_vstart 0x00000000 e32 m1 l16 v11 0000ffff 0x900002cc 900002c8 900002fc 900002f8 900002f4 900002f0 900002ec 900002e8 900002e4 900002e0 900002dc 900002d8 900002d4 900002d0 900002cc 900002c8 
core   0: 0x800001cc (0x0005a5fb) vlw12.v v11, v11, 0
core   0: 3 0x800001cc (0x0005a5fb) e32 m1 l16 v11 0000ffff 0x4288d2ca 41eea80d 422b6cb0 4245b7c9 4239eede 42328166 41d106c0 42a6b91b 42b25254 41cfa92d 41d1f05e 429fed62 42c311d0 419e0996 4288d2ca 41eea80d  c8_vstart 0x00000000 mem 0x900002c8 mem 0x900002cc mem 0x900002d0 mem 0x900002d4 mem 0x900002d8 mem 0x900002dc mem 0x900002e0 mem 0x900002e4 mem 0x900002e8 mem 0x900002ec mem 0x900002f0 mem 0x900002f4 mem 0x900002f8 mem 0x900002fc mem 0x900002c8 mem 0x900002cc
core   0: 0x800001d0 (0x02208157) vadd.vv v2, v2, v1
core   0: 3 0x800001d0 (0x02208157) c8_vstart 0x00000000 e32 m1 l16 v2  0000ffff 0x000000c1 000000c0 000000cd 000000cc 000000cb 000000ca 000000c9 000000c8 000000c7 000000c6 000000c5 000000c4 000000c3 000000c2 000000c1 000000c0 
core   0: 0x800001d4 (0x96213157) vsll.vi v2, v2, 2
core   0: 3 0x800001d4 (0x96213157) c8_vstart 0x00000000 e32 m1 l16 v2  0000ffff 0x00000304 00000300 00000334 00000330 0000032c 00000328 00000324 00000320 0000031c 00000318 00000314 00000310 0000030c 00000308 00000304 00000300 
core   0: 0x800001d8 (0x02410157) vadd.vv v2, v4, v2
core   0: 3 0x800001d8 (0x02410157) c8_vstart 0x00000000 e32 m1 l16 v2  0000ffff 0x90000304 90000300 90000334 90000330 9000032c 90000328 90000324 90000320 9000031c 90000318 90000314 90000310 9000030c 90000308 90000304 90000300 
core   0: 0x800001dc (0x0001217b) vlw12.v v2, v2, 0
core   0: 3 0x800001dc (0x0001217b) e32 m1 l16 v2  0000ffff 0x4242ca27 41e29e93 420dd9d8 4248f812 42790368 429e34ee 42c7a4c1 42391522 42b916ac 421e8dca 415d2bbf 418f3f23 417c7a57 42a5ebad 4242ca27 41e29e93  c8_vstart 0x00000000 mem 0x90000300 mem 0x90000304 mem 0x90000308 mem 0x9000030c mem 0x90000310 mem 0x90000314 mem 0x90000318 mem 0x9000031c mem 0x90000320 mem 0x90000324 mem 0x90000328 mem 0x9000032c mem 0x90000330 mem 0x90000334 mem 0x90000300 mem 0x90000304
core   0: 0x800001e0 (0x02008057) vadd.vv v0, v0, v1
core   0: 3 0x800001e0 (0x02008057) c8_vstart 0x00000000 e32 m1 l16 v0  0000ffff 0x000000c2 000000c1 000000ce 000000cd 000000cc 000000cb 000000ca 000000c9 000000c8 000000c7 000000c6 000000c5 000000c4 000000c3 000000c2 000000c1 
core   0: 0x800001e4 (0x96013057) vsll.vi v0, v0, 2
core   0: 3 0x800001e4 (0x96013057) c8_vstart 0x00000000 e32 m1 l16 v0  0000ffff 0x00000308 00000304 00000338 00000334 00000330 0000032c 00000328 00000324 00000320 0000031c 00000318 00000314 00000310 0000030c 00000308 00000304 
core   0: 0x800001e8 (0x02400057) vadd.vv v0, v4, v0
core   0: 3 0x800001e8 (0x02400057) c8_vstart 0x00000000 e32 m1 l16 v0  0000ffff 0x90000308 90000304 90000338 90000334 90000330 9000032c 90000328 90000324 90000320 9000031c 90000318 90000314 90000310 9000030c 90000308 90000304 
core   0: 0x800001ec (0x0000207b) vlw12.v v0, v0, 0
core   0: 3 0x800001ec (0x0000207b) e32 m1 l16 v0  0000ffff 0x42a5ebad 4242ca27 42945b15 420dd9d8 4248f812 42790368 429e34ee 42c7a4c1 42391522 42b916ac 421e8dca 415d2bbf 418f3f23 417c7a57 42a5ebad 4242ca27  c8_vstart 0x00000000 mem 0x90000304 mem 0x90000308 mem 0x9000030c mem 0x90000310 mem 0x90000314 mem 0x90000318 mem 0x9000031c mem 0x90000320 mem 0x90000324 mem 0x90000328 mem 0x9000032c mem 0x90000330 mem 0x90000334 mem 0x90000338 mem 0x90000304 mem 0x90000308
core   0: 0x800001f0 (0x026080d7) vadd.vv v1, v6, v1
core   0: 3 0x800001f0 (0x026080d7) c8_vstart 0x00000000 e32 m1 l16 v1  0000ffff 0x000000c3 000000c2 000000cf 000000ce 000000cd 000000cc 000000cb 000000ca 000000c9 000000c8 000000c7 000000c6 000000c5 000000c4 000000c3 000000c2 
core   0: 0x800001f4 (0x961130d7) vsll.vi v1, v1, 2
core   0: 3 0x800001f4 (0x961130d7) c8_vstart 0x00000000 e32 m1 l16 v1  0000ffff 0x0000030c 00000308 0000033c 00000338 00000334 00000330 0000032c 00000328 00000324 00000320 0000031c 00000318 00000314 00000310 0000030c 00000308 
core   0: 0x800001f8 (0x024080d7) vadd.vv v1, v4, v1
core   0: 3 0x800001f8 (0x024080d7) c8_vstart 0x00000000 e32 m1 l16 v1  0000ffff 0x9000030c 90000308 9000033c 90000338 90000334 90000330 9000032c 90000328 90000324 90000320 9000031c 90000318 90000314 90000310 9000030c 90000308 
core   0: 0x800001fc (0x0000a0fb) vlw12.v v1, v1, 0
core   0: 3 0x800001fc (0x0000a0fb) e32 m1 l16 v1  0000ffff 0x417c7a57 42a5ebad 42bf3367 42945b15 420dd9d8 4248f812 42790368 429e34ee 42c7a4c1 42391522 42b916ac 421e8dca 415d2bbf 418f3f23 417c7a57 42a5ebad  c8_vstart 0x00000000 mem 0x90000308 mem 0x9000030c mem 0x90000310 mem 0x90000314 mem 0x90000318 mem 0x9000031c mem 0x90000320 mem 0x90000324 mem 0x90000328 mem 0x9000032c mem 0x90000330 mem 0x90000334 mem 0x90000338 mem 0x9000033c mem 0x90000308 mem 0x9000030c
core   0: 0x80000200 (0xfdc12283) lw      x5, -36(x2)
core   0: 3 0x80000200 (0xfdc12283) x5  0x3f800000 mem 0x70000010
core   0: 0x80000204 (0x5e02c257) vmv.v.x v4, x5
core   0: 3 0x80000204 (0x5e02c257) c8_vstart 0x00000000 e32 m1 l16 v4  0000ffff 0x3f800000 3f800000 3f800000 3f800000 3f800000 3f800000 3f800000 3f800000 3f800000 3f800000 3f800000 3f800000 3f800000 3f800000 3f800000 3f800000 
core   0: 0x80000208 (0xa25211d7) vfmadd.vv v3, v5, v4
core   0: 3 0x80000208 (0xa25211d7) c8_vstart 0x00000000 c1_fflags 0x00000001 e32 m1 l16 v3  0000ffff 0x43351cb3 433412ee 42d58f47 4284ce6c 42cd1564 4312be0e 42b942f4 42d62bfc 42c4fe7d 425ae2c9 42c8247f 431ca92e 42ff1cfc 430b5f43 43351cb3 433412ee 
core   0: 0x8000020c (0xfe012283) lw      x5, -32(x2)
core   0: 3 0x8000020c (0xfe012283) x5  0x3f800000 mem 0x70000014
core   0: 0x80000210 (0x5e02c257) vmv.v.x v4, x5
core   0: 3 0x80000210 (0x5e02c257) c8_vstart 0x00000000 e32 m1 l16 v4  0000ffff 0x3f800000 3f800000 3f800000 3f800000 3f800000 3f800000 3f800000 3f800000 3f800000 3f800000 3f800000 3f800000 3f800000 3f800000 3f800000 3f800000 
core   0: 0x80000214 (0xa23213d7) vfmadd.vv v7, v3, v4
core   0: 3 0x80000214 (0xa23213d7) c8_vstart 0x00000000 c1_fflags 0x00000001 e32 m1 l16 v7  0000ffff 0x435d375e 438babc3 42ed68a8 42f5866a 4318f656 4322b9a0 4333309a 432744ec 4302f1cb 43015c24 42f7dc19 433b8613 4344c3d8 4362d316 435d375e 438babc3 
core   0: 0x80000218 (0xfe412283) lw      x5, -28(x2)
core   0: 3 0x80000218 (0xfe412283) x5  0x3f800000 mem 0x70000018
core   0: 0x8000021c (0x5e02c1d7) vmv.v.x v3, x5
core   0: 3 0x8000021c (0x5e02c1d7) c8_vstart 0x00000000 e32 m1 l16 v3  0000ffff 0x3f800000 3f800000 3f800000 3f800000 3f800000 3f800000 3f800000 3f800000 3f800000 3f800000 3f800000 3f800000 3f800000 3f800000 3f800000 3f800000 
core   0: 0x80000220 (0xa2719457) vfmadd.vv v8, v7, v3
core   0: 3 0x80000220 (0xa2719457) c8_vstart 0x00000000 c1_fflags 0x00000001 e32 m1 l16 v8  0000ffff 0x437e753a 43a2599b 4325300c 4327638e 4333172e 4376162e 43862ce2 43413a12 431d2fd7 435152d5 435d76f4 434f4746 4384969e 4380540c 437e753a 43a2599b 
core   0: 0x80000224 (0xfe812283) lw      x5, -24(x2)
core   0: 3 0x80000224 (0xfe812283) x5  0x3f800000 mem 0x7000001c
core   0: 0x80000228 (0x5e02c1d7) vmv.v.x v3, x5
core   0: 3 0x80000228 (0x5e02c1d7) c8_vstart 0x00000000 e32 m1 l16 v3  0000ffff 0x3f800000 3f800000 3f800000 3f800000 3f800000 3f800000 3f800000 3f800000 3f800000 3f800000 3f800000 3f800000 3f800000 3f800000 3f800000 3f800000 
core   0: 0x8000022c (0xa2819557) vfmadd.vv v10, v8, v3
core   0: 3 0x8000022c (0xa2819557) c8_vstart 0x00000000 c1_fflags 0x00000001 e32 m1 l16 v10 0000ffff 0x438e251e 43b2f889 43569dfe 4355df46 435fb788 43881b83 43afdb29 438d319e 433724fd 436b90e1 4396b6d2 43986817 438e7737 43a288be 438e251e 43b2f889 
core   0: 0x80000230 (0xfec12283) lw      x5, -20(x2)
core   0: 3 0x80000230 (0xfec12283) x5  0x3f800000 mem 0x70000020
core   0: 0x80000234 (0x5e02c1d7) vmv.v.x v3, x5
core   0: 3 0x80000234 (0x5e02c1d7) c8_vstart 0x00000000 e32 m1 l16 v3  0000ffff 0x3f800000 3f800000 3f800000 3f800000 3f800000 3f800000 3f800000 3f800000 3f800000 3f800000 3f800000 3f800000 3f800000 3f800000 3f800000 3f800000 
core   0: 0x80000238 (0xa2a195d7) vfmadd.vv v11, v10, v3
core   0: 3 0x80000238 (0xa2a195d7) c8_vstart 0x00000000 c1_fflags 0x00000001 e32 m1 l16 v11 0000ffff 0x43b059d0 43c1e30a 4380bc95 4383a69c 438719a0 439e6bb0 43bceb95 43b6dfe5 43882714 4382c303 43a3d5d8 43c06370 43bf3bab 43ac6957 43b059d0 43c1e30a 
core   0: 0x8000023c (0xff012283) lw      x5, -16(x2)
core   0: 3 0x8000023c (0xff012283) x5  0x3f800000 mem 0x70000024
core   0: 0x80000240 (0x5e02c1d7) vmv.v.x v3, x5
core   0: 3 0x80000240 (0x5e02c1d7) c8_vstart 0x00000000 e32 m1 l16 v3  0000ffff 0x3f800000 3f800000 3f800000 3f800000 3f800000 3f800000 3f800000 3f800000 3f800000 3f800000 3f800000 3f800000 3f800000 3f800000 3f800000 3f800000 
core   0: 0x80000244 (0xa2b19157) vfmadd.vv v2, v11, v3
core   0: 3 0x80000244 (0xa2b19157) c8_vstart 0x00000000 c1_fflags 0x00000001 e32 m1 l16 v2  0000ffff 0x43c8b315 43d00cf3 439277d0 439cc59e 43a63a0d 43c5f8ec 43eed4c5 43ce0289 43b66cbf 439694bc 43aabf36 43c95762 43c71f7e 43d5e442 43c8b315 43d00cf3 
core   0: 0x80000248 (0xff412283) lw      x5, -12(x2)
core   0: 3 0x80000248 (0xff412283) x5  0x3f800000 mem 0x70000028
core   0: 0x8000024c (0x5e02c1d7) vmv.v.x v3, x5
core   0: 3 0x8000024c (0x5e02c1d7) c8_vstart 0x00000000 e32 m1 l16 v3  0000ffff 0x3f800000 3f800000 3f800000 3f800000 3f800000 3f800000 3f800000 3f800000 3f800000 3f800000 3f800000 3f800000 3f800000 3f800000 3f800000 3f800000 
core   0: 0x80000250 (0xa2219057) vfmadd.vv v0, v2, v3
core   0: 3 0x80000250 (0xa2219057) c8_vstart 0x00000000 c1_fflags 0x00000001 e32 m1 l16 v0  0000ffff 0x43f22e00 43e86638 43b78e95 43ae80d9 43bf590f 43e51959 440b3100 43ffebb9 43cd8f63 43c4da67 43be90ef 43d040c0 43d01370 43ddc815 43f22e00 43e86638 
core   0: 0x80000254 (0xff812283) lw      x5, -8(x2)
core   0: 3 0x80000254 (0xff812283) x5  0x3f800000 mem 0x7000002c
core   0: 0x80000258 (0x5e02c157) vmv.v.x v2, x5
core   0: 3 0x80000258 (0x5e02c157) c8_vstart 0x00000000 e32 m1 l16 v2  0000ffff 0x3f800000 3f800000 3f800000 3f800000 3f800000 3f800000 3f800000 3f800000 3f800000 3f800000 3f800000 3f800000 3f800000 3f800000 3f800000 3f800000 
core   0: 0x8000025c (0xa20110d7) vfmadd.vv v1, v0, v2
core   0: 3 0x8000025c (0xa20110d7) c8_vstart 0x00000000 c1_fflags 0x00000001 e32 m1 l16 v1  0000ffff 0x43fa11d3 4408f092 43e75b6f 43d3979e 43d1144a 43fe385b 441ac136 4413bc7a 43ff7893 43dbfd0b 43ecd69a 43e41279 43d6fcce 43e6bc07 43fa11d3 4408f092 
core   0: 0x80000260 (0xffc12283) lw      x5, -4(x2)
core   0: 3 0x80000260 (0xffc12283) x5  0x90001000 mem 0x70000030
core   0: 0x80000264 (0x0292c057) vadd.vx v0, v9, x5
core   0: 3 0x80000264 (0x0292c057) c8_vstart 0x00000000 e32 m1 l16 v0  0000ffff 0x900012c8 900012c4 900012f8 900012f4 900012f0 900012ec 900012e8 900012e4 900012e0 900012dc 900012d8 900012d4 900012d0 900012cc 900012c8 900012c4 
core   0: 0x80000268 (0x0010607b) vsw12.v v1, v0, 0
core   0: 3 0x80000268 (0x0010607b) c8_vstart 0x00000000 e32 m1 l16 mem 0x900012c4 0x4408f092 mem 0x900012c8 0x43fa11d3 mem 0x900012cc 0x43e6bc07 mem 0x900012d0 0x43d6fcce mem 0x900012d4 0x43e41279 mem 0x900012d8 0x43ecd69a mem 0x900012dc 0x43dbfd0b mem 0x900012e0 0x43ff7893 mem 0x900012e4 0x4413bc7a mem 0x900012e8 0x441ac136 mem 0x900012ec 0x43fe385b mem 0x900012f0 0x43d1144a mem 0x900012f4 0x43d3979e mem 0x900012f8 0x43e75b6f mem 0x900012c4 0x4408f092 mem 0x900012c8 0x43fa11d3
core   0: 0x8000026c (0xfcc12083) lw      x1, -52(x2)
core   0: 3 0x8000026c (0xfcc12083) x1  0x800000a0 mem 0x70000000
core   0: 0x80000270 (0x0090200b) regext  x0, x0,  0 0 1 1 
core   0: 3 0x80000270 (0x0090200b)
core   0: 0x80000274 (0x7fc020ab) vlw.v   v1, x0, -4
core   0: 3 0x80000274 (0x7fc020ab) e32 m1 l16 v33 0000ffff 0x00000000 00000000 00000000 00000000 00000000 00000000 00000000 00000000 00000000 00000000 00000000 00000000 00000000 00000000 00000000 00000000  c8_vstart 0x00000000 mem 0x90003000 mem 0x90003004 mem 0x90003008 mem 0x9000300c mem 0x90003010 mem 0x90003014 mem 0x90003018 mem 0x9000301c mem 0x90003020 mem 0x90003024 mem 0x90003028 mem 0x9000302c mem 0x90003030 mem 0x90003034 mem 0x90003038 mem 0x9000303c
core   0: 0x80000278 (0xfcc10113) addi    x2, x2, -52
core   0: 3 0x80000278 (0xfcc10113) x2  0x70000000
core   0: 0x8000027c (0xffc20213) addi    x4, x4, -4
core   0: 3 0x8000027c (0xffc20213) x4  0x00000000
core   0: 0x80000280 (0x0010200b) regext  x0, x0,  0 0 0 1 
core   0: 3 0x80000280 (0x0010200b)
core   0: 0x80000284 (0x5e024057) vmv.v.x v0, x4
core   0: 3 0x80000284 (0x5e024057) c8_vstart 0x00000000 e32 m1 l16 v32 0000ffff 0x00000000 00000000 00000000 00000000 00000000 00000000 00000000 00000000 00000000 00000000 00000000 00000000 00000000 00000000 00000000 00000000 
core   0: 0x80000288 (0x00008067) ret
core   0: 3 0x80000288 (0x00008067)
core   0: 0x800000a0 (0x0000400b) endprg  x0, x0, x0
core   0: 3 0x800000a0 (0x0000400b)
core   0: 0x800000a4 (0x0040006f) j       pc + 0x4
core   0: 3 0x800000a4 (0x0040006f)
core   0: 0x800000a8 (0x00100313) li      x6, 1
core   0: 3 0x800000a8 (0x00100313) x6  0x00000001
core   0: 0x800000ac (0x00001297) auipc   x5, 0x1
core   0: 3 0x800000ac (0x00001297) x5  0x800010ac
core   0: 0x800000b0 (0xf5428293) addi    x5, x5, -172
core   0: 3 0x800000b0 (0xf5428293) x5  0x80001000
core   0: 0x800000b4 (0x0062a023) sw      x6, 0(x5)
core   0: 3 0x800000b4 (0x0062a023) mem 0x80001000 0x00000001
core   0: 0x00001000 (0x00000297) auipc   x5, 0x0
core   0: 3 0x00001000 (0x00000297) x5  0x00001000
core   0: 0x00001004 (0x02028593) addi    x11, x5, 32
core   0: 3 0x00001004 (0x02028593) x11 0x00001020
core   0: 0x00001008 (0xf1402573) csrr    x10, mhartid
core   0: 3 0x00001008 (0xf1402573) x10 0x00000000
core   0: 0x0000100c (0x0182a283) lw      x5, 24(x5)
core   0: 3 0x0000100c (0x0182a283) x5  0x80000000 mem 0x00001018
core   0: 0x00001010 (0x00028067) jr      x5
core   0: 3 0x00001010 (0x00028067)
core   0: 0x80000000 (0x00004197) auipc   x3, 0x4
core   0: 3 0x80000000 (0x00004197) x3  0x80004000
core   0: 0x80000004 (0x80818193) addi    x3, x3, -2040
core   0: 3 0x80000004 (0x80818193) x3  0x80003808
core   0: 0x80000008 (0x02000e93) li      x29, 32
core   0: 3 0x80000008 (0x02000e93) x29 0x00000020
core   0: 0x8000000c (0x0d0efed7) vsetvli x29, x29, e32, m1, ta, ma
core   0: 3 0x8000000c (0x0d0efed7) x29 0x00000010 c8_vstart 0x00000000 c3104_vl 0x00000010 c3105_vtype 0x000000d0 c768_mstatus 0x80000600
core   0: 0x80000010 (0x00002eb7) lui     x29, 0x2
core   0: 3 0x80000010 (0x00002eb7) x29 0x00002000
core   0: 0x80000014 (0x300eaef3) csrrs   x29, mstatus, x29
core   0: 3 0x80000014 (0x300eaef3) x29 0x80000600 c768_mstatus 0x80006600
core   0: 0x80000018 (0x00000e93) li      x29, 0
core   0: 3 0x80000018 (0x00000e93) x29 0x00000000
core   0: 0x8000001c (0x80502373) csrr    x6, wid
core   0: 3 0x8000001c (0x80502373) x6  0x00000000
core   0: 0x80000020 (0x806023f3) csrr    x7, lds
core   0: 3 0x80000020 (0x806023f3) x7  0x70000000
core   0: 0x80000024 (0x40000e13) li      x28, 1024
core   0: 3 0x80000024 (0x40000e13) x28 0x00000400
core   0: 0x80000028 (0x03c30333) mul     x6, x6, x28
core   0: 3 0x80000028 (0x03c30333) x6  0x00000000
core   0: 0x8000002c (0x00730133) add     x2, x6, x7
core   0: 3 0x8000002c (0x00730133) x2  0x70000000
core   0: 0x80000030 (0x00000213) li      x4, 0
core   0: 3 0x80000030 (0x00000213) x4  0x00000000
core   0: 0x80000034 (0x80102f73) csrr    x30, numw
core   0: 3 0x80000034 (0x80102f73) x30 0x00000001
core   0: 0x80000038 (0x40000e13) li      x28, 1024
core   0: 3 0x80000038 (0x40000e13) x28 0x00000400
core   0: 0x8000003c (0x03cf0f33) mul     x30, x30, x28
core   0: 3 0x8000003c (0x03cf0f33) x30 0x00000400
core   0: 0x80000040 (0x01e38433) add     x8, x7, x30
core   0: 3 0x80000040 (0x01e38433) x8  0x70000400
core   0: 0x80000044 (0x00003517) auipc   x10, 0x3
core   0: 3 0x80000044 (0x00003517) x10 0x80003044
core   0: 0x80000048 (0xfc450513) addi    x10, x10, -60
core   0: 3 0x80000048 (0xfc450513) x10 0x80003008
core   0: 0x8000004c (0x00003617) auipc   x12, 0x3
core   0: 3 0x8000004c (0x00003617) x12 0x8000304c
core   0: 0x80000050 (0xfbc60613) addi    x12, x12, -68
core   0: 3 0x80000050 (0xfbc60613) x12 0x80003008
core   0: 0x80000054 (0x00c50863) beq     x10, x12, pc + 16
core   0: 3 0x80000054 (0x00c50863)
core   0: 0x80000064 (0x803022f3) csrr    x5, knl
core   0: 3 0x80000064 (0x803022f3) x5  0x900e3000
core   0: 0x80000068 (0x0002a303) lw      x6, 0(x5)
core   0: 3 0x80000068 (0x0002a303) x6  0x800000b8 mem 0x900e3000
core   0: 0x8000006c (0x0042a503) lw      x10, 4(x5)
core   0: 3 0x8000006c (0x0042a503) x10 0x90002000 mem 0x900e3004
core   0: 0x80000070 (0x0302a383) lw      x7, 48(x5)
core   0: 3 0x80000070 (0x0302a383) x7  0x00000000 mem 0x900e3030
core   0: 0x80000074 (0x0342ae03) lw      x28, 52(x5)
core   0: 3 0x80000074 (0x0342ae03) x28 0x00000000 mem 0x900e3034
core   0: 0x80000078 (0x00003e97) auipc   x29, 0x3
core   0: 3 0x80000078 (0x00003e97) x29 0x80003078
core   0: 0x8000007c (0xf88e8e93) addi    x29, x29, -120
core   0: 3 0x8000007c (0xf88e8e93) x29 0x80003000
core   0: 0x80000080 (0x00003f17) auipc   x30, 0x3
core   0: 3 0x80000080 (0x00003f17) x30 0x80003080
core   0: 0x80000084 (0xf84f0f13) addi    x30, x30, -124
core   0: 3 0x80000084 (0xf84f0f13) x30 0x80003004
core   0: 0x80000088 (0x007ea023) sw      x7, 0(x29)
core   0: 3 0x80000088 (0x007ea023) mem 0x80003000 0x00000000
core   0: 0x8000008c (0x01cf2023) sw      x28, 0(x30)
core   0: 3 0x8000008c (0x01cf2023) mem 0x80003004 0x00000000
core   0: 0x80000090 (0x00000f97) auipc   x31, 0x0
core   0: 3 0x80000090 (0x00000f97) x31 0x80000090
core   0: 0x80000094 (0x018f8f93) addi    x31, x31, 24
core   0: 3 0x80000094 (0x018f8f93) x31 0x800000a8
core   0: 0x80000098 (0x305f9073) csrw    mtvec, x31
core   0: 3 0x80000098 (0x305f9073) c773_mtvec 0x800000a8
core   0: 0x8000009c (0x000300e7) jalr    x6
core   0: 3 0x8000009c (0x000300e7) x1  0x800000a0
core   0: 0x800000b8 (0x03410113) addi    x2, x2, 52
core   0: 3 0x800000b8 (0x03410113) x2  0x70000034
core   0: 0x800000bc (0x00420213) addi    x4, x4, 4
core   0: 3 0x800000bc (0x00420213) x4  0x00000004
core   0: 0x800000c0 (0x0010200b) regext  x0, x0,  0 0 0 1 
core   0: 3 0x800000c0 (0x0010200b)
core   0: 0x800000c4 (0x5e024057) vmv.v.x v0, x4
core   0: 3 0x800000c4 (0x5e024057) c8_vstart 0x00000000 e32 m1 l16 v32 0000ffff 0x00000004 00000004 00000004 00000004 00000004 00000004 00000004 00000004 00000004 00000004 00000004 00000004 00000004 00000004 00000004 00000004 
core   0: 0x800000c8 (0xfc112623) sw      x1, -52(x2)
core   0: 3 0x800000c8 (0xfc112623) mem 0x70000000 0x800000a0
core   0: 0x800000cc (0x0480200b) regext  x0, x0,  0 1 1 0 
core   0: 3 0x800000cc (0x0480200b)
core   0: 0x800000d0 (0xfe102e2b) vsw.v   v1, x0, -4
core   0: 3 0x800000d0 (0xfe102e2b) c8_vstart 0x00000000 mem 0x90003000 0x00000000 mem 0x90003004 0x00000000 mem 0x90003008 0x00000000 mem 0x9000300c 0x00000000 mem 0x90003010 0x00000000 mem 0x90003014 0x00000000 mem 0x90003018 0x00000000 mem 0x9000301c 0x00000000 mem 0x90003020 0x00000000 mem 0x90003024 0x00000000 mem 0x90003028 0x00000000 mem 0x9000302c 0x00000000 mem 0x90003030 0x00000000 mem 0x90003034 0x00000000 mem 0x90003038 0x00000000 mem 0x9000303c 0x00000000
core   0: 0x800000d4 (0x00452283) lw      x5, 4(x10)
core   0: 3 0x800000d4 (0x00452283) x5  0x90001000 mem 0x90002004
core   0: 0x800000d8 (0xfe512e23) sw      x5, -4(x2)
core   0: 3 0x800000d8 (0xfe512e23) mem 0x70000030 0x90001000
core   0: 0x800000dc (0x03052283) lw      x5, 48(x10)
core   0: 3 0x800000dc (0x03052283) x5  0x3f800000 mem 0x90002030
core   0: 0x800000e0 (0xfe512c23) sw      x5, -8(x2)
core   0: 3 0x800000e0 (0xfe512c23) mem 0x7000002c 0x3f800000
core   0: 0x800000e4 (0x02c52283) lw      x5, 44(x10)
core   0: 3 0x800000e4 (0x02c52283) x5  0x3f800000 mem 0x9000202c
core   0: 0x800000e8 (0xfe512a23) sw      x5, -12(x2)
core   0: 3 0x800000e8 (0xfe512a23) mem 0x70000028 0x3f800000
core   0: 0x800000ec (0x02852283) lw      x5, 40(x10)
core   0: 3 0x800000ec (0x02852283) x5  0x3f800000 mem 0x90002028
core   0: 0x800000f0 (0xfe512823) sw      x5, -16(x2)
core   0: 3 0x800000f0 (0xfe512823) mem 0x70000024 0x3f800000
core   0: 0x800000f4 (0x02452283) lw      x5, 36(x10)
core   0: 3 0x800000f4 (0x02452283) x5  0x3f800000 mem 0x90002024
core   0: 0x800000f8 (0xfe512623) sw      x5, -20(x2)
core   0: 3 0x800000f8 (0xfe512623) mem 0x70000020 0x3f800000
core   0: 0x800000fc (0x02052283) lw      x5, 32(x10)
core   0: 3 0x800000fc (0x02052283) x5  0x3f800000 mem 0x90002020
core   0: 0x80000100 (0xfe512423) sw      x5, -24(x2)
core   0: 3 0x80000100 (0xfe512423) mem 0x7000001c 0x3f800000
core   0: 0x80000104 (0x01c52283) lw      x5, 28(x10)
core   0: 3 0x80000104 (0x01c52283) x5  0x3f800000 mem 0x9000201c
core   0: 0x80000108 (0xfe512223) sw      x5, -28(x2)
core   0: 3 0x80000108 (0xfe512223) mem 0x70000018 0x3f800000
core   0: 0x8000010c (0x01852283) lw      x5, 24(x10)
core   0: 3 0x8000010c (0x01852283) x5  0x3f800000 mem 0x90002018
core   0: 0x80000110 (0xfe512023) sw      x5, -32(x2)
core   0: 3 0x80000110 (0xfe512023) mem 0x70000014 0x3f800000
core   0: 0x80000114 (0x01052283) lw      x5, 16(x10)
core   0: 3 0x80000114 (0x01052283) x5  0x3f800000 mem 0x90002010
core   0: 0x80000118 (0xfc512e23) sw      x5, -36(x2)
core   0: 3 0x80000118 (0xfc512e23) mem 0x70000010 0x3f800000
core   0: 0x8000011c (0x01452283) lw      x5, 20(x10)
core   0: 3 0x8000011c (0x01452283) x5  0x3f800000 mem 0x90002014
core   0: 0x80000120 (0xfc512c23) sw      x5, -40(x2)
core   0: 3 0x80000120 (0xfc512c23) mem 0x7000000c 0x3f800000
core   0: 0x80000124 (0x00052283) lw      x5, 0(x10)
core   0: 3 0x80000124 (0x00052283) x5  0x90000000 mem 0x90002000
core   0: 0x80000128 (0xfc512a23) sw      x5, -44(x2)
core   0: 3 0x80000128 (0xfc512a23) mem 0x70000008 0x90000000
core   0: 0x8000012c (0x00852283) lw      x5, 8(x10)
core   0: 3 0x8000012c (0x00852283) x5  0x00000010 mem 0x90002008
core   0: 0x80000130 (0xfc512823) sw      x5, -48(x2)
core   0: 3 0x80000130 (0xfc512823) mem 0x70000004 0x00000010
core   0: 0x80000134 (0x5e004057) vmv.v.x v0, x0
core   0: 3 0x80000134 (0x5e004057) c8_vstart 0x00000000 e32 m1 l16 v0  0000ffff 0x00000000 00000000 00000000 00000000 00000000 00000000 00000000 00000000 00000000 00000000 00000000 00000000 00000000 00000000 00000000 00000000 
core   0: 0x80000138 (0x154000ef) jal     pc + 0x154
core   0: 3 0x80000138 (0x154000ef) x1  0x8000013c
core   0: 0x8000028c (0x00410113) addi    x2, x2, 4
core   0: 3 0x8000028c (0x00410113) x2  0x70000038
core   0: 0x80000290 (0xfe112e23) sw      x1, -4(x2)
core   0: 3 0x80000290 (0xfe112e23) mem 0x70000034 0x8000013c
core   0: 0x80000294 (0x00200293) li      x5, 2
core   0: 3 0x80000294 (0x00200293) x5  0x00000002
core   0: 0x80000298 (0x5e02c0d7) vmv.v.x v1, x5
core   0: 3 0x80000298 (0x5e02c0d7) c8_vstart 0x00000000 e32 m1 l16 v1  0000ffff 0x00000002 00000002 00000002 00000002 00000002 00000002 00000002 00000002 00000002 00000002 00000002 00000002 00000002 00000002 00000002 00000002 
core   0: 0x8000029c (0x00000317) auipc   x6, 0x0
core   0: 3 0x8000029c (0x00000317) x6  0x8000029c
core   0: 0x800002a0 (0x04c3305b) setrpc  x0, x6, 76
core   0: 3 0x800002a0 (0x04c3305b) c2060_rpc 0x800002e8 current mask:	0000ffff current npc:	00000000 stack size: 0
core   0: 0x800002a4 (0x0200885b) vbeq    v0, v1, pc + 48
core   0: 3 0x800002a4 (0x0200885b) c8_vstart 0x00000000 e32 m1 l16 current mask:	0000ffff current npc:	800002a8 stack size: 0
core   0: 0x800002a8 (0x00100293) li      x5, 1
core   0: 3 0x800002a8 (0x00100293) x5  0x00000001
core   0: 0x800002ac (0x5e02c0d7) vmv.v.x v1, x5
core   0: 3 0x800002ac (0x5e02c0d7) c8_vstart 0x00000000 e32 m1 l16 v1  0000ffff 0x00000001 00000001 00000001 00000001 00000001 00000001 00000001 00000001 00000001 00000001 00000001 00000001 00000001 00000001 00000001 00000001 
core   0: 0x800002b0 (0x00000317) auipc   x6, 0x0
core   0: 3 0x800002b0 (0x00000317) x6  0x800002b0
core   0: 0x800002b4 (0x0383305b) setrpc  x0, x6, 56
core   0: 3 0x800002b4 (0x0383305b) c2060_rpc 0x800002e8 current mask:	0000ffff current npc:	800002a8 stack size: 0
core   0: 0x800002b8 (0x0200825b) vbeq    v0, v1, pc + 36
core   0: 3 0x800002b8 (0x0200825b) c8_vstart 0x00000000 e32 m1 l16 current mask:	0000ffff current npc:	800002bc stack size: 0
core   0: 0x800002bc (0x5e0040d7) vmv.v.x v1, x0
core   0: 3 0x800002bc (0x5e0040d7) c8_vstart 0x00000000 e32 m1 l16 v1  0000ffff 0x00000000 00000000 00000000 00000000 00000000 00000000 00000000 00000000 00000000 00000000 00000000 00000000 00000000 00000000 00000000 00000000 
core   0: 0x800002c0 (0x00000317) auipc   x6, 0x0
core   0: 3 0x800002c0 (0x00000317) x6  0x800002c0
core   0: 0x800002c4 (0x0283305b) setrpc  x0, x6, 40
core   0: 3 0x800002c4 (0x0283305b) c2060_rpc 0x800002e8 current mask:	0000ffff current npc:	800002bc stack size: 0
core   0: 0x800002c8 (0x00009e5b) vbne    v0, v1, pc + 28
core   0: 3 0x800002c8 (0x00009e5b) c8_vstart 0x00000000 e32 m1 l16 current mask:	0000ffff current npc:	800002cc stack size: 0
core   0: 0x800002cc (0x1a0000ef) jal     pc + 0x1a0
core   0: 3 0x800002cc (0x1a0000ef) x1  0x800002d0
core   0: 0x8000046c (0x00410113) addi    x2, x2, 4
core   0: 3 0x8000046c (0x00410113) x2  0x7000003c
core   0: 0x80000470 (0xfe112e23) sw      x1, -4(x2)
core   0: 3 0x80000470 (0xfe112e23) mem 0x70000038 0x800002d0
core   0: 0x80000474 (0xf1dff0ef) jal     pc - 0xe4
core   0: 3 0x80000474 (0xf1dff0ef) x1  0x80000478
core   0: 0x80000390 (0x00410113) addi    x2, x2, 4
core   0: 3 0x80000390 (0x00410113) x2  0x70000040
core   0: 0x80000394 (0xfe112e23) sw      x1, -4(x2)
core   0: 3 0x80000394 (0xfe112e23) mem 0x7000003c 0x80000478
core   0: 0x80000398 (0x80302573) csrr    x10, knl
core   0: 3 0x80000398 (0x80302573) x10 0x900e3000
core   0: 0x8000039c (0x00852283) lw      x5, 8(x10)
core   0: 3 0x8000039c (0x00852283) x5  0x00000002 mem 0x900e3008
core   0: 0x800003a0 (0x80002373) csrr    x6, tid
core   0: 3 0x800003a0 (0x80002373) x6  0x00000000
core   0: 0x800003a4 (0x5208a157) vid.v   v2
core   0: 3 0x800003a4 (0x5208a157) c8_vstart 0x00000000 e32 m1 l16 v2  0000ffff 0x0000000f 0000000e 0000000d 0000000c 0000000b 0000000a 00000009 00000008 00000007 00000006 00000005 00000004 00000003 00000002 00000001 00000000 
core   0: 0x800003a8 (0x02234057) vadd.vx v0, v2, x6
core   0: 3 0x800003a8 (0x02234057) c8_vstart 0x00000000 e32 m1 l16 v0  0000ffff 0x0000000f 0000000e 0000000d 0000000c 0000000b 0000000a 00000009 00000008 00000007 00000006 00000005 00000004 00000003 00000002 00000001 00000000 
core   0: 0x800003ac (0x01852e03) lw      x28, 24(x10)
core   0: 3 0x800003ac (0x01852e03) x28 0x0000000e mem 0x900e3018
core   0: 0x800003b0 (0x8a0e6057) vremu.vx v0, v0, x28
core   0: 3 0x800003b0 (0x8a0e6057) c8_vstart 0x00000000 e32 m1 l16 v0  0000ffff 0x00000001 00000000 0000000d 0000000c 0000000b 0000000a 00000009 00000008 00000007 00000006 00000005 00000004 00000003 00000002 00000001 00000000 
core   0: 0x800003b4 (0xffc12083) lw      x1, -4(x2)
core   0: 3 0x800003b4 (0xffc12083) x1  0x80000478 mem 0x7000003c
core   0: 0x800003b8 (0xffc10113) addi    x2, x2, -4
core   0: 3 0x800003b8 (0xffc10113) x2  0x7000003c
core   0: 0x800003bc (0x00008067) ret
core   0: 3 0x800003bc (0x00008067)
core   0: 0x80000478 (0x80302573) csrr    x10, knl
core   0: 3 0x80000478 (0x80302573) x10 0x900e3000
core   0: 0x8000047c (0x80802373) csrr    x6, gidx
core   0: 3 0x8000047c (0x80802373) x6  0x00000000
core   0: 0x80000480 (0x01852e03) lw      x28, 24(x10)
core   0: 3 0x80000480 (0x01852e03) x28 0x0000000e mem 0x900e3018
core   0: 0x80000484 (0x02452e83) lw      x29, 36(x10)
core   0: 3 0x80000484 (0x02452e83) x29 0x00000001 mem 0x900e3024
core   0: 0x80000488 (0x03c30fb3) mul     x31, x6, x28
core   0: 3 0x80000488 (0x03c30fb3) x31 0x00000000
core   0: 0x8000048c (0x01df8fb3) add     x31, x31, x29
core   0: 3 0x8000048c (0x01df8fb3) x31 0x00000001
core   0: 0x80000490 (0x020fc057) vadd.vx v0, v0, x31
core   0: 3 0x80000490 (0x020fc057) c8_vstart 0x00000000 e32 m1 l16 v0  0000ffff 0x00000002 00000001 0000000e 0000000d 0000000c 0000000b 0000000a 00000009 00000008 00000007 00000006 00000005 00000004 00000003 00000002 00000001 
core   0: 0x80000494 (0xffc12083) lw      x1, -4(x2)
core   0: 3 0x80000494 (0xffc12083) x1  0x800002d0 mem 0x70000038
core   0: 0x80000498 (0xffc10113) addi    x2, x2, -4
core   0: 3 0x80000498 (0xffc10113) x2  0x70000038
core   0: 0x8000049c (0x00008067) ret
core   0: 3 0x8000049c (0x00008067)
core   0: 0x800002d0 (0x0180006f) j       pc + 0x18
core   0: 3 0x800002d0 (0x0180006f)
core   0: 0x800002e8 (0x0000205b) join    v0, v0, pc + 0
core   0: 3 0x800002e8 (0x0000205b) current mask:	0000ffff current npc:	800002cc stack size: 0
core   0: 0x800002ec (0xffc12083) lw      x1, -4(x2)
core   0: 3 0x800002ec (0xffc12083) x1  0x8000013c mem 0x70000034
core   0: 0x800002f0 (0xffc10113) addi    x2, x2, -4
core   0: 3 0x800002f0 (0xffc10113) x2  0x70000034
core   0: 0x800002f4 (0x00008067) ret
core   0: 3 0x800002f4 (0x00008067)
core   0: 0x8000013c (0x0010200b) regext  x0, x0,  0 0 0 1 
core   0: 3 0x8000013c (0x0010200b)
core   0: 0x80000140 (0x020040d7) vadd.vx v1, v0, x0
core   0: 3 0x80000140 (0x020040d7) c8_vstart 0x00000000 e32 m1 l16 v33 0000ffff 0x00000002 00000001 0000000e 0000000d 0000000c 0000000b 0000000a 00000009 00000008 00000007 00000006 00000005 00000004 00000003 00000002 00000001 
core   0: 0x80000144 (0x00100293) li      x5, 1
core   0: 3 0x80000144 (0x00100293) x5  0x00000001
core   0: 0x80000148 (0x5e02c057) vmv.v.x v0, x5
core   0: 3 0x80000148 (0x5e02c057) c8_vstart 0x00000000 e32 m1 l16 v0  0000ffff 0x00000001 00000001 00000001 00000001 00000001 00000001 00000001 00000001 00000001 00000001 00000001 00000001 00000001 00000001 00000001 00000001 
core   0: 0x8000014c (0x140000ef) jal     pc + 0x140
core   0: 3 0x8000014c (0x140000ef) x1  0x80000150
core   0: 0x8000028c (0x00410113) addi    x2, x2, 4
core   0: 3 0x8000028c (0x00410113) x2  0x70000038
core   0: 0x80000290 (0xfe112e23) sw      x1, -4(x2)
core   0: 3 0x80000290 (0xfe112e23) mem 0x70000034 0x80000150
core   0: 0x80000294 (0x00200293) li      x5, 2
core   0: 3 0x80000294 (0x00200293) x5  0x00000002
core   0: 0x80000298 (0x5e02c0d7) vmv.v.x v1, x5
core   0: 3 0x80000298 (0x5e02c0d7) c8_vstart 0x00000000 e32 m1 l16 v1  0000ffff 0x00000002 00000002 00000002 00000002 00000002 00000002 00000002 00000002 00000002 00000002 00000002 00000002 00000002 00000002 00000002 00000002 
core   0: 0x8000029c (0x00000317) auipc   x6, 0x0
core   0: 3 0x8000029c (0x00000317) x6  0x8000029c
core   0: 0x800002a0 (0x04c3305b) setrpc  x0, x6, 76
core   0: 3 0x800002a0 (0x04c3305b) c2060_rpc 0x800002e8 current mask:	0000ffff current npc:	800002cc stack size: 0
core   0: 0x800002a4 (0x0200885b) vbeq    v0, v1, pc + 48
core   0: 3 0x800002a4 (0x0200885b) c8_vstart 0x00000000 e32 m1 l16 current mask:	0000ffff current npc:	800002a8 stack size: 0
core   0: 0x800002a8 (0x00100293) li      x5, 1
core   0: 3 0x800002a8 (0x00100293) x5  0x00000001
core   0: 0x800002ac (0x5e02c0d7) vmv.v.x v1, x5
core   0: 3 0x800002ac (0x5e02c0d7) c8_vstart 0x00000000 e32 m1 l16 v1  0000ffff 0x00000001 00000001 00000001 00000001 00000001 00000001 00000001 00000001 00000001 00000001 00000001 00000001 00000001 00000001 00000001 00000001 
core   0: 0x800002b0 (0x00000317) auipc   x6, 0x0
core   0: 3 0x800002b0 (0x00000317) x6  0x800002b0
core   0: 0x800002b4 (0x0383305b) setrpc  x0, x6, 56
core   0: 3 0x800002b4 (0x0383305b) c2060_rpc 0x800002e8 current mask:	0000ffff current npc:	800002a8 stack size: 0
core   0: 0x800002b8 (0x0200825b) vbeq    v0, v1, pc + 36
core   0: 3 0x800002b8 (0x0200825b) c8_vstart 0x00000000 e32 m1 l16 current mask:	0000ffff current npc:	800002dc stack size: 0
core   0: 0x800002dc (0x1c4000ef) jal     pc + 0x1c4
core   0: 3 0x800002dc (0x1c4000ef) x1  0x800002e0
core   0: 0x800004a0 (0x00410113) addi    x2, x2, 4
core   0: 3 0x800004a0 (0x00410113) x2  0x7000003c
core   0: 0x800004a4 (0xfe112e23) sw      x1, -4(x2)
core   0: 3 0x800004a4 (0xfe112e23) mem 0x70000038 0x800002e0
core   0: 0x800004a8 (0xf19ff0ef) jal     pc - 0xe8
core   0: 3 0x800004a8 (0xf19ff0ef) x1  0x800004ac
core   0: 0x800003c0 (0x00410113) addi    x2, x2, 4
core   0: 3 0x800003c0 (0x00410113) x2  0x70000040
core   0: 0x800003c4 (0xfe112e23) sw      x1, -4(x2)
core   0: 3 0x800003c4 (0xfe112e23) mem 0x7000003c 0x800004ac
core   0: 0x800003c8 (0x80302573) csrr    x10, knl
core   0: 3 0x800003c8 (0x80302573) x10 0x900e3000
core   0: 0x800003cc (0x00852283) lw      x5, 8(x10)
core   0: 3 0x800003cc (0x00852283) x5  0x00000002 mem 0x900e3008
core   0: 0x800003d0 (0x80002373) csrr    x6, tid
core   0: 3 0x800003d0 (0x80002373) x6  0x00000000
core   0: 0x800003d4 (0x5208a157) vid.v   v2
core   0: 3 0x800003d4 (0x5208a157) c8_vstart 0x00000000 e32 m1 l16 v2  0000ffff 0x0000000f 0000000e 0000000d 0000000c 0000000b 0000000a 00000009 00000008 00000007 00000006 00000005 00000004 00000003 00000002 00000001 00000000 
core   0: 0x800003d8 (0x02234057) vadd.vx v0, v2, x6
core   0: 3 0x800003d8 (0x02234057) c8_vstart 0x00000000 e32 m1 l16 v0  0000ffff 0x0000000f 0000000e 0000000d 0000000c 0000000b 0000000a 00000009 00000008 00000007 00000006 00000005 00000004 00000003 00000002 00000001 00000000 
core   0: 0x800003dc (0x01852e03) lw      x28, 24(x10)
core   0: 3 0x800003dc (0x01852e03) x28 0x0000000e mem 0x900e3018
core   0: 0x800003e0 (0x01c52e83) lw      x29, 28(x10)
core   0: 3 0x800003e0 (0x01c52e83) x29 0x00000001 mem 0x900e301c
core   0: 0x800003e4 (0x03ce8f33) mul     x30, x29, x28
core   0: 3 0x800003e4 (0x03ce8f33) x30 0x0000000e
core   0: 0x800003e8 (0x8a0f6057) vremu.vx v0, v0, x30
core   0: 3 0x800003e8 (0x8a0f6057) c8_vstart 0x00000000 e32 m1 l16 v0  0000ffff 0x00000001 00000000 0000000d 0000000c 0000000b 0000000a 00000009 00000008 00000007 00000006 00000005 00000004 00000003 00000002 00000001 00000000 
core   0: 0x800003ec (0x820e6057) vdivu.vx v0, v0, x28
core   0: 3 0x800003ec (0x820e6057) c8_vstart 0x00000000 e32 m1 l16 v0  0000ffff 0x00000000 00000000 00000000 00000000 00000000 00000000 00000000 00000000 00000000 00000000 00000000 00000000 00000000 00000000 00000000 00000000 
core   0: 0x800003f0 (0x5e0ec0d7) vmv.v.x v1, x29
core   0: 3 0x800003f0 (0x5e0ec0d7) c8_vstart 0x00000000 e32 m1 l16 v1  0000ffff 0x00000001 00000001 00000001 00000001 00000001 00000001 00000001 00000001 00000001 00000001 00000001 00000001 00000001 00000001 00000001 00000001 
core   0: 0x800003f4 (0x00000317) auipc   x6, 0x0
core   0: 3 0x800003f4 (0x00000317) x6  0x800003f4
core   0: 0x800003f8 (0x0143305b) setrpc  x0, x6, 20
core   0: 3 0x800003f8 (0x0143305b) c2060_rpc 0x80000408 current mask:	0000ffff current npc:	800002dc stack size: 0
core   0: 0x800003fc (0x0000c65b) vblt    v0, v1, pc + 12
core   0: 3 0x800003fc (0x0000c65b) c8_vstart 0x00000000 e32 m1 l16 current mask:	0000ffff current npc:	80000408 stack size: 0
core   0: 0x80000408 (0x0000205b) join    v0, v0, pc + 0
core   0: 3 0x80000408 (0x0000205b) current mask:	0000ffff current npc:	80000408 stack size: 0
core   0: 0x8000040c (0xffc12083) lw      x1, -4(x2)
core   0: 3 0x8000040c (0xffc12083) x1  0x800004ac mem 0x7000003c
core   0: 0x80000410 (0xffc10113) addi    x2, x2, -4
core   0: 3 0x80000410 (0xffc10113) x2  0x7000003c
core   0: 0x80000414 (0x00008067) ret
core   0: 3 0x80000414 (0x00008067)
core   0: 0x800004ac (0x80902373) csrr    x6, gidy
core   0: 3 0x800004ac (0x80902373) x6  0x0000000b
core   0: 0x800004b0 (0x01c52383) lw      x7, 28(x10)
core   0: 3 0x800004b0 (0x01c52383) x7  0x00000001 mem 0x900e301c
core   0: 0x800004b4 (0x02852e83) lw      x29, 40(x10)
core   0: 3 0x800004b4 (0x02852e83) x29 0x00000001 mem 0x900e3028
core   0: 0x800004b8 (0x02730e33) mul     x28, x6, x7
core   0: 3 0x800004b8 (0x02730e33) x28 0x0000000b
core   0: 0x800004bc (0x01de0e33) add     x28, x28, x29
core   0: 3 0x800004bc (0x01de0e33) x28 0x0000000c
core   0: 0x800004c0 (0x020e4057) vadd.vx v0, v0, x28
core   0: 3 0x800004c0 (0x020e4057) c8_vstart 0x00000000 e32 m1 l16 v0  0000ffff 0x0000000c 0000000c 0000000c 0000000c 0000000c 0000000c 0000000c 0000000c 0000000c 0000000c 0000000c 0000000c 0000000c 0000000c 0000000c 0000000c 
core   0: 0x800004c4 (0xffc12083) lw      x1, -4(x2)
core   0: 3 0x800004c4 (0xffc12083) x1  0x800002e0 mem 0x70000038
core   0: 0x800004c8 (0xffc10113) addi    x2, x2, -4
core   0: 3 0x800004c8 (0xffc10113) x2  0x70000038
core   0: 0x800004cc (0x00008067) ret
core   0: 3 0x800004cc (0x00008067)
core   0: 0x800002e0 (0x0080006f) j       pc + 0x8
core   0: 3 0x800002e0 (0x0080006f)
core   0: 0x800002e8 (0x0000205b) join    v0, v0, pc + 0
core   0: 3 0x800002e8 (0x0000205b) current mask:	0000ffff current npc:	80000408 stack size: 0
core   0: 0x800002ec (0xffc12083) lw      x1, -4(x2)
core   0: 3 0x800002ec (0xffc12083) x1  0x80000150 mem 0x70000034
core   0: 0x800002f0 (0xffc10113) addi    x2, x2, -4
core   0: 3 0x800002f0 (0xffc10113) x2  0x70000034
core   0: 0x800002f4 (0x00008067) ret
core   0: 3 0x800002f4 (0x00008067)
core   0: 0x80000150 (0xfd012283) lw      x5, -48(x2)
core   0: 3 0x80000150 (0xfd012283) x5  0x00000010 mem 0x70000004
core   0: 0x80000154 (0x5e02c0d7) vmv.v.x v1, x5
core   0: 3 0x80000154 (0x5e02c0d7) c8_vstart 0x00000000 e32 m1 l16 v1  0000ffff 0x00000010 00000010 00000010 00000010 00000010 00000010 00000010 00000010 00000010 00000010 00000010 00000010 00000010 00000010 00000010 00000010 
core   0: 0x80000158 (0x0400200b) regext  x0, x0,  0 1 0 0 
core   0: 3 0x80000158 (0x0400200b)
core   0: 0x8000015c (0xa612e057) vmadd.vx v0, v1, x5
core   0: 3 0x8000015c (0xa612e057) c8_vstart 0x00000000 e32 m1 l16 v0  0000ffff 0x000000c2 000000c1 000000ce 000000cd 000000cc 000000cb 000000ca 000000c9 000000c8 000000c7 000000c6 000000c5 000000c4 000000c3 000000c2 000000c1 
core   0: 0x80000160 (0x0010110b) vsub12.vi v2, v0, 1
core   0: 3 0x80000160 (0x0010110b) c8_vstart 0x00000000 e32 m1 l16 v2  0000ffff 0x000000c1 000000c0 000000cd 000000cc 000000cb 000000ca 000000c9 000000c8 000000c7 000000c6 000000c5 000000c4 000000c3 000000c2 000000c1 000000c0 
core   0: 0x80000164 (0x0a2081d7) vsub.vv v3, v2, v1
core   0: 3 0x80000164 (0x0a2081d7) c8_vstart 0x00000000 e32 m1 l16 v3  0000ffff 0x000000b1 000000b0 000000bd 000000bc 000000bb 000000ba 000000b9 000000b8 000000b7 000000b6 000000b5 000000b4 000000b3 000000b2 000000b1 000000b0 
core   0: 0x80000168 (0x963131d7) vsll.vi v3, v3, 2
core   0: 3 0x80000168 (0x963131d7) c8_vstart 0x00000000 e32 m1 l16 v3  0000ffff 0x000002c4 000002c0 000002f4 000002f0 000002ec 000002e8 000002e4 000002e0 000002dc 000002d8 000002d4 000002d0 000002cc 000002c8 000002c4 000002c0 
core   0: 0x8000016c (0xfd412283) lw      x5, -44(x2)
core   0: 3 0x8000016c (0xfd412283) x5  0x90000000 mem 0x70000008
core   0: 0x80000170 (0x5e02c257) vmv.v.x v4, x5
core   0: 3 0x80000170 (0x5e02c257) c8_vstart 0x00000000 e32 m1 l16 v4  0000ffff 0x90000000 90000000 90000000 90000000 90000000 90000000 90000000 90000000 90000000 90000000 90000000 90000000 90000000 90000000 90000000 90000000 
core   0: 0x80000174 (0x0232c1d7) vadd.vx v3, v3, x5
core   0: 3 0x80000174 (0x0232c1d7) c8_vstart 0x00000000 e32 m1 l16 v3  0000ffff 0x900002c4 900002c0 900002f4 900002f0 900002ec 900002e8 900002e4 900002e0 900002dc 900002d8 900002d4 900002d0 900002cc 900002c8 900002c4 900002c0 
core   0: 0x80000178 (0x0a0082d7) vsub.vv v5, v0, v1
core   0: 3 0x80000178 (0x0a0082d7) c8_vstart 0x00000000 e32 m1 l16 v5  0000ffff 0x000000b2 000000b1 000000be 000000bd 000000bc 000000bb 000000ba 000000b9 000000b8 000000b7 000000b6 000000b5 000000b4 000000b3 000000b2 000000b1 
core   0: 0x8000017c (0x965132d7) vsll.vi v5, v5, 2
core   0: 3 0x8000017c (0x965132d7) c8_vstart 0x00000000 e32 m1 l16 v5  0000ffff 0x000002c8 000002c4 000002f8 000002f4 000002f0 000002ec 000002e8 000002e4 000002e0 000002dc 000002d8 000002d4 000002d0 000002cc 000002c8 000002c4 
core   0: 0x80000180 (0x024282d7) vadd.vv v5, v4, v5
core   0: 3 0x80000180 (0x024282d7) c8_vstart 0x00000000 e32 m1 l16 v5  0000ffff 0x900002c8 900002c4 900002f8 900002f4 900002f0 900002ec 900002e8 900002e4 900002e0 900002dc 900002d8 900002d4 900002d0 900002cc 900002c8 900002c4 
core   0: 0x80000184 (0x0002a2fb) vlw12.v v5, v5, 0
core   0: 3 0x80000184 (0x0002a2fb) e32 m1 l16 v5  0000ffff 0x41eea80d 4204f76f 4245b7c9 4239eede 42328166 41d106c0 42a6b91b 42b25254 41cfa92d 41d1f05e 429fed62 42c311d0 419e0996 4288d2ca 41eea80d 4204f76f  c8_vstart 0x00000000 mem 0x900002c4 mem 0x900002c8 mem 0x900002cc mem 0x900002d0 mem 0x900002d4 mem 0x900002d8 mem 0x900002dc mem 0x900002e0 mem 0x900002e4 mem 0x900002e8 mem 0x900002ec mem 0x900002f0 mem 0x900002f4 mem 0x900002f8 mem 0x900002c4 mem 0x900002c8
core   0: 0x80000188 (0x0001a1fb) vlw12.v v3, v3, 0
core   0: 3 0x80000188 (0x0001a1fb) e32 m1 l16 v3  0000ffff 0x4204f76f 42356ebd 4239eede 42328166 41d106c0 42a6b91b 42b25254 41cfa92d 41d1f05e 429fed62 42c311d0 419e0996 4288d2ca 41eea80d 4204f76f 42356ebd  c8_vstart 0x00000000 mem 0x900002c0 mem 0x900002c4 mem 0x900002c8 mem 0x900002cc mem 0x900002d0 mem 0x900002d4 mem 0x900002d8 mem 0x900002dc mem 0x900002e0 mem 0x900002e4 mem 0x900002e8 mem 0x900002ec mem 0x900002f0 mem 0x900002f4 mem 0x900002c0 mem 0x900002c4
core   0: 0x8000018c (0xfd812283) lw      x5, -40(x2)
core   0: 3 0x8000018c (0xfd812283) x5  0x3f800000 mem 0x7000000c
core   0: 0x80000190 (0x5e02c357) vmv.v.x v6, x5
core   0: 3 0x80000190 (0x5e02c357) c8_vstart 0x00000000 e32 m1 l16 v6  0000ffff 0x3f800000 3f800000 3f800000 3f800000 3f800000 3f800000 3f800000 3f800000 3f800000 3f800000 3f800000 3f800000 3f800000 3f800000 3f800000 3f800000 
core   0: 0x80000194 (0x925312d7) vfmul.vv v5, v5, v6
core   0: 3 0x80000194 (0x925312d7) c8_vstart 0x00000000 e32 m1 l16 v5  0000ffff 0x41eea80d 4204f76f 4245b7c9 4239eede 42328166 41d106c0 42a6b91b 42b25254 41cfa92d 41d1f05e 429fed62 42c311d0 419e0996 4288d2ca 41eea80d 4204f76f 
core   0: 0x80000198 (0x0200b357) vadd.vi v6, v0, 1
core   0: 3 0x80000198 (0x0200b357) c8_vstart 0x00000000 e32 m1 l16 v6  0000ffff 0x000000c3 000000c2 000000cf 000000ce 000000cd 000000cc 000000cb 000000ca 000000c9 000000c8 000000c7 000000c6 000000c5 000000c4 000000c3 000000c2 
core   0: 0x8000019c (0x0a6083d7) vsub.vv v7, v6, v1
core   0: 3 0x8000019c (0x0a6083d7) c8_vstart 0x00000000 e32 m1 l16 v7  0000ffff 0x000000b3 000000b2 000000bf 000000be 000000bd 000000bc 000000bb 000000ba 000000b9 000000b8 000000b7 000000b6 000000b5 000000b4 000000b3 000000b2 
core   0: 0x800001a0 (0x967133d7) vsll.vi v7, v7, 2
core   0: 3 0x800001a0 (0x967133d7) c8_vstart 0x00000000 e32 m1 l16 v7  0000ffff 0x000002cc 000002c8 000002fc 000002f8 000002f4 000002f0 000002ec 000002e8 000002e4 000002e0 000002dc 000002d8 000002d4 000002d0 000002cc 000002c8 
core   0: 0x800001a4 (0x024383d7) vadd.vv v7, v4, v7
core   0: 3 0x800001a4 (0x024383d7) c8_vstart 0x00000000 e32 m1 l16 v7  0000ffff 0x900002cc 900002c8 900002fc 900002f8 900002f4 900002f0 900002ec 900002e8 900002e4 900002e0 900002dc 900002d8 900002d4 900002d0 900002cc 900002c8 
core   0: 0x800001a8 (0x0003a3fb) vlw12.v v7, v7, 0
core   0: 3 0x800001a8 (0x0003a3fb) e32 m1 l16 v7  0000ffff 0x4288d2ca 41eea80d 422b6cb0 4245b7c9 4239eede 42328166 41d106c0 42a6b91b 42b25254 41cfa92d 41d1f05e 429fed62 42c311d0 419e0996 4288d2ca 41eea80d  c8_vstart 0x00000000 mem 0x900002c8 mem 0x900002cc mem 0x900002d0 mem 0x900002d4 mem 0x900002d8 mem 0x900002dc mem 0x900002e0 mem 0x900002e4 mem 0x900002e8 mem 0x900002ec mem 0x900002f0 mem 0x900002f4 mem 0x900002f8 mem 0x900002fc mem 0x900002c8 mem 0x900002cc
core   0: 0x800001ac (0x96213457) vsll.vi v8, v2, 2
core   0: 3 0x800001ac (0x96213457) c8_vstart 0x00000000 e32 m1 l16 v8  0000ffff 0x00000304 00000300 00000334 00000330 0000032c 00000328 00000324 00000320 0000031c 00000318 00000314 00000310 0000030c 00000308 00000304 00000300 
core   0: 0x800001b0 (0x02440457) vadd.vv v8, v4, v8
core   0: 3 0x800001b0 (0x02440457) c8_vstart 0x00000000 e32 m1 l16 v8  0000ffff 0x90000304 90000300 90000334 90000330 9000032c 90000328 90000324 90000320 9000031c 90000318 90000314 90000310 9000030c 90000308 90000304 90000300 
core   0: 0x800001b4 (0x0004247b) vlw12.v v8, v8, 0
core   0: 3 0x800001b4 (0x0004247b) e32 m1 l16 v8  0000ffff 0x4242ca27 41e29e93 420dd9d8 4248f812 42790368 429e34ee 42c7a4c1 42391522 42b916ac 421e8dca 415d2bbf 418f3f23 417c7a57 42a5ebad 4242ca27 41e29e93  c8_vstart 0x00000000 mem 0x90000300 mem 0x90000304 mem 0x90000308 mem 0x9000030c mem 0x90000310 mem 0x90000314 mem 0x90000318 mem 0x9000031c mem 0x90000320 mem 0x90000324 mem 0x90000328 mem 0x9000032c mem 0x90000330 mem 0x90000334 mem 0x90000300 mem 0x90000304
core   0: 0x800001b8 (0x960134d7) vsll.vi v9, v0, 2
core   0: 3 0x800001b8 (0x960134d7) c8_vstart 0x00000000 e32 m1 l16 v9  0000ffff 0x00000308 00000304 00000338 00000334 00000330 0000032c 00000328 00000324 00000320 0000031c 00000318 00000314 00000310 0000030c 00000308 00000304 
core   0: 0x800001bc (0x02448557) vadd.vv v10, v4, v9
core   0: 3 0x800001bc (0x02448557) c8_vstart 0x00000000 e32 m1 l16 v10 0000ffff 0x90000308 90000304 90000338 90000334 90000330 9000032c 90000328 90000324 90000320 9000031c 90000318 90000314 90000310 9000030c 90000308 90000304 
core   0: 0x800001c0 (0x0005257b) vlw12.v v10, v10, 0
core   0: 3 0x800001c0 (0x0005257b) e32 m1 l16 v10 0000ffff 0x42a5ebad 4242ca27 42945b15 420dd9d8 4248f812 42790368 429e34ee 42c7a4c1 42391522 42b916ac 421e8dca 415d2bbf 418f3f23 417c7a57 42a5ebad 4242ca27  c8_vstart 0x00000000 mem 0x90000304 mem 0x90000308 mem 0x9000030c mem 0x90000310 mem 0x90000314 mem 0x90000318 mem 0x9000031c mem 0x90000320 mem 0x90000324 mem 0x90000328 mem 0x9000032c mem 0x90000330 mem 0x90000334 mem 0x90000338 mem 0x90000304 mem 0x90000308
core   0: 0x800001c4 (0x966135d7) vsll.vi v11, v6, 2
core   0: 3 0x800001c4 (0x966135d7) c8_vstart 0x00000000 e32 m1 l16 v11 0000ffff 0x0000030c 00000308 0000033c 00000338 00000334 00000330 0000032c 00000328 00000324 00000320 0000031c 00000318 00000314 00000310 0000030c 00000308 
core   0: 0x800001c8 (0x024585d7) vadd.vv v11, v4, v11
core   0: 3 0x800001c8 (0x024585d7) c8_vstart 0x00000000 e32 m1 l16 v11 0000ffff 0x9000030c 90000308 9000033c 90000338 90000334 90000330 9000032c 90000328 90000324 90000320 9000031c 90000318 90000314 90000310 9000030c 90000308 
core   0: 0x800001cc (0x0005a5fb) vlw12.v v11, v11, 0
core   0: 3 0x800001cc (0x0005a5fb) e32 m1 l16 v11 0000ffff 0x417c7a57 42a5ebad 42bf3367 42945b15 420dd9d8 4248f812 42790368 429e34ee 42c7a4c1 42391522 42b916ac 421e8dca 415d2bbf 418f3f23 417c7a57 42a5ebad  c8_vstart 0x00000000 mem 0x90000308 mem 0x9000030c mem 0x90000310 mem 0x90000314 mem 0x90000318 mem 0x9000031c mem 0x90000320 mem 0x90000324 mem 0x90000328 mem 0x9000032c mem 0x90000330 mem 0x90000334 mem 0x90000338 mem 0x9000033c mem 0x90000308 mem 0x9000030c
core   0: 0x800001d0 (0x02208157) vadd.vv v2, v2, v1
core   0: 3 0x800001d0 (0x02208157) c8_vstart 0x00000000 e32 m1 l16 v2  0000ffff 0x000000d1 000000d0 000000dd 000000dc 000000db 000000da 000000d9 000000d8 000000d7 000000d6 000000d5 000000d4 000000d3 000000d2 000000d1 000000d0 
core   0: 0x800001d4 (0x96213157) vsll.vi v2, v2, 2
core   0: 3 0x800001d4 (0x96213157) c8_vstart 0x00000000 e32 m1 l16 v2  0000ffff 0x00000344 00000340 00000374 00000370 0000036c 00000368 00000364 00000360 0000035c 00000358 00000354 00000350 0000034c 00000348 00000344 00000340 
core   0: 0x800001d8 (0x02410157) vadd.vv v2, v4, v2
core   0: 3 0x800001d8 (0x02410157) c8_vstart 0x00000000 e32 m1 l16 v2  0000ffff 0x90000344 90000340 90000374 90000370 9000036c 90000368 90000364 90000360 9000035c 90000358 90000354 90000350 9000034c 90000348 90000344 90000340 
core   0: 0x800001dc (0x0001217b) vlw12.v v2, v2, 0
core   0: 3 0x800001dc (0x0001217b) e32 m1 l16 v2  0000ffff 0x4080517b 428968a3 4043d8eb 42322f55 429b869b 425685c6 42c4203c 42048bd1 41dc04cc 416b3901 422fe727 3fc5ba0c 42b0eb09 42800632 4080517b 428968a3  c8_vstart 0x00000000 mem 0x90000340 mem 0x90000344 mem 0x90000348 mem 0x9000034c mem 0x90000350 mem 0x90000354 mem 0x90000358 mem 0x9000035c mem 0x90000360 mem 0x90000364 mem 0x90000368 mem 0x9000036c mem 0x90000370 mem 0x90000374 mem 0x90000340 mem 0x90000344
core   0: 0x800001e0 (0x02008057) vadd.vv v0, v0, v1
core   0: 3 0x800001e0 (0x02008057) c8_vstart 0x00000000 e32 m1 l16 v0  0000ffff 0x000000d2 000000d1 000000de 000000dd 000000dc 000000db 000000da 000000d9 000000d8 000000d7 000000d6 000000d5 000000d4 000000d3 000000d2 000000d1 
core   0: 0x800001e4 (0x96013057) vsll.vi v0, v0, 2
core   0: 3 0x800001e4 (0x96013057) c8_vstart 0x00000000 e32 m1 l16 v0  0000ffff 0x00000348 00000344 00000378 00000374 00000370 0000036c 00000368 00000364 00000360 0000035c 00000358 00000354 00000350 0000034c 00000348 00000344 
core   0: 0x800001e8 (0x02400057) vadd.vv v0, v4, v0
core   0: 3 0x800001e8 (0x02400057) c8_vstart 0x00000000 e32 m1 l16 v0  0000ffff 0x90000348 90000344 90000378 90000374 90000370 9000036c 90000368 90000364 90000360 9000035c 90000358 90000354 90000350 9000034c 90000348 90000344 
core   0: 0x800001ec (0x0000207b) vlw12.v v0, v0, 0
core   0: 3 0x800001ec (0x0000207b) e32 m1 l16 v0  0000ffff 0x42800632 4080517b 41a4f3cc 4043d8eb 42322f55 429b869b 425685c6 42c4203c 42048bd1 41dc04cc 416b3901 422fe727 3fc5ba0c 42b0eb09 42800632 4080517b  c8_vstart 0x00000000 mem 0x90000344 mem 0x90000348 mem 0x9000034c mem 0x90000350 mem 0x90000354 mem 0x90000358 mem 0x9000035c mem 0x90000360 mem 0x90000364 mem 0x90000368 mem 0x9000036c mem 0x90000370 mem 0x90000374 mem 0x90000378 mem 0x90000344 mem 0x90000348
core   0: 0x800001f0 (0x026080d7) vadd.vv v1, v6, v1
core   0: 3 0x800001f0 (0x026080d7) c8_vstart 0x00000000 e32 m1 l16 v1  0000ffff 0x000000d3 000000d2 000000df 000000de 000000dd 000000dc 000000db 000000da 000000d9 000000d8 000000d7 000000d6 000000d5 000000d4 000000d3 000000d2 
core   0: 0x800001f4 (0x961130d7) vsll.vi v1, v1, 2
core   0: 3 0x800001f4 (0x961130d7) c8_vstart 0x00000000 e32 m1 l16 v1  0000ffff 0x0000034c 00000348 0000037c 00000378 00000374 00000370 0000036c 00000368 00000364 00000360 0000035c 00000358 00000354 00000350 0000034c 00000348 
core   0: 0x800001f8 (0x024080d7) vadd.vv v1, v4, v1
core   0: 3 0x800001f8 (0x024080d7) c8_vstart 0x00000000 e32 m1 l16 v1  0000ffff 0x9000034c 90000348 9000037c 90000378 90000374 90000370 9000036c 90000368 90000364 90000360 9000035c 90000358 90000354 90000350 9000034c 90000348 
core   0: 0x800001fc (0x0000a0fb) vlw12.v v1, v1, 0
core   0: 3 0x800001fc (0x0000a0fb) e32 m1 l16 v1  0000ffff 0x42b0eb09 42800632 4291bf4f 41a4f3cc 4043d8eb 42322f55 429b869b 425685c6 42c4203c 42048bd1 41dc04cc 416b3901 422fe727 3fc5ba0c 42b0eb09 42800632  c8_vstart 0x00000000 mem 0x90000348 mem 0x9000034c mem 0x90000350 mem 0x90000354 mem 0x90000358 mem 0x9000035c mem 0x90000360 mem 0x90000364 mem 0x90000368 mem 0x9000036c mem 0x90000370 mem 0x90000374 mem 0x90000378 mem 0x9000037c mem 0x90000348 mem 0x9000034c
core   0: 0x80000200 (0xfdc12283) lw      x5, -36(x2)
core   0: 3 0x80000200 (0xfdc12283) x5  0x3f800000 mem 0x70000010
core   0: 0x80000204 (0x5e02c257) vmv.v.x v4, x5
core   0: 3 0x80000204 (0x5e02c257) c8_vstart 0x00000000 e32 m1 l16 v4  0000ffff 0x3f800000 3f800000 3f800000 3f800000 3f800000 3f800000 3f800000 3f800000 3f800000 3f800000 3f800000 3f800000 3f800000 3f800000 3f800000 3f800000 
core   0: 0x80000208 (0xa25211d7) vfmadd.vv v3, v5, v4
core   0: 3 0x80000208 (0xa25211d7) c8_vstart 0x00000000 c1_fflags 0x00000001 e32 m1 l16 v3  0000ffff 0x427c4b76 429d3316 42bfd354 42b63822 428d8263 42dafacb 432c85b8 42e63c9f 4250ccc6 42d4697a 43317f99 42ea9436 42b05530 42c47ccd 427c4b76 429d3316 
core   0: 0x8000020c (0xfe012283) lw      x5, -32(x2)
core   0: 3 0x8000020c (0xfe012283) x5  0x3f800000 mem 0x70000014
core   0: 0x80000210 (0x5e02c257) vmv.v.x v4, x5
core   0: 3 0x80000210 (0x5e02c257) c8_vstart 0x00000000 e32 m1 l16 v4  0000ffff 0x3f800000 3f800000 3f800000 3f800000 3f800000 3f800000 3f800000 3f800000 3f800000 3f800000 3f800000 3f800000 3f800000 3f800000 3f800000 3f800000 
core   0: 0x80000214 (0xa23213d7) vfmadd.vv v7, v3, v4
core   0: 3 0x80000214 (0xa23213d7) c8_vstart 0x00000000 c1_fflags 0x00000001 e32 m1 l16 v7  0000ffff 0x43037c42 42d8dd19 430ac4d6 430c8a03 42ea79d2 431a1dbf 4346a690 43467add 430d5c5c 430429e3 434bbda5 434540cc 4339b380 42ebff32 43037c42 42d8dd19 
core   0: 0x80000218 (0xfe412283) lw      x5, -28(x2)
core   0: 3 0x80000218 (0xfe412283) x5  0x3f800000 mem 0x70000018
core   0: 0x8000021c (0x5e02c1d7) vmv.v.x v3, x5
core   0: 3 0x8000021c (0x5e02c1d7) c8_vstart 0x00000000 e32 m1 l16 v3  0000ffff 0x3f800000 3f800000 3f800000 3f800000 3f800000 3f800000 3f800000 3f800000 3f800000 3f800000 3f800000 3f800000 3f800000 3f800000 3f800000 3f800000 
core   0: 0x80000220 (0xa2719457) vfmadd.vv v8, v7, v3
core   0: 3 0x80000220 (0xa2719457) c8_vstart 0x00000000 c1_fflags 0x00000001 e32 m1 l16 v8  0000ffff 0x43342ecc 4308c25f 432e3b4c 433ec808 43337dc3 43693836 43953c78 4374c026 4369e7b2 432bcd56 43599061 435728b0 43497b25 4348f570 43342ecc 4308c25f 
core   0: 0x80000224 (0xfe812283) lw      x5, -24(x2)
core   0: 3 0x80000224 (0xfe812283) x5  0x3f800000 mem 0x7000001c
core   0: 0x80000228 (0x5e02c1d7) vmv.v.x v3, x5
core   0: 3 0x80000228 (0x5e02c1d7) c8_vstart 0x00000000 e32 m1 l16 v3  0000ffff 0x3f800000 3f800000 3f800000 3f800000 3f800000 3f800000 3f800000 3f800000 3f800000 3f800000 3f800000 3f800000 3f800000 3f800000 3f800000 3f800000 
core   0: 0x8000022c (0xa2819557) vfmadd.vv v10, v8, v3
core   0: 3 0x8000022c (0xa2819557) c8_vstart 0x00000000 c1_fflags 0x00000001 e32 m1 l16 v10 0000ffff 0x43839251 433974e9 437868d6 43623e7e 4365bbc8 4393bc88 43bcc9b4 43ac4943 438c167d 43842c56 438099ea 4364fb6c 435b6309 4358bd15 43839251 433974e9 
core   0: 0x80000230 (0xfec12283) lw      x5, -20(x2)
core   0: 3 0x80000230 (0xfec12283) x5  0x3f800000 mem 0x70000020
core   0: 0x80000234 (0x5e02c1d7) vmv.v.x v3, x5
core   0: 3 0x80000234 (0x5e02c1d7) c8_vstart 0x00000000 e32 m1 l16 v3  0000ffff 0x3f800000 3f800000 3f800000 3f800000 3f800000 3f800000 3f800000 3f800000 3f800000 3f800000 3f800000 3f800000 3f800000 3f800000 3f800000 3f800000 
core   0: 0x80000238 (0xa2a195d7) vfmadd.vv v11, v10, v3
core   0: 3 0x80000238 (0xa2a195d7) c8_vstart 0x00000000 c1_fflags 0x00000001 e32 m1 l16 v11 0000ffff 0x438b7624 43863560 43ac0145 43963604 4384991f 43acdb8a 43dbea21 43d3d67e 43bdffad 439b4efa 43aedf95 43864f6f 436935c5 436aa4f9 438b7624 43863560 
core   0: 0x8000023c (0xff012283) lw      x5, -16(x2)
core   0: 3 0x8000023c (0xff012283) x5  0x3f800000 mem 0x70000024
core   0: 0x80000240 (0x5e02c1d7) vmv.v.x v3, x5
core   0: 3 0x80000240 (0x5e02c1d7) c8_vstart 0x00000000 e32 m1 l16 v3  0000ffff 0x3f800000 3f800000 3f800000 3f800000 3f800000 3f800000 3f800000 3f800000 3f800000 3f800000 3f800000 3f800000 3f800000 3f800000 3f800000 3f800000 
core   0: 0x80000244 (0xa2b19157) vfmadd.vv v2, v11, v3
core   0: 3 0x80000244 (0xa2b19157) c8_vstart 0x00000000 c1_fflags 0x00000001 e32 m1 l16 v2  0000ffff 0x438d776a 43a88f89 43ad88f7 43ac7bef 43ab7ac6 43c7ac43 44067918 43e467f8 43cbbffa 43a2a8c2 43c4dc7a 43871529 43a0d5a5 43955409 438d776a 43a88f89 
core   0: 0x80000248 (0xff412283) lw      x5, -12(x2)
core   0: 3 0x80000248 (0xff412283) x5  0x3f800000 mem 0x70000028
core   0: 0x8000024c (0x5e02c1d7) vmv.v.x v3, x5
core   0: 3 0x8000024c (0x5e02c1d7) c8_vstart 0x00000000 e32 m1 l16 v3  0000ffff 0x3f800000 3f800000 3f800000 3f800000 3f800000 3f800000 3f800000 3f800000 3f800000 3f800000 3f800000 3f800000 3f800000 3f800000 3f800000 3f800000 
core   0: 0x80000250 (0xa2219057) vfmadd.vv v0, v2, v3
core   0: 3 0x80000250 (0xa2219057) c8_vstart 0x00000000 c1_fflags 0x00000001 e32 m1 l16 v0  0000ffff 0x43ad78f6 43aa90cf 43b7d834 43ae03a1 43c1c0b1 43ee8dea 4413e174 440ab804 43dc5174 43b0690f 43cc3642 439d120e 43a19b5f 43c18ecb 43ad78f6 43aa90cf 
core   0: 0x80000254 (0xff812283) lw      x5, -8(x2)
core   0: 3 0x80000254 (0xff812283) x5  0x3f800000 mem 0x7000002c
core   0: 0x80000258 (0x5e02c157) vmv.v.x v2, x5
core   0: 3 0x80000258 (0x5e02c157) c8_vstart 0x00000000 e32 m1 l16 v2  0000ffff 0x3f800000 3f800000 3f800000 3f800000 3f800000 3f800000 3f800000 3f800000 3f800000 3f800000 3f800000 3f800000 3f800000 3f800000 3f800000 3f800000 
core   0: 0x8000025c (0xa20110d7) vfmadd.vv v1, v0, v2
core   0: 3 0x8000025c (0xa20110d7) c8_vstart 0x00000000 c1_fflags 0x00000001 e32 m1 l16 v1  0000ffff 0x43d9b3b8 43ca925c 43dc4808 43b852de 43c34863 440269ea 44275247 44182060 4406acc2 43c0fa89 43d9f68f 43a46bd6 43b79844 43c25485 43d9b3b8 43ca925c 
core   0: 0x80000260 (0xffc12283) lw      x5, -4(x2)
core   0: 3 0x80000260 (0xffc12283) x5  0x90001000 mem 0x70000030
core   0: 0x80000264 (0x0292c057) vadd.vx v0, v9, x5
core   0: 3 0x80000264 (0x0292c057) c8_vstart 0x00000000 e32 m1 l16 v0  0000ffff 0x90001308 90001304 90001338 90001334 90001330 9000132c 90001328 90001324 90001320 9000131c 90001318 90001314 90001310 9000130c 90001308 90001304 
core   0: 0x80000268 (0x0010607b) vsw12.v v1, v0, 0
core   0: 3 0x80000268 (0x0010607b) c8_vstart 0x00000000 e32 m1 l16 mem 0x90001304 0x43ca925c mem 0x90001308 0x43d9b3b8 mem 0x9000130c 0x43c25485 mem 0x90001310 0x43b79844 mem 0x90001314 0x43a46bd6 mem 0x90001318 0x43d9f68f mem 0x9000131c 0x43c0fa89 mem 0x90001320 0x4406acc2 mem 0x90001324 0x44182060 mem 0x90001328 0x44275247 mem 0x9000132c 0x440269ea mem 0x90001330 0x43c34863 mem 0x90001334 0x43b852de mem 0x90001338 0x43dc4808 mem 0x90001304 0x43ca925c mem 0x90001308 0x43d9b3b8
core   0: 0x8000026c (0xfcc12083) lw      x1, -52(x2)
core   0: 3 0x8000026c (0xfcc12083) x1  0x800000a0 mem 0x70000000
core   0: 0x80000270 (0x0090200b) regext  x0, x0,  0 0 1 1 
core   0: 3 0x80000270 (0x0090200b)
core   0: 0x80000274 (0x7fc020ab) vlw.v   v1, x0, -4
core   0: 3 0x80000274 (0x7fc020ab) e32 m1 l16 v33 0000ffff 0x00000000 00000000 00000000 00000000 00000000 00000000 00000000 00000000 00000000 00000000 00000000 00000000 00000000 00000000 00000000 00000000  c8_vstart 0x00000000 mem 0x90003000 mem 0x90003004 mem 0x90003008 mem 0x9000300c mem 0x90003010 mem 0x90003014 mem 0x90003018 mem 0x9000301c mem 0x90003020 mem 0x90003024 mem 0x90003028 mem 0x9000302c mem 0x90003030 mem 0x90003034 mem 0x90003038 mem 0x9000303c
core   0: 0x80000278 (0xfcc10113) addi    x2, x2, -52
core   0: 3 0x80000278 (0xfcc10113) x2  0x70000000
core   0: 0x8000027c (0xffc20213) addi    x4, x4, -4
core   0: 3 0x8000027c (0xffc20213) x4  0x00000000
core   0: 0x80000280 (0x0010200b) regext  x0, x0,  0 0 0 1 
core   0: 3 0x80000280 (0x0010200b)
core   0: 0x80000284 (0x5e024057) vmv.v.x v0, x4
core   0: 3 0x80000284 (0x5e024057) c8_vstart 0x00000000 e32 m1 l16 v32 0000ffff 0x00000000 00000000 00000000 00000000 00000000 00000000 00000000 00000000 00000000 00000000 00000000 00000000 00000000 00000000 00000000 00000000 
core   0: 0x80000288 (0x00008067) ret
core   0: 3 0x80000288 (0x00008067)
core   0: 0x800000a0 (0x0000400b) endprg  x0, x0, x0
core   0: 3 0x800000a0 (0x0000400b)
core   0: 0x800000a4 (0x0040006f) j       pc + 0x4
core   0: 3 0x800000a4 (0x0040006f)
core   0: 0x800000a8 (0x00100313) li      x6, 1
core   0: 3 0x800000a8 (0x00100313) x6  0x00000001
core   0: 0x800000ac (0x00001297) auipc   x5, 0x1
core   0: 3 0x800000ac (0x00001297) x5  0x800010ac
core   0: 0x800000b0 (0xf5428293) addi    x5, x5, -172
core   0: 3 0x800000b0 (0xf5428293) x5  0x80001000
core   0: 0x800000b4 (0x0062a023) sw      x6, 0(x5)
core   0: 3 0x800000b4 (0x0062a023) mem 0x80001000 0x00000001
core   0: 0x00001000 (0x00000297) auipc   x5, 0x0
core   0: 3 0x00001000 (0x00000297) x5  0x00001000
core   0: 0x00001004 (0x02028593) addi    x11, x5, 32
core   0: 3 0x00001004 (0x02028593) x11 0x00001020
core   0: 0x00001008 (0xf1402573) csrr    x10, mhartid
core   0: 3 0x00001008 (0xf1402573) x10 0x00000000
core   0: 0x0000100c (0x0182a283) lw      x5, 24(x5)
core   0: 3 0x0000100c (0x0182a283) x5  0x80000000 mem 0x00001018
core   0: 0x00001010 (0x00028067) jr      x5
core   0: 3 0x00001010 (0x00028067)
core   0: 0x80000000 (0x00004197) auipc   x3, 0x4
core   0: 3 0x80000000 (0x00004197) x3  0x80004000
core   0: 0x80000004 (0x80818193) addi    x3, x3, -2040
core   0: 3 0x80000004 (0x80818193) x3  0x80003808
core   0: 0x80000008 (0x02000e93) li      x29, 32
core   0: 3 0x80000008 (0x02000e93) x29 0x00000020
core   0: 0x8000000c (0x0d0efed7) vsetvli x29, x29, e32, m1, ta, ma
core   0: 3 0x8000000c (0x0d0efed7) x29 0x00000010 c8_vstart 0x00000000 c3104_vl 0x00000010 c3105_vtype 0x000000d0 c768_mstatus 0x80000600
core   0: 0x80000010 (0x00002eb7) lui     x29, 0x2
core   0: 3 0x80000010 (0x00002eb7) x29 0x00002000
core   0: 0x80000014 (0x300eaef3) csrrs   x29, mstatus, x29
core   0: 3 0x80000014 (0x300eaef3) x29 0x80000600 c768_mstatus 0x80006600
core   0: 0x80000018 (0x00000e93) li      x29, 0
core   0: 3 0x80000018 (0x00000e93) x29 0x00000000
core   0: 0x8000001c (0x80502373) csrr    x6, wid
core   0: 3 0x8000001c (0x80502373) x6  0x00000000
core   0: 0x80000020 (0x806023f3) csrr    x7, lds
core   0: 3 0x80000020 (0x806023f3) x7  0x70000000
core   0: 0x80000024 (0x40000e13) li      x28, 1024
core   0: 3 0x80000024 (0x40000e13) x28 0x00000400
core   0: 0x80000028 (0x03c30333) mul     x6, x6, x28
core   0: 3 0x80000028 (0x03c30333) x6  0x00000000
core   0: 0x8000002c (0x00730133) add     x2, x6, x7
core   0: 3 0x8000002c (0x00730133) x2  0x70000000
core   0: 0x80000030 (0x00000213) li      x4, 0
core   0: 3 0x80000030 (0x00000213) x4  0x00000000
core   0: 0x80000034 (0x80102f73) csrr    x30, numw
core   0: 3 0x80000034 (0x80102f73) x30 0x00000001
core   0: 0x80000038 (0x40000e13) li      x28, 1024
core   0: 3 0x80000038 (0x40000e13) x28 0x00000400
core   0: 0x8000003c (0x03cf0f33) mul     x30, x30, x28
core   0: 3 0x8000003c (0x03cf0f33) x30 0x00000400
core   0: 0x80000040 (0x01e38433) add     x8, x7, x30
core   0: 3 0x80000040 (0x01e38433) x8  0x70000400
core   0: 0x80000044 (0x00003517) auipc   x10, 0x3
core   0: 3 0x80000044 (0x00003517) x10 0x80003044
core   0: 0x80000048 (0xfc450513) addi    x10, x10, -60
core   0: 3 0x80000048 (0xfc450513) x10 0x80003008
core   0: 0x8000004c (0x00003617) auipc   x12, 0x3
core   0: 3 0x8000004c (0x00003617) x12 0x8000304c
core   0: 0x80000050 (0xfbc60613) addi    x12, x12, -68
core   0: 3 0x80000050 (0xfbc60613) x12 0x80003008
core   0: 0x80000054 (0x00c50863) beq     x10, x12, pc + 16
core   0: 3 0x80000054 (0x00c50863)
core   0: 0x80000064 (0x803022f3) csrr    x5, knl
core   0: 3 0x80000064 (0x803022f3) x5  0x900e3000
core   0: 0x80000068 (0x0002a303) lw      x6, 0(x5)
core   0: 3 0x80000068 (0x0002a303) x6  0x800000b8 mem 0x900e3000
core   0: 0x8000006c (0x0042a503) lw      x10, 4(x5)
core   0: 3 0x8000006c (0x0042a503) x10 0x90002000 mem 0x900e3004
core   0: 0x80000070 (0x0302a383) lw      x7, 48(x5)
core   0: 3 0x80000070 (0x0302a383) x7  0x00000000 mem 0x900e3030
core   0: 0x80000074 (0x0342ae03) lw      x28, 52(x5)
core   0: 3 0x80000074 (0x0342ae03) x28 0x00000000 mem 0x900e3034
core   0: 0x80000078 (0x00003e97) auipc   x29, 0x3
core   0: 3 0x80000078 (0x00003e97) x29 0x80003078
core   0: 0x8000007c (0xf88e8e93) addi    x29, x29, -120
core   0: 3 0x8000007c (0xf88e8e93) x29 0x80003000
core   0: 0x80000080 (0x00003f17) auipc   x30, 0x3
core   0: 3 0x80000080 (0x00003f17) x30 0x80003080
core   0: 0x80000084 (0xf84f0f13) addi    x30, x30, -124
core   0: 3 0x80000084 (0xf84f0f13) x30 0x80003004
core   0: 0x80000088 (0x007ea023) sw      x7, 0(x29)
core   0: 3 0x80000088 (0x007ea023) mem 0x80003000 0x00000000
core   0: 0x8000008c (0x01cf2023) sw      x28, 0(x30)
core   0: 3 0x8000008c (0x01cf2023) mem 0x80003004 0x00000000
core   0: 0x80000090 (0x00000f97) auipc   x31, 0x0
core   0: 3 0x80000090 (0x00000f97) x31 0x80000090
core   0: 0x80000094 (0x018f8f93) addi    x31, x31, 24
core   0: 3 0x80000094 (0x018f8f93) x31 0x800000a8
core   0: 0x80000098 (0x305f9073) csrw    mtvec, x31
core   0: 3 0x80000098 (0x305f9073) c773_mtvec 0x800000a8
core   0: 0x8000009c (0x000300e7) jalr    x6
core   0: 3 0x8000009c (0x000300e7) x1  0x800000a0
core   0: 0x800000b8 (0x03410113) addi    x2, x2, 52
core   0: 3 0x800000b8 (0x03410113) x2  0x70000034
core   0: 0x800000bc (0x00420213) addi    x4, x4, 4
core   0: 3 0x800000bc (0x00420213) x4  0x00000004
core   0: 0x800000c0 (0x0010200b) regext  x0, x0,  0 0 0 1 
core   0: 3 0x800000c0 (0x0010200b)
core   0: 0x800000c4 (0x5e024057) vmv.v.x v0, x4
core   0: 3 0x800000c4 (0x5e024057) c8_vstart 0x00000000 e32 m1 l16 v32 0000ffff 0x00000004 00000004 00000004 00000004 00000004 00000004 00000004 00000004 00000004 00000004 00000004 00000004 00000004 00000004 00000004 00000004 
core   0: 0x800000c8 (0xfc112623) sw      x1, -52(x2)
core   0: 3 0x800000c8 (0xfc112623) mem 0x70000000 0x800000a0
core   0: 0x800000cc (0x0480200b) regext  x0, x0,  0 1 1 0 
core   0: 3 0x800000cc (0x0480200b)
core   0: 0x800000d0 (0xfe102e2b) vsw.v   v1, x0, -4
core   0: 3 0x800000d0 (0xfe102e2b) c8_vstart 0x00000000 mem 0x90003000 0x00000000 mem 0x90003004 0x00000000 mem 0x90003008 0x00000000 mem 0x9000300c 0x00000000 mem 0x90003010 0x00000000 mem 0x90003014 0x00000000 mem 0x90003018 0x00000000 mem 0x9000301c 0x00000000 mem 0x90003020 0x00000000 mem 0x90003024 0x00000000 mem 0x90003028 0x00000000 mem 0x9000302c 0x00000000 mem 0x90003030 0x00000000 mem 0x90003034 0x00000000 mem 0x90003038 0x00000000 mem 0x9000303c 0x00000000
core   0: 0x800000d4 (0x00452283) lw      x5, 4(x10)
core   0: 3 0x800000d4 (0x00452283) x5  0x90001000 mem 0x90002004
core   0: 0x800000d8 (0xfe512e23) sw      x5, -4(x2)
core   0: 3 0x800000d8 (0xfe512e23) mem 0x70000030 0x90001000
core   0: 0x800000dc (0x03052283) lw      x5, 48(x10)
core   0: 3 0x800000dc (0x03052283) x5  0x3f800000 mem 0x90002030
core   0: 0x800000e0 (0xfe512c23) sw      x5, -8(x2)
core   0: 3 0x800000e0 (0xfe512c23) mem 0x7000002c 0x3f800000
core   0: 0x800000e4 (0x02c52283) lw      x5, 44(x10)
core   0: 3 0x800000e4 (0x02c52283) x5  0x3f800000 mem 0x9000202c
core   0: 0x800000e8 (0xfe512a23) sw      x5, -12(x2)
core   0: 3 0x800000e8 (0xfe512a23) mem 0x70000028 0x3f800000
core   0: 0x800000ec (0x02852283) lw      x5, 40(x10)
core   0: 3 0x800000ec (0x02852283) x5  0x3f800000 mem 0x90002028
core   0: 0x800000f0 (0xfe512823) sw      x5, -16(x2)
core   0: 3 0x800000f0 (0xfe512823) mem 0x70000024 0x3f800000
core   0: 0x800000f4 (0x02452283) lw      x5, 36(x10)
core   0: 3 0x800000f4 (0x02452283) x5  0x3f800000 mem 0x90002024
core   0: 0x800000f8 (0xfe512623) sw      x5, -20(x2)
core   0: 3 0x800000f8 (0xfe512623) mem 0x70000020 0x3f800000
core   0: 0x800000fc (0x02052283) lw      x5, 32(x10)
core   0: 3 0x800000fc (0x02052283) x5  0x3f800000 mem 0x90002020
core   0: 0x80000100 (0xfe512423) sw      x5, -24(x2)
core   0: 3 0x80000100 (0xfe512423) mem 0x7000001c 0x3f800000
core   0: 0x80000104 (0x01c52283) lw      x5, 28(x10)
core   0: 3 0x80000104 (0x01c52283) x5  0x3f800000 mem 0x9000201c
core   0: 0x80000108 (0xfe512223) sw      x5, -28(x2)
core   0: 3 0x80000108 (0xfe512223) mem 0x70000018 0x3f800000
core   0: 0x8000010c (0x01852283) lw      x5, 24(x10)
core   0: 3 0x8000010c (0x01852283) x5  0x3f800000 mem 0x90002018
core   0: 0x80000110 (0xfe512023) sw      x5, -32(x2)
core   0: 3 0x80000110 (0xfe512023) mem 0x70000014 0x3f800000
core   0: 0x80000114 (0x01052283) lw      x5, 16(x10)
core   0: 3 0x80000114 (0x01052283) x5  0x3f800000 mem 0x90002010
core   0: 0x80000118 (0xfc512e23) sw      x5, -36(x2)
core   0: 3 0x80000118 (0xfc512e23) mem 0x70000010 0x3f800000
core   0: 0x8000011c (0x01452283) lw      x5, 20(x10)
core   0: 3 0x8000011c (0x01452283) x5  0x3f800000 mem 0x90002014
core   0: 0x80000120 (0xfc512c23) sw      x5, -40(x2)
core   0: 3 0x80000120 (0xfc512c23) mem 0x7000000c 0x3f800000
core   0: 0x80000124 (0x00052283) lw      x5, 0(x10)
core   0: 3 0x80000124 (0x00052283) x5  0x90000000 mem 0x90002000
core   0: 0x80000128 (0xfc512a23) sw      x5, -44(x2)
core   0: 3 0x80000128 (0xfc512a23) mem 0x70000008 0x90000000
core   0: 0x8000012c (0x00852283) lw      x5, 8(x10)
core   0: 3 0x8000012c (0x00852283) x5  0x00000010 mem 0x90002008
core   0: 0x80000130 (0xfc512823) sw      x5, -48(x2)
core   0: 3 0x80000130 (0xfc512823) mem 0x70000004 0x00000010
core   0: 0x80000134 (0x5e004057) vmv.v.x v0, x0
core   0: 3 0x80000134 (0x5e004057) c8_vstart 0x00000000 e32 m1 l16 v0  0000ffff 0x00000000 00000000 00000000 00000000 00000000 00000000 00000000 00000000 00000000 00000000 00000000 00000000 00000000 00000000 00000000 00000000 
core   0: 0x80000138 (0x154000ef) jal     pc + 0x154
core   0: 3 0x80000138 (0x154000ef) x1  0x8000013c
core   0: 0x8000028c (0x00410113) addi    x2, x2, 4
core   0: 3 0x8000028c (0x00410113) x2  0x70000038
core   0: 0x80000290 (0xfe112e23) sw      x1, -4(x2)
core   0: 3 0x80000290 (0xfe112e23) mem 0x70000034 0x8000013c
core   0: 0x80000294 (0x00200293) li      x5, 2
core   0: 3 0x80000294 (0x00200293) x5  0x00000002
core   0: 0x80000298 (0x5e02c0d7) vmv.v.x v1, x5
core   0: 3 0x80000298 (0x5e02c0d7) c8_vstart 0x00000000 e32 m1 l16 v1  0000ffff 0x00000002 00000002 00000002 00000002 00000002 00000002 00000002 00000002 00000002 00000002 00000002 00000002 00000002 00000002 00000002 00000002 
core   0: 0x8000029c (0x00000317) auipc   x6, 0x0
core   0: 3 0x8000029c (0x00000317) x6  0x8000029c
core   0: 0x800002a0 (0x04c3305b) setrpc  x0, x6, 76
core   0: 3 0x800002a0 (0x04c3305b) c2060_rpc 0x800002e8 current mask:	0000ffff current npc:	00000000 stack size: 0
core   0: 0x800002a4 (0x0200885b) vbeq    v0, v1, pc + 48
core   0: 3 0x800002a4 (0x0200885b) c8_vstart 0x00000000 e32 m1 l16 current mask:	0000ffff current npc:	800002a8 stack size: 0
core   0: 0x800002a8 (0x00100293) li      x5, 1
core   0: 3 0x800002a8 (0x00100293) x5  0x00000001
core   0: 0x800002ac (0x5e02c0d7) vmv.v.x v1, x5
core   0: 3 0x800002ac (0x5e02c0d7) c8_vstart 0x00000000 e32 m1 l16 v1  0000ffff 0x00000001 00000001 00000001 00000001 00000001 00000001 00000001 00000001 00000001 00000001 00000001 00000001 00000001 00000001 00000001 00000001 
core   0: 0x800002b0 (0x00000317) auipc   x6, 0x0
core   0: 3 0x800002b0 (0x00000317) x6  0x800002b0
core   0: 0x800002b4 (0x0383305b) setrpc  x0, x6, 56
core   0: 3 0x800002b4 (0x0383305b) c2060_rpc 0x800002e8 current mask:	0000ffff current npc:	800002a8 stack size: 0
core   0: 0x800002b8 (0x0200825b) vbeq    v0, v1, pc + 36
core   0: 3 0x800002b8 (0x0200825b) c8_vstart 0x00000000 e32 m1 l16 current mask:	0000ffff current npc:	800002bc stack size: 0
core   0: 0x800002bc (0x5e0040d7) vmv.v.x v1, x0
core   0: 3 0x800002bc (0x5e0040d7) c8_vstart 0x00000000 e32 m1 l16 v1  0000ffff 0x00000000 00000000 00000000 00000000 00000000 00000000 00000000 00000000 00000000 00000000 00000000 00000000 00000000 00000000 00000000 00000000 
core   0: 0x800002c0 (0x00000317) auipc   x6, 0x0
core   0: 3 0x800002c0 (0x00000317) x6  0x800002c0
core   0: 0x800002c4 (0x0283305b) setrpc  x0, x6, 40
core   0: 3 0x800002c4 (0x0283305b) c2060_rpc 0x800002e8 current mask:	0000ffff current npc:	800002bc stack size: 0
core   0: 0x800002c8 (0x00009e5b) vbne    v0, v1, pc + 28
core   0: 3 0x800002c8 (0x00009e5b) c8_vstart 0x00000000 e32 m1 l16 current mask:	0000ffff current npc:	800002cc stack size: 0
core   0: 0x800002cc (0x1a0000ef) jal     pc + 0x1a0
core   0: 3 0x800002cc (0x1a0000ef) x1  0x800002d0
core   0: 0x8000046c (0x00410113) addi    x2, x2, 4
core   0: 3 0x8000046c (0x00410113) x2  0x7000003c
core   0: 0x80000470 (0xfe112e23) sw      x1, -4(x2)
core   0: 3 0x80000470 (0xfe112e23) mem 0x70000038 0x800002d0
core   0: 0x80000474 (0xf1dff0ef) jal     pc - 0xe4
core   0: 3 0x80000474 (0xf1dff0ef) x1  0x80000478
core   0: 0x80000390 (0x00410113) addi    x2, x2, 4
core   0: 3 0x80000390 (0x00410113) x2  0x70000040
core   0: 0x80000394 (0xfe112e23) sw      x1, -4(x2)
core   0: 3 0x80000394 (0xfe112e23) mem 0x7000003c 0x80000478
core   0: 0x80000398 (0x80302573) csrr    x10, knl
core   0: 3 0x80000398 (0x80302573) x10 0x900e3000
core   0: 0x8000039c (0x00852283) lw      x5, 8(x10)
core   0: 3 0x8000039c (0x00852283) x5  0x00000002 mem 0x900e3008
core   0: 0x800003a0 (0x80002373) csrr    x6, tid
core   0: 3 0x800003a0 (0x80002373) x6  0x00000000
core   0: 0x800003a4 (0x5208a157) vid.v   v2
core   0: 3 0x800003a4 (0x5208a157) c8_vstart 0x00000000 e32 m1 l16 v2  0000ffff 0x0000000f 0000000e 0000000d 0000000c 0000000b 0000000a 00000009 00000008 00000007 00000006 00000005 00000004 00000003 00000002 00000001 00000000 
core   0: 0x800003a8 (0x02234057) vadd.vx v0, v2, x6
core   0: 3 0x800003a8 (0x02234057) c8_vstart 0x00000000 e32 m1 l16 v0  0000ffff 0x0000000f 0000000e 0000000d 0000000c 0000000b 0000000a 00000009 00000008 00000007 00000006 00000005 00000004 00000003 00000002 00000001 00000000 
core   0: 0x800003ac (0x01852e03) lw      x28, 24(x10)
core   0: 3 0x800003ac (0x01852e03) x28 0x0000000e mem 0x900e3018
core   0: 0x800003b0 (0x8a0e6057) vremu.vx v0, v0, x28
core   0: 3 0x800003b0 (0x8a0e6057) c8_vstart 0x00000000 e32 m1 l16 v0  0000ffff 0x00000001 00000000 0000000d 0000000c 0000000b 0000000a 00000009 00000008 00000007 00000006 00000005 00000004 00000003 00000002 00000001 00000000 
core   0: 0x800003b4 (0xffc12083) lw      x1, -4(x2)
core   0: 3 0x800003b4 (0xffc12083) x1  0x80000478 mem 0x7000003c
core   0: 0x800003b8 (0xffc10113) addi    x2, x2, -4
core   0: 3 0x800003b8 (0xffc10113) x2  0x7000003c
core   0: 0x800003bc (0x00008067) ret
core   0: 3 0x800003bc (0x00008067)
core   0: 0x80000478 (0x80302573) csrr    x10, knl
core   0: 3 0x80000478 (0x80302573) x10 0x900e3000
core   0: 0x8000047c (0x80802373) csrr    x6, gidx
core   0: 3 0x8000047c (0x80802373) x6  0x00000000
core   0: 0x80000480 (0x01852e03) lw      x28, 24(x10)
core   0: 3 0x80000480 (0x01852e03) x28 0x0000000e mem 0x900e3018
core   0: 0x80000484 (0x02452e83) lw      x29, 36(x10)
core   0: 3 0x80000484 (0x02452e83) x29 0x00000001 mem 0x900e3024
core   0: 0x80000488 (0x03c30fb3) mul     x31, x6, x28
core   0: 3 0x80000488 (0x03c30fb3) x31 0x00000000
core   0: 0x8000048c (0x01df8fb3) add     x31, x31, x29
core   0: 3 0x8000048c (0x01df8fb3) x31 0x00000001
core   0: 0x80000490 (0x020fc057) vadd.vx v0, v0, x31
core   0: 3 0x80000490 (0x020fc057) c8_vstart 0x00000000 e32 m1 l16 v0  0000ffff 0x00000002 00000001 0000000e 0000000d 0000000c 0000000b 0000000a 00000009 00000008 00000007 00000006 00000005 00000004 00000003 00000002 00000001 
core   0: 0x80000494 (0xffc12083) lw      x1, -4(x2)
core   0: 3 0x80000494 (0xffc12083) x1  0x800002d0 mem 0x70000038
core   0: 0x80000498 (0xffc10113) addi    x2, x2, -4
core   0: 3 0x80000498 (0xffc10113) x2  0x70000038
core   0: 0x8000049c (0x00008067) ret
core   0: 3 0x8000049c (0x00008067)
core   0: 0x800002d0 (0x0180006f) j       pc + 0x18
core   0: 3 0x800002d0 (0x0180006f)
core   0: 0x800002e8 (0x0000205b) join    v0, v0, pc + 0
core   0: 3 0x800002e8 (0x0000205b) current mask:	0000ffff current npc:	800002cc stack size: 0
core   0: 0x800002ec (0xffc12083) lw      x1, -4(x2)
core   0: 3 0x800002ec (0xffc12083) x1  0x8000013c mem 0x70000034
core   0: 0x800002f0 (0xffc10113) addi    x2, x2, -4
core   0: 3 0x800002f0 (0xffc10113) x2  0x70000034
core   0: 0x800002f4 (0x00008067) ret
core   0: 3 0x800002f4 (0x00008067)
core   0: 0x8000013c (0x0010200b) regext  x0, x0,  0 0 0 1 
core   0: 3 0x8000013c (0x0010200b)
core   0: 0x80000140 (0x020040d7) vadd.vx v1, v0, x0
core   0: 3 0x80000140 (0x020040d7) c8_vstart 0x00000000 e32 m1 l16 v33 0000ffff 0x00000002 00000001 0000000e 0000000d 0000000c 0000000b 0000000a 00000009 00000008 00000007 00000006 00000005 00000004 00000003 00000002 00000001 
core   0: 0x80000144 (0x00100293) li      x5, 1
core   0: 3 0x80000144 (0x00100293) x5  0x00000001
core   0: 0x80000148 (0x5e02c057) vmv.v.x v0, x5
core   0: 3 0x80000148 (0x5e02c057) c8_vstart 0x00000000 e32 m1 l16 v0  0000ffff 0x00000001 00000001 00000001 00000001 00000001 00000001 00000001 00000001 00000001 00000001 00000001 00000001 00000001 00000001 00000001 00000001 
core   0: 0x8000014c (0x140000ef) jal     pc + 0x140
core   0: 3 0x8000014c (0x140000ef) x1  0x80000150
core   0: 0x8000028c (0x00410113) addi    x2, x2, 4
core   0: 3 0x8000028c (0x00410113) x2  0x70000038
core   0: 0x80000290 (0xfe112e23) sw      x1, -4(x2)
core   0: 3 0x80000290 (0xfe112e23) mem 0x70000034 0x80000150
core   0: 0x80000294 (0x00200293) li      x5, 2
core   0: 3 0x80000294 (0x00200293) x5  0x00000002
core   0: 0x80000298 (0x5e02c0d7) vmv.v.x v1, x5
core   0: 3 0x80000298 (0x5e02c0d7) c8_vstart 0x00000000 e32 m1 l16 v1  0000ffff 0x00000002 00000002 00000002 00000002 00000002 00000002 00000002 00000002 00000002 00000002 00000002 00000002 00000002 00000002 00000002 00000002 
core   0: 0x8000029c (0x00000317) auipc   x6, 0x0
core   0: 3 0x8000029c (0x00000317) x6  0x8000029c
core   0: 0x800002a0 (0x04c3305b) setrpc  x0, x6, 76
core   0: 3 0x800002a0 (0x04c3305b) c2060_rpc 0x800002e8 current mask:	0000ffff current npc:	800002cc stack size: 0
core   0: 0x800002a4 (0x0200885b) vbeq    v0, v1, pc + 48
core   0: 3 0x800002a4 (0x0200885b) c8_vstart 0x00000000 e32 m1 l16 current mask:	0000ffff current npc:	800002a8 stack size: 0
core   0: 0x800002a8 (0x00100293) li      x5, 1
core   0: 3 0x800002a8 (0x00100293) x5  0x00000001
core   0: 0x800002ac (0x5e02c0d7) vmv.v.x v1, x5
core   0: 3 0x800002ac (0x5e02c0d7) c8_vstart 0x00000000 e32 m1 l16 v1  0000ffff 0x00000001 00000001 00000001 00000001 00000001 00000001 00000001 00000001 00000001 00000001 00000001 00000001 00000001 00000001 00000001 00000001 
core   0: 0x800002b0 (0x00000317) auipc   x6, 0x0
core   0: 3 0x800002b0 (0x00000317) x6  0x800002b0
core   0: 0x800002b4 (0x0383305b) setrpc  x0, x6, 56
core   0: 3 0x800002b4 (0x0383305b) c2060_rpc 0x800002e8 current mask:	0000ffff current npc:	800002a8 stack size: 0
core   0: 0x800002b8 (0x0200825b) vbeq    v0, v1, pc + 36
core   0: 3 0x800002b8 (0x0200825b) c8_vstart 0x00000000 e32 m1 l16 current mask:	0000ffff current npc:	800002dc stack size: 0
core   0: 0x800002dc (0x1c4000ef) jal     pc + 0x1c4
core   0: 3 0x800002dc (0x1c4000ef) x1  0x800002e0
core   0: 0x800004a0 (0x00410113) addi    x2, x2, 4
core   0: 3 0x800004a0 (0x00410113) x2  0x7000003c
core   0: 0x800004a4 (0xfe112e23) sw      x1, -4(x2)
core   0: 3 0x800004a4 (0xfe112e23) mem 0x70000038 0x800002e0
core   0: 0x800004a8 (0xf19ff0ef) jal     pc - 0xe8
core   0: 3 0x800004a8 (0xf19ff0ef) x1  0x800004ac
core   0: 0x800003c0 (0x00410113) addi    x2, x2, 4
core   0: 3 0x800003c0 (0x00410113) x2  0x70000040
core   0: 0x800003c4 (0xfe112e23) sw      x1, -4(x2)
core   0: 3 0x800003c4 (0xfe112e23) mem 0x7000003c 0x800004ac
core   0: 0x800003c8 (0x80302573) csrr    x10, knl
core   0: 3 0x800003c8 (0x80302573) x10 0x900e3000
core   0: 0x800003cc (0x00852283) lw      x5, 8(x10)
core   0: 3 0x800003cc (0x00852283) x5  0x00000002 mem 0x900e3008
core   0: 0x800003d0 (0x80002373) csrr    x6, tid
core   0: 3 0x800003d0 (0x80002373) x6  0x00000000
core   0: 0x800003d4 (0x5208a157) vid.v   v2
core   0: 3 0x800003d4 (0x5208a157) c8_vstart 0x00000000 e32 m1 l16 v2  0000ffff 0x0000000f 0000000e 0000000d 0000000c 0000000b 0000000a 00000009 00000008 00000007 00000006 00000005 00000004 00000003 00000002 00000001 00000000 
core   0: 0x800003d8 (0x02234057) vadd.vx v0, v2, x6
core   0: 3 0x800003d8 (0x02234057) c8_vstart 0x00000000 e32 m1 l16 v0  0000ffff 0x0000000f 0000000e 0000000d 0000000c 0000000b 0000000a 00000009 00000008 00000007 00000006 00000005 00000004 00000003 00000002 00000001 00000000 
core   0: 0x800003dc (0x01852e03) lw      x28, 24(x10)
core   0: 3 0x800003dc (0x01852e03) x28 0x0000000e mem 0x900e3018
core   0: 0x800003e0 (0x01c52e83) lw      x29, 28(x10)
core   0: 3 0x800003e0 (0x01c52e83) x29 0x00000001 mem 0x900e301c
core   0: 0x800003e4 (0x03ce8f33) mul     x30, x29, x28
core   0: 3 0x800003e4 (0x03ce8f33) x30 0x0000000e
core   0: 0x800003e8 (0x8a0f6057) vremu.vx v0, v0, x30
core   0: 3 0x800003e8 (0x8a0f6057) c8_vstart 0x00000000 e32 m1 l16 v0  0000ffff 0x00000001 00000000 0000000d 0000000c 0000000b 0000000a 00000009 00000008 00000007 00000006 00000005 00000004 00000003 00000002 00000001 00000000 
core   0: 0x800003ec (0x820e6057) vdivu.vx v0, v0, x28
core   0: 3 0x800003ec (0x820e6057) c8_vstart 0x00000000 e32 m1 l16 v0  0000ffff 0x00000000 00000000 00000000 00000000 00000000 00000000 00000000 00000000 00000000 00000000 00000000 00000000 00000000 00000000 00000000 00000000 
core   0: 0x800003f0 (0x5e0ec0d7) vmv.v.x v1, x29
core   0: 3 0x800003f0 (0x5e0ec0d7) c8_vstart 0x00000000 e32 m1 l16 v1  0000ffff 0x00000001 00000001 00000001 00000001 00000001 00000001 00000001 00000001 00000001 00000001 00000001 00000001 00000001 00000001 00000001 00000001 
core   0: 0x800003f4 (0x00000317) auipc   x6, 0x0
core   0: 3 0x800003f4 (0x00000317) x6  0x800003f4
core   0: 0x800003f8 (0x0143305b) setrpc  x0, x6, 20
core   0: 3 0x800003f8 (0x0143305b) c2060_rpc 0x80000408 current mask:	0000ffff current npc:	800002dc stack size: 0
core   0: 0x800003fc (0x0000c65b) vblt    v0, v1, pc + 12
core   0: 3 0x800003fc (0x0000c65b) c8_vstart 0x00000000 e32 m1 l16 current mask:	0000ffff current npc:	80000408 stack size: 0
core   0: 0x80000408 (0x0000205b) join    v0, v0, pc + 0
core   0: 3 0x80000408 (0x0000205b) current mask:	0000ffff current npc:	80000408 stack size: 0
core   0: 0x8000040c (0xffc12083) lw      x1, -4(x2)
core   0: 3 0x8000040c (0xffc12083) x1  0x800004ac mem 0x7000003c
core   0: 0x80000410 (0xffc10113) addi    x2, x2, -4
core   0: 3 0x80000410 (0xffc10113) x2  0x7000003c
core   0: 0x80000414 (0x00008067) ret
core   0: 3 0x80000414 (0x00008067)
core   0: 0x800004ac (0x80902373) csrr    x6, gidy
core   0: 3 0x800004ac (0x80902373) x6  0x0000000c
core   0: 0x800004b0 (0x01c52383) lw      x7, 28(x10)
core   0: 3 0x800004b0 (0x01c52383) x7  0x00000001 mem 0x900e301c
core   0: 0x800004b4 (0x02852e83) lw      x29, 40(x10)
core   0: 3 0x800004b4 (0x02852e83) x29 0x00000001 mem 0x900e3028
core   0: 0x800004b8 (0x02730e33) mul     x28, x6, x7
core   0: 3 0x800004b8 (0x02730e33) x28 0x0000000c
core   0: 0x800004bc (0x01de0e33) add     x28, x28, x29
core   0: 3 0x800004bc (0x01de0e33) x28 0x0000000d
core   0: 0x800004c0 (0x020e4057) vadd.vx v0, v0, x28
core   0: 3 0x800004c0 (0x020e4057) c8_vstart 0x00000000 e32 m1 l16 v0  0000ffff 0x0000000d 0000000d 0000000d 0000000d 0000000d 0000000d 0000000d 0000000d 0000000d 0000000d 0000000d 0000000d 0000000d 0000000d 0000000d 0000000d 
core   0: 0x800004c4 (0xffc12083) lw      x1, -4(x2)
core   0: 3 0x800004c4 (0xffc12083) x1  0x800002e0 mem 0x70000038
core   0: 0x800004c8 (0xffc10113) addi    x2, x2, -4
core   0: 3 0x800004c8 (0xffc10113) x2  0x70000038
core   0: 0x800004cc (0x00008067) ret
core   0: 3 0x800004cc (0x00008067)
core   0: 0x800002e0 (0x0080006f) j       pc + 0x8
core   0: 3 0x800002e0 (0x0080006f)
core   0: 0x800002e8 (0x0000205b) join    v0, v0, pc + 0
core   0: 3 0x800002e8 (0x0000205b) current mask:	0000ffff current npc:	80000408 stack size: 0
core   0: 0x800002ec (0xffc12083) lw      x1, -4(x2)
core   0: 3 0x800002ec (0xffc12083) x1  0x80000150 mem 0x70000034
core   0: 0x800002f0 (0xffc10113) addi    x2, x2, -4
core   0: 3 0x800002f0 (0xffc10113) x2  0x70000034
core   0: 0x800002f4 (0x00008067) ret
core   0: 3 0x800002f4 (0x00008067)
core   0: 0x80000150 (0xfd012283) lw      x5, -48(x2)
core   0: 3 0x80000150 (0xfd012283) x5  0x00000010 mem 0x70000004
core   0: 0x80000154 (0x5e02c0d7) vmv.v.x v1, x5
core   0: 3 0x80000154 (0x5e02c0d7) c8_vstart 0x00000000 e32 m1 l16 v1  0000ffff 0x00000010 00000010 00000010 00000010 00000010 00000010 00000010 00000010 00000010 00000010 00000010 00000010 00000010 00000010 00000010 00000010 
core   0: 0x80000158 (0x0400200b) regext  x0, x0,  0 1 0 0 
core   0: 3 0x80000158 (0x0400200b)
core   0: 0x8000015c (0xa612e057) vmadd.vx v0, v1, x5
core   0: 3 0x8000015c (0xa612e057) c8_vstart 0x00000000 e32 m1 l16 v0  0000ffff 0x000000d2 000000d1 000000de 000000dd 000000dc 000000db 000000da 000000d9 000000d8 000000d7 000000d6 000000d5 000000d4 000000d3 000000d2 000000d1 
core   0: 0x80000160 (0x0010110b) vsub12.vi v2, v0, 1
core   0: 3 0x80000160 (0x0010110b) c8_vstart 0x00000000 e32 m1 l16 v2  0000ffff 0x000000d1 000000d0 000000dd 000000dc 000000db 000000da 000000d9 000000d8 000000d7 000000d6 000000d5 000000d4 000000d3 000000d2 000000d1 000000d0 
core   0: 0x80000164 (0x0a2081d7) vsub.vv v3, v2, v1
core   0: 3 0x80000164 (0x0a2081d7) c8_vstart 0x00000000 e32 m1 l16 v3  0000ffff 0x000000c1 000000c0 000000cd 000000cc 000000cb 000000ca 000000c9 000000c8 000000c7 000000c6 000000c5 000000c4 000000c3 000000c2 000000c1 000000c0 
core   0: 0x80000168 (0x963131d7) vsll.vi v3, v3, 2
core   0: 3 0x80000168 (0x963131d7) c8_vstart 0x00000000 e32 m1 l16 v3  0000ffff 0x00000304 00000300 00000334 00000330 0000032c 00000328 00000324 00000320 0000031c 00000318 00000314 00000310 0000030c 00000308 00000304 00000300 
core   0: 0x8000016c (0xfd412283) lw      x5, -44(x2)
core   0: 3 0x8000016c (0xfd412283) x5  0x90000000 mem 0x70000008
core   0: 0x80000170 (0x5e02c257) vmv.v.x v4, x5
core   0: 3 0x80000170 (0x5e02c257) c8_vstart 0x00000000 e32 m1 l16 v4  0000ffff 0x90000000 90000000 90000000 90000000 90000000 90000000 90000000 90000000 90000000 90000000 90000000 90000000 90000000 90000000 90000000 90000000 
core   0: 0x80000174 (0x0232c1d7) vadd.vx v3, v3, x5
core   0: 3 0x80000174 (0x0232c1d7) c8_vstart 0x00000000 e32 m1 l16 v3  0000ffff 0x90000304 90000300 90000334 90000330 9000032c 90000328 90000324 90000320 9000031c 90000318 90000314 90000310 9000030c 90000308 90000304 90000300 
core   0: 0x80000178 (0x0a0082d7) vsub.vv v5, v0, v1
core   0: 3 0x80000178 (0x0a0082d7) c8_vstart 0x00000000 e32 m1 l16 v5  0000ffff 0x000000c2 000000c1 000000ce 000000cd 000000cc 000000cb 000000ca 000000c9 000000c8 000000c7 000000c6 000000c5 000000c4 000000c3 000000c2 000000c1 
core   0: 0x8000017c (0x965132d7) vsll.vi v5, v5, 2
core   0: 3 0x8000017c (0x965132d7) c8_vstart 0x00000000 e32 m1 l16 v5  0000ffff 0x00000308 00000304 00000338 00000334 00000330 0000032c 00000328 00000324 00000320 0000031c 00000318 00000314 00000310 0000030c 00000308 00000304 
core   0: 0x80000180 (0x024282d7) vadd.vv v5, v4, v5
core   0: 3 0x80000180 (0x024282d7) c8_vstart 0x00000000 e32 m1 l16 v5  0000ffff 0x90000308 90000304 90000338 90000334 90000330 9000032c 90000328 90000324 90000320 9000031c 90000318 90000314 90000310 9000030c 90000308 90000304 
core   0: 0x80000184 (0x0002a2fb) vlw12.v v5, v5, 0
core   0: 3 0x80000184 (0x0002a2fb) e32 m1 l16 v5  0000ffff 0x42a5ebad 4242ca27 42945b15 420dd9d8 4248f812 42790368 429e34ee 42c7a4c1 42391522 42b916ac 421e8dca 415d2bbf 418f3f23 417c7a57 42a5ebad 4242ca27  c8_vstart 0x00000000 mem 0x90000304 mem 0x90000308 mem 0x9000030c mem 0x90000310 mem 0x90000314 mem 0x90000318 mem 0x9000031c mem 0x90000320 mem 0x90000324 mem 0x90000328 mem 0x9000032c mem 0x90000330 mem 0x90000334 mem 0x90000338 mem 0x90000304 mem 0x90000308
core   0: 0x80000188 (0x0001a1fb) vlw12.v v3, v3, 0
core   0: 3 0x80000188 (0x0001a1fb) e32 m1 l16 v3  0000ffff 0x4242ca27 41e29e93 420dd9d8 4248f812 42790368 429e34ee 42c7a4c1 42391522 42b916ac 421e8dca 415d2bbf 418f3f23 417c7a57 42a5ebad 4242ca27 41e29e93  c8_vstart 0x00000000 mem 0x90000300 mem 0x90000304 mem 0x90000308 mem 0x9000030c mem 0x90000310 mem 0x90000314 mem 0x90000318 mem 0x9000031c mem 0x90000320 mem 0x90000324 mem 0x90000328 mem 0x9000032c mem 0x90000330 mem 0x90000334 mem 0x90000300 mem 0x90000304
core   0: 0x8000018c (0xfd812283) lw      x5, -40(x2)
core   0: 3 0x8000018c (0xfd812283) x5  0x3f800000 mem 0x7000000c
core   0: 0x80000190 (0x5e02c357) vmv.v.x v6, x5
core   0: 3 0x80000190 (0x5e02c357) c8_vstart 0x00000000 e32 m1 l16 v6  0000ffff 0x3f800000 3f800000 3f800000 3f800000 3f800000 3f800000 3f800000 3f800000 3f800000 3f800000 3f800000 3f800000 3f800000 3f800000 3f800000 3f800000 
core   0: 0x80000194 (0x925312d7) vfmul.vv v5, v5, v6
core   0: 3 0x80000194 (0x925312d7) c8_vstart 0x00000000 e32 m1 l16 v5  0000ffff 0x42a5ebad 4242ca27 42945b15 420dd9d8 4248f812 42790368 429e34ee 42c7a4c1 42391522 42b916ac 421e8dca 415d2bbf 418f3f23 417c7a57 42a5ebad 4242ca27 
core   0: 0x80000198 (0x0200b357) vadd.vi v6, v0, 1
core   0: 3 0x80000198 (0x0200b357) c8_vstart 0x00000000 e32 m1 l16 v6  0000ffff 0x000000d3 000000d2 000000df 000000de 000000dd 000000dc 000000db 000000da 000000d9 000000d8 000000d7 000000d6 000000d5 000000d4 000000d3 000000d2 
core   0: 0x8000019c (0x0a6083d7) vsub.vv v7, v6, v1
core   0: 3 0x8000019c (0x0a6083d7) c8_vstart 0x00000000 e32 m1 l16 v7  0000ffff 0x000000c3 000000c2 000000cf 000000ce 000000cd 000000cc 000000cb 000000ca 000000c9 000000c8 000000c7 000000c6 000000c5 000000c4 000000c3 000000c2 
core   0: 0x800001a0 (0x967133d7) vsll.vi v7, v7, 2
core   0: 3 0x800001a0 (0x967133d7) c8_vstart 0x00000000 e32 m1 l16 v7  0000ffff 0x0000030c 00000308 0000033c 00000338 00000334 00000330 0000032c 00000328 00000324 00000320 0000031c 00000318 00000314 00000310 0000030c 00000308 
core   0: 0x800001a4 (0x024383d7) vadd.vv v7, v4, v7
core   0: 3 0x800001a4 (0x024383d7) c8_vstart 0x00000000 e32 m1 l16 v7  0000ffff 0x9000030c 90000308 9000033c 90000338 90000334 90000330 9000032c 90000328 90000324 90000320 9000031c 90000318 90000314 90000310 9000030c 90000308 
core   0: 0x800001a8 (0x0003a3fb) vlw12.v v7, v7, 0
core   0: 3 0x800001a8 (0x0003a3fb) e32 m1 l16 v7  0000ffff 0x417c7a57 42a5ebad 42bf3367 42945b15 420dd9d8 4248f812 42790368 429e34ee 42c7a4c1 42391522 42b916ac 421e8dca 415d2bbf 418f3f23 417c7a57 42a5ebad  c8_vstart 0x00000000 mem 0x90000308 mem 0x9000030c mem 0x90000310 mem 0x90000314 mem 0x90000318 mem 0x9000031c mem 0x90000320 mem 0x90000324 mem 0x90000328 mem 0x9000032c mem 0x90000330 mem 0x90000334 mem 0x90000338 mem 0x9000033c mem 0x90000308 mem 0x9000030c
core   0: 0x800001ac (0x96213457) vsll.vi v8, v2, 2
core   0: 3 0x800001ac (0x96213457) c8_vstart 0x00000000 e32 m1 l16 v8  0000ffff 0x00000344 00000340 00000374 00000370 0000036c 00000368 00000364 00000360 0000035c 00000358 00000354 00000350 0000034c 00000348 00000344 00000340 
core   0: 0x800001b0 (0x02440457) vadd.vv v8, v4, v8
core   0: 3 0x800001b0 (0x02440457) c8_vstart 0x00000000 e32 m1 l16 v8  0000ffff 0x90000344 90000340 90000374 90000370 9000036c 90000368 90000364 90000360 9000035c 90000358 90000354 90000350 9000034c 90000348 90000344 90000340 
core   0: 0x800001b4 (0x0004247b) vlw12.v v8, v8, 0
core   0: 3 0x800001b4 (0x0004247b) e32 m1 l16 v8  0000ffff 0x4080517b 428968a3 4043d8eb 42322f55 429b869b 425685c6 42c4203c 42048bd1 41dc04cc 416b3901 422fe727 3fc5ba0c 42b0eb09 42800632 4080517b 428968a3  c8_vstart 0x00000000 mem 0x90000340 mem 0x90000344 mem 0x90000348 mem 0x9000034c mem 0x90000350 mem 0x90000354 mem 0x90000358 mem 0x9000035c mem 0x90000360 mem 0x90000364 mem 0x90000368 mem 0x9000036c mem 0x90000370 mem 0x90000374 mem 0x90000340 mem 0x90000344
core   0: 0x800001b8 (0x960134d7) vsll.vi v9, v0, 2
core   0: 3 0x800001b8 (0x960134d7) c8_vstart 0x00000000 e32 m1 l16 v9  0000ffff 0x00000348 00000344 00000378 00000374 00000370 0000036c 00000368 00000364 00000360 0000035c 00000358 00000354 00000350 0000034c 00000348 00000344 
core   0: 0x800001bc (0x02448557) vadd.vv v10, v4, v9
core   0: 3 0x800001bc (0x02448557) c8_vstart 0x00000000 e32 m1 l16 v10 0000ffff 0x90000348 90000344 90000378 90000374 90000370 9000036c 90000368 90000364 90000360 9000035c 90000358 90000354 90000350 9000034c 90000348 90000344 
core   0: 0x800001c0 (0x0005257b) vlw12.v v10, v10, 0
core   0: 3 0x800001c0 (0x0005257b) e32 m1 l16 v10 0000ffff 0x42800632 4080517b 41a4f3cc 4043d8eb 42322f55 429b869b 425685c6 42c4203c 42048bd1 41dc04cc 416b3901 422fe727 3fc5ba0c 42b0eb09 42800632 4080517b  c8_vstart 0x00000000 mem 0x90000344 mem 0x90000348 mem 0x9000034c mem 0x90000350 mem 0x90000354 mem 0x90000358 mem 0x9000035c mem 0x90000360 mem 0x90000364 mem 0x90000368 mem 0x9000036c mem 0x90000370 mem 0x90000374 mem 0x90000378 mem 0x90000344 mem 0x90000348
core   0: 0x800001c4 (0x966135d7) vsll.vi v11, v6, 2
core   0: 3 0x800001c4 (0x966135d7) c8_vstart 0x00000000 e32 m1 l16 v11 0000ffff 0x0000034c 00000348 0000037c 00000378 00000374 00000370 0000036c 00000368 00000364 00000360 0000035c 00000358 00000354 00000350 0000034c 00000348 
core   0: 0x800001c8 (0x024585d7) vadd.vv v11, v4, v11
core   0: 3 0x800001c8 (0x024585d7) c8_vstart 0x00000000 e32 m1 l16 v11 0000ffff 0x9000034c 90000348 9000037c 90000378 90000374 90000370 9000036c 90000368 90000364 90000360 9000035c 90000358 90000354 90000350 9000034c 90000348 
core   0: 0x800001cc (0x0005a5fb) vlw12.v v11, v11, 0
core   0: 3 0x800001cc (0x0005a5fb) e32 m1 l16 v11 0000ffff 0x42b0eb09 42800632 4291bf4f 41a4f3cc 4043d8eb 42322f55 429b869b 425685c6 42c4203c 42048bd1 41dc04cc 416b3901 422fe727 3fc5ba0c 42b0eb09 42800632  c8_vstart 0x00000000 mem 0x90000348 mem 0x9000034c mem 0x90000350 mem 0x90000354 mem 0x90000358 mem 0x9000035c mem 0x90000360 mem 0x90000364 mem 0x90000368 mem 0x9000036c mem 0x90000370 mem 0x90000374 mem 0x90000378 mem 0x9000037c mem 0x90000348 mem 0x9000034c
core   0: 0x800001d0 (0x02208157) vadd.vv v2, v2, v1
core   0: 3 0x800001d0 (0x02208157) c8_vstart 0x00000000 e32 m1 l16 v2  0000ffff 0x000000e1 000000e0 000000ed 000000ec 000000eb 000000ea 000000e9 000000e8 000000e7 000000e6 000000e5 000000e4 000000e3 000000e2 000000e1 000000e0 
core   0: 0x800001d4 (0x96213157) vsll.vi v2, v2, 2
core   0: 3 0x800001d4 (0x96213157) c8_vstart 0x00000000 e32 m1 l16 v2  0000ffff 0x00000384 00000380 000003b4 000003b0 000003ac 000003a8 000003a4 000003a0 0000039c 00000398 00000394 00000390 0000038c 00000388 00000384 00000380 
core   0: 0x800001d8 (0x02410157) vadd.vv v2, v4, v2
core   0: 3 0x800001d8 (0x02410157) c8_vstart 0x00000000 e32 m1 l16 v2  0000ffff 0x90000384 90000380 900003b4 900003b0 900003ac 900003a8 900003a4 900003a0 9000039c 90000398 90000394 90000390 9000038c 90000388 90000384 90000380 
core   0: 0x800001dc (0x0001217b) vlw12.v v2, v2, 0
core   0: 3 0x800001dc (0x0001217b) e32 m1 l16 v2  0000ffff 0x40651414 424f07b7 3dd5c690 42998c29 429cb648 41cf6976 42253e7a 41e0e8fd 427eb153 4278d49f 41e255fc 418b3862 428b53a4 42b14e9a 40651414 424f07b7  c8_vstart 0x00000000 mem 0x90000380 mem 0x90000384 mem 0x90000388 mem 0x9000038c mem 0x90000390 mem 0x90000394 mem 0x90000398 mem 0x9000039c mem 0x900003a0 mem 0x900003a4 mem 0x900003a8 mem 0x900003ac mem 0x900003b0 mem 0x900003b4 mem 0x90000380 mem 0x90000384
core   0: 0x800001e0 (0x02008057) vadd.vv v0, v0, v1
core   0: 3 0x800001e0 (0x02008057) c8_vstart 0x00000000 e32 m1 l16 v0  0000ffff 0x000000e2 000000e1 000000ee 000000ed 000000ec 000000eb 000000ea 000000e9 000000e8 000000e7 000000e6 000000e5 000000e4 000000e3 000000e2 000000e1 
core   0: 0x800001e4 (0x96013057) vsll.vi v0, v0, 2
core   0: 3 0x800001e4 (0x96013057) c8_vstart 0x00000000 e32 m1 l16 v0  0000ffff 0x00000388 00000384 000003b8 000003b4 000003b0 000003ac 000003a8 000003a4 000003a0 0000039c 00000398 00000394 00000390 0000038c 00000388 00000384 
core   0: 0x800001e8 (0x02400057) vadd.vv v0, v4, v0
core   0: 3 0x800001e8 (0x02400057) c8_vstart 0x00000000 e32 m1 l16 v0  0000ffff 0x90000388 90000384 900003b8 900003b4 900003b0 900003ac 900003a8 900003a4 900003a0 9000039c 90000398 90000394 90000390 9000038c 90000388 90000384 
core   0: 0x800001ec (0x0000207b) vlw12.v v0, v0, 0
core   0: 3 0x800001ec (0x0000207b) e32 m1 l16 v0  0000ffff 0x42b14e9a 40651414 4293e9b0 3dd5c690 42998c29 429cb648 41cf6976 42253e7a 41e0e8fd 427eb153 4278d49f 41e255fc 418b3862 428b53a4 42b14e9a 40651414  c8_vstart 0x00000000 mem 0x90000384 mem 0x90000388 mem 0x9000038c mem 0x90000390 mem 0x90000394 mem 0x90000398 mem 0x9000039c mem 0x900003a0 mem 0x900003a4 mem 0x900003a8 mem 0x900003ac mem 0x900003b0 mem 0x900003b4 mem 0x900003b8 mem 0x90000384 mem 0x90000388
core   0: 0x800001f0 (0x026080d7) vadd.vv v1, v6, v1
core   0: 3 0x800001f0 (0x026080d7) c8_vstart 0x00000000 e32 m1 l16 v1  0000ffff 0x000000e3 000000e2 000000ef 000000ee 000000ed 000000ec 000000eb 000000ea 000000e9 000000e8 000000e7 000000e6 000000e5 000000e4 000000e3 000000e2 
core   0: 0x800001f4 (0x961130d7) vsll.vi v1, v1, 2
core   0: 3 0x800001f4 (0x961130d7) c8_vstart 0x00000000 e32 m1 l16 v1  0000ffff 0x0000038c 00000388 000003bc 000003b8 000003b4 000003b0 000003ac 000003a8 000003a4 000003a0 0000039c 00000398 00000394 00000390 0000038c 00000388 
core   0: 0x800001f8 (0x024080d7) vadd.vv v1, v4, v1
core   0: 3 0x800001f8 (0x024080d7) c8_vstart 0x00000000 e32 m1 l16 v1  0000ffff 0x9000038c 90000388 900003bc 900003b8 900003b4 900003b0 900003ac 900003a8 900003a4 900003a0 9000039c 90000398 90000394 90000390 9000038c 90000388 
core   0: 0x800001fc (0x0000a0fb) vlw12.v v1, v1, 0
core   0: 3 0x800001fc (0x0000a0fb) e32 m1 l16 v1  0000ffff 0x428b53a4 42b14e9a 4235e998 4293e9b0 3dd5c690 42998c29 429cb648 41cf6976 42253e7a 41e0e8fd 427eb153 4278d49f 41e255fc 418b3862 428b53a4 42b14e9a  c8_vstart 0x00000000 mem 0x90000388 mem 0x9000038c mem 0x90000390 mem 0x90000394 mem 0x90000398 mem 0x9000039c mem 0x900003a0 mem 0x900003a4 mem 0x900003a8 mem 0x900003ac mem 0x900003b0 mem 0x900003b4 mem 0x900003b8 mem 0x900003bc mem 0x90000388 mem 0x9000038c
core   0: 0x80000200 (0xfdc12283) lw      x5, -36(x2)
core   0: 3 0x80000200 (0xfdc12283) x5  0x3f800000 mem 0x70000010
core   0: 0x80000204 (0x5e02c257) vmv.v.x v4, x5
core   0: 3 0x80000204 (0x5e02c257) c8_vstart 0x00000000 e32 m1 l16 v4  0000ffff 0x3f800000 3f800000 3f800000 3f800000 3f800000 3f800000 3f800000 3f800000 3f800000 3f800000 3f800000 3f800000 3f800000 3f800000 3f800000 3f800000 
core   0: 0x80000208 (0xa25211d7) vfmadd.vv v3, v5, v4
core   0: 3 0x80000208 (0xa25211d7) c8_vstart 0x00000000 c1_fflags 0x00000001 e32 m1 l16 v3  0000ffff 0x4303a860 429a0cb8 42db4801 42ab68f5 42e0fdbd 430d5b51 4332ecd8 431217a9 430ad09e 43042ec8 4255d8ba 41fdd502 4206be27 42c57af8 4303a860 429a0cb8 
core   0: 0x8000020c (0xfe012283) lw      x5, -32(x2)
core   0: 3 0x8000020c (0xfe012283) x5  0x3f800000 mem 0x70000014
core   0: 0x80000210 (0x5e02c257) vmv.v.x v4, x5
core   0: 3 0x80000210 (0x5e02c257) c8_vstart 0x00000000 e32 m1 l16 v4  0000ffff 0x3f800000 3f800000 3f800000 3f800000 3f800000 3f800000 3f800000 3f800000 3f800000 3f800000 3f800000 3f800000 3f800000 3f800000 3f800000 3f800000 
core   0: 0x80000214 (0xa23213d7) vfmadd.vv v7, v3, v4
core   0: 3 0x80000214 (0xa23213d7) c8_vstart 0x00000000 c1_fflags 0x00000001 e32 m1 l16 v7  0000ffff 0x43137005 431ffc32 434d3db4 431fe205 4313f554 433f9956 43712db2 43613220 436ea2fe 43327410 43120184 428ebc26 423e0917 42e94ac1 43137005 431ffc32 
core   0: 0x80000218 (0xfe412283) lw      x5, -28(x2)
core   0: 3 0x80000218 (0xfe412283) x5  0x3f800000 mem 0x70000018
core   0: 0x8000021c (0x5e02c1d7) vmv.v.x v3, x5
core   0: 3 0x8000021c (0x5e02c1d7) c8_vstart 0x00000000 e32 m1 l16 v3  0000ffff 0x3f800000 3f800000 3f800000 3f800000 3f800000 3f800000 3f800000 3f800000 3f800000 3f800000 3f800000 3f800000 3f800000 3f800000 3f800000 3f800000 
core   0: 0x80000220 (0xa2719457) vfmadd.vv v8, v7, v3
core   0: 3 0x80000220 (0xa2719457) c8_vstart 0x00000000 c1_fflags 0x00000001 e32 m1 l16 v8  0000ffff 0x43177291 4364b084 43504d18 434c6dda 4361b8a2 43753ac8 43a99ee8 43812a8a 438511cc 434127a0 433dfb4e 4291d30e 4307f7ca 4334a87a 43177291 4364b084 
core   0: 0x80000224 (0xfe812283) lw      x5, -24(x2)
core   0: 3 0x80000224 (0xfe812283) x5  0x3f800000 mem 0x7000001c
core   0: 0x80000228 (0x5e02c1d7) vmv.v.x v3, x5
core   0: 3 0x80000228 (0x5e02c1d7) c8_vstart 0x00000000 e32 m1 l16 v3  0000ffff 0x3f800000 3f800000 3f800000 3f800000 3f800000 3f800000 3f800000 3f800000 3f800000 3f800000 3f800000 3f800000 3f800000 3f800000 3f800000 3f800000 
core   0: 0x8000022c (0xa2819557) vfmadd.vv v10, v8, v3
core   0: 3 0x8000022c (0xa2819557) c8_vstart 0x00000000 c1_fflags 0x00000001 e32 m1 l16 v10 0000ffff 0x435775aa 4368b310 4364eb92 434f7d3e 4387223c 43a17f0b 43c46fa1 43b23299 4395a346 435ca83a 434caede 42e9c6a2 4309833e 43868eff 435775aa 4368b310 
core   0: 0x80000230 (0xfec12283) lw      x5, -20(x2)
core   0: 3 0x80000230 (0xfec12283) x5  0x3f800000 mem 0x70000020
core   0: 0x80000234 (0x5e02c1d7) vmv.v.x v3, x5
core   0: 3 0x80000234 (0x5e02c1d7) c8_vstart 0x00000000 e32 m1 l16 v3  0000ffff 0x3f800000 3f800000 3f800000 3f800000 3f800000 3f800000 3f800000 3f800000 3f800000 3f800000 3f800000 3f800000 3f800000 3f800000 3f800000 3f800000 
core   0: 0x80000238 (0xa2a195d7) vfmadd.vv v11, v10, v3
core   0: 3 0x80000238 (0xa2a195d7) c8_vstart 0x00000000 c1_fflags 0x00000001 e32 m1 l16 v11 0000ffff 0x4397f597 43945b14 4396e59d 43641bb8 4388a9ee 43b7c4f6 43eb5148 43cd0352 43c6ab55 437dcb2e 43682f78 430396e1 43357d08 438754b9 4397f597 43945b14 
core   0: 0x8000023c (0xff012283) lw      x5, -16(x2)
core   0: 3 0x8000023c (0xff012283) x5  0x3f800000 mem 0x70000024
core   0: 0x80000240 (0x5e02c1d7) vmv.v.x v3, x5
core   0: 3 0x80000240 (0x5e02c1d7) c8_vstart 0x00000000 e32 m1 l16 v3  0000ffff 0x3f800000 3f800000 3f800000 3f800000 3f800000 3f800000 3f800000 3f800000 3f800000 3f800000 3f800000 3f800000 3f800000 3f800000 3f800000 3f800000 
core   0: 0x80000244 (0xa2b19157) vfmadd.vv v2, v11, v3
core   0: 3 0x80000244 (0xa2b19157) c8_vstart 0x00000000 c1_fflags 0x00000001 e32 m1 l16 v2  0000ffff 0x4399bfbf 43ae3c0b 4396f2f9 439870e6 43afd780 43c4bb8d 43fff917 43db11e2 43e6817f 439e002b 43823d1c 4314fded 437b26da 43b3a860 4399bfbf 43ae3c0b 
core   0: 0x80000248 (0xff412283) lw      x5, -12(x2)
core   0: 3 0x80000248 (0xff412283) x5  0x3f800000 mem 0x70000028
core   0: 0x8000024c (0x5e02c1d7) vmv.v.x v3, x5
core   0: 3 0x8000024c (0x5e02c1d7) c8_vstart 0x00000000 e32 m1 l16 v3  0000ffff 0x3f800000 3f800000 3f800000 3f800000 3f800000 3f800000 3f800000 3f800000 3f800000 3f800000 3f800000 3f800000 3f800000 3f800000 3f800000 3f800000 
core   0: 0x80000250 (0xa2219057) vfmadd.vv v0, v2, v3
core   0: 3 0x80000250 (0xa2219057) c8_vstart 0x00000000 c1_fflags 0x00000001 e32 m1 l16 v0  0000ffff 0x43c61366 43b00633 43bbed65 43987e42 43d63a8a 43ebe91f 440677d7 43efb9b1 43f4900f 43bdd655 43a157b0 433148ac 438646f3 43d67d49 43c61366 43b00633 
core   0: 0x80000254 (0xff812283) lw      x5, -8(x2)
core   0: 3 0x80000254 (0xff812283) x5  0x3f800000 mem 0x7000002c
core   0: 0x80000258 (0x5e02c157) vmv.v.x v2, x5
core   0: 3 0x80000258 (0x5e02c157) c8_vstart 0x00000000 e32 m1 l16 v2  0000ffff 0x3f800000 3f800000 3f800000 3f800000 3f800000 3f800000 3f800000 3f800000 3f800000 3f800000 3f800000 3f800000 3f800000 3f800000 3f800000 3f800000 
core   0: 0x8000025c (0xa20110d7) vfmadd.vv v1, v0, v2
core   0: 3 0x8000025c (0xa20110d7) c8_vstart 0x00000000 c1_fflags 0x00000001 e32 m1 l16 v1  0000ffff 0x43e8e84f 43dc59da 43d2aa98 43bd78ae 43d647e6 44092615 441a0ea0 43fcb048 44049bef 43cbe4e5 43c12dda 436f7dd4 43946c53 43df30cf 43e8e84f 43dc59da 
core   0: 0x80000260 (0xffc12283) lw      x5, -4(x2)
core   0: 3 0x80000260 (0xffc12283) x5  0x90001000 mem 0x70000030
core   0: 0x80000264 (0x0292c057) vadd.vx v0, v9, x5
core   0: 3 0x80000264 (0x0292c057) c8_vstart 0x00000000 e32 m1 l16 v0  0000ffff 0x90001348 90001344 90001378 90001374 90001370 9000136c 90001368 90001364 90001360 9000135c 90001358 90001354 90001350 9000134c 90001348 90001344 
core   0: 0x80000268 (0x0010607b) vsw12.v v1, v0, 0
core   0: 3 0x80000268 (0x0010607b) c8_vstart 0x00000000 e32 m1 l16 mem 0x90001344 0x43dc59da mem 0x90001348 0x43e8e84f mem 0x9000134c 0x43df30cf mem 0x90001350 0x43946c53 mem 0x90001354 0x436f7dd4 mem 0x90001358 0x43c12dda mem 0x9000135c 0x43cbe4e5 mem 0x90001360 0x44049bef mem 0x90001364 0x43fcb048 mem 0x90001368 0x441a0ea0 mem 0x9000136c 0x44092615 mem 0x90001370 0x43d647e6 mem 0x90001374 0x43bd78ae mem 0x90001378 0x43d2aa98 mem 0x90001344 0x43dc59da mem 0x90001348 0x43e8e84f
core   0: 0x8000026c (0xfcc12083) lw      x1, -52(x2)
core   0: 3 0x8000026c (0xfcc12083) x1  0x800000a0 mem 0x70000000
core   0: 0x80000270 (0x0090200b) regext  x0, x0,  0 0 1 1 
core   0: 3 0x80000270 (0x0090200b)
core   0: 0x80000274 (0x7fc020ab) vlw.v   v1, x0, -4
core   0: 3 0x80000274 (0x7fc020ab) e32 m1 l16 v33 0000ffff 0x00000000 00000000 00000000 00000000 00000000 00000000 00000000 00000000 00000000 00000000 00000000 00000000 00000000 00000000 00000000 00000000  c8_vstart 0x00000000 mem 0x90003000 mem 0x90003004 mem 0x90003008 mem 0x9000300c mem 0x90003010 mem 0x90003014 mem 0x90003018 mem 0x9000301c mem 0x90003020 mem 0x90003024 mem 0x90003028 mem 0x9000302c mem 0x90003030 mem 0x90003034 mem 0x90003038 mem 0x9000303c
core   0: 0x80000278 (0xfcc10113) addi    x2, x2, -52
core   0: 3 0x80000278 (0xfcc10113) x2  0x70000000
core   0: 0x8000027c (0xffc20213) addi    x4, x4, -4
core   0: 3 0x8000027c (0xffc20213) x4  0x00000000
core   0: 0x80000280 (0x0010200b) regext  x0, x0,  0 0 0 1 
core   0: 3 0x80000280 (0x0010200b)
core   0: 0x80000284 (0x5e024057) vmv.v.x v0, x4
core   0: 3 0x80000284 (0x5e024057) c8_vstart 0x00000000 e32 m1 l16 v32 0000ffff 0x00000000 00000000 00000000 00000000 00000000 00000000 00000000 00000000 00000000 00000000 00000000 00000000 00000000 00000000 00000000 00000000 
core   0: 0x80000288 (0x00008067) ret
core   0: 3 0x80000288 (0x00008067)
core   0: 0x800000a0 (0x0000400b) endprg  x0, x0, x0
core   0: 3 0x800000a0 (0x0000400b)
core   0: 0x800000a4 (0x0040006f) j       pc + 0x4
core   0: 3 0x800000a4 (0x0040006f)
core   0: 0x800000a8 (0x00100313) li      x6, 1
core   0: 3 0x800000a8 (0x00100313) x6  0x00000001
core   0: 0x800000ac (0x00001297) auipc   x5, 0x1
core   0: 3 0x800000ac (0x00001297) x5  0x800010ac
core   0: 0x800000b0 (0xf5428293) addi    x5, x5, -172
core   0: 3 0x800000b0 (0xf5428293) x5  0x80001000
core   0: 0x800000b4 (0x0062a023) sw      x6, 0(x5)
core   0: 3 0x800000b4 (0x0062a023) mem 0x80001000 0x00000001
core   0: 0x00001000 (0x00000297) auipc   x5, 0x0
core   0: 3 0x00001000 (0x00000297) x5  0x00001000
core   0: 0x00001004 (0x02028593) addi    x11, x5, 32
core   0: 3 0x00001004 (0x02028593) x11 0x00001020
core   0: 0x00001008 (0xf1402573) csrr    x10, mhartid
core   0: 3 0x00001008 (0xf1402573) x10 0x00000000
core   0: 0x0000100c (0x0182a283) lw      x5, 24(x5)
core   0: 3 0x0000100c (0x0182a283) x5  0x80000000 mem 0x00001018
core   0: 0x00001010 (0x00028067) jr      x5
core   0: 3 0x00001010 (0x00028067)
core   0: 0x80000000 (0x00004197) auipc   x3, 0x4
core   0: 3 0x80000000 (0x00004197) x3  0x80004000
core   0: 0x80000004 (0x80818193) addi    x3, x3, -2040
core   0: 3 0x80000004 (0x80818193) x3  0x80003808
core   0: 0x80000008 (0x02000e93) li      x29, 32
core   0: 3 0x80000008 (0x02000e93) x29 0x00000020
core   0: 0x8000000c (0x0d0efed7) vsetvli x29, x29, e32, m1, ta, ma
core   0: 3 0x8000000c (0x0d0efed7) x29 0x00000010 c8_vstart 0x00000000 c3104_vl 0x00000010 c3105_vtype 0x000000d0 c768_mstatus 0x80000600
core   0: 0x80000010 (0x00002eb7) lui     x29, 0x2
core   0: 3 0x80000010 (0x00002eb7) x29 0x00002000
core   0: 0x80000014 (0x300eaef3) csrrs   x29, mstatus, x29
core   0: 3 0x80000014 (0x300eaef3) x29 0x80000600 c768_mstatus 0x80006600
core   0: 0x80000018 (0x00000e93) li      x29, 0
core   0: 3 0x80000018 (0x00000e93) x29 0x00000000
core   0: 0x8000001c (0x80502373) csrr    x6, wid
core   0: 3 0x8000001c (0x80502373) x6  0x00000000
core   0: 0x80000020 (0x806023f3) csrr    x7, lds
core   0: 3 0x80000020 (0x806023f3) x7  0x70000000
core   0: 0x80000024 (0x40000e13) li      x28, 1024
core   0: 3 0x80000024 (0x40000e13) x28 0x00000400
core   0: 0x80000028 (0x03c30333) mul     x6, x6, x28
core   0: 3 0x80000028 (0x03c30333) x6  0x00000000
core   0: 0x8000002c (0x00730133) add     x2, x6, x7
core   0: 3 0x8000002c (0x00730133) x2  0x70000000
core   0: 0x80000030 (0x00000213) li      x4, 0
core   0: 3 0x80000030 (0x00000213) x4  0x00000000
core   0: 0x80000034 (0x80102f73) csrr    x30, numw
core   0: 3 0x80000034 (0x80102f73) x30 0x00000001
core   0: 0x80000038 (0x40000e13) li      x28, 1024
core   0: 3 0x80000038 (0x40000e13) x28 0x00000400
core   0: 0x8000003c (0x03cf0f33) mul     x30, x30, x28
core   0: 3 0x8000003c (0x03cf0f33) x30 0x00000400
core   0: 0x80000040 (0x01e38433) add     x8, x7, x30
core   0: 3 0x80000040 (0x01e38433) x8  0x70000400
core   0: 0x80000044 (0x00003517) auipc   x10, 0x3
core   0: 3 0x80000044 (0x00003517) x10 0x80003044
core   0: 0x80000048 (0xfc450513) addi    x10, x10, -60
core   0: 3 0x80000048 (0xfc450513) x10 0x80003008
core   0: 0x8000004c (0x00003617) auipc   x12, 0x3
core   0: 3 0x8000004c (0x00003617) x12 0x8000304c
core   0: 0x80000050 (0xfbc60613) addi    x12, x12, -68
core   0: 3 0x80000050 (0xfbc60613) x12 0x80003008
core   0: 0x80000054 (0x00c50863) beq     x10, x12, pc + 16
core   0: 3 0x80000054 (0x00c50863)
core   0: 0x80000064 (0x803022f3) csrr    x5, knl
core   0: 3 0x80000064 (0x803022f3) x5  0x900e3000
core   0: 0x80000068 (0x0002a303) lw      x6, 0(x5)
core   0: 3 0x80000068 (0x0002a303) x6  0x800000b8 mem 0x900e3000
core   0: 0x8000006c (0x0042a503) lw      x10, 4(x5)
core   0: 3 0x8000006c (0x0042a503) x10 0x90002000 mem 0x900e3004
core   0: 0x80000070 (0x0302a383) lw      x7, 48(x5)
core   0: 3 0x80000070 (0x0302a383) x7  0x00000000 mem 0x900e3030
core   0: 0x80000074 (0x0342ae03) lw      x28, 52(x5)
core   0: 3 0x80000074 (0x0342ae03) x28 0x00000000 mem 0x900e3034
core   0: 0x80000078 (0x00003e97) auipc   x29, 0x3
core   0: 3 0x80000078 (0x00003e97) x29 0x80003078
core   0: 0x8000007c (0xf88e8e93) addi    x29, x29, -120
core   0: 3 0x8000007c (0xf88e8e93) x29 0x80003000
core   0: 0x80000080 (0x00003f17) auipc   x30, 0x3
core   0: 3 0x80000080 (0x00003f17) x30 0x80003080
core   0: 0x80000084 (0xf84f0f13) addi    x30, x30, -124
core   0: 3 0x80000084 (0xf84f0f13) x30 0x80003004
core   0: 0x80000088 (0x007ea023) sw      x7, 0(x29)
core   0: 3 0x80000088 (0x007ea023) mem 0x80003000 0x00000000
core   0: 0x8000008c (0x01cf2023) sw      x28, 0(x30)
core   0: 3 0x8000008c (0x01cf2023) mem 0x80003004 0x00000000
core   0: 0x80000090 (0x00000f97) auipc   x31, 0x0
core   0: 3 0x80000090 (0x00000f97) x31 0x80000090
core   0: 0x80000094 (0x018f8f93) addi    x31, x31, 24
core   0: 3 0x80000094 (0x018f8f93) x31 0x800000a8
core   0: 0x80000098 (0x305f9073) csrw    mtvec, x31
core   0: 3 0x80000098 (0x305f9073) c773_mtvec 0x800000a8
core   0: 0x8000009c (0x000300e7) jalr    x6
core   0: 3 0x8000009c (0x000300e7) x1  0x800000a0
core   0: 0x800000b8 (0x03410113) addi    x2, x2, 52
core   0: 3 0x800000b8 (0x03410113) x2  0x70000034
core   0: 0x800000bc (0x00420213) addi    x4, x4, 4
core   0: 3 0x800000bc (0x00420213) x4  0x00000004
core   0: 0x800000c0 (0x0010200b) regext  x0, x0,  0 0 0 1 
core   0: 3 0x800000c0 (0x0010200b)
core   0: 0x800000c4 (0x5e024057) vmv.v.x v0, x4
core   0: 3 0x800000c4 (0x5e024057) c8_vstart 0x00000000 e32 m1 l16 v32 0000ffff 0x00000004 00000004 00000004 00000004 00000004 00000004 00000004 00000004 00000004 00000004 00000004 00000004 00000004 00000004 00000004 00000004 
core   0: 0x800000c8 (0xfc112623) sw      x1, -52(x2)
core   0: 3 0x800000c8 (0xfc112623) mem 0x70000000 0x800000a0
core   0: 0x800000cc (0x0480200b) regext  x0, x0,  0 1 1 0 
core   0: 3 0x800000cc (0x0480200b)
core   0: 0x800000d0 (0xfe102e2b) vsw.v   v1, x0, -4
core   0: 3 0x800000d0 (0xfe102e2b) c8_vstart 0x00000000 mem 0x90003000 0x00000000 mem 0x90003004 0x00000000 mem 0x90003008 0x00000000 mem 0x9000300c 0x00000000 mem 0x90003010 0x00000000 mem 0x90003014 0x00000000 mem 0x90003018 0x00000000 mem 0x9000301c 0x00000000 mem 0x90003020 0x00000000 mem 0x90003024 0x00000000 mem 0x90003028 0x00000000 mem 0x9000302c 0x00000000 mem 0x90003030 0x00000000 mem 0x90003034 0x00000000 mem 0x90003038 0x00000000 mem 0x9000303c 0x00000000
core   0: 0x800000d4 (0x00452283) lw      x5, 4(x10)
core   0: 3 0x800000d4 (0x00452283) x5  0x90001000 mem 0x90002004
core   0: 0x800000d8 (0xfe512e23) sw      x5, -4(x2)
core   0: 3 0x800000d8 (0xfe512e23) mem 0x70000030 0x90001000
core   0: 0x800000dc (0x03052283) lw      x5, 48(x10)
core   0: 3 0x800000dc (0x03052283) x5  0x3f800000 mem 0x90002030
core   0: 0x800000e0 (0xfe512c23) sw      x5, -8(x2)
core   0: 3 0x800000e0 (0xfe512c23) mem 0x7000002c 0x3f800000
core   0: 0x800000e4 (0x02c52283) lw      x5, 44(x10)
core   0: 3 0x800000e4 (0x02c52283) x5  0x3f800000 mem 0x9000202c
core   0: 0x800000e8 (0xfe512a23) sw      x5, -12(x2)
core   0: 3 0x800000e8 (0xfe512a23) mem 0x70000028 0x3f800000
core   0: 0x800000ec (0x02852283) lw      x5, 40(x10)
core   0: 3 0x800000ec (0x02852283) x5  0x3f800000 mem 0x90002028
core   0: 0x800000f0 (0xfe512823) sw      x5, -16(x2)
core   0: 3 0x800000f0 (0xfe512823) mem 0x70000024 0x3f800000
core   0: 0x800000f4 (0x02452283) lw      x5, 36(x10)
core   0: 3 0x800000f4 (0x02452283) x5  0x3f800000 mem 0x90002024
core   0: 0x800000f8 (0xfe512623) sw      x5, -20(x2)
core   0: 3 0x800000f8 (0xfe512623) mem 0x70000020 0x3f800000
core   0: 0x800000fc (0x02052283) lw      x5, 32(x10)
core   0: 3 0x800000fc (0x02052283) x5  0x3f800000 mem 0x90002020
core   0: 0x80000100 (0xfe512423) sw      x5, -24(x2)
core   0: 3 0x80000100 (0xfe512423) mem 0x7000001c 0x3f800000
core   0: 0x80000104 (0x01c52283) lw      x5, 28(x10)
core   0: 3 0x80000104 (0x01c52283) x5  0x3f800000 mem 0x9000201c
core   0: 0x80000108 (0xfe512223) sw      x5, -28(x2)
core   0: 3 0x80000108 (0xfe512223) mem 0x70000018 0x3f800000
core   0: 0x8000010c (0x01852283) lw      x5, 24(x10)
core   0: 3 0x8000010c (0x01852283) x5  0x3f800000 mem 0x90002018
core   0: 0x80000110 (0xfe512023) sw      x5, -32(x2)
core   0: 3 0x80000110 (0xfe512023) mem 0x70000014 0x3f800000
core   0: 0x80000114 (0x01052283) lw      x5, 16(x10)
core   0: 3 0x80000114 (0x01052283) x5  0x3f800000 mem 0x90002010
core   0: 0x80000118 (0xfc512e23) sw      x5, -36(x2)
core   0: 3 0x80000118 (0xfc512e23) mem 0x70000010 0x3f800000
core   0: 0x8000011c (0x01452283) lw      x5, 20(x10)
core   0: 3 0x8000011c (0x01452283) x5  0x3f800000 mem 0x90002014
core   0: 0x80000120 (0xfc512c23) sw      x5, -40(x2)
core   0: 3 0x80000120 (0xfc512c23) mem 0x7000000c 0x3f800000
core   0: 0x80000124 (0x00052283) lw      x5, 0(x10)
core   0: 3 0x80000124 (0x00052283) x5  0x90000000 mem 0x90002000
core   0: 0x80000128 (0xfc512a23) sw      x5, -44(x2)
core   0: 3 0x80000128 (0xfc512a23) mem 0x70000008 0x90000000
core   0: 0x8000012c (0x00852283) lw      x5, 8(x10)
core   0: 3 0x8000012c (0x00852283) x5  0x00000010 mem 0x90002008
core   0: 0x80000130 (0xfc512823) sw      x5, -48(x2)
core   0: 3 0x80000130 (0xfc512823) mem 0x70000004 0x00000010
core   0: 0x80000134 (0x5e004057) vmv.v.x v0, x0
core   0: 3 0x80000134 (0x5e004057) c8_vstart 0x00000000 e32 m1 l16 v0  0000ffff 0x00000000 00000000 00000000 00000000 00000000 00000000 00000000 00000000 00000000 00000000 00000000 00000000 00000000 00000000 00000000 00000000 
core   0: 0x80000138 (0x154000ef) jal     pc + 0x154
core   0: 3 0x80000138 (0x154000ef) x1  0x8000013c
core   0: 0x8000028c (0x00410113) addi    x2, x2, 4
core   0: 3 0x8000028c (0x00410113) x2  0x70000038
core   0: 0x80000290 (0xfe112e23) sw      x1, -4(x2)
core   0: 3 0x80000290 (0xfe112e23) mem 0x70000034 0x8000013c
core   0: 0x80000294 (0x00200293) li      x5, 2
core   0: 3 0x80000294 (0x00200293) x5  0x00000002
core   0: 0x80000298 (0x5e02c0d7) vmv.v.x v1, x5
core   0: 3 0x80000298 (0x5e02c0d7) c8_vstart 0x00000000 e32 m1 l16 v1  0000ffff 0x00000002 00000002 00000002 00000002 00000002 00000002 00000002 00000002 00000002 00000002 00000002 00000002 00000002 00000002 00000002 00000002 
core   0: 0x8000029c (0x00000317) auipc   x6, 0x0
core   0: 3 0x8000029c (0x00000317) x6  0x8000029c
core   0: 0x800002a0 (0x04c3305b) setrpc  x0, x6, 76
core   0: 3 0x800002a0 (0x04c3305b) c2060_rpc 0x800002e8 current mask:	0000ffff current npc:	00000000 stack size: 0
core   0: 0x800002a4 (0x0200885b) vbeq    v0, v1, pc + 48
core   0: 3 0x800002a4 (0x0200885b) c8_vstart 0x00000000 e32 m1 l16 current mask:	0000ffff current npc:	800002a8 stack size: 0
core   0: 0x800002a8 (0x00100293) li      x5, 1
core   0: 3 0x800002a8 (0x00100293) x5  0x00000001
core   0: 0x800002ac (0x5e02c0d7) vmv.v.x v1, x5
core   0: 3 0x800002ac (0x5e02c0d7) c8_vstart 0x00000000 e32 m1 l16 v1  0000ffff 0x00000001 00000001 00000001 00000001 00000001 00000001 00000001 00000001 00000001 00000001 00000001 00000001 00000001 00000001 00000001 00000001 
core   0: 0x800002b0 (0x00000317) auipc   x6, 0x0
core   0: 3 0x800002b0 (0x00000317) x6  0x800002b0
core   0: 0x800002b4 (0x0383305b) setrpc  x0, x6, 56
core   0: 3 0x800002b4 (0x0383305b) c2060_rpc 0x800002e8 current mask:	0000ffff current npc:	800002a8 stack size: 0
core   0: 0x800002b8 (0x0200825b) vbeq    v0, v1, pc + 36
core   0: 3 0x800002b8 (0x0200825b) c8_vstart 0x00000000 e32 m1 l16 current mask:	0000ffff current npc:	800002bc stack size: 0
core   0: 0x800002bc (0x5e0040d7) vmv.v.x v1, x0
core   0: 3 0x800002bc (0x5e0040d7) c8_vstart 0x00000000 e32 m1 l16 v1  0000ffff 0x00000000 00000000 00000000 00000000 00000000 00000000 00000000 00000000 00000000 00000000 00000000 00000000 00000000 00000000 00000000 00000000 
core   0: 0x800002c0 (0x00000317) auipc   x6, 0x0
core   0: 3 0x800002c0 (0x00000317) x6  0x800002c0
core   0: 0x800002c4 (0x0283305b) setrpc  x0, x6, 40
core   0: 3 0x800002c4 (0x0283305b) c2060_rpc 0x800002e8 current mask:	0000ffff current npc:	800002bc stack size: 0
core   0: 0x800002c8 (0x00009e5b) vbne    v0, v1, pc + 28
core   0: 3 0x800002c8 (0x00009e5b) c8_vstart 0x00000000 e32 m1 l16 current mask:	0000ffff current npc:	800002cc stack size: 0
core   0: 0x800002cc (0x1a0000ef) jal     pc + 0x1a0
core   0: 3 0x800002cc (0x1a0000ef) x1  0x800002d0
core   0: 0x8000046c (0x00410113) addi    x2, x2, 4
core   0: 3 0x8000046c (0x00410113) x2  0x7000003c
core   0: 0x80000470 (0xfe112e23) sw      x1, -4(x2)
core   0: 3 0x80000470 (0xfe112e23) mem 0x70000038 0x800002d0
core   0: 0x80000474 (0xf1dff0ef) jal     pc - 0xe4
core   0: 3 0x80000474 (0xf1dff0ef) x1  0x80000478
core   0: 0x80000390 (0x00410113) addi    x2, x2, 4
core   0: 3 0x80000390 (0x00410113) x2  0x70000040
core   0: 0x80000394 (0xfe112e23) sw      x1, -4(x2)
core   0: 3 0x80000394 (0xfe112e23) mem 0x7000003c 0x80000478
core   0: 0x80000398 (0x80302573) csrr    x10, knl
core   0: 3 0x80000398 (0x80302573) x10 0x900e3000
core   0: 0x8000039c (0x00852283) lw      x5, 8(x10)
core   0: 3 0x8000039c (0x00852283) x5  0x00000002 mem 0x900e3008
core   0: 0x800003a0 (0x80002373) csrr    x6, tid
core   0: 3 0x800003a0 (0x80002373) x6  0x00000000
core   0: 0x800003a4 (0x5208a157) vid.v   v2
core   0: 3 0x800003a4 (0x5208a157) c8_vstart 0x00000000 e32 m1 l16 v2  0000ffff 0x0000000f 0000000e 0000000d 0000000c 0000000b 0000000a 00000009 00000008 00000007 00000006 00000005 00000004 00000003 00000002 00000001 00000000 
core   0: 0x800003a8 (0x02234057) vadd.vx v0, v2, x6
core   0: 3 0x800003a8 (0x02234057) c8_vstart 0x00000000 e32 m1 l16 v0  0000ffff 0x0000000f 0000000e 0000000d 0000000c 0000000b 0000000a 00000009 00000008 00000007 00000006 00000005 00000004 00000003 00000002 00000001 00000000 
core   0: 0x800003ac (0x01852e03) lw      x28, 24(x10)
core   0: 3 0x800003ac (0x01852e03) x28 0x0000000e mem 0x900e3018
core   0: 0x800003b0 (0x8a0e6057) vremu.vx v0, v0, x28
core   0: 3 0x800003b0 (0x8a0e6057) c8_vstart 0x00000000 e32 m1 l16 v0  0000ffff 0x00000001 00000000 0000000d 0000000c 0000000b 0000000a 00000009 00000008 00000007 00000006 00000005 00000004 00000003 00000002 00000001 00000000 
core   0: 0x800003b4 (0xffc12083) lw      x1, -4(x2)
core   0: 3 0x800003b4 (0xffc12083) x1  0x80000478 mem 0x7000003c
core   0: 0x800003b8 (0xffc10113) addi    x2, x2, -4
core   0: 3 0x800003b8 (0xffc10113) x2  0x7000003c
core   0: 0x800003bc (0x00008067) ret
core   0: 3 0x800003bc (0x00008067)
core   0: 0x80000478 (0x80302573) csrr    x10, knl
core   0: 3 0x80000478 (0x80302573) x10 0x900e3000
core   0: 0x8000047c (0x80802373) csrr    x6, gidx
core   0: 3 0x8000047c (0x80802373) x6  0x00000000
core   0: 0x80000480 (0x01852e03) lw      x28, 24(x10)
core   0: 3 0x80000480 (0x01852e03) x28 0x0000000e mem 0x900e3018
core   0: 0x80000484 (0x02452e83) lw      x29, 36(x10)
core   0: 3 0x80000484 (0x02452e83) x29 0x00000001 mem 0x900e3024
core   0: 0x80000488 (0x03c30fb3) mul     x31, x6, x28
core   0: 3 0x80000488 (0x03c30fb3) x31 0x00000000
core   0: 0x8000048c (0x01df8fb3) add     x31, x31, x29
core   0: 3 0x8000048c (0x01df8fb3) x31 0x00000001
core   0: 0x80000490 (0x020fc057) vadd.vx v0, v0, x31
core   0: 3 0x80000490 (0x020fc057) c8_vstart 0x00000000 e32 m1 l16 v0  0000ffff 0x00000002 00000001 0000000e 0000000d 0000000c 0000000b 0000000a 00000009 00000008 00000007 00000006 00000005 00000004 00000003 00000002 00000001 
core   0: 0x80000494 (0xffc12083) lw      x1, -4(x2)
core   0: 3 0x80000494 (0xffc12083) x1  0x800002d0 mem 0x70000038
core   0: 0x80000498 (0xffc10113) addi    x2, x2, -4
core   0: 3 0x80000498 (0xffc10113) x2  0x70000038
core   0: 0x8000049c (0x00008067) ret
core   0: 3 0x8000049c (0x00008067)
core   0: 0x800002d0 (0x0180006f) j       pc + 0x18
core   0: 3 0x800002d0 (0x0180006f)
core   0: 0x800002e8 (0x0000205b) join    v0, v0, pc + 0
core   0: 3 0x800002e8 (0x0000205b) current mask:	0000ffff current npc:	800002cc stack size: 0
core   0: 0x800002ec (0xffc12083) lw      x1, -4(x2)
core   0: 3 0x800002ec (0xffc12083) x1  0x8000013c mem 0x70000034
core   0: 0x800002f0 (0xffc10113) addi    x2, x2, -4
core   0: 3 0x800002f0 (0xffc10113) x2  0x70000034
core   0: 0x800002f4 (0x00008067) ret
core   0: 3 0x800002f4 (0x00008067)
core   0: 0x8000013c (0x0010200b) regext  x0, x0,  0 0 0 1 
core   0: 3 0x8000013c (0x0010200b)
core   0: 0x80000140 (0x020040d7) vadd.vx v1, v0, x0
core   0: 3 0x80000140 (0x020040d7) c8_vstart 0x00000000 e32 m1 l16 v33 0000ffff 0x00000002 00000001 0000000e 0000000d 0000000c 0000000b 0000000a 00000009 00000008 00000007 00000006 00000005 00000004 00000003 00000002 00000001 
core   0: 0x80000144 (0x00100293) li      x5, 1
core   0: 3 0x80000144 (0x00100293) x5  0x00000001
core   0: 0x80000148 (0x5e02c057) vmv.v.x v0, x5
core   0: 3 0x80000148 (0x5e02c057) c8_vstart 0x00000000 e32 m1 l16 v0  0000ffff 0x00000001 00000001 00000001 00000001 00000001 00000001 00000001 00000001 00000001 00000001 00000001 00000001 00000001 00000001 00000001 00000001 
core   0: 0x8000014c (0x140000ef) jal     pc + 0x140
core   0: 3 0x8000014c (0x140000ef) x1  0x80000150
core   0: 0x8000028c (0x00410113) addi    x2, x2, 4
core   0: 3 0x8000028c (0x00410113) x2  0x70000038
core   0: 0x80000290 (0xfe112e23) sw      x1, -4(x2)
core   0: 3 0x80000290 (0xfe112e23) mem 0x70000034 0x80000150
core   0: 0x80000294 (0x00200293) li      x5, 2
core   0: 3 0x80000294 (0x00200293) x5  0x00000002
core   0: 0x80000298 (0x5e02c0d7) vmv.v.x v1, x5
core   0: 3 0x80000298 (0x5e02c0d7) c8_vstart 0x00000000 e32 m1 l16 v1  0000ffff 0x00000002 00000002 00000002 00000002 00000002 00000002 00000002 00000002 00000002 00000002 00000002 00000002 00000002 00000002 00000002 00000002 
core   0: 0x8000029c (0x00000317) auipc   x6, 0x0
core   0: 3 0x8000029c (0x00000317) x6  0x8000029c
core   0: 0x800002a0 (0x04c3305b) setrpc  x0, x6, 76
core   0: 3 0x800002a0 (0x04c3305b) c2060_rpc 0x800002e8 current mask:	0000ffff current npc:	800002cc stack size: 0
core   0: 0x800002a4 (0x0200885b) vbeq    v0, v1, pc + 48
core   0: 3 0x800002a4 (0x0200885b) c8_vstart 0x00000000 e32 m1 l16 current mask:	0000ffff current npc:	800002a8 stack size: 0
core   0: 0x800002a8 (0x00100293) li      x5, 1
core   0: 3 0x800002a8 (0x00100293) x5  0x00000001
core   0: 0x800002ac (0x5e02c0d7) vmv.v.x v1, x5
core   0: 3 0x800002ac (0x5e02c0d7) c8_vstart 0x00000000 e32 m1 l16 v1  0000ffff 0x00000001 00000001 00000001 00000001 00000001 00000001 00000001 00000001 00000001 00000001 00000001 00000001 00000001 00000001 00000001 00000001 
core   0: 0x800002b0 (0x00000317) auipc   x6, 0x0
core   0: 3 0x800002b0 (0x00000317) x6  0x800002b0
core   0: 0x800002b4 (0x0383305b) setrpc  x0, x6, 56
core   0: 3 0x800002b4 (0x0383305b) c2060_rpc 0x800002e8 current mask:	0000ffff current npc:	800002a8 stack size: 0
core   0: 0x800002b8 (0x0200825b) vbeq    v0, v1, pc + 36
core   0: 3 0x800002b8 (0x0200825b) c8_vstart 0x00000000 e32 m1 l16 current mask:	0000ffff current npc:	800002dc stack size: 0
core   0: 0x800002dc (0x1c4000ef) jal     pc + 0x1c4
core   0: 3 0x800002dc (0x1c4000ef) x1  0x800002e0
core   0: 0x800004a0 (0x00410113) addi    x2, x2, 4
core   0: 3 0x800004a0 (0x00410113) x2  0x7000003c
core   0: 0x800004a4 (0xfe112e23) sw      x1, -4(x2)
core   0: 3 0x800004a4 (0xfe112e23) mem 0x70000038 0x800002e0
core   0: 0x800004a8 (0xf19ff0ef) jal     pc - 0xe8
core   0: 3 0x800004a8 (0xf19ff0ef) x1  0x800004ac
core   0: 0x800003c0 (0x00410113) addi    x2, x2, 4
core   0: 3 0x800003c0 (0x00410113) x2  0x70000040
core   0: 0x800003c4 (0xfe112e23) sw      x1, -4(x2)
core   0: 3 0x800003c4 (0xfe112e23) mem 0x7000003c 0x800004ac
core   0: 0x800003c8 (0x80302573) csrr    x10, knl
core   0: 3 0x800003c8 (0x80302573) x10 0x900e3000
core   0: 0x800003cc (0x00852283) lw      x5, 8(x10)
core   0: 3 0x800003cc (0x00852283) x5  0x00000002 mem 0x900e3008
core   0: 0x800003d0 (0x80002373) csrr    x6, tid
core   0: 3 0x800003d0 (0x80002373) x6  0x00000000
core   0: 0x800003d4 (0x5208a157) vid.v   v2
core   0: 3 0x800003d4 (0x5208a157) c8_vstart 0x00000000 e32 m1 l16 v2  0000ffff 0x0000000f 0000000e 0000000d 0000000c 0000000b 0000000a 00000009 00000008 00000007 00000006 00000005 00000004 00000003 00000002 00000001 00000000 
core   0: 0x800003d8 (0x02234057) vadd.vx v0, v2, x6
core   0: 3 0x800003d8 (0x02234057) c8_vstart 0x00000000 e32 m1 l16 v0  0000ffff 0x0000000f 0000000e 0000000d 0000000c 0000000b 0000000a 00000009 00000008 00000007 00000006 00000005 00000004 00000003 00000002 00000001 00000000 
core   0: 0x800003dc (0x01852e03) lw      x28, 24(x10)
core   0: 3 0x800003dc (0x01852e03) x28 0x0000000e mem 0x900e3018
core   0: 0x800003e0 (0x01c52e83) lw      x29, 28(x10)
core   0: 3 0x800003e0 (0x01c52e83) x29 0x00000001 mem 0x900e301c
core   0: 0x800003e4 (0x03ce8f33) mul     x30, x29, x28
core   0: 3 0x800003e4 (0x03ce8f33) x30 0x0000000e
core   0: 0x800003e8 (0x8a0f6057) vremu.vx v0, v0, x30
core   0: 3 0x800003e8 (0x8a0f6057) c8_vstart 0x00000000 e32 m1 l16 v0  0000ffff 0x00000001 00000000 0000000d 0000000c 0000000b 0000000a 00000009 00000008 00000007 00000006 00000005 00000004 00000003 00000002 00000001 00000000 
core   0: 0x800003ec (0x820e6057) vdivu.vx v0, v0, x28
core   0: 3 0x800003ec (0x820e6057) c8_vstart 0x00000000 e32 m1 l16 v0  0000ffff 0x00000000 00000000 00000000 00000000 00000000 00000000 00000000 00000000 00000000 00000000 00000000 00000000 00000000 00000000 00000000 00000000 
core   0: 0x800003f0 (0x5e0ec0d7) vmv.v.x v1, x29
core   0: 3 0x800003f0 (0x5e0ec0d7) c8_vstart 0x00000000 e32 m1 l16 v1  0000ffff 0x00000001 00000001 00000001 00000001 00000001 00000001 00000001 00000001 00000001 00000001 00000001 00000001 00000001 00000001 00000001 00000001 
core   0: 0x800003f4 (0x00000317) auipc   x6, 0x0
core   0: 3 0x800003f4 (0x00000317) x6  0x800003f4
core   0: 0x800003f8 (0x0143305b) setrpc  x0, x6, 20
core   0: 3 0x800003f8 (0x0143305b) c2060_rpc 0x80000408 current mask:	0000ffff current npc:	800002dc stack size: 0
core   0: 0x800003fc (0x0000c65b) vblt    v0, v1, pc + 12
core   0: 3 0x800003fc (0x0000c65b) c8_vstart 0x00000000 e32 m1 l16 current mask:	0000ffff current npc:	80000408 stack size: 0
core   0: 0x80000408 (0x0000205b) join    v0, v0, pc + 0
core   0: 3 0x80000408 (0x0000205b) current mask:	0000ffff current npc:	80000408 stack size: 0
core   0: 0x8000040c (0xffc12083) lw      x1, -4(x2)
core   0: 3 0x8000040c (0xffc12083) x1  0x800004ac mem 0x7000003c
core   0: 0x80000410 (0xffc10113) addi    x2, x2, -4
core   0: 3 0x80000410 (0xffc10113) x2  0x7000003c
core   0: 0x80000414 (0x00008067) ret
core   0: 3 0x80000414 (0x00008067)
core   0: 0x800004ac (0x80902373) csrr    x6, gidy
core   0: 3 0x800004ac (0x80902373) x6  0x0000000d
core   0: 0x800004b0 (0x01c52383) lw      x7, 28(x10)
core   0: 3 0x800004b0 (0x01c52383) x7  0x00000001 mem 0x900e301c
core   0: 0x800004b4 (0x02852e83) lw      x29, 40(x10)
core   0: 3 0x800004b4 (0x02852e83) x29 0x00000001 mem 0x900e3028
core   0: 0x800004b8 (0x02730e33) mul     x28, x6, x7
core   0: 3 0x800004b8 (0x02730e33) x28 0x0000000d
core   0: 0x800004bc (0x01de0e33) add     x28, x28, x29
core   0: 3 0x800004bc (0x01de0e33) x28 0x0000000e
core   0: 0x800004c0 (0x020e4057) vadd.vx v0, v0, x28
core   0: 3 0x800004c0 (0x020e4057) c8_vstart 0x00000000 e32 m1 l16 v0  0000ffff 0x0000000e 0000000e 0000000e 0000000e 0000000e 0000000e 0000000e 0000000e 0000000e 0000000e 0000000e 0000000e 0000000e 0000000e 0000000e 0000000e 
core   0: 0x800004c4 (0xffc12083) lw      x1, -4(x2)
core   0: 3 0x800004c4 (0xffc12083) x1  0x800002e0 mem 0x70000038
core   0: 0x800004c8 (0xffc10113) addi    x2, x2, -4
core   0: 3 0x800004c8 (0xffc10113) x2  0x70000038
core   0: 0x800004cc (0x00008067) ret
core   0: 3 0x800004cc (0x00008067)
core   0: 0x800002e0 (0x0080006f) j       pc + 0x8
core   0: 3 0x800002e0 (0x0080006f)
core   0: 0x800002e8 (0x0000205b) join    v0, v0, pc + 0
core   0: 3 0x800002e8 (0x0000205b) current mask:	0000ffff current npc:	80000408 stack size: 0
core   0: 0x800002ec (0xffc12083) lw      x1, -4(x2)
core   0: 3 0x800002ec (0xffc12083) x1  0x80000150 mem 0x70000034
core   0: 0x800002f0 (0xffc10113) addi    x2, x2, -4
core   0: 3 0x800002f0 (0xffc10113) x2  0x70000034
core   0: 0x800002f4 (0x00008067) ret
core   0: 3 0x800002f4 (0x00008067)
core   0: 0x80000150 (0xfd012283) lw      x5, -48(x2)
core   0: 3 0x80000150 (0xfd012283) x5  0x00000010 mem 0x70000004
core   0: 0x80000154 (0x5e02c0d7) vmv.v.x v1, x5
core   0: 3 0x80000154 (0x5e02c0d7) c8_vstart 0x00000000 e32 m1 l16 v1  0000ffff 0x00000010 00000010 00000010 00000010 00000010 00000010 00000010 00000010 00000010 00000010 00000010 00000010 00000010 00000010 00000010 00000010 
core   0: 0x80000158 (0x0400200b) regext  x0, x0,  0 1 0 0 
core   0: 3 0x80000158 (0x0400200b)
core   0: 0x8000015c (0xa612e057) vmadd.vx v0, v1, x5
core   0: 3 0x8000015c (0xa612e057) c8_vstart 0x00000000 e32 m1 l16 v0  0000ffff 0x000000e2 000000e1 000000ee 000000ed 000000ec 000000eb 000000ea 000000e9 000000e8 000000e7 000000e6 000000e5 000000e4 000000e3 000000e2 000000e1 
core   0: 0x80000160 (0x0010110b) vsub12.vi v2, v0, 1
core   0: 3 0x80000160 (0x0010110b) c8_vstart 0x00000000 e32 m1 l16 v2  0000ffff 0x000000e1 000000e0 000000ed 000000ec 000000eb 000000ea 000000e9 000000e8 000000e7 000000e6 000000e5 000000e4 000000e3 000000e2 000000e1 000000e0 
core   0: 0x80000164 (0x0a2081d7) vsub.vv v3, v2, v1
core   0: 3 0x80000164 (0x0a2081d7) c8_vstart 0x00000000 e32 m1 l16 v3  0000ffff 0x000000d1 000000d0 000000dd 000000dc 000000db 000000da 000000d9 000000d8 000000d7 000000d6 000000d5 000000d4 000000d3 000000d2 000000d1 000000d0 
core   0: 0x80000168 (0x963131d7) vsll.vi v3, v3, 2
core   0: 3 0x80000168 (0x963131d7) c8_vstart 0x00000000 e32 m1 l16 v3  0000ffff 0x00000344 00000340 00000374 00000370 0000036c 00000368 00000364 00000360 0000035c 00000358 00000354 00000350 0000034c 00000348 00000344 00000340 
core   0: 0x8000016c (0xfd412283) lw      x5, -44(x2)
core   0: 3 0x8000016c (0xfd412283) x5  0x90000000 mem 0x70000008
core   0: 0x80000170 (0x5e02c257) vmv.v.x v4, x5
core   0: 3 0x80000170 (0x5e02c257) c8_vstart 0x00000000 e32 m1 l16 v4  0000ffff 0x90000000 90000000 90000000 90000000 90000000 90000000 90000000 90000000 90000000 90000000 90000000 90000000 90000000 90000000 90000000 90000000 
core   0: 0x80000174 (0x0232c1d7) vadd.vx v3, v3, x5
core   0: 3 0x80000174 (0x0232c1d7) c8_vstart 0x00000000 e32 m1 l16 v3  0000ffff 0x90000344 90000340 90000374 90000370 9000036c 90000368 90000364 90000360 9000035c 90000358 90000354 90000350 9000034c 90000348 90000344 90000340 
core   0: 0x80000178 (0x0a0082d7) vsub.vv v5, v0, v1
core   0: 3 0x80000178 (0x0a0082d7) c8_vstart 0x00000000 e32 m1 l16 v5  0000ffff 0x000000d2 000000d1 000000de 000000dd 000000dc 000000db 000000da 000000d9 000000d8 000000d7 000000d6 000000d5 000000d4 000000d3 000000d2 000000d1 
core   0: 0x8000017c (0x965132d7) vsll.vi v5, v5, 2
core   0: 3 0x8000017c (0x965132d7) c8_vstart 0x00000000 e32 m1 l16 v5  0000ffff 0x00000348 00000344 00000378 00000374 00000370 0000036c 00000368 00000364 00000360 0000035c 00000358 00000354 00000350 0000034c 00000348 00000344 
core   0: 0x80000180 (0x024282d7) vadd.vv v5, v4, v5
core   0: 3 0x80000180 (0x024282d7) c8_vstart 0x00000000 e32 m1 l16 v5  0000ffff 0x90000348 90000344 90000378 90000374 90000370 9000036c 90000368 90000364 90000360 9000035c 90000358 90000354 90000350 9000034c 90000348 90000344 
core   0: 0x80000184 (0x0002a2fb) vlw12.v v5, v5, 0
core   0: 3 0x80000184 (0x0002a2fb) e32 m1 l16 v5  0000ffff 0x42800632 4080517b 41a4f3cc 4043d8eb 42322f55 429b869b 425685c6 42c4203c 42048bd1 41dc04cc 416b3901 422fe727 3fc5ba0c 42b0eb09 42800632 4080517b  c8_vstart 0x00000000 mem 0x90000344 mem 0x90000348 mem 0x9000034c mem 0x90000350 mem 0x90000354 mem 0x90000358 mem 0x9000035c mem 0x90000360 mem 0x90000364 mem 0x90000368 mem 0x9000036c mem 0x90000370 mem 0x90000374 mem 0x90000378 mem 0x90000344 mem 0x90000348
core   0: 0x80000188 (0x0001a1fb) vlw12.v v3, v3, 0
core   0: 3 0x80000188 (0x0001a1fb) e32 m1 l16 v3  0000ffff 0x4080517b 428968a3 4043d8eb 42322f55 429b869b 425685c6 42c4203c 42048bd1 41dc04cc 416b3901 422fe727 3fc5ba0c 42b0eb09 42800632 4080517b 428968a3  c8_vstart 0x00000000 mem 0x90000340 mem 0x90000344 mem 0x90000348 mem 0x9000034c mem 0x90000350 mem 0x90000354 mem 0x90000358 mem 0x9000035c mem 0x90000360 mem 0x90000364 mem 0x90000368 mem 0x9000036c mem 0x90000370 mem 0x90000374 mem 0x90000340 mem 0x90000344
core   0: 0x8000018c (0xfd812283) lw      x5, -40(x2)
core   0: 3 0x8000018c (0xfd812283) x5  0x3f800000 mem 0x7000000c
core   0: 0x80000190 (0x5e02c357) vmv.v.x v6, x5
core   0: 3 0x80000190 (0x5e02c357) c8_vstart 0x00000000 e32 m1 l16 v6  0000ffff 0x3f800000 3f800000 3f800000 3f800000 3f800000 3f800000 3f800000 3f800000 3f800000 3f800000 3f800000 3f800000 3f800000 3f800000 3f800000 3f800000 
core   0: 0x80000194 (0x925312d7) vfmul.vv v5, v5, v6
core   0: 3 0x80000194 (0x925312d7) c8_vstart 0x00000000 e32 m1 l16 v5  0000ffff 0x42800632 4080517b 41a4f3cc 4043d8eb 42322f55 429b869b 425685c6 42c4203c 42048bd1 41dc04cc 416b3901 422fe727 3fc5ba0c 42b0eb09 42800632 4080517b 
core   0: 0x80000198 (0x0200b357) vadd.vi v6, v0, 1
core   0: 3 0x80000198 (0x0200b357) c8_vstart 0x00000000 e32 m1 l16 v6  0000ffff 0x000000e3 000000e2 000000ef 000000ee 000000ed 000000ec 000000eb 000000ea 000000e9 000000e8 000000e7 000000e6 000000e5 000000e4 000000e3 000000e2 
core   0: 0x8000019c (0x0a6083d7) vsub.vv v7, v6, v1
core   0: 3 0x8000019c (0x0a6083d7) c8_vstart 0x00000000 e32 m1 l16 v7  0000ffff 0x000000d3 000000d2 000000df 000000de 000000dd 000000dc 000000db 000000da 000000d9 000000d8 000000d7 000000d6 000000d5 000000d4 000000d3 000000d2 
core   0: 0x800001a0 (0x967133d7) vsll.vi v7, v7, 2
core   0: 3 0x800001a0 (0x967133d7) c8_vstart 0x00000000 e32 m1 l16 v7  0000ffff 0x0000034c 00000348 0000037c 00000378 00000374 00000370 0000036c 00000368 00000364 00000360 0000035c 00000358 00000354 00000350 0000034c 00000348 
core   0: 0x800001a4 (0x024383d7) vadd.vv v7, v4, v7
core   0: 3 0x800001a4 (0x024383d7) c8_vstart 0x00000000 e32 m1 l16 v7  0000ffff 0x9000034c 90000348 9000037c 90000378 90000374 90000370 9000036c 90000368 90000364 90000360 9000035c 90000358 90000354 90000350 9000034c 90000348 
core   0: 0x800001a8 (0x0003a3fb) vlw12.v v7, v7, 0
core   0: 3 0x800001a8 (0x0003a3fb) e32 m1 l16 v7  0000ffff 0x42b0eb09 42800632 4291bf4f 41a4f3cc 4043d8eb 42322f55 429b869b 425685c6 42c4203c 42048bd1 41dc04cc 416b3901 422fe727 3fc5ba0c 42b0eb09 42800632  c8_vstart 0x00000000 mem 0x90000348 mem 0x9000034c mem 0x90000350 mem 0x90000354 mem 0x90000358 mem 0x9000035c mem 0x90000360 mem 0x90000364 mem 0x90000368 mem 0x9000036c mem 0x90000370 mem 0x90000374 mem 0x90000378 mem 0x9000037c mem 0x90000348 mem 0x9000034c
core   0: 0x800001ac (0x96213457) vsll.vi v8, v2, 2
core   0: 3 0x800001ac (0x96213457) c8_vstart 0x00000000 e32 m1 l16 v8  0000ffff 0x00000384 00000380 000003b4 000003b0 000003ac 000003a8 000003a4 000003a0 0000039c 00000398 00000394 00000390 0000038c 00000388 00000384 00000380 
core   0: 0x800001b0 (0x02440457) vadd.vv v8, v4, v8
core   0: 3 0x800001b0 (0x02440457) c8_vstart 0x00000000 e32 m1 l16 v8  0000ffff 0x90000384 90000380 900003b4 900003b0 900003ac 900003a8 900003a4 900003a0 9000039c 90000398 90000394 90000390 9000038c 90000388 90000384 90000380 
core   0: 0x800001b4 (0x0004247b) vlw12.v v8, v8, 0
core   0: 3 0x800001b4 (0x0004247b) e32 m1 l16 v8  0000ffff 0x40651414 424f07b7 3dd5c690 42998c29 429cb648 41cf6976 42253e7a 41e0e8fd 427eb153 4278d49f 41e255fc 418b3862 428b53a4 42b14e9a 40651414 424f07b7  c8_vstart 0x00000000 mem 0x90000380 mem 0x90000384 mem 0x90000388 mem 0x9000038c mem 0x90000390 mem 0x90000394 mem 0x90000398 mem 0x9000039c mem 0x900003a0 mem 0x900003a4 mem 0x900003a8 mem 0x900003ac mem 0x900003b0 mem 0x900003b4 mem 0x90000380 mem 0x90000384
core   0: 0x800001b8 (0x960134d7) vsll.vi v9, v0, 2
core   0: 3 0x800001b8 (0x960134d7) c8_vstart 0x00000000 e32 m1 l16 v9  0000ffff 0x00000388 00000384 000003b8 000003b4 000003b0 000003ac 000003a8 000003a4 000003a0 0000039c 00000398 00000394 00000390 0000038c 00000388 00000384 
core   0: 0x800001bc (0x02448557) vadd.vv v10, v4, v9
core   0: 3 0x800001bc (0x02448557) c8_vstart 0x00000000 e32 m1 l16 v10 0000ffff 0x90000388 90000384 900003b8 900003b4 900003b0 900003ac 900003a8 900003a4 900003a0 9000039c 90000398 90000394 90000390 9000038c 90000388 90000384 
core   0: 0x800001c0 (0x0005257b) vlw12.v v10, v10, 0
core   0: 3 0x800001c0 (0x0005257b) e32 m1 l16 v10 0000ffff 0x42b14e9a 40651414 4293e9b0 3dd5c690 42998c29 429cb648 41cf6976 42253e7a 41e0e8fd 427eb153 4278d49f 41e255fc 418b3862 428b53a4 42b14e9a 40651414  c8_vstart 0x00000000 mem 0x90000384 mem 0x90000388 mem 0x9000038c mem 0x90000390 mem 0x90000394 mem 0x90000398 mem 0x9000039c mem 0x900003a0 mem 0x900003a4 mem 0x900003a8 mem 0x900003ac mem 0x900003b0 mem 0x900003b4 mem 0x900003b8 mem 0x90000384 mem 0x90000388
core   0: 0x800001c4 (0x966135d7) vsll.vi v11, v6, 2
core   0: 3 0x800001c4 (0x966135d7) c8_vstart 0x00000000 e32 m1 l16 v11 0000ffff 0x0000038c 00000388 000003bc 000003b8 000003b4 000003b0 000003ac 000003a8 000003a4 000003a0 0000039c 00000398 00000394 00000390 0000038c 00000388 
core   0: 0x800001c8 (0x024585d7) vadd.vv v11, v4, v11
core   0: 3 0x800001c8 (0x024585d7) c8_vstart 0x00000000 e32 m1 l16 v11 0000ffff 0x9000038c 90000388 900003bc 900003b8 900003b4 900003b0 900003ac 900003a8 900003a4 900003a0 9000039c 90000398 90000394 90000390 9000038c 90000388 
core   0: 0x800001cc (0x0005a5fb) vlw12.v v11, v11, 0
core   0: 3 0x800001cc (0x0005a5fb) e32 m1 l16 v11 0000ffff 0x428b53a4 42b14e9a 4235e998 4293e9b0 3dd5c690 42998c29 429cb648 41cf6976 42253e7a 41e0e8fd 427eb153 4278d49f 41e255fc 418b3862 428b53a4 42b14e9a  c8_vstart 0x00000000 mem 0x90000388 mem 0x9000038c mem 0x90000390 mem 0x90000394 mem 0x90000398 mem 0x9000039c mem 0x900003a0 mem 0x900003a4 mem 0x900003a8 mem 0x900003ac mem 0x900003b0 mem 0x900003b4 mem 0x900003b8 mem 0x900003bc mem 0x90000388 mem 0x9000038c
core   0: 0x800001d0 (0x02208157) vadd.vv v2, v2, v1
core   0: 3 0x800001d0 (0x02208157) c8_vstart 0x00000000 e32 m1 l16 v2  0000ffff 0x000000f1 000000f0 000000fd 000000fc 000000fb 000000fa 000000f9 000000f8 000000f7 000000f6 000000f5 000000f4 000000f3 000000f2 000000f1 000000f0 
core   0: 0x800001d4 (0x96213157) vsll.vi v2, v2, 2
core   0: 3 0x800001d4 (0x96213157) c8_vstart 0x00000000 e32 m1 l16 v2  0000ffff 0x000003c4 000003c0 000003f4 000003f0 000003ec 000003e8 000003e4 000003e0 000003dc 000003d8 000003d4 000003d0 000003cc 000003c8 000003c4 000003c0 
core   0: 0x800001d8 (0x02410157) vadd.vv v2, v4, v2
core   0: 3 0x800001d8 (0x02410157) c8_vstart 0x00000000 e32 m1 l16 v2  0000ffff 0x900003c4 900003c0 900003f4 900003f0 900003ec 900003e8 900003e4 900003e0 900003dc 900003d8 900003d4 900003d0 900003cc 900003c8 900003c4 900003c0 
core   0: 0x800001dc (0x0001217b) vlw12.v v2, v2, 0
core   0: 3 0x800001dc (0x0001217b) e32 m1 l16 v2  0000ffff 0x4217dfc3 4083a895 4157675c 42b3b44f 42b67edb 42b9aff9 42ad9588 423ace61 41714aeb 4204a54a 42428dea 42a3e375 40b51718 4207bfaa 4217dfc3 4083a895  c8_vstart 0x00000000 mem 0x900003c0 mem 0x900003c4 mem 0x900003c8 mem 0x900003cc mem 0x900003d0 mem 0x900003d4 mem 0x900003d8 mem 0x900003dc mem 0x900003e0 mem 0x900003e4 mem 0x900003e8 mem 0x900003ec mem 0x900003f0 mem 0x900003f4 mem 0x900003c0 mem 0x900003c4
core   0: 0x800001e0 (0x02008057) vadd.vv v0, v0, v1
core   0: 3 0x800001e0 (0x02008057) c8_vstart 0x00000000 e32 m1 l16 v0  0000ffff 0x000000f2 000000f1 000000fe 000000fd 000000fc 000000fb 000000fa 000000f9 000000f8 000000f7 000000f6 000000f5 000000f4 000000f3 000000f2 000000f1 
core   0: 0x800001e4 (0x96013057) vsll.vi v0, v0, 2
core   0: 3 0x800001e4 (0x96013057) c8_vstart 0x00000000 e32 m1 l16 v0  0000ffff 0x000003c8 000003c4 000003f8 000003f4 000003f0 000003ec 000003e8 000003e4 000003e0 000003dc 000003d8 000003d4 000003d0 000003cc 000003c8 000003c4 
core   0: 0x800001e8 (0x02400057) vadd.vv v0, v4, v0
core   0: 3 0x800001e8 (0x02400057) c8_vstart 0x00000000 e32 m1 l16 v0  0000ffff 0x900003c8 900003c4 900003f8 900003f4 900003f0 900003ec 900003e8 900003e4 900003e0 900003dc 900003d8 900003d4 900003d0 900003cc 900003c8 900003c4 
core   0: 0x800001ec (0x0000207b) vlw12.v v0, v0, 0
core   0: 3 0x800001ec (0x0000207b) e32 m1 l16 v0  0000ffff 0x4207bfaa 4217dfc3 42803e2a 4157675c 42b3b44f 42b67edb 42b9aff9 42ad9588 423ace61 41714aeb 4204a54a 42428dea 42a3e375 40b51718 4207bfaa 4217dfc3  c8_vstart 0x00000000 mem 0x900003c4 mem 0x900003c8 mem 0x900003cc mem 0x900003d0 mem 0x900003d4 mem 0x900003d8 mem 0x900003dc mem 0x900003e0 mem 0x900003e4 mem 0x900003e8 mem 0x900003ec mem 0x900003f0 mem 0x900003f4 mem 0x900003f8 mem 0x900003c4 mem 0x900003c8
core   0: 0x800001f0 (0x026080d7) vadd.vv v1, v6, v1
core   0: 3 0x800001f0 (0x026080d7) c8_vstart 0x00000000 e32 m1 l16 v1  0000ffff 0x000000f3 000000f2 000000ff 000000fe 000000fd 000000fc 000000fb 000000fa 000000f9 000000f8 000000f7 000000f6 000000f5 000000f4 000000f3 000000f2 
core   0: 0x800001f4 (0x961130d7) vsll.vi v1, v1, 2
core   0: 3 0x800001f4 (0x961130d7) c8_vstart 0x00000000 e32 m1 l16 v1  0000ffff 0x000003cc 000003c8 000003fc 000003f8 000003f4 000003f0 000003ec 000003e8 000003e4 000003e0 000003dc 000003d8 000003d4 000003d0 000003cc 000003c8 
core   0: 0x800001f8 (0x024080d7) vadd.vv v1, v4, v1
core   0: 3 0x800001f8 (0x024080d7) c8_vstart 0x00000000 e32 m1 l16 v1  0000ffff 0x900003cc 900003c8 900003fc 900003f8 900003f4 900003f0 900003ec 900003e8 900003e4 900003e0 900003dc 900003d8 900003d4 900003d0 900003cc 900003c8 
core   0: 0x800001fc (0x0000a0fb) vlw12.v v1, v1, 0
core   0: 3 0x800001fc (0x0000a0fb) e32 m1 l16 v1  0000ffff 0x40b51718 4207bfaa 42267054 42803e2a 4157675c 42b3b44f 42b67edb 42b9aff9 42ad9588 423ace61 41714aeb 4204a54a 42428dea 42a3e375 40b51718 4207bfaa  c8_vstart 0x00000000 mem 0x900003c8 mem 0x900003cc mem 0x900003d0 mem 0x900003d4 mem 0x900003d8 mem 0x900003dc mem 0x900003e0 mem 0x900003e4 mem 0x900003e8 mem 0x900003ec mem 0x900003f0 mem 0x900003f4 mem 0x900003f8 mem 0x900003fc mem 0x900003c8 mem 0x900003cc
core   0: 0x80000200 (0xfdc12283) lw      x5, -36(x2)
core   0: 3 0x80000200 (0xfdc12283) x5  0x3f800000 mem 0x70000010
core   0: 0x80000204 (0x5e02c257) vmv.v.x v4, x5
core   0: 3 0x80000204 (0x5e02c257) c8_vstart 0x00000000 e32 m1 l16 v4  0000ffff 0x3f800000 3f800000 3f800000 3f800000 3f800000 3f800000 3f800000 3f800000 3f800000 3f800000 3f800000 3f800000 3f800000 3f800000 3f800000 3f800000 
core   0: 0x80000208 (0xa25211d7) vfmadd.vv v3, v5, v4
core   0: 3 0x80000208 (0xa25211d7) c8_vstart 0x00000000 c1_fflags 0x00000001 e32 m1 l16 v3  0000ffff 0x42880b4a 42916dbb 41bd6ee9 423e6ce4 42f49e46 430364bf 4317b190 43033312 42728e37 4228d0a6 426ab567 423614f7 42b401f1 4318789e 42880b4a 42916dbb 
core   0: 0x8000020c (0xfe012283) lw      x5, -32(x2)
core   0: 3 0x8000020c (0xfe012283) x5  0x3f800000 mem 0x70000014
core   0: 0x80000210 (0x5e02c257) vmv.v.x v4, x5
core   0: 3 0x80000210 (0x5e02c257) c8_vstart 0x00000000 e32 m1 l16 v4  0000ffff 0x3f800000 3f800000 3f800000 3f800000 3f800000 3f800000 3f800000 3f800000 3f800000 3f800000 3f800000 3f800000 3f800000 3f800000 3f800000 3f800000 
core   0: 0x80000214 (0xa23213d7) vfmadd.vv v7, v3, v4
core   0: 3 0x80000214 (0xa23213d7) c8_vstart 0x00000000 c1_fflags 0x00000001 e32 m1 l16 v7  0000ffff 0x431c7b2a 4308b9f6 42c11b09 42887365 42fabd0d 432ff094 436574de 4338d484 431eb3ac 4296ae3c 42ac5be6 4270e337 4305fac2 431a0412 431c7b2a 4308b9f6 
core   0: 0x80000218 (0xfe412283) lw      x5, -28(x2)
core   0: 3 0x80000218 (0xfe412283) x5  0x3f800000 mem 0x70000018
core   0: 0x8000021c (0x5e02c1d7) vmv.v.x v3, x5
core   0: 3 0x8000021c (0x5e02c1d7) c8_vstart 0x00000000 e32 m1 l16 v3  0000ffff 0x3f800000 3f800000 3f800000 3f800000 3f800000 3f800000 3f800000 3f800000 3f800000 3f800000 3f800000 3f800000 3f800000 3f800000 3f800000 3f800000 
core   0: 0x80000220 (0xa2719457) vfmadd.vv v8, v7, v3
core   0: 3 0x80000220 (0xa2719457) c8_vstart 0x00000000 c1_fflags 0x00000001 e32 m1 l16 v8  0000ffff 0x43200f7a 433c7be4 42c1507b 4310ffc7 434bb9aa 4349ddc3 4387623e 4354f1a4 435e6001 43098c46 42e4f165 429b3fb4 434ba494 4372ab5f 43200f7a 433c7be4 
core   0: 0x80000224 (0xfe812283) lw      x5, -24(x2)
core   0: 3 0x80000224 (0xfe812283) x5  0x3f800000 mem 0x7000001c
core   0: 0x80000228 (0x5e02c1d7) vmv.v.x v3, x5
core   0: 3 0x80000228 (0x5e02c1d7) c8_vstart 0x00000000 e32 m1 l16 v3  0000ffff 0x3f800000 3f800000 3f800000 3f800000 3f800000 3f800000 3f800000 3f800000 3f800000 3f800000 3f800000 3f800000 3f800000 3f800000 3f800000 3f800000 
core   0: 0x8000022c (0xa2819557) vfmadd.vv v10, v8, v3
core   0: 3 0x8000022c (0xa2819557) c8_vstart 0x00000000 c1_fflags 0x00000001 e32 m1 l16 v10 0000ffff 0x4378b6c7 43401034 432a9d16 43111a80 438c3fdf 438c1c74 439458d5 437e4142 437a7d21 4349389b 4330adda 42d3d533 435d0ba0 439c2a98 4378b6c7 43401034 
core   0: 0x80000230 (0xfec12283) lw      x5, -20(x2)
core   0: 3 0x80000230 (0xfec12283) x5  0x3f800000 mem 0x70000020
core   0: 0x80000234 (0x5e02c1d7) vmv.v.x v3, x5
core   0: 3 0x80000234 (0x5e02c1d7) c8_vstart 0x00000000 e32 m1 l16 v3  0000ffff 0x3f800000 3f800000 3f800000 3f800000 3f800000 3f800000 3f800000 3f800000 3f800000 3f800000 3f800000 3f800000 3f800000 3f800000 3f800000 3f800000 
core   0: 0x80000238 (0xa2a195d7) vfmadd.vv v11, v10, v3
core   0: 3 0x80000238 (0xa2a195d7) c8_vstart 0x00000000 c1_fflags 0x00000001 e32 m1 l16 v11 0000ffff 0x439f304c 438c5bc0 4358177c 435b0f58 438c4d3b 43b27f7e 43bb8667 438c1738 4391e660 436555bb 43705a2f 43281fc1 43795660 43a4de1e 439f304c 438c5bc0 
core   0: 0x8000023c (0xff012283) lw      x5, -16(x2)
core   0: 3 0x8000023c (0xff012283) x5  0x3f800000 mem 0x70000024
core   0: 0x80000240 (0x5e02c1d7) vmv.v.x v3, x5
core   0: 3 0x80000240 (0x5e02c1d7) c8_vstart 0x00000000 e32 m1 l16 v3  0000ffff 0x3f800000 3f800000 3f800000 3f800000 3f800000 3f800000 3f800000 3f800000 3f800000 3f800000 3f800000 3f800000 3f800000 3f800000 3f800000 3f800000 
core   0: 0x80000244 (0xa2b19157) vfmadd.vv v2, v11, v3
core   0: 3 0x80000244 (0xa2b19157) c8_vstart 0x00000000 c1_fflags 0x00000001 e32 m1 l16 v2  0000ffff 0x43b22c44 438e6a62 43658df2 439a74c0 43b9ecf2 43e0eb7c 43e6ebc9 43a37104 439970b7 43833f87 43907ed5 437a117c 437eff19 43b5d613 43b22c44 438e6a62 
core   0: 0x80000248 (0xff412283) lw      x5, -12(x2)
core   0: 3 0x80000248 (0xff412283) x5  0x3f800000 mem 0x70000028
core   0: 0x8000024c (0x5e02c1d7) vmv.v.x v3, x5
core   0: 3 0x8000024c (0x5e02c1d7) c8_vstart 0x00000000 e32 m1 l16 v3  0000ffff 0x3f800000 3f800000 3f800000 3f800000 3f800000 3f800000 3f800000 3f800000 3f800000 3f800000 3f800000 3f800000 3f800000 3f800000 3f800000 3f800000 
core   0: 0x80000250 (0xa2219057) vfmadd.vv v0, v2, v3
core   0: 3 0x80000250 (0xa2219057) c8_vstart 0x00000000 c1_fflags 0x00000001 e32 m1 l16 v0  0000ffff 0x43c32439 43a1665a 4392d684 43a12ffb 43e6da06 44074599 440aabe4 43ced666 43b0ca83 438ac9de 43a1137e 43955a7b 43a8786a 43b8aa6f 43c32439 43a1665a 
core   0: 0x80000254 (0xff812283) lw      x5, -8(x2)
core   0: 3 0x80000254 (0xff812283) x5  0x3f800000 mem 0x7000002c
core   0: 0x80000258 (0x5e02c157) vmv.v.x v2, x5
core   0: 3 0x80000258 (0x5e02c157) c8_vstart 0x00000000 e32 m1 l16 v2  0000ffff 0x3f800000 3f800000 3f800000 3f800000 3f800000 3f800000 3f800000 3f800000 3f800000 3f800000 3f800000 3f800000 3f800000 3f800000 3f800000 3f800000 
core   0: 0x8000025c (0xa20110d7) vfmadd.vv v1, v0, v2
core   0: 3 0x8000025c (0xa20110d7) c8_vstart 0x00000000 c1_fflags 0x00000001 e32 m1 l16 v1  0000ffff 0x43c5f895 43b25e4f 43a7a48e 43c13f86 43ed9541 441dbc23 44217bbf 43fd4264 43dc2fe5 43a223aa 43a89dd5 43a5ef24 43c0ca27 43e1a34c 43c5f895 43b25e4f 
core   0: 0x80000260 (0xffc12283) lw      x5, -4(x2)
core   0: 3 0x80000260 (0xffc12283) x5  0x90001000 mem 0x70000030
core   0: 0x80000264 (0x0292c057) vadd.vx v0, v9, x5
core   0: 3 0x80000264 (0x0292c057) c8_vstart 0x00000000 e32 m1 l16 v0  0000ffff 0x90001388 90001384 900013b8 900013b4 900013b0 900013ac 900013a8 900013a4 900013a0 9000139c 90001398 90001394 90001390 9000138c 90001388 90001384 
core   0: 0x80000268 (0x0010607b) vsw12.v v1, v0, 0
core   0: 3 0x80000268 (0x0010607b) c8_vstart 0x00000000 e32 m1 l16 mem 0x90001384 0x43b25e4f mem 0x90001388 0x43c5f895 mem 0x9000138c 0x43e1a34c mem 0x90001390 0x43c0ca27 mem 0x90001394 0x43a5ef24 mem 0x90001398 0x43a89dd5 mem 0x9000139c 0x43a223aa mem 0x900013a0 0x43dc2fe5 mem 0x900013a4 0x43fd4264 mem 0x900013a8 0x44217bbf mem 0x900013ac 0x441dbc23 mem 0x900013b0 0x43ed9541 mem 0x900013b4 0x43c13f86 mem 0x900013b8 0x43a7a48e mem 0x90001384 0x43b25e4f mem 0x90001388 0x43c5f895
core   0: 0x8000026c (0xfcc12083) lw      x1, -52(x2)
core   0: 3 0x8000026c (0xfcc12083) x1  0x800000a0 mem 0x70000000
core   0: 0x80000270 (0x0090200b) regext  x0, x0,  0 0 1 1 
core   0: 3 0x80000270 (0x0090200b)
core   0: 0x80000274 (0x7fc020ab) vlw.v   v1, x0, -4
core   0: 3 0x80000274 (0x7fc020ab) e32 m1 l16 v33 0000ffff 0x00000000 00000000 00000000 00000000 00000000 00000000 00000000 00000000 00000000 00000000 00000000 00000000 00000000 00000000 00000000 00000000  c8_vstart 0x00000000 mem 0x90003000 mem 0x90003004 mem 0x90003008 mem 0x9000300c mem 0x90003010 mem 0x90003014 mem 0x90003018 mem 0x9000301c mem 0x90003020 mem 0x90003024 mem 0x90003028 mem 0x9000302c mem 0x90003030 mem 0x90003034 mem 0x90003038 mem 0x9000303c
core   0: 0x80000278 (0xfcc10113) addi    x2, x2, -52
core   0: 3 0x80000278 (0xfcc10113) x2  0x70000000
core   0: 0x8000027c (0xffc20213) addi    x4, x4, -4
core   0: 3 0x8000027c (0xffc20213) x4  0x00000000
core   0: 0x80000280 (0x0010200b) regext  x0, x0,  0 0 0 1 
core   0: 3 0x80000280 (0x0010200b)
core   0: 0x80000284 (0x5e024057) vmv.v.x v0, x4
core   0: 3 0x80000284 (0x5e024057) c8_vstart 0x00000000 e32 m1 l16 v32 0000ffff 0x00000000 00000000 00000000 00000000 00000000 00000000 00000000 00000000 00000000 00000000 00000000 00000000 00000000 00000000 00000000 00000000 
core   0: 0x80000288 (0x00008067) ret
core   0: 3 0x80000288 (0x00008067)
core   0: 0x800000a0 (0x0000400b) endprg  x0, x0, x0
core   0: 3 0x800000a0 (0x0000400b)
core   0: 0x800000a4 (0x0040006f) j       pc + 0x4
core   0: 3 0x800000a4 (0x0040006f)
core   0: 0x800000a8 (0x00100313) li      x6, 1
core   0: 3 0x800000a8 (0x00100313) x6  0x00000001
core   0: 0x800000ac (0x00001297) auipc   x5, 0x1
core   0: 3 0x800000ac (0x00001297) x5  0x800010ac
core   0: 0x800000b0 (0xf5428293) addi    x5, x5, -172
core   0: 3 0x800000b0 (0xf5428293) x5  0x80001000
core   0: 0x800000b4 (0x0062a023) sw      x6, 0(x5)
core   0: 3 0x800000b4 (0x0062a023) mem 0x80001000 0x00000001
