core   0: 0x00001000 (0x00000297) auipc   x5, 0x0
core   0: 3 0x00001000 (0x00000297) x5  0x00001000
core   0: 0x00001004 (0x02028593) addi    x11, x5, 32
core   0: 3 0x00001004 (0x02028593) x11 0x00001020
core   0: 0x00001008 (0xf1402573) csrr    x10, mhartid
core   0: 3 0x00001008 (0xf1402573) x10 0x00000000
core   0: 0x0000100c (0x0182a283) lw      x5, 24(x5)
core   0: 3 0x0000100c (0x0182a283) x5  0x80000000 mem 0x00001018
core   0: 0x00001010 (0x00028067) jr      x5
core   0: 3 0x00001010 (0x00028067)
core   0: 0x80000000 (0x00004197) auipc   x3, 0x4
core   0: 3 0x80000000 (0x00004197) x3  0x80004000
core   0: 0x80000004 (0x80818193) addi    x3, x3, -2040
core   0: 3 0x80000004 (0x80818193) x3  0x80003808
core   0: 0x80000008 (0x02000e93) li      x29, 32
core   0: 3 0x80000008 (0x02000e93) x29 0x00000020
core   0: 0x8000000c (0x0d0efed7) vsetvli x29, x29, e32, m1, ta, ma
core   0: 3 0x8000000c (0x0d0efed7) x29 0x00000020 c8_vstart 0x00000000 c3104_vl 0x00000020 c3105_vtype 0x000000d0 c768_mstatus 0x80000600
core   0: 0x80000010 (0x00002eb7) lui     x29, 0x2
core   0: 3 0x80000010 (0x00002eb7) x29 0x00002000
core   0: 0x80000014 (0x300eaef3) csrrs   x29, mstatus, x29
core   0: 3 0x80000014 (0x300eaef3) x29 0x80000600 c768_mstatus 0x80006600
core   0: 0x80000018 (0x00000e93) li      x29, 0
core   0: 3 0x80000018 (0x00000e93) x29 0x00000000
core   0: 0x8000001c (0x80502373) csrr    x6, wid
core   0: 3 0x8000001c (0x80502373) x6  0x00000000
core   0: 0x80000020 (0x806023f3) csrr    x7, lds
core   0: 3 0x80000020 (0x806023f3) x7  0x70000000
core   0: 0x80000024 (0x40000e13) li      x28, 1024
core   0: 3 0x80000024 (0x40000e13) x28 0x00000400
core   0: 0x80000028 (0x03c30333) mul     x6, x6, x28
core   0: 3 0x80000028 (0x03c30333) x6  0x00000000
core   0: 0x8000002c (0x00730133) add     x2, x6, x7
core   0: 3 0x8000002c (0x00730133) x2  0x70000000
core   0: 0x80000030 (0x00000213) li      x4, 0
core   0: 3 0x80000030 (0x00000213) x4  0x00000000
core   0: 0x80000034 (0x80102f73) csrr    x30, numw
core   0: 3 0x80000034 (0x80102f73) x30 0x00000001
core   0: 0x80000038 (0x40000e13) li      x28, 1024
core   0: 3 0x80000038 (0x40000e13) x28 0x00000400
core   0: 0x8000003c (0x03cf0f33) mul     x30, x30, x28
core   0: 3 0x8000003c (0x03cf0f33) x30 0x00000400
core   0: 0x80000040 (0x01e38433) add     x8, x7, x30
core   0: 3 0x80000040 (0x01e38433) x8  0x70000400
core   0: 0x80000044 (0x00003517) auipc   x10, 0x3
core   0: 3 0x80000044 (0x00003517) x10 0x80003044
core   0: 0x80000048 (0xfc450513) addi    x10, x10, -60
core   0: 3 0x80000048 (0xfc450513) x10 0x80003008
core   0: 0x8000004c (0x00003617) auipc   x12, 0x3
core   0: 3 0x8000004c (0x00003617) x12 0x8000304c
core   0: 0x80000050 (0xfbc60613) addi    x12, x12, -68
core   0: 3 0x80000050 (0xfbc60613) x12 0x80003008
core   0: 0x80000054 (0x00c50863) beq     x10, x12, pc + 16
core   0: 3 0x80000054 (0x00c50863)
core   0: 0x80000064 (0x803022f3) csrr    x5, knl
core   0: 3 0x80000064 (0x803022f3) x5  0x901c3000
core   0: 0x80000068 (0x0002a303) lw      x6, 0(x5)
core   0: 3 0x80000068 (0x0002a303) x6  0x800000b8 mem 0x901c3000
core   0: 0x8000006c (0x0042a503) lw      x10, 4(x5)
core   0: 3 0x8000006c (0x0042a503) x10 0x90002000 mem 0x901c3004
core   0: 0x80000070 (0x0302a383) lw      x7, 48(x5)
core   0: 3 0x80000070 (0x0302a383) x7  0x00000000 mem 0x901c3030
core   0: 0x80000074 (0x0342ae03) lw      x28, 52(x5)
core   0: 3 0x80000074 (0x0342ae03) x28 0x00000000 mem 0x901c3034
core   0: 0x80000078 (0x00003e97) auipc   x29, 0x3
core   0: 3 0x80000078 (0x00003e97) x29 0x80003078
core   0: 0x8000007c (0xf88e8e93) addi    x29, x29, -120
core   0: 3 0x8000007c (0xf88e8e93) x29 0x80003000
core   0: 0x80000080 (0x00003f17) auipc   x30, 0x3
core   0: 3 0x80000080 (0x00003f17) x30 0x80003080
core   0: 0x80000084 (0xf84f0f13) addi    x30, x30, -124
core   0: 3 0x80000084 (0xf84f0f13) x30 0x80003004
core   0: 0x80000088 (0x007ea023) sw      x7, 0(x29)
core   0: 3 0x80000088 (0x007ea023) mem 0x80003000 0x00000000
core   0: 0x8000008c (0x01cf2023) sw      x28, 0(x30)
core   0: 3 0x8000008c (0x01cf2023) mem 0x80003004 0x00000000
core   0: 0x80000090 (0x00000f97) auipc   x31, 0x0
core   0: 3 0x80000090 (0x00000f97) x31 0x80000090
core   0: 0x80000094 (0x018f8f93) addi    x31, x31, 24
core   0: 3 0x80000094 (0x018f8f93) x31 0x800000a8
core   0: 0x80000098 (0x305f9073) csrw    mtvec, x31
core   0: 3 0x80000098 (0x305f9073) c773_mtvec 0x800000a8
core   0: 0x8000009c (0x000300e7) jalr    x6
core   0: 3 0x8000009c (0x000300e7) x1  0x800000a0
core   0: 0x800000b8 (0x03410113) addi    x2, x2, 52
core   0: 3 0x800000b8 (0x03410113) x2  0x70000034
core   0: 0x800000bc (0x00420213) addi    x4, x4, 4
core   0: 3 0x800000bc (0x00420213) x4  0x00000004
core   0: 0x800000c0 (0x0010200b) regext  x0, x0,  0 0 0 1 
core   0: 3 0x800000c0 (0x0010200b)
core   0: 0x800000c4 (0x5e024057) vmv.v.x v0, x4
core   0: 3 0x800000c4 (0x5e024057) c8_vstart 0x00000000 e32 m1 l32 v32 ffffffff 0x00000004 00000004 00000004 00000004 00000004 00000004 00000004 00000004 00000004 00000004 00000004 00000004 00000004 00000004 00000004 00000004 00000004 00000004 00000004 00000004 00000004 00000004 00000004 00000004 00000004 00000004 00000004 00000004 00000004 00000004 00000004 00000004 
core   0: 0x800000c8 (0xfc112623) sw      x1, -52(x2)
core   0: 3 0x800000c8 (0xfc112623) mem 0x70000000 0x800000a0
core   0: 0x800000cc (0x0480200b) regext  x0, x0,  0 1 1 0 
core   0: 3 0x800000cc (0x0480200b)
core   0: 0x800000d0 (0xfe102e2b) vsw.v   v1, x0, -4
core   0: 3 0x800000d0 (0xfe102e2b) c8_vstart 0x00000000 mem 0x90003000 0x00000000 mem 0x90003004 0x00000000 mem 0x90003008 0x00000000 mem 0x9000300c 0x00000000 mem 0x90003010 0x00000000 mem 0x90003014 0x00000000 mem 0x90003018 0x00000000 mem 0x9000301c 0x00000000 mem 0x90003020 0x00000000 mem 0x90003024 0x00000000 mem 0x90003028 0x00000000 mem 0x9000302c 0x00000000 mem 0x90003030 0x00000000 mem 0x90003034 0x00000000 mem 0x90003038 0x00000000 mem 0x9000303c 0x00000000 mem 0x90003040 0x00000000 mem 0x90003044 0x00000000 mem 0x90003048 0x00000000 mem 0x9000304c 0x00000000 mem 0x90003050 0x00000000 mem 0x90003054 0x00000000 mem 0x90003058 0x00000000 mem 0x9000305c 0x00000000 mem 0x90003060 0x00000000 mem 0x90003064 0x00000000 mem 0x90003068 0x00000000 mem 0x9000306c 0x00000000 mem 0x90003070 0x00000000 mem 0x90003074 0x00000000 mem 0x90003078 0x00000000 mem 0x9000307c 0x00000000
core   0: 0x800000d4 (0x00452283) lw      x5, 4(x10)
core   0: 3 0x800000d4 (0x00452283) x5  0x90001000 mem 0x90002004
core   0: 0x800000d8 (0xfe512e23) sw      x5, -4(x2)
core   0: 3 0x800000d8 (0xfe512e23) mem 0x70000030 0x90001000
core   0: 0x800000dc (0x03052283) lw      x5, 48(x10)
core   0: 3 0x800000dc (0x03052283) x5  0x3f800000 mem 0x90002030
core   0: 0x800000e0 (0xfe512c23) sw      x5, -8(x2)
core   0: 3 0x800000e0 (0xfe512c23) mem 0x7000002c 0x3f800000
core   0: 0x800000e4 (0x02c52283) lw      x5, 44(x10)
core   0: 3 0x800000e4 (0x02c52283) x5  0x3f800000 mem 0x9000202c
core   0: 0x800000e8 (0xfe512a23) sw      x5, -12(x2)
core   0: 3 0x800000e8 (0xfe512a23) mem 0x70000028 0x3f800000
core   0: 0x800000ec (0x02852283) lw      x5, 40(x10)
core   0: 3 0x800000ec (0x02852283) x5  0x3f800000 mem 0x90002028
core   0: 0x800000f0 (0xfe512823) sw      x5, -16(x2)
core   0: 3 0x800000f0 (0xfe512823) mem 0x70000024 0x3f800000
core   0: 0x800000f4 (0x02452283) lw      x5, 36(x10)
core   0: 3 0x800000f4 (0x02452283) x5  0x3f800000 mem 0x90002024
core   0: 0x800000f8 (0xfe512623) sw      x5, -20(x2)
core   0: 3 0x800000f8 (0xfe512623) mem 0x70000020 0x3f800000
core   0: 0x800000fc (0x02052283) lw      x5, 32(x10)
core   0: 3 0x800000fc (0x02052283) x5  0x3f800000 mem 0x90002020
core   0: 0x80000100 (0xfe512423) sw      x5, -24(x2)
core   0: 3 0x80000100 (0xfe512423) mem 0x7000001c 0x3f800000
core   0: 0x80000104 (0x01c52283) lw      x5, 28(x10)
core   0: 3 0x80000104 (0x01c52283) x5  0x3f800000 mem 0x9000201c
core   0: 0x80000108 (0xfe512223) sw      x5, -28(x2)
core   0: 3 0x80000108 (0xfe512223) mem 0x70000018 0x3f800000
core   0: 0x8000010c (0x01852283) lw      x5, 24(x10)
core   0: 3 0x8000010c (0x01852283) x5  0x3f800000 mem 0x90002018
core   0: 0x80000110 (0xfe512023) sw      x5, -32(x2)
core   0: 3 0x80000110 (0xfe512023) mem 0x70000014 0x3f800000
core   0: 0x80000114 (0x01052283) lw      x5, 16(x10)
core   0: 3 0x80000114 (0x01052283) x5  0x3f800000 mem 0x90002010
core   0: 0x80000118 (0xfc512e23) sw      x5, -36(x2)
core   0: 3 0x80000118 (0xfc512e23) mem 0x70000010 0x3f800000
core   0: 0x8000011c (0x01452283) lw      x5, 20(x10)
core   0: 3 0x8000011c (0x01452283) x5  0x3f800000 mem 0x90002014
core   0: 0x80000120 (0xfc512c23) sw      x5, -40(x2)
core   0: 3 0x80000120 (0xfc512c23) mem 0x7000000c 0x3f800000
core   0: 0x80000124 (0x00052283) lw      x5, 0(x10)
core   0: 3 0x80000124 (0x00052283) x5  0x90000000 mem 0x90002000
core   0: 0x80000128 (0xfc512a23) sw      x5, -44(x2)
core   0: 3 0x80000128 (0xfc512a23) mem 0x70000008 0x90000000
core   0: 0x8000012c (0x00852283) lw      x5, 8(x10)
core   0: 3 0x8000012c (0x00852283) x5  0x00000010 mem 0x90002008
core   0: 0x80000130 (0xfc512823) sw      x5, -48(x2)
core   0: 3 0x80000130 (0xfc512823) mem 0x70000004 0x00000010
core   0: 0x80000134 (0x5e004057) vmv.v.x v0, x0
core   0: 3 0x80000134 (0x5e004057) c8_vstart 0x00000000 e32 m1 l32 v0  ffffffff 0x00000000 00000000 00000000 00000000 00000000 00000000 00000000 00000000 00000000 00000000 00000000 00000000 00000000 00000000 00000000 00000000 00000000 00000000 00000000 00000000 00000000 00000000 00000000 00000000 00000000 00000000 00000000 00000000 00000000 00000000 00000000 00000000 
core   0: 0x80000138 (0x154000ef) jal     pc + 0x154
core   0: 3 0x80000138 (0x154000ef) x1  0x8000013c
core   0: 0x8000028c (0x00410113) addi    x2, x2, 4
core   0: 3 0x8000028c (0x00410113) x2  0x70000038
core   0: 0x80000290 (0xfe112e23) sw      x1, -4(x2)
core   0: 3 0x80000290 (0xfe112e23) mem 0x70000034 0x8000013c
core   0: 0x80000294 (0x00200293) li      x5, 2
core   0: 3 0x80000294 (0x00200293) x5  0x00000002
core   0: 0x80000298 (0x5e02c0d7) vmv.v.x v1, x5
core   0: 3 0x80000298 (0x5e02c0d7) c8_vstart 0x00000000 e32 m1 l32 v1  ffffffff 0x00000002 00000002 00000002 00000002 00000002 00000002 00000002 00000002 00000002 00000002 00000002 00000002 00000002 00000002 00000002 00000002 00000002 00000002 00000002 00000002 00000002 00000002 00000002 00000002 00000002 00000002 00000002 00000002 00000002 00000002 00000002 00000002 
core   0: 0x8000029c (0x00000317) auipc   x6, 0x0
core   0: 3 0x8000029c (0x00000317) x6  0x8000029c
core   0: 0x800002a0 (0x04c3305b) setrpc  x0, x6, 76
core   0: 3 0x800002a0 (0x04c3305b) c2060_rpc 0x800002e8 current mask:	ffffffff current npc:	00000000 stack size: 0
core   0: 0x800002a4 (0x0200885b) vbeq    v0, v1, pc + 48
core   0: 3 0x800002a4 (0x0200885b) c8_vstart 0x00000000 e32 m1 l32 current mask:	ffffffff current npc:	800002a8 stack size: 0
core   0: 0x800002a8 (0x00100293) li      x5, 1
core   0: 3 0x800002a8 (0x00100293) x5  0x00000001
core   0: 0x800002ac (0x5e02c0d7) vmv.v.x v1, x5
core   0: 3 0x800002ac (0x5e02c0d7) c8_vstart 0x00000000 e32 m1 l32 v1  ffffffff 0x00000001 00000001 00000001 00000001 00000001 00000001 00000001 00000001 00000001 00000001 00000001 00000001 00000001 00000001 00000001 00000001 00000001 00000001 00000001 00000001 00000001 00000001 00000001 00000001 00000001 00000001 00000001 00000001 00000001 00000001 00000001 00000001 
core   0: 0x800002b0 (0x00000317) auipc   x6, 0x0
core   0: 3 0x800002b0 (0x00000317) x6  0x800002b0
core   0: 0x800002b4 (0x0383305b) setrpc  x0, x6, 56
core   0: 3 0x800002b4 (0x0383305b) c2060_rpc 0x800002e8 current mask:	ffffffff current npc:	800002a8 stack size: 0
core   0: 0x800002b8 (0x0200825b) vbeq    v0, v1, pc + 36
core   0: 3 0x800002b8 (0x0200825b) c8_vstart 0x00000000 e32 m1 l32 current mask:	ffffffff current npc:	800002bc stack size: 0
core   0: 0x800002bc (0x5e0040d7) vmv.v.x v1, x0
core   0: 3 0x800002bc (0x5e0040d7) c8_vstart 0x00000000 e32 m1 l32 v1  ffffffff 0x00000000 00000000 00000000 00000000 00000000 00000000 00000000 00000000 00000000 00000000 00000000 00000000 00000000 00000000 00000000 00000000 00000000 00000000 00000000 00000000 00000000 00000000 00000000 00000000 00000000 00000000 00000000 00000000 00000000 00000000 00000000 00000000 
core   0: 0x800002c0 (0x00000317) auipc   x6, 0x0
core   0: 3 0x800002c0 (0x00000317) x6  0x800002c0
core   0: 0x800002c4 (0x0283305b) setrpc  x0, x6, 40
core   0: 3 0x800002c4 (0x0283305b) c2060_rpc 0x800002e8 current mask:	ffffffff current npc:	800002bc stack size: 0
core   0: 0x800002c8 (0x00009e5b) vbne    v0, v1, pc + 28
core   0: 3 0x800002c8 (0x00009e5b) c8_vstart 0x00000000 e32 m1 l32 current mask:	ffffffff current npc:	800002cc stack size: 0
core   0: 0x800002cc (0x1a0000ef) jal     pc + 0x1a0
core   0: 3 0x800002cc (0x1a0000ef) x1  0x800002d0
core   0: 0x8000046c (0x00410113) addi    x2, x2, 4
core   0: 3 0x8000046c (0x00410113) x2  0x7000003c
core   0: 0x80000470 (0xfe112e23) sw      x1, -4(x2)
core   0: 3 0x80000470 (0xfe112e23) mem 0x70000038 0x800002d0
core   0: 0x80000474 (0xf1dff0ef) jal     pc - 0xe4
core   0: 3 0x80000474 (0xf1dff0ef) x1  0x80000478
core   0: 0x80000390 (0x00410113) addi    x2, x2, 4
core   0: 3 0x80000390 (0x00410113) x2  0x70000040
core   0: 0x80000394 (0xfe112e23) sw      x1, -4(x2)
core   0: 3 0x80000394 (0xfe112e23) mem 0x7000003c 0x80000478
core   0: 0x80000398 (0x80302573) csrr    x10, knl
core   0: 3 0x80000398 (0x80302573) x10 0x901c3000
core   0: 0x8000039c (0x00852283) lw      x5, 8(x10)
core   0: 3 0x8000039c (0x00852283) x5  0x00000002 mem 0x901c3008
core   0: 0x800003a0 (0x80002373) csrr    x6, tid
core   0: 3 0x800003a0 (0x80002373) x6  0x00000000
core   0: 0x800003a4 (0x5208a157) vid.v   v2
core   0: 3 0x800003a4 (0x5208a157) c8_vstart 0x00000000 e32 m1 l32 v2  ffffffff 0x0000001f 0000001e 0000001d 0000001c 0000001b 0000001a 00000019 00000018 00000017 00000016 00000015 00000014 00000013 00000012 00000011 00000010 0000000f 0000000e 0000000d 0000000c 0000000b 0000000a 00000009 00000008 00000007 00000006 00000005 00000004 00000003 00000002 00000001 00000000 
core   0: 0x800003a8 (0x02234057) vadd.vx v0, v2, x6
core   0: 3 0x800003a8 (0x02234057) c8_vstart 0x00000000 e32 m1 l32 v0  ffffffff 0x0000001f 0000001e 0000001d 0000001c 0000001b 0000001a 00000019 00000018 00000017 00000016 00000015 00000014 00000013 00000012 00000011 00000010 0000000f 0000000e 0000000d 0000000c 0000000b 0000000a 00000009 00000008 00000007 00000006 00000005 00000004 00000003 00000002 00000001 00000000 
core   0: 0x800003ac (0x01852e03) lw      x28, 24(x10)
core   0: 3 0x800003ac (0x01852e03) x28 0x0000000e mem 0x901c3018
core   0: 0x800003b0 (0x8a0e6057) vremu.vx v0, v0, x28
core   0: 3 0x800003b0 (0x8a0e6057) c8_vstart 0x00000000 e32 m1 l32 v0  ffffffff 0x00000003 00000002 00000001 00000000 0000000d 0000000c 0000000b 0000000a 00000009 00000008 00000007 00000006 00000005 00000004 00000003 00000002 00000001 00000000 0000000d 0000000c 0000000b 0000000a 00000009 00000008 00000007 00000006 00000005 00000004 00000003 00000002 00000001 00000000 
core   0: 0x800003b4 (0xffc12083) lw      x1, -4(x2)
core   0: 3 0x800003b4 (0xffc12083) x1  0x80000478 mem 0x7000003c
core   0: 0x800003b8 (0xffc10113) addi    x2, x2, -4
core   0: 3 0x800003b8 (0xffc10113) x2  0x7000003c
core   0: 0x800003bc (0x00008067) ret
core   0: 3 0x800003bc (0x00008067)
core   0: 0x80000478 (0x80302573) csrr    x10, knl
core   0: 3 0x80000478 (0x80302573) x10 0x901c3000
core   0: 0x8000047c (0x80802373) csrr    x6, gidx
core   0: 3 0x8000047c (0x80802373) x6  0x00000000
core   0: 0x80000480 (0x01852e03) lw      x28, 24(x10)
core   0: 3 0x80000480 (0x01852e03) x28 0x0000000e mem 0x901c3018
core   0: 0x80000484 (0x02452e83) lw      x29, 36(x10)
core   0: 3 0x80000484 (0x02452e83) x29 0x00000001 mem 0x901c3024
core   0: 0x80000488 (0x03c30fb3) mul     x31, x6, x28
core   0: 3 0x80000488 (0x03c30fb3) x31 0x00000000
core   0: 0x8000048c (0x01df8fb3) add     x31, x31, x29
core   0: 3 0x8000048c (0x01df8fb3) x31 0x00000001
core   0: 0x80000490 (0x020fc057) vadd.vx v0, v0, x31
core   0: 3 0x80000490 (0x020fc057) c8_vstart 0x00000000 e32 m1 l32 v0  ffffffff 0x00000004 00000003 00000002 00000001 0000000e 0000000d 0000000c 0000000b 0000000a 00000009 00000008 00000007 00000006 00000005 00000004 00000003 00000002 00000001 0000000e 0000000d 0000000c 0000000b 0000000a 00000009 00000008 00000007 00000006 00000005 00000004 00000003 00000002 00000001 
core   0: 0x80000494 (0xffc12083) lw      x1, -4(x2)
core   0: 3 0x80000494 (0xffc12083) x1  0x800002d0 mem 0x70000038
core   0: 0x80000498 (0xffc10113) addi    x2, x2, -4
core   0: 3 0x80000498 (0xffc10113) x2  0x70000038
core   0: 0x8000049c (0x00008067) ret
core   0: 3 0x8000049c (0x00008067)
core   0: 0x800002d0 (0x0180006f) j       pc + 0x18
core   0: 3 0x800002d0 (0x0180006f)
core   0: 0x800002e8 (0x0000205b) join    v0, v0, pc + 0
core   0: 3 0x800002e8 (0x0000205b) current mask:	ffffffff current npc:	800002cc stack size: 0
core   0: 0x800002ec (0xffc12083) lw      x1, -4(x2)
core   0: 3 0x800002ec (0xffc12083) x1  0x8000013c mem 0x70000034
core   0: 0x800002f0 (0xffc10113) addi    x2, x2, -4
core   0: 3 0x800002f0 (0xffc10113) x2  0x70000034
core   0: 0x800002f4 (0x00008067) ret
core   0: 3 0x800002f4 (0x00008067)
core   0: 0x8000013c (0x0010200b) regext  x0, x0,  0 0 0 1 
core   0: 3 0x8000013c (0x0010200b)
core   0: 0x80000140 (0x020040d7) vadd.vx v1, v0, x0
core   0: 3 0x80000140 (0x020040d7) c8_vstart 0x00000000 e32 m1 l32 v33 ffffffff 0x00000004 00000003 00000002 00000001 0000000e 0000000d 0000000c 0000000b 0000000a 00000009 00000008 00000007 00000006 00000005 00000004 00000003 00000002 00000001 0000000e 0000000d 0000000c 0000000b 0000000a 00000009 00000008 00000007 00000006 00000005 00000004 00000003 00000002 00000001 
core   0: 0x80000144 (0x00100293) li      x5, 1
core   0: 3 0x80000144 (0x00100293) x5  0x00000001
core   0: 0x80000148 (0x5e02c057) vmv.v.x v0, x5
core   0: 3 0x80000148 (0x5e02c057) c8_vstart 0x00000000 e32 m1 l32 v0  ffffffff 0x00000001 00000001 00000001 00000001 00000001 00000001 00000001 00000001 00000001 00000001 00000001 00000001 00000001 00000001 00000001 00000001 00000001 00000001 00000001 00000001 00000001 00000001 00000001 00000001 00000001 00000001 00000001 00000001 00000001 00000001 00000001 00000001 
core   0: 0x8000014c (0x140000ef) jal     pc + 0x140
core   0: 3 0x8000014c (0x140000ef) x1  0x80000150
core   0: 0x8000028c (0x00410113) addi    x2, x2, 4
core   0: 3 0x8000028c (0x00410113) x2  0x70000038
core   0: 0x80000290 (0xfe112e23) sw      x1, -4(x2)
core   0: 3 0x80000290 (0xfe112e23) mem 0x70000034 0x80000150
core   0: 0x80000294 (0x00200293) li      x5, 2
core   0: 3 0x80000294 (0x00200293) x5  0x00000002
core   0: 0x80000298 (0x5e02c0d7) vmv.v.x v1, x5
core   0: 3 0x80000298 (0x5e02c0d7) c8_vstart 0x00000000 e32 m1 l32 v1  ffffffff 0x00000002 00000002 00000002 00000002 00000002 00000002 00000002 00000002 00000002 00000002 00000002 00000002 00000002 00000002 00000002 00000002 00000002 00000002 00000002 00000002 00000002 00000002 00000002 00000002 00000002 00000002 00000002 00000002 00000002 00000002 00000002 00000002 
core   0: 0x8000029c (0x00000317) auipc   x6, 0x0
core   0: 3 0x8000029c (0x00000317) x6  0x8000029c
core   0: 0x800002a0 (0x04c3305b) setrpc  x0, x6, 76
core   0: 3 0x800002a0 (0x04c3305b) c2060_rpc 0x800002e8 current mask:	ffffffff current npc:	800002cc stack size: 0
core   0: 0x800002a4 (0x0200885b) vbeq    v0, v1, pc + 48
core   0: 3 0x800002a4 (0x0200885b) c8_vstart 0x00000000 e32 m1 l32 current mask:	ffffffff current npc:	800002a8 stack size: 0
core   0: 0x800002a8 (0x00100293) li      x5, 1
core   0: 3 0x800002a8 (0x00100293) x5  0x00000001
core   0: 0x800002ac (0x5e02c0d7) vmv.v.x v1, x5
core   0: 3 0x800002ac (0x5e02c0d7) c8_vstart 0x00000000 e32 m1 l32 v1  ffffffff 0x00000001 00000001 00000001 00000001 00000001 00000001 00000001 00000001 00000001 00000001 00000001 00000001 00000001 00000001 00000001 00000001 00000001 00000001 00000001 00000001 00000001 00000001 00000001 00000001 00000001 00000001 00000001 00000001 00000001 00000001 00000001 00000001 
core   0: 0x800002b0 (0x00000317) auipc   x6, 0x0
core   0: 3 0x800002b0 (0x00000317) x6  0x800002b0
core   0: 0x800002b4 (0x0383305b) setrpc  x0, x6, 56
core   0: 3 0x800002b4 (0x0383305b) c2060_rpc 0x800002e8 current mask:	ffffffff current npc:	800002a8 stack size: 0
core   0: 0x800002b8 (0x0200825b) vbeq    v0, v1, pc + 36
core   0: 3 0x800002b8 (0x0200825b) c8_vstart 0x00000000 e32 m1 l32 current mask:	ffffffff current npc:	800002dc stack size: 0
core   0: 0x800002dc (0x1c4000ef) jal     pc + 0x1c4
core   0: 3 0x800002dc (0x1c4000ef) x1  0x800002e0
core   0: 0x800004a0 (0x00410113) addi    x2, x2, 4
core   0: 3 0x800004a0 (0x00410113) x2  0x7000003c
core   0: 0x800004a4 (0xfe112e23) sw      x1, -4(x2)
core   0: 3 0x800004a4 (0xfe112e23) mem 0x70000038 0x800002e0
core   0: 0x800004a8 (0xf19ff0ef) jal     pc - 0xe8
core   0: 3 0x800004a8 (0xf19ff0ef) x1  0x800004ac
core   0: 0x800003c0 (0x00410113) addi    x2, x2, 4
core   0: 3 0x800003c0 (0x00410113) x2  0x70000040
core   0: 0x800003c4 (0xfe112e23) sw      x1, -4(x2)
core   0: 3 0x800003c4 (0xfe112e23) mem 0x7000003c 0x800004ac
core   0: 0x800003c8 (0x80302573) csrr    x10, knl
core   0: 3 0x800003c8 (0x80302573) x10 0x901c3000
core   0: 0x800003cc (0x00852283) lw      x5, 8(x10)
core   0: 3 0x800003cc (0x00852283) x5  0x00000002 mem 0x901c3008
core   0: 0x800003d0 (0x80002373) csrr    x6, tid
core   0: 3 0x800003d0 (0x80002373) x6  0x00000000
core   0: 0x800003d4 (0x5208a157) vid.v   v2
core   0: 3 0x800003d4 (0x5208a157) c8_vstart 0x00000000 e32 m1 l32 v2  ffffffff 0x0000001f 0000001e 0000001d 0000001c 0000001b 0000001a 00000019 00000018 00000017 00000016 00000015 00000014 00000013 00000012 00000011 00000010 0000000f 0000000e 0000000d 0000000c 0000000b 0000000a 00000009 00000008 00000007 00000006 00000005 00000004 00000003 00000002 00000001 00000000 
core   0: 0x800003d8 (0x02234057) vadd.vx v0, v2, x6
core   0: 3 0x800003d8 (0x02234057) c8_vstart 0x00000000 e32 m1 l32 v0  ffffffff 0x0000001f 0000001e 0000001d 0000001c 0000001b 0000001a 00000019 00000018 00000017 00000016 00000015 00000014 00000013 00000012 00000011 00000010 0000000f 0000000e 0000000d 0000000c 0000000b 0000000a 00000009 00000008 00000007 00000006 00000005 00000004 00000003 00000002 00000001 00000000 
core   0: 0x800003dc (0x01852e03) lw      x28, 24(x10)
core   0: 3 0x800003dc (0x01852e03) x28 0x0000000e mem 0x901c3018
core   0: 0x800003e0 (0x01c52e83) lw      x29, 28(x10)
core   0: 3 0x800003e0 (0x01c52e83) x29 0x00000001 mem 0x901c301c
core   0: 0x800003e4 (0x03ce8f33) mul     x30, x29, x28
core   0: 3 0x800003e4 (0x03ce8f33) x30 0x0000000e
core   0: 0x800003e8 (0x8a0f6057) vremu.vx v0, v0, x30
core   0: 3 0x800003e8 (0x8a0f6057) c8_vstart 0x00000000 e32 m1 l32 v0  ffffffff 0x00000003 00000002 00000001 00000000 0000000d 0000000c 0000000b 0000000a 00000009 00000008 00000007 00000006 00000005 00000004 00000003 00000002 00000001 00000000 0000000d 0000000c 0000000b 0000000a 00000009 00000008 00000007 00000006 00000005 00000004 00000003 00000002 00000001 00000000 
core   0: 0x800003ec (0x820e6057) vdivu.vx v0, v0, x28
core   0: 3 0x800003ec (0x820e6057) c8_vstart 0x00000000 e32 m1 l32 v0  ffffffff 0x00000000 00000000 00000000 00000000 00000000 00000000 00000000 00000000 00000000 00000000 00000000 00000000 00000000 00000000 00000000 00000000 00000000 00000000 00000000 00000000 00000000 00000000 00000000 00000000 00000000 00000000 00000000 00000000 00000000 00000000 00000000 00000000 
core   0: 0x800003f0 (0x5e0ec0d7) vmv.v.x v1, x29
core   0: 3 0x800003f0 (0x5e0ec0d7) c8_vstart 0x00000000 e32 m1 l32 v1  ffffffff 0x00000001 00000001 00000001 00000001 00000001 00000001 00000001 00000001 00000001 00000001 00000001 00000001 00000001 00000001 00000001 00000001 00000001 00000001 00000001 00000001 00000001 00000001 00000001 00000001 00000001 00000001 00000001 00000001 00000001 00000001 00000001 00000001 
core   0: 0x800003f4 (0x00000317) auipc   x6, 0x0
core   0: 3 0x800003f4 (0x00000317) x6  0x800003f4
core   0: 0x800003f8 (0x0143305b) setrpc  x0, x6, 20
core   0: 3 0x800003f8 (0x0143305b) c2060_rpc 0x80000408 current mask:	ffffffff current npc:	800002dc stack size: 0
core   0: 0x800003fc (0x0000c65b) vblt    v0, v1, pc + 12
core   0: 3 0x800003fc (0x0000c65b) c8_vstart 0x00000000 e32 m1 l32 current mask:	ffffffff current npc:	80000408 stack size: 0
core   0: 0x80000408 (0x0000205b) join    v0, v0, pc + 0
core   0: 3 0x80000408 (0x0000205b) current mask:	ffffffff current npc:	80000408 stack size: 0
core   0: 0x8000040c (0xffc12083) lw      x1, -4(x2)
core   0: 3 0x8000040c (0xffc12083) x1  0x800004ac mem 0x7000003c
core   0: 0x80000410 (0xffc10113) addi    x2, x2, -4
core   0: 3 0x80000410 (0xffc10113) x2  0x7000003c
core   0: 0x80000414 (0x00008067) ret
core   0: 3 0x80000414 (0x00008067)
core   0: 0x800004ac (0x80902373) csrr    x6, gidy
core   0: 3 0x800004ac (0x80902373) x6  0x00000000
core   0: 0x800004b0 (0x01c52383) lw      x7, 28(x10)
core   0: 3 0x800004b0 (0x01c52383) x7  0x00000001 mem 0x901c301c
core   0: 0x800004b4 (0x02852e83) lw      x29, 40(x10)
core   0: 3 0x800004b4 (0x02852e83) x29 0x00000001 mem 0x901c3028
core   0: 0x800004b8 (0x02730e33) mul     x28, x6, x7
core   0: 3 0x800004b8 (0x02730e33) x28 0x00000000
core   0: 0x800004bc (0x01de0e33) add     x28, x28, x29
core   0: 3 0x800004bc (0x01de0e33) x28 0x00000001
core   0: 0x800004c0 (0x020e4057) vadd.vx v0, v0, x28
core   0: 3 0x800004c0 (0x020e4057) c8_vstart 0x00000000 e32 m1 l32 v0  ffffffff 0x00000001 00000001 00000001 00000001 00000001 00000001 00000001 00000001 00000001 00000001 00000001 00000001 00000001 00000001 00000001 00000001 00000001 00000001 00000001 00000001 00000001 00000001 00000001 00000001 00000001 00000001 00000001 00000001 00000001 00000001 00000001 00000001 
core   0: 0x800004c4 (0xffc12083) lw      x1, -4(x2)
core   0: 3 0x800004c4 (0xffc12083) x1  0x800002e0 mem 0x70000038
core   0: 0x800004c8 (0xffc10113) addi    x2, x2, -4
core   0: 3 0x800004c8 (0xffc10113) x2  0x70000038
core   0: 0x800004cc (0x00008067) ret
core   0: 3 0x800004cc (0x00008067)
core   0: 0x800002e0 (0x0080006f) j       pc + 0x8
core   0: 3 0x800002e0 (0x0080006f)
core   0: 0x800002e8 (0x0000205b) join    v0, v0, pc + 0
core   0: 3 0x800002e8 (0x0000205b) current mask:	ffffffff current npc:	80000408 stack size: 0
core   0: 0x800002ec (0xffc12083) lw      x1, -4(x2)
core   0: 3 0x800002ec (0xffc12083) x1  0x80000150 mem 0x70000034
core   0: 0x800002f0 (0xffc10113) addi    x2, x2, -4
core   0: 3 0x800002f0 (0xffc10113) x2  0x70000034
core   0: 0x800002f4 (0x00008067) ret
core   0: 3 0x800002f4 (0x00008067)
core   0: 0x80000150 (0xfd012283) lw      x5, -48(x2)
core   0: 3 0x80000150 (0xfd012283) x5  0x00000010 mem 0x70000004
core   0: 0x80000154 (0x5e02c0d7) vmv.v.x v1, x5
core   0: 3 0x80000154 (0x5e02c0d7) c8_vstart 0x00000000 e32 m1 l32 v1  ffffffff 0x00000010 00000010 00000010 00000010 00000010 00000010 00000010 00000010 00000010 00000010 00000010 00000010 00000010 00000010 00000010 00000010 00000010 00000010 00000010 00000010 00000010 00000010 00000010 00000010 00000010 00000010 00000010 00000010 00000010 00000010 00000010 00000010 
core   0: 0x80000158 (0x0400200b) regext  x0, x0,  0 1 0 0 
core   0: 3 0x80000158 (0x0400200b)
core   0: 0x8000015c (0xa612e057) vmadd.vx v0, v1, x5
core   0: 3 0x8000015c (0xa612e057) c8_vstart 0x00000000 e32 m1 l32 v0  ffffffff 0x00000014 00000013 00000012 00000011 0000001e 0000001d 0000001c 0000001b 0000001a 00000019 00000018 00000017 00000016 00000015 00000014 00000013 00000012 00000011 0000001e 0000001d 0000001c 0000001b 0000001a 00000019 00000018 00000017 00000016 00000015 00000014 00000013 00000012 00000011 
core   0: 0x80000160 (0x0010110b) vsub12.vi v2, v0, 1
core   0: 3 0x80000160 (0x0010110b) c8_vstart 0x00000000 e32 m1 l32 v2  ffffffff 0x00000013 00000012 00000011 00000010 0000001d 0000001c 0000001b 0000001a 00000019 00000018 00000017 00000016 00000015 00000014 00000013 00000012 00000011 00000010 0000001d 0000001c 0000001b 0000001a 00000019 00000018 00000017 00000016 00000015 00000014 00000013 00000012 00000011 00000010 
core   0: 0x80000164 (0x0a2081d7) vsub.vv v3, v2, v1
core   0: 3 0x80000164 (0x0a2081d7) c8_vstart 0x00000000 e32 m1 l32 v3  ffffffff 0x00000003 00000002 00000001 00000000 0000000d 0000000c 0000000b 0000000a 00000009 00000008 00000007 00000006 00000005 00000004 00000003 00000002 00000001 00000000 0000000d 0000000c 0000000b 0000000a 00000009 00000008 00000007 00000006 00000005 00000004 00000003 00000002 00000001 00000000 
core   0: 0x80000168 (0x963131d7) vsll.vi v3, v3, 2
core   0: 3 0x80000168 (0x963131d7) c8_vstart 0x00000000 e32 m1 l32 v3  ffffffff 0x0000000c 00000008 00000004 00000000 00000034 00000030 0000002c 00000028 00000024 00000020 0000001c 00000018 00000014 00000010 0000000c 00000008 00000004 00000000 00000034 00000030 0000002c 00000028 00000024 00000020 0000001c 00000018 00000014 00000010 0000000c 00000008 00000004 00000000 
core   0: 0x8000016c (0xfd412283) lw      x5, -44(x2)
core   0: 3 0x8000016c (0xfd412283) x5  0x90000000 mem 0x70000008
core   0: 0x80000170 (0x5e02c257) vmv.v.x v4, x5
core   0: 3 0x80000170 (0x5e02c257) c8_vstart 0x00000000 e32 m1 l32 v4  ffffffff 0x90000000 90000000 90000000 90000000 90000000 90000000 90000000 90000000 90000000 90000000 90000000 90000000 90000000 90000000 90000000 90000000 90000000 90000000 90000000 90000000 90000000 90000000 90000000 90000000 90000000 90000000 90000000 90000000 90000000 90000000 90000000 90000000 
core   0: 0x80000174 (0x0232c1d7) vadd.vx v3, v3, x5
core   0: 3 0x80000174 (0x0232c1d7) c8_vstart 0x00000000 e32 m1 l32 v3  ffffffff 0x9000000c 90000008 90000004 90000000 90000034 90000030 9000002c 90000028 90000024 90000020 9000001c 90000018 90000014 90000010 9000000c 90000008 90000004 90000000 90000034 90000030 9000002c 90000028 90000024 90000020 9000001c 90000018 90000014 90000010 9000000c 90000008 90000004 90000000 
core   0: 0x80000178 (0x0a0082d7) vsub.vv v5, v0, v1
core   0: 3 0x80000178 (0x0a0082d7) c8_vstart 0x00000000 e32 m1 l32 v5  ffffffff 0x00000004 00000003 00000002 00000001 0000000e 0000000d 0000000c 0000000b 0000000a 00000009 00000008 00000007 00000006 00000005 00000004 00000003 00000002 00000001 0000000e 0000000d 0000000c 0000000b 0000000a 00000009 00000008 00000007 00000006 00000005 00000004 00000003 00000002 00000001 
core   0: 0x8000017c (0x965132d7) vsll.vi v5, v5, 2
core   0: 3 0x8000017c (0x965132d7) c8_vstart 0x00000000 e32 m1 l32 v5  ffffffff 0x00000010 0000000c 00000008 00000004 00000038 00000034 00000030 0000002c 00000028 00000024 00000020 0000001c 00000018 00000014 00000010 0000000c 00000008 00000004 00000038 00000034 00000030 0000002c 00000028 00000024 00000020 0000001c 00000018 00000014 00000010 0000000c 00000008 00000004 
core   0: 0x80000180 (0x024282d7) vadd.vv v5, v4, v5
core   0: 3 0x80000180 (0x024282d7) c8_vstart 0x00000000 e32 m1 l32 v5  ffffffff 0x90000010 9000000c 90000008 90000004 90000038 90000034 90000030 9000002c 90000028 90000024 90000020 9000001c 90000018 90000014 90000010 9000000c 90000008 90000004 90000038 90000034 90000030 9000002c 90000028 90000024 90000020 9000001c 90000018 90000014 90000010 9000000c 90000008 90000004 
core   0: 0x80000184 (0x0002a2fb) vlw12.v v5, v5, 0
core   0: 3 0x80000184 (0x0002a2fb) e32 m1 l32 v5  ffffffff 0x42828c76 3f781c55 41c02c6c 4167dd0a 42624be1 41265ea3 42662f3c 421a4160 4285d6e5 41253f87 42a91697 422f0115 428992c4 4218f3da 42828c76 3f781c55 41c02c6c 4167dd0a 42624be1 41265ea3 42662f3c 421a4160 4285d6e5 41253f87 42a91697 422f0115 428992c4 4218f3da 42828c76 3f781c55 41c02c6c 4167dd0a  c8_vstart 0x00000000 mem 0x90000004 mem 0x90000008 mem 0x9000000c mem 0x90000010 mem 0x90000014 mem 0x90000018 mem 0x9000001c mem 0x90000020 mem 0x90000024 mem 0x90000028 mem 0x9000002c mem 0x90000030 mem 0x90000034 mem 0x90000038 mem 0x90000004 mem 0x90000008 mem 0x9000000c mem 0x90000010 mem 0x90000014 mem 0x90000018 mem 0x9000001c mem 0x90000020 mem 0x90000024 mem 0x90000028 mem 0x9000002c mem 0x90000030 mem 0x90000034 mem 0x90000038 mem 0x90000004 mem 0x90000008 mem 0x9000000c mem 0x90000010
core   0: 0x80000188 (0x0001a1fb) vlw12.v v3, v3, 0
core   0: 3 0x80000188 (0x0001a1fb) e32 m1 l32 v3  ffffffff 0x3f781c55 41c02c6c 4167dd0a 42205319 41265ea3 42662f3c 421a4160 4285d6e5 41253f87 42a91697 422f0115 428992c4 4218f3da 42828c76 3f781c55 41c02c6c 4167dd0a 42205319 41265ea3 42662f3c 421a4160 4285d6e5 41253f87 42a91697 422f0115 428992c4 4218f3da 42828c76 3f781c55 41c02c6c 4167dd0a 42205319  c8_vstart 0x00000000 mem 0x90000000 mem 0x90000004 mem 0x90000008 mem 0x9000000c mem 0x90000010 mem 0x90000014 mem 0x90000018 mem 0x9000001c mem 0x90000020 mem 0x90000024 mem 0x90000028 mem 0x9000002c mem 0x90000030 mem 0x90000034 mem 0x90000000 mem 0x90000004 mem 0x90000008 mem 0x9000000c mem 0x90000010 mem 0x90000014 mem 0x90000018 mem 0x9000001c mem 0x90000020 mem 0x90000024 mem 0x90000028 mem 0x9000002c mem 0x90000030 mem 0x90000034 mem 0x90000000 mem 0x90000004 mem 0x90000008 mem 0x9000000c
core   0: 0x8000018c (0xfd812283) lw      x5, -40(x2)
core   0: 3 0x8000018c (0xfd812283) x5  0x3f800000 mem 0x7000000c
core   0: 0x80000190 (0x5e02c357) vmv.v.x v6, x5
core   0: 3 0x80000190 (0x5e02c357) c8_vstart 0x00000000 e32 m1 l32 v6  ffffffff 0x3f800000 3f800000 3f800000 3f800000 3f800000 3f800000 3f800000 3f800000 3f800000 3f800000 3f800000 3f800000 3f800000 3f800000 3f800000 3f800000 3f800000 3f800000 3f800000 3f800000 3f800000 3f800000 3f800000 3f800000 3f800000 3f800000 3f800000 3f800000 3f800000 3f800000 3f800000 3f800000 
core   0: 0x80000194 (0x925312d7) vfmul.vv v5, v5, v6
core   0: 3 0x80000194 (0x925312d7) c8_vstart 0x00000000 e32 m1 l32 v5  ffffffff 0x42828c76 3f781c55 41c02c6c 4167dd0a 42624be1 41265ea3 42662f3c 421a4160 4285d6e5 41253f87 42a91697 422f0115 428992c4 4218f3da 42828c76 3f781c55 41c02c6c 4167dd0a 42624be1 41265ea3 42662f3c 421a4160 4285d6e5 41253f87 42a91697 422f0115 428992c4 4218f3da 42828c76 3f781c55 41c02c6c 4167dd0a 
core   0: 0x80000198 (0x0200b357) vadd.vi v6, v0, 1
core   0: 3 0x80000198 (0x0200b357) c8_vstart 0x00000000 e32 m1 l32 v6  ffffffff 0x00000015 00000014 00000013 00000012 0000001f 0000001e 0000001d 0000001c 0000001b 0000001a 00000019 00000018 00000017 00000016 00000015 00000014 00000013 00000012 0000001f 0000001e 0000001d 0000001c 0000001b 0000001a 00000019 00000018 00000017 00000016 00000015 00000014 00000013 00000012 
core   0: 0x8000019c (0x0a6083d7) vsub.vv v7, v6, v1
core   0: 3 0x8000019c (0x0a6083d7) c8_vstart 0x00000000 e32 m1 l32 v7  ffffffff 0x00000005 00000004 00000003 00000002 0000000f 0000000e 0000000d 0000000c 0000000b 0000000a 00000009 00000008 00000007 00000006 00000005 00000004 00000003 00000002 0000000f 0000000e 0000000d 0000000c 0000000b 0000000a 00000009 00000008 00000007 00000006 00000005 00000004 00000003 00000002 
core   0: 0x800001a0 (0x967133d7) vsll.vi v7, v7, 2
core   0: 3 0x800001a0 (0x967133d7) c8_vstart 0x00000000 e32 m1 l32 v7  ffffffff 0x00000014 00000010 0000000c 00000008 0000003c 00000038 00000034 00000030 0000002c 00000028 00000024 00000020 0000001c 00000018 00000014 00000010 0000000c 00000008 0000003c 00000038 00000034 00000030 0000002c 00000028 00000024 00000020 0000001c 00000018 00000014 00000010 0000000c 00000008 
core   0: 0x800001a4 (0x024383d7) vadd.vv v7, v4, v7
core   0: 3 0x800001a4 (0x024383d7) c8_vstart 0x00000000 e32 m1 l32 v7  ffffffff 0x90000014 90000010 9000000c 90000008 9000003c 90000038 90000034 90000030 9000002c 90000028 90000024 90000020 9000001c 90000018 90000014 90000010 9000000c 90000008 9000003c 90000038 90000034 90000030 9000002c 90000028 90000024 90000020 9000001c 90000018 90000014 90000010 9000000c 90000008 
core   0: 0x800001a8 (0x0003a3fb) vlw12.v v7, v7, 0
core   0: 3 0x800001a8 (0x0003a3fb) e32 m1 l32 v7  ffffffff 0x4218f3da 42828c76 3f781c55 41c02c6c 424a0af1 42624be1 41265ea3 42662f3c 421a4160 4285d6e5 41253f87 42a91697 422f0115 428992c4 4218f3da 42828c76 3f781c55 41c02c6c 424a0af1 42624be1 41265ea3 42662f3c 421a4160 4285d6e5 41253f87 42a91697 422f0115 428992c4 4218f3da 42828c76 3f781c55 41c02c6c  c8_vstart 0x00000000 mem 0x90000008 mem 0x9000000c mem 0x90000010 mem 0x90000014 mem 0x90000018 mem 0x9000001c mem 0x90000020 mem 0x90000024 mem 0x90000028 mem 0x9000002c mem 0x90000030 mem 0x90000034 mem 0x90000038 mem 0x9000003c mem 0x90000008 mem 0x9000000c mem 0x90000010 mem 0x90000014 mem 0x90000018 mem 0x9000001c mem 0x90000020 mem 0x90000024 mem 0x90000028 mem 0x9000002c mem 0x90000030 mem 0x90000034 mem 0x90000038 mem 0x9000003c mem 0x90000008 mem 0x9000000c mem 0x90000010 mem 0x90000014
core   0: 0x800001ac (0x96213457) vsll.vi v8, v2, 2
core   0: 3 0x800001ac (0x96213457) c8_vstart 0x00000000 e32 m1 l32 v8  ffffffff 0x0000004c 00000048 00000044 00000040 00000074 00000070 0000006c 00000068 00000064 00000060 0000005c 00000058 00000054 00000050 0000004c 00000048 00000044 00000040 00000074 00000070 0000006c 00000068 00000064 00000060 0000005c 00000058 00000054 00000050 0000004c 00000048 00000044 00000040 
core   0: 0x800001b0 (0x02440457) vadd.vv v8, v4, v8
core   0: 3 0x800001b0 (0x02440457) c8_vstart 0x00000000 e32 m1 l32 v8  ffffffff 0x9000004c 90000048 90000044 90000040 90000074 90000070 9000006c 90000068 90000064 90000060 9000005c 90000058 90000054 90000050 9000004c 90000048 90000044 90000040 90000074 90000070 9000006c 90000068 90000064 90000060 9000005c 90000058 90000054 90000050 9000004c 90000048 90000044 90000040 
core   0: 0x800001b4 (0x0004247b) vlw12.v v8, v8, 0
core   0: 3 0x800001b4 (0x0004247b) e32 m1 l32 v8  ffffffff 0x428b483e 405d1e56 41b035f7 428e99c0 41bb9653 420b68ce 427f54b7 42a40961 424da647 41999d7b 42c62cf5 429a3722 426a34a1 42357648 428b483e 405d1e56 41b035f7 428e99c0 41bb9653 420b68ce 427f54b7 42a40961 424da647 41999d7b 42c62cf5 429a3722 426a34a1 42357648 428b483e 405d1e56 41b035f7 428e99c0  c8_vstart 0x00000000 mem 0x90000040 mem 0x90000044 mem 0x90000048 mem 0x9000004c mem 0x90000050 mem 0x90000054 mem 0x90000058 mem 0x9000005c mem 0x90000060 mem 0x90000064 mem 0x90000068 mem 0x9000006c mem 0x90000070 mem 0x90000074 mem 0x90000040 mem 0x90000044 mem 0x90000048 mem 0x9000004c mem 0x90000050 mem 0x90000054 mem 0x90000058 mem 0x9000005c mem 0x90000060 mem 0x90000064 mem 0x90000068 mem 0x9000006c mem 0x90000070 mem 0x90000074 mem 0x90000040 mem 0x90000044 mem 0x90000048 mem 0x9000004c
core   0: 0x800001b8 (0x960134d7) vsll.vi v9, v0, 2
core   0: 3 0x800001b8 (0x960134d7) c8_vstart 0x00000000 e32 m1 l32 v9  ffffffff 0x00000050 0000004c 00000048 00000044 00000078 00000074 00000070 0000006c 00000068 00000064 00000060 0000005c 00000058 00000054 00000050 0000004c 00000048 00000044 00000078 00000074 00000070 0000006c 00000068 00000064 00000060 0000005c 00000058 00000054 00000050 0000004c 00000048 00000044 
core   0: 0x800001bc (0x02448557) vadd.vv v10, v4, v9
core   0: 3 0x800001bc (0x02448557) c8_vstart 0x00000000 e32 m1 l32 v10 ffffffff 0x90000050 9000004c 90000048 90000044 90000078 90000074 90000070 9000006c 90000068 90000064 90000060 9000005c 90000058 90000054 90000050 9000004c 90000048 90000044 90000078 90000074 90000070 9000006c 90000068 90000064 90000060 9000005c 90000058 90000054 90000050 9000004c 90000048 90000044 
core   0: 0x800001c0 (0x0005257b) vlw12.v v10, v10, 0
core   0: 3 0x800001c0 (0x0005257b) e32 m1 l32 v10 ffffffff 0x42357648 428b483e 405d1e56 41b035f7 4277b607 41bb9653 420b68ce 427f54b7 42a40961 424da647 41999d7b 42c62cf5 429a3722 426a34a1 42357648 428b483e 405d1e56 41b035f7 4277b607 41bb9653 420b68ce 427f54b7 42a40961 424da647 41999d7b 42c62cf5 429a3722 426a34a1 42357648 428b483e 405d1e56 41b035f7  c8_vstart 0x00000000 mem 0x90000044 mem 0x90000048 mem 0x9000004c mem 0x90000050 mem 0x90000054 mem 0x90000058 mem 0x9000005c mem 0x90000060 mem 0x90000064 mem 0x90000068 mem 0x9000006c mem 0x90000070 mem 0x90000074 mem 0x90000078 mem 0x90000044 mem 0x90000048 mem 0x9000004c mem 0x90000050 mem 0x90000054 mem 0x90000058 mem 0x9000005c mem 0x90000060 mem 0x90000064 mem 0x90000068 mem 0x9000006c mem 0x90000070 mem 0x90000074 mem 0x90000078 mem 0x90000044 mem 0x90000048 mem 0x9000004c mem 0x90000050
core   0: 0x800001c4 (0x966135d7) vsll.vi v11, v6, 2
core   0: 3 0x800001c4 (0x966135d7) c8_vstart 0x00000000 e32 m1 l32 v11 ffffffff 0x00000054 00000050 0000004c 00000048 0000007c 00000078 00000074 00000070 0000006c 00000068 00000064 00000060 0000005c 00000058 00000054 00000050 0000004c 00000048 0000007c 00000078 00000074 00000070 0000006c 00000068 00000064 00000060 0000005c 00000058 00000054 00000050 0000004c 00000048 
core   0: 0x800001c8 (0x024585d7) vadd.vv v11, v4, v11
core   0: 3 0x800001c8 (0x024585d7) c8_vstart 0x00000000 e32 m1 l32 v11 ffffffff 0x90000054 90000050 9000004c 90000048 9000007c 90000078 90000074 90000070 9000006c 90000068 90000064 90000060 9000005c 90000058 90000054 90000050 9000004c 90000048 9000007c 90000078 90000074 90000070 9000006c 90000068 90000064 90000060 9000005c 90000058 90000054 90000050 9000004c 90000048 
core   0: 0x800001cc (0x0005a5fb) vlw12.v v11, v11, 0
core   0: 3 0x800001cc (0x0005a5fb) e32 m1 l32 v11 ffffffff 0x426a34a1 42357648 428b483e 405d1e56 4295ddf4 4277b607 41bb9653 420b68ce 427f54b7 42a40961 424da647 41999d7b 42c62cf5 429a3722 426a34a1 42357648 428b483e 405d1e56 4295ddf4 4277b607 41bb9653 420b68ce 427f54b7 42a40961 424da647 41999d7b 42c62cf5 429a3722 426a34a1 42357648 428b483e 405d1e56  c8_vstart 0x00000000 mem 0x90000048 mem 0x9000004c mem 0x90000050 mem 0x90000054 mem 0x90000058 mem 0x9000005c mem 0x90000060 mem 0x90000064 mem 0x90000068 mem 0x9000006c mem 0x90000070 mem 0x90000074 mem 0x90000078 mem 0x9000007c mem 0x90000048 mem 0x9000004c mem 0x90000050 mem 0x90000054 mem 0x90000058 mem 0x9000005c mem 0x90000060 mem 0x90000064 mem 0x90000068 mem 0x9000006c mem 0x90000070 mem 0x90000074 mem 0x90000078 mem 0x9000007c mem 0x90000048 mem 0x9000004c mem 0x90000050 mem 0x90000054
core   0: 0x800001d0 (0x02208157) vadd.vv v2, v2, v1
core   0: 3 0x800001d0 (0x02208157) c8_vstart 0x00000000 e32 m1 l32 v2  ffffffff 0x00000023 00000022 00000021 00000020 0000002d 0000002c 0000002b 0000002a 00000029 00000028 00000027 00000026 00000025 00000024 00000023 00000022 00000021 00000020 0000002d 0000002c 0000002b 0000002a 00000029 00000028 00000027 00000026 00000025 00000024 00000023 00000022 00000021 00000020 
core   0: 0x800001d4 (0x96213157) vsll.vi v2, v2, 2
core   0: 3 0x800001d4 (0x96213157) c8_vstart 0x00000000 e32 m1 l32 v2  ffffffff 0x0000008c 00000088 00000084 00000080 000000b4 000000b0 000000ac 000000a8 000000a4 000000a0 0000009c 00000098 00000094 00000090 0000008c 00000088 00000084 00000080 000000b4 000000b0 000000ac 000000a8 000000a4 000000a0 0000009c 00000098 00000094 00000090 0000008c 00000088 00000084 00000080 
core   0: 0x800001d8 (0x02410157) vadd.vv v2, v4, v2
core   0: 3 0x800001d8 (0x02410157) c8_vstart 0x00000000 e32 m1 l32 v2  ffffffff 0x9000008c 90000088 90000084 90000080 900000b4 900000b0 900000ac 900000a8 900000a4 900000a0 9000009c 90000098 90000094 90000090 9000008c 90000088 90000084 90000080 900000b4 900000b0 900000ac 900000a8 900000a4 900000a0 9000009c 90000098 90000094 90000090 9000008c 90000088 90000084 90000080 
core   0: 0x800001dc (0x0001217b) vlw12.v v2, v2, 0
core   0: 3 0x800001dc (0x0001217b) e32 m1 l32 v2  ffffffff 0x404db578 4297ce2c 42abe61e 4217c26c 4077a861 41c243bf 414903f9 423d2ea5 415e28da 425c11c3 410bb50f 423bdc6c 4232c1e1 41c1802c 404db578 4297ce2c 42abe61e 4217c26c 4077a861 41c243bf 414903f9 423d2ea5 415e28da 425c11c3 410bb50f 423bdc6c 4232c1e1 41c1802c 404db578 4297ce2c 42abe61e 4217c26c  c8_vstart 0x00000000 mem 0x90000080 mem 0x90000084 mem 0x90000088 mem 0x9000008c mem 0x90000090 mem 0x90000094 mem 0x90000098 mem 0x9000009c mem 0x900000a0 mem 0x900000a4 mem 0x900000a8 mem 0x900000ac mem 0x900000b0 mem 0x900000b4 mem 0x90000080 mem 0x90000084 mem 0x90000088 mem 0x9000008c mem 0x90000090 mem 0x90000094 mem 0x90000098 mem 0x9000009c mem 0x900000a0 mem 0x900000a4 mem 0x900000a8 mem 0x900000ac mem 0x900000b0 mem 0x900000b4 mem 0x90000080 mem 0x90000084 mem 0x90000088 mem 0x9000008c
core   0: 0x800001e0 (0x02008057) vadd.vv v0, v0, v1
core   0: 3 0x800001e0 (0x02008057) c8_vstart 0x00000000 e32 m1 l32 v0  ffffffff 0x00000024 00000023 00000022 00000021 0000002e 0000002d 0000002c 0000002b 0000002a 00000029 00000028 00000027 00000026 00000025 00000024 00000023 00000022 00000021 0000002e 0000002d 0000002c 0000002b 0000002a 00000029 00000028 00000027 00000026 00000025 00000024 00000023 00000022 00000021 
core   0: 0x800001e4 (0x96013057) vsll.vi v0, v0, 2
core   0: 3 0x800001e4 (0x96013057) c8_vstart 0x00000000 e32 m1 l32 v0  ffffffff 0x00000090 0000008c 00000088 00000084 000000b8 000000b4 000000b0 000000ac 000000a8 000000a4 000000a0 0000009c 00000098 00000094 00000090 0000008c 00000088 00000084 000000b8 000000b4 000000b0 000000ac 000000a8 000000a4 000000a0 0000009c 00000098 00000094 00000090 0000008c 00000088 00000084 
core   0: 0x800001e8 (0x02400057) vadd.vv v0, v4, v0
core   0: 3 0x800001e8 (0x02400057) c8_vstart 0x00000000 e32 m1 l32 v0  ffffffff 0x90000090 9000008c 90000088 90000084 900000b8 900000b4 900000b0 900000ac 900000a8 900000a4 900000a0 9000009c 90000098 90000094 90000090 9000008c 90000088 90000084 900000b8 900000b4 900000b0 900000ac 900000a8 900000a4 900000a0 9000009c 90000098 90000094 90000090 9000008c 90000088 90000084 
core   0: 0x800001ec (0x0000207b) vlw12.v v0, v0, 0
core   0: 3 0x800001ec (0x0000207b) e32 m1 l32 v0  ffffffff 0x41c1802c 404db578 4297ce2c 42abe61e 427c4bf0 4077a861 41c243bf 414903f9 423d2ea5 415e28da 425c11c3 410bb50f 423bdc6c 4232c1e1 41c1802c 404db578 4297ce2c 42abe61e 427c4bf0 4077a861 41c243bf 414903f9 423d2ea5 415e28da 425c11c3 410bb50f 423bdc6c 4232c1e1 41c1802c 404db578 4297ce2c 42abe61e  c8_vstart 0x00000000 mem 0x90000084 mem 0x90000088 mem 0x9000008c mem 0x90000090 mem 0x90000094 mem 0x90000098 mem 0x9000009c mem 0x900000a0 mem 0x900000a4 mem 0x900000a8 mem 0x900000ac mem 0x900000b0 mem 0x900000b4 mem 0x900000b8 mem 0x90000084 mem 0x90000088 mem 0x9000008c mem 0x90000090 mem 0x90000094 mem 0x90000098 mem 0x9000009c mem 0x900000a0 mem 0x900000a4 mem 0x900000a8 mem 0x900000ac mem 0x900000b0 mem 0x900000b4 mem 0x900000b8 mem 0x90000084 mem 0x90000088 mem 0x9000008c mem 0x90000090
core   0: 0x800001f0 (0x026080d7) vadd.vv v1, v6, v1
core   0: 3 0x800001f0 (0x026080d7) c8_vstart 0x00000000 e32 m1 l32 v1  ffffffff 0x00000025 00000024 00000023 00000022 0000002f 0000002e 0000002d 0000002c 0000002b 0000002a 00000029 00000028 00000027 00000026 00000025 00000024 00000023 00000022 0000002f 0000002e 0000002d 0000002c 0000002b 0000002a 00000029 00000028 00000027 00000026 00000025 00000024 00000023 00000022 
core   0: 0x800001f4 (0x961130d7) vsll.vi v1, v1, 2
core   0: 3 0x800001f4 (0x961130d7) c8_vstart 0x00000000 e32 m1 l32 v1  ffffffff 0x00000094 00000090 0000008c 00000088 000000bc 000000b8 000000b4 000000b0 000000ac 000000a8 000000a4 000000a0 0000009c 00000098 00000094 00000090 0000008c 00000088 000000bc 000000b8 000000b4 000000b0 000000ac 000000a8 000000a4 000000a0 0000009c 00000098 00000094 00000090 0000008c 00000088 
core   0: 0x800001f8 (0x024080d7) vadd.vv v1, v4, v1
core   0: 3 0x800001f8 (0x024080d7) c8_vstart 0x00000000 e32 m1 l32 v1  ffffffff 0x90000094 90000090 9000008c 90000088 900000bc 900000b8 900000b4 900000b0 900000ac 900000a8 900000a4 900000a0 9000009c 90000098 90000094 90000090 9000008c 90000088 900000bc 900000b8 900000b4 900000b0 900000ac 900000a8 900000a4 900000a0 9000009c 90000098 90000094 90000090 9000008c 90000088 
core   0: 0x800001fc (0x0000a0fb) vlw12.v v1, v1, 0
core   0: 3 0x800001fc (0x0000a0fb) e32 m1 l32 v1  ffffffff 0x4232c1e1 41c1802c 404db578 4297ce2c 42bf2aaf 427c4bf0 4077a861 41c243bf 414903f9 423d2ea5 415e28da 425c11c3 410bb50f 423bdc6c 4232c1e1 41c1802c 404db578 4297ce2c 42bf2aaf 427c4bf0 4077a861 41c243bf 414903f9 423d2ea5 415e28da 425c11c3 410bb50f 423bdc6c 4232c1e1 41c1802c 404db578 4297ce2c  c8_vstart 0x00000000 mem 0x90000088 mem 0x9000008c mem 0x90000090 mem 0x90000094 mem 0x90000098 mem 0x9000009c mem 0x900000a0 mem 0x900000a4 mem 0x900000a8 mem 0x900000ac mem 0x900000b0 mem 0x900000b4 mem 0x900000b8 mem 0x900000bc mem 0x90000088 mem 0x9000008c mem 0x90000090 mem 0x90000094 mem 0x90000098 mem 0x9000009c mem 0x900000a0 mem 0x900000a4 mem 0x900000a8 mem 0x900000ac mem 0x900000b0 mem 0x900000b4 mem 0x900000b8 mem 0x900000bc mem 0x90000088 mem 0x9000008c mem 0x90000090 mem 0x90000094
core   0: 0x80000200 (0xfdc12283) lw      x5, -36(x2)
core   0: 3 0x80000200 (0xfdc12283) x5  0x3f800000 mem 0x70000010
core   0: 0x80000204 (0x5e02c257) vmv.v.x v4, x5
core   0: 3 0x80000204 (0x5e02c257) c8_vstart 0x00000000 e32 m1 l32 v4  ffffffff 0x3f800000 3f800000 3f800000 3f800000 3f800000 3f800000 3f800000 3f800000 3f800000 3f800000 3f800000 3f800000 3f800000 3f800000 3f800000 3f800000 3f800000 3f800000 3f800000 3f800000 3f800000 3f800000 3f800000 3f800000 3f800000 3f800000 3f800000 3f800000 3f800000 3f800000 3f800000 3f800000 
core   0: 0x80000208 (0xa25211d7) vfmadd.vv v3, v5, v4
core   0: 3 0x80000208 (0xa25211d7) c8_vstart 0x00000000 c1_fflags 0x00000001 e32 m1 l32 v3  ffffffff 0x42847caf 41c7ed4f 421a0d78 425a4a5c 4285f1c5 4287e372 42c0384e 42d2f795 429a7ed6 42bdbe88 43004b91 42e1134e 42d60cb1 42cf0663 42847caf 41c7ed4f 421a0d78 425a4a5c 4285f1c5 4287e372 42c0384e 42d2f795 429a7ed6 42bdbe88 43004b91 42e1134e 42d60cb1 42cf0663 42847caf 41c7ed4f 421a0d78 425a4a5c 
core   0: 0x8000020c (0xfe012283) lw      x5, -32(x2)
core   0: 3 0x8000020c (0xfe012283) x5  0x3f800000 mem 0x70000014
core   0: 0x80000210 (0x5e02c257) vmv.v.x v4, x5
core   0: 3 0x80000210 (0x5e02c257) c8_vstart 0x00000000 e32 m1 l32 v4  ffffffff 0x3f800000 3f800000 3f800000 3f800000 3f800000 3f800000 3f800000 3f800000 3f800000 3f800000 3f800000 3f800000 3f800000 3f800000 3f800000 3f800000 3f800000 3f800000 3f800000 3f800000 3f800000 3f800000 3f800000 3f800000 3f800000 3f800000 3f800000 3f800000 3f800000 3f800000 3f800000 3f800000 
core   0: 0x80000214 (0xa23213d7) vfmadd.vv v7, v3, v4
core   0: 3 0x80000214 (0xa23213d7) c8_vstart 0x00000000 c1_fflags 0x00000001 e32 m1 l32 v7  ffffffff 0x42d0f69c 42b487ca 421dede9 429d3049 42eaf73e 42f90962 42d50422 4323079a 42e79f86 4321cab6 430a9f89 434514f2 4316c69e 432c4c94 42d0f69c 42b487ca 421dede9 429d3049 42eaf73e 42f90962 42d50422 4323079a 42e79f86 4321cab6 430a9f89 434514f2 4316c69e 432c4c94 42d0f69c 42b487ca 421dede9 429d3049 
core   0: 0x80000218 (0xfe412283) lw      x5, -28(x2)
core   0: 3 0x80000218 (0xfe412283) x5  0x3f800000 mem 0x70000018
core   0: 0x8000021c (0x5e02c1d7) vmv.v.x v3, x5
core   0: 3 0x8000021c (0x5e02c1d7) c8_vstart 0x00000000 e32 m1 l32 v3  ffffffff 0x3f800000 3f800000 3f800000 3f800000 3f800000 3f800000 3f800000 3f800000 3f800000 3f800000 3f800000 3f800000 3f800000 3f800000 3f800000 3f800000 3f800000 3f800000 3f800000 3f800000 3f800000 3f800000 3f800000 3f800000 3f800000 3f800000 3f800000 3f800000 3f800000 3f800000 3f800000 3f800000 
core   0: 0x80000220 (0xa2719457) vfmadd.vv v8, v7, v3
core   0: 3 0x80000220 (0xa2719457) c8_vstart 0x00000000 c1_fflags 0x00000001 e32 m1 l32 v8  ffffffff 0x432e1f6d 42bb70bd 427608e4 4315e504 430cee69 431f5ee4 432a573f 43750c4a 43273955 4334fe65 436db604 43891842 435153c6 4359aa26 432e1f6d 42bb70bd 427608e4 4315e504 430cee69 431f5ee4 432a573f 43750c4a 43273955 4334fe65 436db604 43891842 435153c6 4359aa26 432e1f6d 42bb70bd 427608e4 4315e504 
core   0: 0x80000224 (0xfe812283) lw      x5, -24(x2)
core   0: 3 0x80000224 (0xfe812283) x5  0x3f800000 mem 0x7000001c
core   0: 0x80000228 (0x5e02c1d7) vmv.v.x v3, x5
core   0: 3 0x80000228 (0x5e02c1d7) c8_vstart 0x00000000 e32 m1 l32 v3  ffffffff 0x3f800000 3f800000 3f800000 3f800000 3f800000 3f800000 3f800000 3f800000 3f800000 3f800000 3f800000 3f800000 3f800000 3f800000 3f800000 3f800000 3f800000 3f800000 3f800000 3f800000 3f800000 3f800000 3f800000 3f800000 3f800000 3f800000 3f800000 3f800000 3f800000 3f800000 3f800000 3f800000 
core   0: 0x8000022c (0xa2819557) vfmadd.vv v10, v8, v3
core   0: 3 0x8000022c (0xa2819557) c8_vstart 0x00000000 c1_fflags 0x00000001 e32 m1 l32 v10 ffffffff 0x435b7cff 43235c7e 4281ed65 432bebc3 434adbeb 4336d1ae 434d3172 439a70bc 43793e06 436867f7 438074da 43baa37f 438f37ac 438a1ba7 435b7cff 43235c7e 4281ed65 432bebc3 434adbeb 4336d1ae 434d3172 439a70bc 43793e06 436867f7 438074da 43baa37f 438f37ac 438a1ba7 435b7cff 43235c7e 4281ed65 432bebc3 
core   0: 0x80000230 (0xfec12283) lw      x5, -20(x2)
core   0: 3 0x80000230 (0xfec12283) x5  0x3f800000 mem 0x70000020
core   0: 0x80000234 (0x5e02c1d7) vmv.v.x v3, x5
core   0: 3 0x80000234 (0x5e02c1d7) c8_vstart 0x00000000 e32 m1 l32 v3  ffffffff 0x3f800000 3f800000 3f800000 3f800000 3f800000 3f800000 3f800000 3f800000 3f800000 3f800000 3f800000 3f800000 3f800000 3f800000 3f800000 3f800000 3f800000 3f800000 3f800000 3f800000 3f800000 3f800000 3f800000 3f800000 3f800000 3f800000 3f800000 3f800000 3f800000 3f800000 3f800000 3f800000 
core   0: 0x80000238 (0xa2a195d7) vfmadd.vv v11, v10, v3
core   0: 3 0x80000238 (0xa2a195d7) c8_vstart 0x00000000 c1_fflags 0x00000001 e32 m1 l32 v11 ffffffff 0x438b0514 4350ba10 43069ad2 432f603c 438ae572 4374bf30 4364a43c 43abddd6 439c899a 439d3654 439a29a3 43c43d57 43c0c2e9 43b0a970 438b0514 4350ba10 43069ad2 432f603c 438ae572 4374bf30 4364a43c 43abddd6 439c899a 439d3654 439a29a3 43c43d57 43c0c2e9 43b0a970 438b0514 4350ba10 43069ad2 432f603c 
core   0: 0x8000023c (0xff012283) lw      x5, -16(x2)
core   0: 3 0x8000023c (0xff012283) x5  0x3f800000 mem 0x70000024
core   0: 0x80000240 (0x5e02c1d7) vmv.v.x v3, x5
core   0: 3 0x80000240 (0x5e02c1d7) c8_vstart 0x00000000 e32 m1 l32 v3  ffffffff 0x3f800000 3f800000 3f800000 3f800000 3f800000 3f800000 3f800000 3f800000 3f800000 3f800000 3f800000 3f800000 3f800000 3f800000 3f800000 3f800000 3f800000 3f800000 3f800000 3f800000 3f800000 3f800000 3f800000 3f800000 3f800000 3f800000 3f800000 3f800000 3f800000 3f800000 3f800000 3f800000 
core   0: 0x80000244 (0xa2b19157) vfmadd.vv v2, v11, v3
core   0: 3 0x80000244 (0xa2b19157) c8_vstart 0x00000000 c1_fflags 0x00000001 e32 m1 l32 v2  ffffffff 0x438ca07f 438e5093 435c8de1 435550d7 438cd4c3 438683d4 4371347c 43c383ab 43a37ae1 43b8b88c 439e874b 43dbb8e4 43d71b25 43bcc173 438ca07f 438e5093 435c8de1 435550d7 438cd4c3 438683d4 4371347c 43c383ab 43a37ae1 43b8b88c 439e874b 43dbb8e4 43d71b25 43bcc173 438ca07f 438e5093 435c8de1 435550d7 
core   0: 0x80000248 (0xff412283) lw      x5, -12(x2)
core   0: 3 0x80000248 (0xff412283) x5  0x3f800000 mem 0x70000028
core   0: 0x8000024c (0x5e02c1d7) vmv.v.x v3, x5
core   0: 3 0x8000024c (0x5e02c1d7) c8_vstart 0x00000000 e32 m1 l32 v3  ffffffff 0x3f800000 3f800000 3f800000 3f800000 3f800000 3f800000 3f800000 3f800000 3f800000 3f800000 3f800000 3f800000 3f800000 3f800000 3f800000 3f800000 3f800000 3f800000 3f800000 3f800000 3f800000 3f800000 3f800000 3f800000 3f800000 3f800000 3f800000 3f800000 3f800000 3f800000 3f800000 3f800000 
core   0: 0x80000250 (0xa2219057) vfmadd.vv v0, v2, v3
core   0: 3 0x80000250 (0xa2219057) c8_vstart 0x00000000 c1_fflags 0x00000001 e32 m1 l32 v0  ffffffff 0x4398b882 438febfe 43943a7c 4395a1f3 43ac5e41 43887325 4384be7a 43c9cbcb 43bb20b6 43bfa9d3 43ba0983 43e0168c 43ee96b2 43d319af 4398b882 438febfe 43943a7c 4395a1f3 43ac5e41 43887325 4384be7a 43c9cbcb 43bb20b6 43bfa9d3 43ba0983 43e0168c 43ee96b2 43d319af 4398b882 438febfe 43943a7c 4395a1f3 
core   0: 0x80000254 (0xff812283) lw      x5, -8(x2)
core   0: 3 0x80000254 (0xff812283) x5  0x3f800000 mem 0x7000002c
core   0: 0x80000258 (0x5e02c157) vmv.v.x v2, x5
core   0: 3 0x80000258 (0x5e02c157) c8_vstart 0x00000000 e32 m1 l32 v2  ffffffff 0x3f800000 3f800000 3f800000 3f800000 3f800000 3f800000 3f800000 3f800000 3f800000 3f800000 3f800000 3f800000 3f800000 3f800000 3f800000 3f800000 3f800000 3f800000 3f800000 3f800000 3f800000 3f800000 3f800000 3f800000 3f800000 3f800000 3f800000 3f800000 3f800000 3f800000 3f800000 3f800000 
core   0: 0x8000025c (0xa20110d7) vfmadd.vv v1, v0, v2
core   0: 3 0x8000025c (0xa20110d7) c8_vstart 0x00000000 c1_fflags 0x00000001 e32 m1 l32 v1  ffffffff 0x43af10be 439c0401 4395d5e7 43bb957e 43dc28ed 43a7fca3 4386adcb 43d5f007 43c168d6 43d74fa8 43c0faca 43fb98c4 43f2f45a 43ea953c 43af10be 439c0401 4395d5e7 43bb957e 43dc28ed 43a7fca3 4386adcb 43d5f007 43c168d6 43d74fa8 43c0faca 43fb98c4 43f2f45a 43ea953c 43af10be 439c0401 4395d5e7 43bb957e 
core   0: 0x80000260 (0xffc12283) lw      x5, -4(x2)
core   0: 3 0x80000260 (0xffc12283) x5  0x90001000 mem 0x70000030
core   0: 0x80000264 (0x0292c057) vadd.vx v0, v9, x5
core   0: 3 0x80000264 (0x0292c057) c8_vstart 0x00000000 e32 m1 l32 v0  ffffffff 0x90001050 9000104c 90001048 90001044 90001078 90001074 90001070 9000106c 90001068 90001064 90001060 9000105c 90001058 90001054 90001050 9000104c 90001048 90001044 90001078 90001074 90001070 9000106c 90001068 90001064 90001060 9000105c 90001058 90001054 90001050 9000104c 90001048 90001044 
core   0: 0x80000268 (0x0010607b) vsw12.v v1, v0, 0
core   0: 3 0x80000268 (0x0010607b) c8_vstart 0x00000000 e32 m1 l32 mem 0x90001044 0x43bb957e mem 0x90001048 0x4395d5e7 mem 0x9000104c 0x439c0401 mem 0x90001050 0x43af10be mem 0x90001054 0x43ea953c mem 0x90001058 0x43f2f45a mem 0x9000105c 0x43fb98c4 mem 0x90001060 0x43c0faca mem 0x90001064 0x43d74fa8 mem 0x90001068 0x43c168d6 mem 0x9000106c 0x43d5f007 mem 0x90001070 0x4386adcb mem 0x90001074 0x43a7fca3 mem 0x90001078 0x43dc28ed mem 0x90001044 0x43bb957e mem 0x90001048 0x4395d5e7 mem 0x9000104c 0x439c0401 mem 0x90001050 0x43af10be mem 0x90001054 0x43ea953c mem 0x90001058 0x43f2f45a mem 0x9000105c 0x43fb98c4 mem 0x90001060 0x43c0faca mem 0x90001064 0x43d74fa8 mem 0x90001068 0x43c168d6 mem 0x9000106c 0x43d5f007 mem 0x90001070 0x4386adcb mem 0x90001074 0x43a7fca3 mem 0x90001078 0x43dc28ed mem 0x90001044 0x43bb957e mem 0x90001048 0x4395d5e7 mem 0x9000104c 0x439c0401 mem 0x90001050 0x43af10be
core   0: 0x8000026c (0xfcc12083) lw      x1, -52(x2)
core   0: 3 0x8000026c (0xfcc12083) x1  0x800000a0 mem 0x70000000
core   0: 0x80000270 (0x0090200b) regext  x0, x0,  0 0 1 1 
core   0: 3 0x80000270 (0x0090200b)
core   0: 0x80000274 (0x7fc020ab) vlw.v   v1, x0, -4
core   0: 3 0x80000274 (0x7fc020ab) e32 m1 l32 v33 ffffffff 0x00000000 00000000 00000000 00000000 00000000 00000000 00000000 00000000 00000000 00000000 00000000 00000000 00000000 00000000 00000000 00000000 00000000 00000000 00000000 00000000 00000000 00000000 00000000 00000000 00000000 00000000 00000000 00000000 00000000 00000000 00000000 00000000  c8_vstart 0x00000000 mem 0x90003000 mem 0x90003004 mem 0x90003008 mem 0x9000300c mem 0x90003010 mem 0x90003014 mem 0x90003018 mem 0x9000301c mem 0x90003020 mem 0x90003024 mem 0x90003028 mem 0x9000302c mem 0x90003030 mem 0x90003034 mem 0x90003038 mem 0x9000303c mem 0x90003040 mem 0x90003044 mem 0x90003048 mem 0x9000304c mem 0x90003050 mem 0x90003054 mem 0x90003058 mem 0x9000305c mem 0x90003060 mem 0x90003064 mem 0x90003068 mem 0x9000306c mem 0x90003070 mem 0x90003074 mem 0x90003078 mem 0x9000307c
core   0: 0x80000278 (0xfcc10113) addi    x2, x2, -52
core   0: 3 0x80000278 (0xfcc10113) x2  0x70000000
core   0: 0x8000027c (0xffc20213) addi    x4, x4, -4
core   0: 3 0x8000027c (0xffc20213) x4  0x00000000
core   0: 0x80000280 (0x0010200b) regext  x0, x0,  0 0 0 1 
core   0: 3 0x80000280 (0x0010200b)
core   0: 0x80000284 (0x5e024057) vmv.v.x v0, x4
core   0: 3 0x80000284 (0x5e024057) c8_vstart 0x00000000 e32 m1 l32 v32 ffffffff 0x00000000 00000000 00000000 00000000 00000000 00000000 00000000 00000000 00000000 00000000 00000000 00000000 00000000 00000000 00000000 00000000 00000000 00000000 00000000 00000000 00000000 00000000 00000000 00000000 00000000 00000000 00000000 00000000 00000000 00000000 00000000 00000000 
core   0: 0x80000288 (0x00008067) ret
core   0: 3 0x80000288 (0x00008067)
core   0: 0x800000a0 (0x0000400b) endprg  x0, x0, x0
core   0: 3 0x800000a0 (0x0000400b)
core   0: 0x800000a4 (0x0040006f) j       pc + 0x4
core   0: 3 0x800000a4 (0x0040006f)
core   0: 0x800000a8 (0x00100313) li      x6, 1
core   0: 3 0x800000a8 (0x00100313) x6  0x00000001
core   0: 0x800000ac (0x00001297) auipc   x5, 0x1
core   0: 3 0x800000ac (0x00001297) x5  0x800010ac
core   0: 0x800000b0 (0xf5428293) addi    x5, x5, -172
core   0: 3 0x800000b0 (0xf5428293) x5  0x80001000
core   0: 0x800000b4 (0x0062a023) sw      x6, 0(x5)
core   0: 3 0x800000b4 (0x0062a023) mem 0x80001000 0x00000001
core   0: 0x00001000 (0x00000297) auipc   x5, 0x0
core   0: 3 0x00001000 (0x00000297) x5  0x00001000
core   0: 0x00001004 (0x02028593) addi    x11, x5, 32
core   0: 3 0x00001004 (0x02028593) x11 0x00001020
core   0: 0x00001008 (0xf1402573) csrr    x10, mhartid
core   0: 3 0x00001008 (0xf1402573) x10 0x00000000
core   0: 0x0000100c (0x0182a283) lw      x5, 24(x5)
core   0: 3 0x0000100c (0x0182a283) x5  0x80000000 mem 0x00001018
core   0: 0x00001010 (0x00028067) jr      x5
core   0: 3 0x00001010 (0x00028067)
core   0: 0x80000000 (0x00004197) auipc   x3, 0x4
core   0: 3 0x80000000 (0x00004197) x3  0x80004000
core   0: 0x80000004 (0x80818193) addi    x3, x3, -2040
core   0: 3 0x80000004 (0x80818193) x3  0x80003808
core   0: 0x80000008 (0x02000e93) li      x29, 32
core   0: 3 0x80000008 (0x02000e93) x29 0x00000020
core   0: 0x8000000c (0x0d0efed7) vsetvli x29, x29, e32, m1, ta, ma
core   0: 3 0x8000000c (0x0d0efed7) x29 0x00000020 c8_vstart 0x00000000 c3104_vl 0x00000020 c3105_vtype 0x000000d0 c768_mstatus 0x80000600
core   0: 0x80000010 (0x00002eb7) lui     x29, 0x2
core   0: 3 0x80000010 (0x00002eb7) x29 0x00002000
core   0: 0x80000014 (0x300eaef3) csrrs   x29, mstatus, x29
core   0: 3 0x80000014 (0x300eaef3) x29 0x80000600 c768_mstatus 0x80006600
core   0: 0x80000018 (0x00000e93) li      x29, 0
core   0: 3 0x80000018 (0x00000e93) x29 0x00000000
core   0: 0x8000001c (0x80502373) csrr    x6, wid
core   0: 3 0x8000001c (0x80502373) x6  0x00000000
core   0: 0x80000020 (0x806023f3) csrr    x7, lds
core   0: 3 0x80000020 (0x806023f3) x7  0x70000000
core   0: 0x80000024 (0x40000e13) li      x28, 1024
core   0: 3 0x80000024 (0x40000e13) x28 0x00000400
core   0: 0x80000028 (0x03c30333) mul     x6, x6, x28
core   0: 3 0x80000028 (0x03c30333) x6  0x00000000
core   0: 0x8000002c (0x00730133) add     x2, x6, x7
core   0: 3 0x8000002c (0x00730133) x2  0x70000000
core   0: 0x80000030 (0x00000213) li      x4, 0
core   0: 3 0x80000030 (0x00000213) x4  0x00000000
core   0: 0x80000034 (0x80102f73) csrr    x30, numw
core   0: 3 0x80000034 (0x80102f73) x30 0x00000001
core   0: 0x80000038 (0x40000e13) li      x28, 1024
core   0: 3 0x80000038 (0x40000e13) x28 0x00000400
core   0: 0x8000003c (0x03cf0f33) mul     x30, x30, x28
core   0: 3 0x8000003c (0x03cf0f33) x30 0x00000400
core   0: 0x80000040 (0x01e38433) add     x8, x7, x30
core   0: 3 0x80000040 (0x01e38433) x8  0x70000400
core   0: 0x80000044 (0x00003517) auipc   x10, 0x3
core   0: 3 0x80000044 (0x00003517) x10 0x80003044
core   0: 0x80000048 (0xfc450513) addi    x10, x10, -60
core   0: 3 0x80000048 (0xfc450513) x10 0x80003008
core   0: 0x8000004c (0x00003617) auipc   x12, 0x3
core   0: 3 0x8000004c (0x00003617) x12 0x8000304c
core   0: 0x80000050 (0xfbc60613) addi    x12, x12, -68
core   0: 3 0x80000050 (0xfbc60613) x12 0x80003008
core   0: 0x80000054 (0x00c50863) beq     x10, x12, pc + 16
core   0: 3 0x80000054 (0x00c50863)
core   0: 0x80000064 (0x803022f3) csrr    x5, knl
core   0: 3 0x80000064 (0x803022f3) x5  0x901c3000
core   0: 0x80000068 (0x0002a303) lw      x6, 0(x5)
core   0: 3 0x80000068 (0x0002a303) x6  0x800000b8 mem 0x901c3000
core   0: 0x8000006c (0x0042a503) lw      x10, 4(x5)
core   0: 3 0x8000006c (0x0042a503) x10 0x90002000 mem 0x901c3004
core   0: 0x80000070 (0x0302a383) lw      x7, 48(x5)
core   0: 3 0x80000070 (0x0302a383) x7  0x00000000 mem 0x901c3030
core   0: 0x80000074 (0x0342ae03) lw      x28, 52(x5)
core   0: 3 0x80000074 (0x0342ae03) x28 0x00000000 mem 0x901c3034
core   0: 0x80000078 (0x00003e97) auipc   x29, 0x3
core   0: 3 0x80000078 (0x00003e97) x29 0x80003078
core   0: 0x8000007c (0xf88e8e93) addi    x29, x29, -120
core   0: 3 0x8000007c (0xf88e8e93) x29 0x80003000
core   0: 0x80000080 (0x00003f17) auipc   x30, 0x3
core   0: 3 0x80000080 (0x00003f17) x30 0x80003080
core   0: 0x80000084 (0xf84f0f13) addi    x30, x30, -124
core   0: 3 0x80000084 (0xf84f0f13) x30 0x80003004
core   0: 0x80000088 (0x007ea023) sw      x7, 0(x29)
core   0: 3 0x80000088 (0x007ea023) mem 0x80003000 0x00000000
core   0: 0x8000008c (0x01cf2023) sw      x28, 0(x30)
core   0: 3 0x8000008c (0x01cf2023) mem 0x80003004 0x00000000
core   0: 0x80000090 (0x00000f97) auipc   x31, 0x0
core   0: 3 0x80000090 (0x00000f97) x31 0x80000090
core   0: 0x80000094 (0x018f8f93) addi    x31, x31, 24
core   0: 3 0x80000094 (0x018f8f93) x31 0x800000a8
core   0: 0x80000098 (0x305f9073) csrw    mtvec, x31
core   0: 3 0x80000098 (0x305f9073) c773_mtvec 0x800000a8
core   0: 0x8000009c (0x000300e7) jalr    x6
core   0: 3 0x8000009c (0x000300e7) x1  0x800000a0
core   0: 0x800000b8 (0x03410113) addi    x2, x2, 52
core   0: 3 0x800000b8 (0x03410113) x2  0x70000034
core   0: 0x800000bc (0x00420213) addi    x4, x4, 4
core   0: 3 0x800000bc (0x00420213) x4  0x00000004
core   0: 0x800000c0 (0x0010200b) regext  x0, x0,  0 0 0 1 
core   0: 3 0x800000c0 (0x0010200b)
core   0: 0x800000c4 (0x5e024057) vmv.v.x v0, x4
core   0: 3 0x800000c4 (0x5e024057) c8_vstart 0x00000000 e32 m1 l32 v32 ffffffff 0x00000004 00000004 00000004 00000004 00000004 00000004 00000004 00000004 00000004 00000004 00000004 00000004 00000004 00000004 00000004 00000004 00000004 00000004 00000004 00000004 00000004 00000004 00000004 00000004 00000004 00000004 00000004 00000004 00000004 00000004 00000004 00000004 
core   0: 0x800000c8 (0xfc112623) sw      x1, -52(x2)
core   0: 3 0x800000c8 (0xfc112623) mem 0x70000000 0x800000a0
core   0: 0x800000cc (0x0480200b) regext  x0, x0,  0 1 1 0 
core   0: 3 0x800000cc (0x0480200b)
core   0: 0x800000d0 (0xfe102e2b) vsw.v   v1, x0, -4
core   0: 3 0x800000d0 (0xfe102e2b) c8_vstart 0x00000000 mem 0x90003000 0x00000000 mem 0x90003004 0x00000000 mem 0x90003008 0x00000000 mem 0x9000300c 0x00000000 mem 0x90003010 0x00000000 mem 0x90003014 0x00000000 mem 0x90003018 0x00000000 mem 0x9000301c 0x00000000 mem 0x90003020 0x00000000 mem 0x90003024 0x00000000 mem 0x90003028 0x00000000 mem 0x9000302c 0x00000000 mem 0x90003030 0x00000000 mem 0x90003034 0x00000000 mem 0x90003038 0x00000000 mem 0x9000303c 0x00000000 mem 0x90003040 0x00000000 mem 0x90003044 0x00000000 mem 0x90003048 0x00000000 mem 0x9000304c 0x00000000 mem 0x90003050 0x00000000 mem 0x90003054 0x00000000 mem 0x90003058 0x00000000 mem 0x9000305c 0x00000000 mem 0x90003060 0x00000000 mem 0x90003064 0x00000000 mem 0x90003068 0x00000000 mem 0x9000306c 0x00000000 mem 0x90003070 0x00000000 mem 0x90003074 0x00000000 mem 0x90003078 0x00000000 mem 0x9000307c 0x00000000
core   0: 0x800000d4 (0x00452283) lw      x5, 4(x10)
core   0: 3 0x800000d4 (0x00452283) x5  0x90001000 mem 0x90002004
core   0: 0x800000d8 (0xfe512e23) sw      x5, -4(x2)
core   0: 3 0x800000d8 (0xfe512e23) mem 0x70000030 0x90001000
core   0: 0x800000dc (0x03052283) lw      x5, 48(x10)
core   0: 3 0x800000dc (0x03052283) x5  0x3f800000 mem 0x90002030
core   0: 0x800000e0 (0xfe512c23) sw      x5, -8(x2)
core   0: 3 0x800000e0 (0xfe512c23) mem 0x7000002c 0x3f800000
core   0: 0x800000e4 (0x02c52283) lw      x5, 44(x10)
core   0: 3 0x800000e4 (0x02c52283) x5  0x3f800000 mem 0x9000202c
core   0: 0x800000e8 (0xfe512a23) sw      x5, -12(x2)
core   0: 3 0x800000e8 (0xfe512a23) mem 0x70000028 0x3f800000
core   0: 0x800000ec (0x02852283) lw      x5, 40(x10)
core   0: 3 0x800000ec (0x02852283) x5  0x3f800000 mem 0x90002028
core   0: 0x800000f0 (0xfe512823) sw      x5, -16(x2)
core   0: 3 0x800000f0 (0xfe512823) mem 0x70000024 0x3f800000
core   0: 0x800000f4 (0x02452283) lw      x5, 36(x10)
core   0: 3 0x800000f4 (0x02452283) x5  0x3f800000 mem 0x90002024
core   0: 0x800000f8 (0xfe512623) sw      x5, -20(x2)
core   0: 3 0x800000f8 (0xfe512623) mem 0x70000020 0x3f800000
core   0: 0x800000fc (0x02052283) lw      x5, 32(x10)
core   0: 3 0x800000fc (0x02052283) x5  0x3f800000 mem 0x90002020
core   0: 0x80000100 (0xfe512423) sw      x5, -24(x2)
core   0: 3 0x80000100 (0xfe512423) mem 0x7000001c 0x3f800000
core   0: 0x80000104 (0x01c52283) lw      x5, 28(x10)
core   0: 3 0x80000104 (0x01c52283) x5  0x3f800000 mem 0x9000201c
core   0: 0x80000108 (0xfe512223) sw      x5, -28(x2)
core   0: 3 0x80000108 (0xfe512223) mem 0x70000018 0x3f800000
core   0: 0x8000010c (0x01852283) lw      x5, 24(x10)
core   0: 3 0x8000010c (0x01852283) x5  0x3f800000 mem 0x90002018
core   0: 0x80000110 (0xfe512023) sw      x5, -32(x2)
core   0: 3 0x80000110 (0xfe512023) mem 0x70000014 0x3f800000
core   0: 0x80000114 (0x01052283) lw      x5, 16(x10)
core   0: 3 0x80000114 (0x01052283) x5  0x3f800000 mem 0x90002010
core   0: 0x80000118 (0xfc512e23) sw      x5, -36(x2)
core   0: 3 0x80000118 (0xfc512e23) mem 0x70000010 0x3f800000
core   0: 0x8000011c (0x01452283) lw      x5, 20(x10)
core   0: 3 0x8000011c (0x01452283) x5  0x3f800000 mem 0x90002014
core   0: 0x80000120 (0xfc512c23) sw      x5, -40(x2)
core   0: 3 0x80000120 (0xfc512c23) mem 0x7000000c 0x3f800000
core   0: 0x80000124 (0x00052283) lw      x5, 0(x10)
core   0: 3 0x80000124 (0x00052283) x5  0x90000000 mem 0x90002000
core   0: 0x80000128 (0xfc512a23) sw      x5, -44(x2)
core   0: 3 0x80000128 (0xfc512a23) mem 0x70000008 0x90000000
core   0: 0x8000012c (0x00852283) lw      x5, 8(x10)
core   0: 3 0x8000012c (0x00852283) x5  0x00000010 mem 0x90002008
core   0: 0x80000130 (0xfc512823) sw      x5, -48(x2)
core   0: 3 0x80000130 (0xfc512823) mem 0x70000004 0x00000010
core   0: 0x80000134 (0x5e004057) vmv.v.x v0, x0
core   0: 3 0x80000134 (0x5e004057) c8_vstart 0x00000000 e32 m1 l32 v0  ffffffff 0x00000000 00000000 00000000 00000000 00000000 00000000 00000000 00000000 00000000 00000000 00000000 00000000 00000000 00000000 00000000 00000000 00000000 00000000 00000000 00000000 00000000 00000000 00000000 00000000 00000000 00000000 00000000 00000000 00000000 00000000 00000000 00000000 
core   0: 0x80000138 (0x154000ef) jal     pc + 0x154
core   0: 3 0x80000138 (0x154000ef) x1  0x8000013c
core   0: 0x8000028c (0x00410113) addi    x2, x2, 4
core   0: 3 0x8000028c (0x00410113) x2  0x70000038
core   0: 0x80000290 (0xfe112e23) sw      x1, -4(x2)
core   0: 3 0x80000290 (0xfe112e23) mem 0x70000034 0x8000013c
core   0: 0x80000294 (0x00200293) li      x5, 2
core   0: 3 0x80000294 (0x00200293) x5  0x00000002
core   0: 0x80000298 (0x5e02c0d7) vmv.v.x v1, x5
core   0: 3 0x80000298 (0x5e02c0d7) c8_vstart 0x00000000 e32 m1 l32 v1  ffffffff 0x00000002 00000002 00000002 00000002 00000002 00000002 00000002 00000002 00000002 00000002 00000002 00000002 00000002 00000002 00000002 00000002 00000002 00000002 00000002 00000002 00000002 00000002 00000002 00000002 00000002 00000002 00000002 00000002 00000002 00000002 00000002 00000002 
core   0: 0x8000029c (0x00000317) auipc   x6, 0x0
core   0: 3 0x8000029c (0x00000317) x6  0x8000029c
core   0: 0x800002a0 (0x04c3305b) setrpc  x0, x6, 76
core   0: 3 0x800002a0 (0x04c3305b) c2060_rpc 0x800002e8 current mask:	ffffffff current npc:	00000000 stack size: 0
core   0: 0x800002a4 (0x0200885b) vbeq    v0, v1, pc + 48
core   0: 3 0x800002a4 (0x0200885b) c8_vstart 0x00000000 e32 m1 l32 current mask:	ffffffff current npc:	800002a8 stack size: 0
core   0: 0x800002a8 (0x00100293) li      x5, 1
core   0: 3 0x800002a8 (0x00100293) x5  0x00000001
core   0: 0x800002ac (0x5e02c0d7) vmv.v.x v1, x5
core   0: 3 0x800002ac (0x5e02c0d7) c8_vstart 0x00000000 e32 m1 l32 v1  ffffffff 0x00000001 00000001 00000001 00000001 00000001 00000001 00000001 00000001 00000001 00000001 00000001 00000001 00000001 00000001 00000001 00000001 00000001 00000001 00000001 00000001 00000001 00000001 00000001 00000001 00000001 00000001 00000001 00000001 00000001 00000001 00000001 00000001 
core   0: 0x800002b0 (0x00000317) auipc   x6, 0x0
core   0: 3 0x800002b0 (0x00000317) x6  0x800002b0
core   0: 0x800002b4 (0x0383305b) setrpc  x0, x6, 56
core   0: 3 0x800002b4 (0x0383305b) c2060_rpc 0x800002e8 current mask:	ffffffff current npc:	800002a8 stack size: 0
core   0: 0x800002b8 (0x0200825b) vbeq    v0, v1, pc + 36
core   0: 3 0x800002b8 (0x0200825b) c8_vstart 0x00000000 e32 m1 l32 current mask:	ffffffff current npc:	800002bc stack size: 0
core   0: 0x800002bc (0x5e0040d7) vmv.v.x v1, x0
core   0: 3 0x800002bc (0x5e0040d7) c8_vstart 0x00000000 e32 m1 l32 v1  ffffffff 0x00000000 00000000 00000000 00000000 00000000 00000000 00000000 00000000 00000000 00000000 00000000 00000000 00000000 00000000 00000000 00000000 00000000 00000000 00000000 00000000 00000000 00000000 00000000 00000000 00000000 00000000 00000000 00000000 00000000 00000000 00000000 00000000 
core   0: 0x800002c0 (0x00000317) auipc   x6, 0x0
core   0: 3 0x800002c0 (0x00000317) x6  0x800002c0
core   0: 0x800002c4 (0x0283305b) setrpc  x0, x6, 40
core   0: 3 0x800002c4 (0x0283305b) c2060_rpc 0x800002e8 current mask:	ffffffff current npc:	800002bc stack size: 0
core   0: 0x800002c8 (0x00009e5b) vbne    v0, v1, pc + 28
core   0: 3 0x800002c8 (0x00009e5b) c8_vstart 0x00000000 e32 m1 l32 current mask:	ffffffff current npc:	800002cc stack size: 0
core   0: 0x800002cc (0x1a0000ef) jal     pc + 0x1a0
core   0: 3 0x800002cc (0x1a0000ef) x1  0x800002d0
core   0: 0x8000046c (0x00410113) addi    x2, x2, 4
core   0: 3 0x8000046c (0x00410113) x2  0x7000003c
core   0: 0x80000470 (0xfe112e23) sw      x1, -4(x2)
core   0: 3 0x80000470 (0xfe112e23) mem 0x70000038 0x800002d0
core   0: 0x80000474 (0xf1dff0ef) jal     pc - 0xe4
core   0: 3 0x80000474 (0xf1dff0ef) x1  0x80000478
core   0: 0x80000390 (0x00410113) addi    x2, x2, 4
core   0: 3 0x80000390 (0x00410113) x2  0x70000040
core   0: 0x80000394 (0xfe112e23) sw      x1, -4(x2)
core   0: 3 0x80000394 (0xfe112e23) mem 0x7000003c 0x80000478
core   0: 0x80000398 (0x80302573) csrr    x10, knl
core   0: 3 0x80000398 (0x80302573) x10 0x901c3000
core   0: 0x8000039c (0x00852283) lw      x5, 8(x10)
core   0: 3 0x8000039c (0x00852283) x5  0x00000002 mem 0x901c3008
core   0: 0x800003a0 (0x80002373) csrr    x6, tid
core   0: 3 0x800003a0 (0x80002373) x6  0x00000000
core   0: 0x800003a4 (0x5208a157) vid.v   v2
core   0: 3 0x800003a4 (0x5208a157) c8_vstart 0x00000000 e32 m1 l32 v2  ffffffff 0x0000001f 0000001e 0000001d 0000001c 0000001b 0000001a 00000019 00000018 00000017 00000016 00000015 00000014 00000013 00000012 00000011 00000010 0000000f 0000000e 0000000d 0000000c 0000000b 0000000a 00000009 00000008 00000007 00000006 00000005 00000004 00000003 00000002 00000001 00000000 
core   0: 0x800003a8 (0x02234057) vadd.vx v0, v2, x6
core   0: 3 0x800003a8 (0x02234057) c8_vstart 0x00000000 e32 m1 l32 v0  ffffffff 0x0000001f 0000001e 0000001d 0000001c 0000001b 0000001a 00000019 00000018 00000017 00000016 00000015 00000014 00000013 00000012 00000011 00000010 0000000f 0000000e 0000000d 0000000c 0000000b 0000000a 00000009 00000008 00000007 00000006 00000005 00000004 00000003 00000002 00000001 00000000 
core   0: 0x800003ac (0x01852e03) lw      x28, 24(x10)
core   0: 3 0x800003ac (0x01852e03) x28 0x0000000e mem 0x901c3018
core   0: 0x800003b0 (0x8a0e6057) vremu.vx v0, v0, x28
core   0: 3 0x800003b0 (0x8a0e6057) c8_vstart 0x00000000 e32 m1 l32 v0  ffffffff 0x00000003 00000002 00000001 00000000 0000000d 0000000c 0000000b 0000000a 00000009 00000008 00000007 00000006 00000005 00000004 00000003 00000002 00000001 00000000 0000000d 0000000c 0000000b 0000000a 00000009 00000008 00000007 00000006 00000005 00000004 00000003 00000002 00000001 00000000 
core   0: 0x800003b4 (0xffc12083) lw      x1, -4(x2)
core   0: 3 0x800003b4 (0xffc12083) x1  0x80000478 mem 0x7000003c
core   0: 0x800003b8 (0xffc10113) addi    x2, x2, -4
core   0: 3 0x800003b8 (0xffc10113) x2  0x7000003c
core   0: 0x800003bc (0x00008067) ret
core   0: 3 0x800003bc (0x00008067)
core   0: 0x80000478 (0x80302573) csrr    x10, knl
core   0: 3 0x80000478 (0x80302573) x10 0x901c3000
core   0: 0x8000047c (0x80802373) csrr    x6, gidx
core   0: 3 0x8000047c (0x80802373) x6  0x00000000
core   0: 0x80000480 (0x01852e03) lw      x28, 24(x10)
core   0: 3 0x80000480 (0x01852e03) x28 0x0000000e mem 0x901c3018
core   0: 0x80000484 (0x02452e83) lw      x29, 36(x10)
core   0: 3 0x80000484 (0x02452e83) x29 0x00000001 mem 0x901c3024
core   0: 0x80000488 (0x03c30fb3) mul     x31, x6, x28
core   0: 3 0x80000488 (0x03c30fb3) x31 0x00000000
core   0: 0x8000048c (0x01df8fb3) add     x31, x31, x29
core   0: 3 0x8000048c (0x01df8fb3) x31 0x00000001
core   0: 0x80000490 (0x020fc057) vadd.vx v0, v0, x31
core   0: 3 0x80000490 (0x020fc057) c8_vstart 0x00000000 e32 m1 l32 v0  ffffffff 0x00000004 00000003 00000002 00000001 0000000e 0000000d 0000000c 0000000b 0000000a 00000009 00000008 00000007 00000006 00000005 00000004 00000003 00000002 00000001 0000000e 0000000d 0000000c 0000000b 0000000a 00000009 00000008 00000007 00000006 00000005 00000004 00000003 00000002 00000001 
core   0: 0x80000494 (0xffc12083) lw      x1, -4(x2)
core   0: 3 0x80000494 (0xffc12083) x1  0x800002d0 mem 0x70000038
core   0: 0x80000498 (0xffc10113) addi    x2, x2, -4
core   0: 3 0x80000498 (0xffc10113) x2  0x70000038
core   0: 0x8000049c (0x00008067) ret
core   0: 3 0x8000049c (0x00008067)
core   0: 0x800002d0 (0x0180006f) j       pc + 0x18
core   0: 3 0x800002d0 (0x0180006f)
core   0: 0x800002e8 (0x0000205b) join    v0, v0, pc + 0
core   0: 3 0x800002e8 (0x0000205b) current mask:	ffffffff current npc:	800002cc stack size: 0
core   0: 0x800002ec (0xffc12083) lw      x1, -4(x2)
core   0: 3 0x800002ec (0xffc12083) x1  0x8000013c mem 0x70000034
core   0: 0x800002f0 (0xffc10113) addi    x2, x2, -4
core   0: 3 0x800002f0 (0xffc10113) x2  0x70000034
core   0: 0x800002f4 (0x00008067) ret
core   0: 3 0x800002f4 (0x00008067)
core   0: 0x8000013c (0x0010200b) regext  x0, x0,  0 0 0 1 
core   0: 3 0x8000013c (0x0010200b)
core   0: 0x80000140 (0x020040d7) vadd.vx v1, v0, x0
core   0: 3 0x80000140 (0x020040d7) c8_vstart 0x00000000 e32 m1 l32 v33 ffffffff 0x00000004 00000003 00000002 00000001 0000000e 0000000d 0000000c 0000000b 0000000a 00000009 00000008 00000007 00000006 00000005 00000004 00000003 00000002 00000001 0000000e 0000000d 0000000c 0000000b 0000000a 00000009 00000008 00000007 00000006 00000005 00000004 00000003 00000002 00000001 
core   0: 0x80000144 (0x00100293) li      x5, 1
core   0: 3 0x80000144 (0x00100293) x5  0x00000001
core   0: 0x80000148 (0x5e02c057) vmv.v.x v0, x5
core   0: 3 0x80000148 (0x5e02c057) c8_vstart 0x00000000 e32 m1 l32 v0  ffffffff 0x00000001 00000001 00000001 00000001 00000001 00000001 00000001 00000001 00000001 00000001 00000001 00000001 00000001 00000001 00000001 00000001 00000001 00000001 00000001 00000001 00000001 00000001 00000001 00000001 00000001 00000001 00000001 00000001 00000001 00000001 00000001 00000001 
core   0: 0x8000014c (0x140000ef) jal     pc + 0x140
core   0: 3 0x8000014c (0x140000ef) x1  0x80000150
core   0: 0x8000028c (0x00410113) addi    x2, x2, 4
core   0: 3 0x8000028c (0x00410113) x2  0x70000038
core   0: 0x80000290 (0xfe112e23) sw      x1, -4(x2)
core   0: 3 0x80000290 (0xfe112e23) mem 0x70000034 0x80000150
core   0: 0x80000294 (0x00200293) li      x5, 2
core   0: 3 0x80000294 (0x00200293) x5  0x00000002
core   0: 0x80000298 (0x5e02c0d7) vmv.v.x v1, x5
core   0: 3 0x80000298 (0x5e02c0d7) c8_vstart 0x00000000 e32 m1 l32 v1  ffffffff 0x00000002 00000002 00000002 00000002 00000002 00000002 00000002 00000002 00000002 00000002 00000002 00000002 00000002 00000002 00000002 00000002 00000002 00000002 00000002 00000002 00000002 00000002 00000002 00000002 00000002 00000002 00000002 00000002 00000002 00000002 00000002 00000002 
core   0: 0x8000029c (0x00000317) auipc   x6, 0x0
core   0: 3 0x8000029c (0x00000317) x6  0x8000029c
core   0: 0x800002a0 (0x04c3305b) setrpc  x0, x6, 76
core   0: 3 0x800002a0 (0x04c3305b) c2060_rpc 0x800002e8 current mask:	ffffffff current npc:	800002cc stack size: 0
core   0: 0x800002a4 (0x0200885b) vbeq    v0, v1, pc + 48
core   0: 3 0x800002a4 (0x0200885b) c8_vstart 0x00000000 e32 m1 l32 current mask:	ffffffff current npc:	800002a8 stack size: 0
core   0: 0x800002a8 (0x00100293) li      x5, 1
core   0: 3 0x800002a8 (0x00100293) x5  0x00000001
core   0: 0x800002ac (0x5e02c0d7) vmv.v.x v1, x5
core   0: 3 0x800002ac (0x5e02c0d7) c8_vstart 0x00000000 e32 m1 l32 v1  ffffffff 0x00000001 00000001 00000001 00000001 00000001 00000001 00000001 00000001 00000001 00000001 00000001 00000001 00000001 00000001 00000001 00000001 00000001 00000001 00000001 00000001 00000001 00000001 00000001 00000001 00000001 00000001 00000001 00000001 00000001 00000001 00000001 00000001 
core   0: 0x800002b0 (0x00000317) auipc   x6, 0x0
core   0: 3 0x800002b0 (0x00000317) x6  0x800002b0
core   0: 0x800002b4 (0x0383305b) setrpc  x0, x6, 56
core   0: 3 0x800002b4 (0x0383305b) c2060_rpc 0x800002e8 current mask:	ffffffff current npc:	800002a8 stack size: 0
core   0: 0x800002b8 (0x0200825b) vbeq    v0, v1, pc + 36
core   0: 3 0x800002b8 (0x0200825b) c8_vstart 0x00000000 e32 m1 l32 current mask:	ffffffff current npc:	800002dc stack size: 0
core   0: 0x800002dc (0x1c4000ef) jal     pc + 0x1c4
core   0: 3 0x800002dc (0x1c4000ef) x1  0x800002e0
core   0: 0x800004a0 (0x00410113) addi    x2, x2, 4
core   0: 3 0x800004a0 (0x00410113) x2  0x7000003c
core   0: 0x800004a4 (0xfe112e23) sw      x1, -4(x2)
core   0: 3 0x800004a4 (0xfe112e23) mem 0x70000038 0x800002e0
core   0: 0x800004a8 (0xf19ff0ef) jal     pc - 0xe8
core   0: 3 0x800004a8 (0xf19ff0ef) x1  0x800004ac
core   0: 0x800003c0 (0x00410113) addi    x2, x2, 4
core   0: 3 0x800003c0 (0x00410113) x2  0x70000040
core   0: 0x800003c4 (0xfe112e23) sw      x1, -4(x2)
core   0: 3 0x800003c4 (0xfe112e23) mem 0x7000003c 0x800004ac
core   0: 0x800003c8 (0x80302573) csrr    x10, knl
core   0: 3 0x800003c8 (0x80302573) x10 0x901c3000
core   0: 0x800003cc (0x00852283) lw      x5, 8(x10)
core   0: 3 0x800003cc (0x00852283) x5  0x00000002 mem 0x901c3008
core   0: 0x800003d0 (0x80002373) csrr    x6, tid
core   0: 3 0x800003d0 (0x80002373) x6  0x00000000
core   0: 0x800003d4 (0x5208a157) vid.v   v2
core   0: 3 0x800003d4 (0x5208a157) c8_vstart 0x00000000 e32 m1 l32 v2  ffffffff 0x0000001f 0000001e 0000001d 0000001c 0000001b 0000001a 00000019 00000018 00000017 00000016 00000015 00000014 00000013 00000012 00000011 00000010 0000000f 0000000e 0000000d 0000000c 0000000b 0000000a 00000009 00000008 00000007 00000006 00000005 00000004 00000003 00000002 00000001 00000000 
core   0: 0x800003d8 (0x02234057) vadd.vx v0, v2, x6
core   0: 3 0x800003d8 (0x02234057) c8_vstart 0x00000000 e32 m1 l32 v0  ffffffff 0x0000001f 0000001e 0000001d 0000001c 0000001b 0000001a 00000019 00000018 00000017 00000016 00000015 00000014 00000013 00000012 00000011 00000010 0000000f 0000000e 0000000d 0000000c 0000000b 0000000a 00000009 00000008 00000007 00000006 00000005 00000004 00000003 00000002 00000001 00000000 
core   0: 0x800003dc (0x01852e03) lw      x28, 24(x10)
core   0: 3 0x800003dc (0x01852e03) x28 0x0000000e mem 0x901c3018
core   0: 0x800003e0 (0x01c52e83) lw      x29, 28(x10)
core   0: 3 0x800003e0 (0x01c52e83) x29 0x00000001 mem 0x901c301c
core   0: 0x800003e4 (0x03ce8f33) mul     x30, x29, x28
core   0: 3 0x800003e4 (0x03ce8f33) x30 0x0000000e
core   0: 0x800003e8 (0x8a0f6057) vremu.vx v0, v0, x30
core   0: 3 0x800003e8 (0x8a0f6057) c8_vstart 0x00000000 e32 m1 l32 v0  ffffffff 0x00000003 00000002 00000001 00000000 0000000d 0000000c 0000000b 0000000a 00000009 00000008 00000007 00000006 00000005 00000004 00000003 00000002 00000001 00000000 0000000d 0000000c 0000000b 0000000a 00000009 00000008 00000007 00000006 00000005 00000004 00000003 00000002 00000001 00000000 
core   0: 0x800003ec (0x820e6057) vdivu.vx v0, v0, x28
core   0: 3 0x800003ec (0x820e6057) c8_vstart 0x00000000 e32 m1 l32 v0  ffffffff 0x00000000 00000000 00000000 00000000 00000000 00000000 00000000 00000000 00000000 00000000 00000000 00000000 00000000 00000000 00000000 00000000 00000000 00000000 00000000 00000000 00000000 00000000 00000000 00000000 00000000 00000000 00000000 00000000 00000000 00000000 00000000 00000000 
core   0: 0x800003f0 (0x5e0ec0d7) vmv.v.x v1, x29
core   0: 3 0x800003f0 (0x5e0ec0d7) c8_vstart 0x00000000 e32 m1 l32 v1  ffffffff 0x00000001 00000001 00000001 00000001 00000001 00000001 00000001 00000001 00000001 00000001 00000001 00000001 00000001 00000001 00000001 00000001 00000001 00000001 00000001 00000001 00000001 00000001 00000001 00000001 00000001 00000001 00000001 00000001 00000001 00000001 00000001 00000001 
core   0: 0x800003f4 (0x00000317) auipc   x6, 0x0
core   0: 3 0x800003f4 (0x00000317) x6  0x800003f4
core   0: 0x800003f8 (0x0143305b) setrpc  x0, x6, 20
core   0: 3 0x800003f8 (0x0143305b) c2060_rpc 0x80000408 current mask:	ffffffff current npc:	800002dc stack size: 0
core   0: 0x800003fc (0x0000c65b) vblt    v0, v1, pc + 12
core   0: 3 0x800003fc (0x0000c65b) c8_vstart 0x00000000 e32 m1 l32 current mask:	ffffffff current npc:	80000408 stack size: 0
core   0: 0x80000408 (0x0000205b) join    v0, v0, pc + 0
core   0: 3 0x80000408 (0x0000205b) current mask:	ffffffff current npc:	80000408 stack size: 0
core   0: 0x8000040c (0xffc12083) lw      x1, -4(x2)
core   0: 3 0x8000040c (0xffc12083) x1  0x800004ac mem 0x7000003c
core   0: 0x80000410 (0xffc10113) addi    x2, x2, -4
core   0: 3 0x80000410 (0xffc10113) x2  0x7000003c
core   0: 0x80000414 (0x00008067) ret
core   0: 3 0x80000414 (0x00008067)
core   0: 0x800004ac (0x80902373) csrr    x6, gidy
core   0: 3 0x800004ac (0x80902373) x6  0x00000001
core   0: 0x800004b0 (0x01c52383) lw      x7, 28(x10)
core   0: 3 0x800004b0 (0x01c52383) x7  0x00000001 mem 0x901c301c
core   0: 0x800004b4 (0x02852e83) lw      x29, 40(x10)
core   0: 3 0x800004b4 (0x02852e83) x29 0x00000001 mem 0x901c3028
core   0: 0x800004b8 (0x02730e33) mul     x28, x6, x7
core   0: 3 0x800004b8 (0x02730e33) x28 0x00000001
core   0: 0x800004bc (0x01de0e33) add     x28, x28, x29
core   0: 3 0x800004bc (0x01de0e33) x28 0x00000002
core   0: 0x800004c0 (0x020e4057) vadd.vx v0, v0, x28
core   0: 3 0x800004c0 (0x020e4057) c8_vstart 0x00000000 e32 m1 l32 v0  ffffffff 0x00000002 00000002 00000002 00000002 00000002 00000002 00000002 00000002 00000002 00000002 00000002 00000002 00000002 00000002 00000002 00000002 00000002 00000002 00000002 00000002 00000002 00000002 00000002 00000002 00000002 00000002 00000002 00000002 00000002 00000002 00000002 00000002 
core   0: 0x800004c4 (0xffc12083) lw      x1, -4(x2)
core   0: 3 0x800004c4 (0xffc12083) x1  0x800002e0 mem 0x70000038
core   0: 0x800004c8 (0xffc10113) addi    x2, x2, -4
core   0: 3 0x800004c8 (0xffc10113) x2  0x70000038
core   0: 0x800004cc (0x00008067) ret
core   0: 3 0x800004cc (0x00008067)
core   0: 0x800002e0 (0x0080006f) j       pc + 0x8
core   0: 3 0x800002e0 (0x0080006f)
core   0: 0x800002e8 (0x0000205b) join    v0, v0, pc + 0
core   0: 3 0x800002e8 (0x0000205b) current mask:	ffffffff current npc:	80000408 stack size: 0
core   0: 0x800002ec (0xffc12083) lw      x1, -4(x2)
core   0: 3 0x800002ec (0xffc12083) x1  0x80000150 mem 0x70000034
core   0: 0x800002f0 (0xffc10113) addi    x2, x2, -4
core   0: 3 0x800002f0 (0xffc10113) x2  0x70000034
core   0: 0x800002f4 (0x00008067) ret
core   0: 3 0x800002f4 (0x00008067)
core   0: 0x80000150 (0xfd012283) lw      x5, -48(x2)
core   0: 3 0x80000150 (0xfd012283) x5  0x00000010 mem 0x70000004
core   0: 0x80000154 (0x5e02c0d7) vmv.v.x v1, x5
core   0: 3 0x80000154 (0x5e02c0d7) c8_vstart 0x00000000 e32 m1 l32 v1  ffffffff 0x00000010 00000010 00000010 00000010 00000010 00000010 00000010 00000010 00000010 00000010 00000010 00000010 00000010 00000010 00000010 00000010 00000010 00000010 00000010 00000010 00000010 00000010 00000010 00000010 00000010 00000010 00000010 00000010 00000010 00000010 00000010 00000010 
core   0: 0x80000158 (0x0400200b) regext  x0, x0,  0 1 0 0 
core   0: 3 0x80000158 (0x0400200b)
core   0: 0x8000015c (0xa612e057) vmadd.vx v0, v1, x5
core   0: 3 0x8000015c (0xa612e057) c8_vstart 0x00000000 e32 m1 l32 v0  ffffffff 0x00000024 00000023 00000022 00000021 0000002e 0000002d 0000002c 0000002b 0000002a 00000029 00000028 00000027 00000026 00000025 00000024 00000023 00000022 00000021 0000002e 0000002d 0000002c 0000002b 0000002a 00000029 00000028 00000027 00000026 00000025 00000024 00000023 00000022 00000021 
core   0: 0x80000160 (0x0010110b) vsub12.vi v2, v0, 1
core   0: 3 0x80000160 (0x0010110b) c8_vstart 0x00000000 e32 m1 l32 v2  ffffffff 0x00000023 00000022 00000021 00000020 0000002d 0000002c 0000002b 0000002a 00000029 00000028 00000027 00000026 00000025 00000024 00000023 00000022 00000021 00000020 0000002d 0000002c 0000002b 0000002a 00000029 00000028 00000027 00000026 00000025 00000024 00000023 00000022 00000021 00000020 
core   0: 0x80000164 (0x0a2081d7) vsub.vv v3, v2, v1
core   0: 3 0x80000164 (0x0a2081d7) c8_vstart 0x00000000 e32 m1 l32 v3  ffffffff 0x00000013 00000012 00000011 00000010 0000001d 0000001c 0000001b 0000001a 00000019 00000018 00000017 00000016 00000015 00000014 00000013 00000012 00000011 00000010 0000001d 0000001c 0000001b 0000001a 00000019 00000018 00000017 00000016 00000015 00000014 00000013 00000012 00000011 00000010 
core   0: 0x80000168 (0x963131d7) vsll.vi v3, v3, 2
core   0: 3 0x80000168 (0x963131d7) c8_vstart 0x00000000 e32 m1 l32 v3  ffffffff 0x0000004c 00000048 00000044 00000040 00000074 00000070 0000006c 00000068 00000064 00000060 0000005c 00000058 00000054 00000050 0000004c 00000048 00000044 00000040 00000074 00000070 0000006c 00000068 00000064 00000060 0000005c 00000058 00000054 00000050 0000004c 00000048 00000044 00000040 
core   0: 0x8000016c (0xfd412283) lw      x5, -44(x2)
core   0: 3 0x8000016c (0xfd412283) x5  0x90000000 mem 0x70000008
core   0: 0x80000170 (0x5e02c257) vmv.v.x v4, x5
core   0: 3 0x80000170 (0x5e02c257) c8_vstart 0x00000000 e32 m1 l32 v4  ffffffff 0x90000000 90000000 90000000 90000000 90000000 90000000 90000000 90000000 90000000 90000000 90000000 90000000 90000000 90000000 90000000 90000000 90000000 90000000 90000000 90000000 90000000 90000000 90000000 90000000 90000000 90000000 90000000 90000000 90000000 90000000 90000000 90000000 
core   0: 0x80000174 (0x0232c1d7) vadd.vx v3, v3, x5
core   0: 3 0x80000174 (0x0232c1d7) c8_vstart 0x00000000 e32 m1 l32 v3  ffffffff 0x9000004c 90000048 90000044 90000040 90000074 90000070 9000006c 90000068 90000064 90000060 9000005c 90000058 90000054 90000050 9000004c 90000048 90000044 90000040 90000074 90000070 9000006c 90000068 90000064 90000060 9000005c 90000058 90000054 90000050 9000004c 90000048 90000044 90000040 
core   0: 0x80000178 (0x0a0082d7) vsub.vv v5, v0, v1
core   0: 3 0x80000178 (0x0a0082d7) c8_vstart 0x00000000 e32 m1 l32 v5  ffffffff 0x00000014 00000013 00000012 00000011 0000001e 0000001d 0000001c 0000001b 0000001a 00000019 00000018 00000017 00000016 00000015 00000014 00000013 00000012 00000011 0000001e 0000001d 0000001c 0000001b 0000001a 00000019 00000018 00000017 00000016 00000015 00000014 00000013 00000012 00000011 
core   0: 0x8000017c (0x965132d7) vsll.vi v5, v5, 2
core   0: 3 0x8000017c (0x965132d7) c8_vstart 0x00000000 e32 m1 l32 v5  ffffffff 0x00000050 0000004c 00000048 00000044 00000078 00000074 00000070 0000006c 00000068 00000064 00000060 0000005c 00000058 00000054 00000050 0000004c 00000048 00000044 00000078 00000074 00000070 0000006c 00000068 00000064 00000060 0000005c 00000058 00000054 00000050 0000004c 00000048 00000044 
core   0: 0x80000180 (0x024282d7) vadd.vv v5, v4, v5
core   0: 3 0x80000180 (0x024282d7) c8_vstart 0x00000000 e32 m1 l32 v5  ffffffff 0x90000050 9000004c 90000048 90000044 90000078 90000074 90000070 9000006c 90000068 90000064 90000060 9000005c 90000058 90000054 90000050 9000004c 90000048 90000044 90000078 90000074 90000070 9000006c 90000068 90000064 90000060 9000005c 90000058 90000054 90000050 9000004c 90000048 90000044 
core   0: 0x80000184 (0x0002a2fb) vlw12.v v5, v5, 0
core   0: 3 0x80000184 (0x0002a2fb) e32 m1 l32 v5  ffffffff 0x42357648 428b483e 405d1e56 41b035f7 4277b607 41bb9653 420b68ce 427f54b7 42a40961 424da647 41999d7b 42c62cf5 429a3722 426a34a1 42357648 428b483e 405d1e56 41b035f7 4277b607 41bb9653 420b68ce 427f54b7 42a40961 424da647 41999d7b 42c62cf5 429a3722 426a34a1 42357648 428b483e 405d1e56 41b035f7  c8_vstart 0x00000000 mem 0x90000044 mem 0x90000048 mem 0x9000004c mem 0x90000050 mem 0x90000054 mem 0x90000058 mem 0x9000005c mem 0x90000060 mem 0x90000064 mem 0x90000068 mem 0x9000006c mem 0x90000070 mem 0x90000074 mem 0x90000078 mem 0x90000044 mem 0x90000048 mem 0x9000004c mem 0x90000050 mem 0x90000054 mem 0x90000058 mem 0x9000005c mem 0x90000060 mem 0x90000064 mem 0x90000068 mem 0x9000006c mem 0x90000070 mem 0x90000074 mem 0x90000078 mem 0x90000044 mem 0x90000048 mem 0x9000004c mem 0x90000050
core   0: 0x80000188 (0x0001a1fb) vlw12.v v3, v3, 0
core   0: 3 0x80000188 (0x0001a1fb) e32 m1 l32 v3  ffffffff 0x428b483e 405d1e56 41b035f7 428e99c0 41bb9653 420b68ce 427f54b7 42a40961 424da647 41999d7b 42c62cf5 429a3722 426a34a1 42357648 428b483e 405d1e56 41b035f7 428e99c0 41bb9653 420b68ce 427f54b7 42a40961 424da647 41999d7b 42c62cf5 429a3722 426a34a1 42357648 428b483e 405d1e56 41b035f7 428e99c0  c8_vstart 0x00000000 mem 0x90000040 mem 0x90000044 mem 0x90000048 mem 0x9000004c mem 0x90000050 mem 0x90000054 mem 0x90000058 mem 0x9000005c mem 0x90000060 mem 0x90000064 mem 0x90000068 mem 0x9000006c mem 0x90000070 mem 0x90000074 mem 0x90000040 mem 0x90000044 mem 0x90000048 mem 0x9000004c mem 0x90000050 mem 0x90000054 mem 0x90000058 mem 0x9000005c mem 0x90000060 mem 0x90000064 mem 0x90000068 mem 0x9000006c mem 0x90000070 mem 0x90000074 mem 0x90000040 mem 0x90000044 mem 0x90000048 mem 0x9000004c
core   0: 0x8000018c (0xfd812283) lw      x5, -40(x2)
core   0: 3 0x8000018c (0xfd812283) x5  0x3f800000 mem 0x7000000c
core   0: 0x80000190 (0x5e02c357) vmv.v.x v6, x5
core   0: 3 0x80000190 (0x5e02c357) c8_vstart 0x00000000 e32 m1 l32 v6  ffffffff 0x3f800000 3f800000 3f800000 3f800000 3f800000 3f800000 3f800000 3f800000 3f800000 3f800000 3f800000 3f800000 3f800000 3f800000 3f800000 3f800000 3f800000 3f800000 3f800000 3f800000 3f800000 3f800000 3f800000 3f800000 3f800000 3f800000 3f800000 3f800000 3f800000 3f800000 3f800000 3f800000 
core   0: 0x80000194 (0x925312d7) vfmul.vv v5, v5, v6
core   0: 3 0x80000194 (0x925312d7) c8_vstart 0x00000000 e32 m1 l32 v5  ffffffff 0x42357648 428b483e 405d1e56 41b035f7 4277b607 41bb9653 420b68ce 427f54b7 42a40961 424da647 41999d7b 42c62cf5 429a3722 426a34a1 42357648 428b483e 405d1e56 41b035f7 4277b607 41bb9653 420b68ce 427f54b7 42a40961 424da647 41999d7b 42c62cf5 429a3722 426a34a1 42357648 428b483e 405d1e56 41b035f7 
core   0: 0x80000198 (0x0200b357) vadd.vi v6, v0, 1
core   0: 3 0x80000198 (0x0200b357) c8_vstart 0x00000000 e32 m1 l32 v6  ffffffff 0x00000025 00000024 00000023 00000022 0000002f 0000002e 0000002d 0000002c 0000002b 0000002a 00000029 00000028 00000027 00000026 00000025 00000024 00000023 00000022 0000002f 0000002e 0000002d 0000002c 0000002b 0000002a 00000029 00000028 00000027 00000026 00000025 00000024 00000023 00000022 
core   0: 0x8000019c (0x0a6083d7) vsub.vv v7, v6, v1
core   0: 3 0x8000019c (0x0a6083d7) c8_vstart 0x00000000 e32 m1 l32 v7  ffffffff 0x00000015 00000014 00000013 00000012 0000001f 0000001e 0000001d 0000001c 0000001b 0000001a 00000019 00000018 00000017 00000016 00000015 00000014 00000013 00000012 0000001f 0000001e 0000001d 0000001c 0000001b 0000001a 00000019 00000018 00000017 00000016 00000015 00000014 00000013 00000012 
core   0: 0x800001a0 (0x967133d7) vsll.vi v7, v7, 2
core   0: 3 0x800001a0 (0x967133d7) c8_vstart 0x00000000 e32 m1 l32 v7  ffffffff 0x00000054 00000050 0000004c 00000048 0000007c 00000078 00000074 00000070 0000006c 00000068 00000064 00000060 0000005c 00000058 00000054 00000050 0000004c 00000048 0000007c 00000078 00000074 00000070 0000006c 00000068 00000064 00000060 0000005c 00000058 00000054 00000050 0000004c 00000048 
core   0: 0x800001a4 (0x024383d7) vadd.vv v7, v4, v7
core   0: 3 0x800001a4 (0x024383d7) c8_vstart 0x00000000 e32 m1 l32 v7  ffffffff 0x90000054 90000050 9000004c 90000048 9000007c 90000078 90000074 90000070 9000006c 90000068 90000064 90000060 9000005c 90000058 90000054 90000050 9000004c 90000048 9000007c 90000078 90000074 90000070 9000006c 90000068 90000064 90000060 9000005c 90000058 90000054 90000050 9000004c 90000048 
core   0: 0x800001a8 (0x0003a3fb) vlw12.v v7, v7, 0
core   0: 3 0x800001a8 (0x0003a3fb) e32 m1 l32 v7  ffffffff 0x426a34a1 42357648 428b483e 405d1e56 4295ddf4 4277b607 41bb9653 420b68ce 427f54b7 42a40961 424da647 41999d7b 42c62cf5 429a3722 426a34a1 42357648 428b483e 405d1e56 4295ddf4 4277b607 41bb9653 420b68ce 427f54b7 42a40961 424da647 41999d7b 42c62cf5 429a3722 426a34a1 42357648 428b483e 405d1e56  c8_vstart 0x00000000 mem 0x90000048 mem 0x9000004c mem 0x90000050 mem 0x90000054 mem 0x90000058 mem 0x9000005c mem 0x90000060 mem 0x90000064 mem 0x90000068 mem 0x9000006c mem 0x90000070 mem 0x90000074 mem 0x90000078 mem 0x9000007c mem 0x90000048 mem 0x9000004c mem 0x90000050 mem 0x90000054 mem 0x90000058 mem 0x9000005c mem 0x90000060 mem 0x90000064 mem 0x90000068 mem 0x9000006c mem 0x90000070 mem 0x90000074 mem 0x90000078 mem 0x9000007c mem 0x90000048 mem 0x9000004c mem 0x90000050 mem 0x90000054
core   0: 0x800001ac (0x96213457) vsll.vi v8, v2, 2
core   0: 3 0x800001ac (0x96213457) c8_vstart 0x00000000 e32 m1 l32 v8  ffffffff 0x0000008c 00000088 00000084 00000080 000000b4 000000b0 000000ac 000000a8 000000a4 000000a0 0000009c 00000098 00000094 00000090 0000008c 00000088 00000084 00000080 000000b4 000000b0 000000ac 000000a8 000000a4 000000a0 0000009c 00000098 00000094 00000090 0000008c 00000088 00000084 00000080 
core   0: 0x800001b0 (0x02440457) vadd.vv v8, v4, v8
core   0: 3 0x800001b0 (0x02440457) c8_vstart 0x00000000 e32 m1 l32 v8  ffffffff 0x9000008c 90000088 90000084 90000080 900000b4 900000b0 900000ac 900000a8 900000a4 900000a0 9000009c 90000098 90000094 90000090 9000008c 90000088 90000084 90000080 900000b4 900000b0 900000ac 900000a8 900000a4 900000a0 9000009c 90000098 90000094 90000090 9000008c 90000088 90000084 90000080 
core   0: 0x800001b4 (0x0004247b) vlw12.v v8, v8, 0
core   0: 3 0x800001b4 (0x0004247b) e32 m1 l32 v8  ffffffff 0x404db578 4297ce2c 42abe61e 4217c26c 4077a861 41c243bf 414903f9 423d2ea5 415e28da 425c11c3 410bb50f 423bdc6c 4232c1e1 41c1802c 404db578 4297ce2c 42abe61e 4217c26c 4077a861 41c243bf 414903f9 423d2ea5 415e28da 425c11c3 410bb50f 423bdc6c 4232c1e1 41c1802c 404db578 4297ce2c 42abe61e 4217c26c  c8_vstart 0x00000000 mem 0x90000080 mem 0x90000084 mem 0x90000088 mem 0x9000008c mem 0x90000090 mem 0x90000094 mem 0x90000098 mem 0x9000009c mem 0x900000a0 mem 0x900000a4 mem 0x900000a8 mem 0x900000ac mem 0x900000b0 mem 0x900000b4 mem 0x90000080 mem 0x90000084 mem 0x90000088 mem 0x9000008c mem 0x90000090 mem 0x90000094 mem 0x90000098 mem 0x9000009c mem 0x900000a0 mem 0x900000a4 mem 0x900000a8 mem 0x900000ac mem 0x900000b0 mem 0x900000b4 mem 0x90000080 mem 0x90000084 mem 0x90000088 mem 0x9000008c
core   0: 0x800001b8 (0x960134d7) vsll.vi v9, v0, 2
core   0: 3 0x800001b8 (0x960134d7) c8_vstart 0x00000000 e32 m1 l32 v9  ffffffff 0x00000090 0000008c 00000088 00000084 000000b8 000000b4 000000b0 000000ac 000000a8 000000a4 000000a0 0000009c 00000098 00000094 00000090 0000008c 00000088 00000084 000000b8 000000b4 000000b0 000000ac 000000a8 000000a4 000000a0 0000009c 00000098 00000094 00000090 0000008c 00000088 00000084 
core   0: 0x800001bc (0x02448557) vadd.vv v10, v4, v9
core   0: 3 0x800001bc (0x02448557) c8_vstart 0x00000000 e32 m1 l32 v10 ffffffff 0x90000090 9000008c 90000088 90000084 900000b8 900000b4 900000b0 900000ac 900000a8 900000a4 900000a0 9000009c 90000098 90000094 90000090 9000008c 90000088 90000084 900000b8 900000b4 900000b0 900000ac 900000a8 900000a4 900000a0 9000009c 90000098 90000094 90000090 9000008c 90000088 90000084 
core   0: 0x800001c0 (0x0005257b) vlw12.v v10, v10, 0
core   0: 3 0x800001c0 (0x0005257b) e32 m1 l32 v10 ffffffff 0x41c1802c 404db578 4297ce2c 42abe61e 427c4bf0 4077a861 41c243bf 414903f9 423d2ea5 415e28da 425c11c3 410bb50f 423bdc6c 4232c1e1 41c1802c 404db578 4297ce2c 42abe61e 427c4bf0 4077a861 41c243bf 414903f9 423d2ea5 415e28da 425c11c3 410bb50f 423bdc6c 4232c1e1 41c1802c 404db578 4297ce2c 42abe61e  c8_vstart 0x00000000 mem 0x90000084 mem 0x90000088 mem 0x9000008c mem 0x90000090 mem 0x90000094 mem 0x90000098 mem 0x9000009c mem 0x900000a0 mem 0x900000a4 mem 0x900000a8 mem 0x900000ac mem 0x900000b0 mem 0x900000b4 mem 0x900000b8 mem 0x90000084 mem 0x90000088 mem 0x9000008c mem 0x90000090 mem 0x90000094 mem 0x90000098 mem 0x9000009c mem 0x900000a0 mem 0x900000a4 mem 0x900000a8 mem 0x900000ac mem 0x900000b0 mem 0x900000b4 mem 0x900000b8 mem 0x90000084 mem 0x90000088 mem 0x9000008c mem 0x90000090
core   0: 0x800001c4 (0x966135d7) vsll.vi v11, v6, 2
core   0: 3 0x800001c4 (0x966135d7) c8_vstart 0x00000000 e32 m1 l32 v11 ffffffff 0x00000094 00000090 0000008c 00000088 000000bc 000000b8 000000b4 000000b0 000000ac 000000a8 000000a4 000000a0 0000009c 00000098 00000094 00000090 0000008c 00000088 000000bc 000000b8 000000b4 000000b0 000000ac 000000a8 000000a4 000000a0 0000009c 00000098 00000094 00000090 0000008c 00000088 
core   0: 0x800001c8 (0x024585d7) vadd.vv v11, v4, v11
core   0: 3 0x800001c8 (0x024585d7) c8_vstart 0x00000000 e32 m1 l32 v11 ffffffff 0x90000094 90000090 9000008c 90000088 900000bc 900000b8 900000b4 900000b0 900000ac 900000a8 900000a4 900000a0 9000009c 90000098 90000094 90000090 9000008c 90000088 900000bc 900000b8 900000b4 900000b0 900000ac 900000a8 900000a4 900000a0 9000009c 90000098 90000094 90000090 9000008c 90000088 
core   0: 0x800001cc (0x0005a5fb) vlw12.v v11, v11, 0
core   0: 3 0x800001cc (0x0005a5fb) e32 m1 l32 v11 ffffffff 0x4232c1e1 41c1802c 404db578 4297ce2c 42bf2aaf 427c4bf0 4077a861 41c243bf 414903f9 423d2ea5 415e28da 425c11c3 410bb50f 423bdc6c 4232c1e1 41c1802c 404db578 4297ce2c 42bf2aaf 427c4bf0 4077a861 41c243bf 414903f9 423d2ea5 415e28da 425c11c3 410bb50f 423bdc6c 4232c1e1 41c1802c 404db578 4297ce2c  c8_vstart 0x00000000 mem 0x90000088 mem 0x9000008c mem 0x90000090 mem 0x90000094 mem 0x90000098 mem 0x9000009c mem 0x900000a0 mem 0x900000a4 mem 0x900000a8 mem 0x900000ac mem 0x900000b0 mem 0x900000b4 mem 0x900000b8 mem 0x900000bc mem 0x90000088 mem 0x9000008c mem 0x90000090 mem 0x90000094 mem 0x90000098 mem 0x9000009c mem 0x900000a0 mem 0x900000a4 mem 0x900000a8 mem 0x900000ac mem 0x900000b0 mem 0x900000b4 mem 0x900000b8 mem 0x900000bc mem 0x90000088 mem 0x9000008c mem 0x90000090 mem 0x90000094
core   0: 0x800001d0 (0x02208157) vadd.vv v2, v2, v1
core   0: 3 0x800001d0 (0x02208157) c8_vstart 0x00000000 e32 m1 l32 v2  ffffffff 0x00000033 00000032 00000031 00000030 0000003d 0000003c 0000003b 0000003a 00000039 00000038 00000037 00000036 00000035 00000034 00000033 00000032 00000031 00000030 0000003d 0000003c 0000003b 0000003a 00000039 00000038 00000037 00000036 00000035 00000034 00000033 00000032 00000031 00000030 
core   0: 0x800001d4 (0x96213157) vsll.vi v2, v2, 2
core   0: 3 0x800001d4 (0x96213157) c8_vstart 0x00000000 e32 m1 l32 v2  ffffffff 0x000000cc 000000c8 000000c4 000000c0 000000f4 000000f0 000000ec 000000e8 000000e4 000000e0 000000dc 000000d8 000000d4 000000d0 000000cc 000000c8 000000c4 000000c0 000000f4 000000f0 000000ec 000000e8 000000e4 000000e0 000000dc 000000d8 000000d4 000000d0 000000cc 000000c8 000000c4 000000c0 
core   0: 0x800001d8 (0x02410157) vadd.vv v2, v4, v2
core   0: 3 0x800001d8 (0x02410157) c8_vstart 0x00000000 e32 m1 l32 v2  ffffffff 0x900000cc 900000c8 900000c4 900000c0 900000f4 900000f0 900000ec 900000e8 900000e4 900000e0 900000dc 900000d8 900000d4 900000d0 900000cc 900000c8 900000c4 900000c0 900000f4 900000f0 900000ec 900000e8 900000e4 900000e0 900000dc 900000d8 900000d4 900000d0 900000cc 900000c8 900000c4 900000c0 
core   0: 0x800001dc (0x0001217b) vlw12.v v2, v2, 0
core   0: 3 0x800001dc (0x0001217b) e32 m1 l32 v2  ffffffff 0x428e85e5 428272ed 42850eeb 41cf2b02 428c15f9 4297a1cf 41e4c666 4101d7ab 42517875 42bb7d32 42312134 428cb2da 4229541f 41c8a4ec 428e85e5 428272ed 42850eeb 41cf2b02 428c15f9 4297a1cf 41e4c666 4101d7ab 42517875 42bb7d32 42312134 428cb2da 4229541f 41c8a4ec 428e85e5 428272ed 42850eeb 41cf2b02  c8_vstart 0x00000000 mem 0x900000c0 mem 0x900000c4 mem 0x900000c8 mem 0x900000cc mem 0x900000d0 mem 0x900000d4 mem 0x900000d8 mem 0x900000dc mem 0x900000e0 mem 0x900000e4 mem 0x900000e8 mem 0x900000ec mem 0x900000f0 mem 0x900000f4 mem 0x900000c0 mem 0x900000c4 mem 0x900000c8 mem 0x900000cc mem 0x900000d0 mem 0x900000d4 mem 0x900000d8 mem 0x900000dc mem 0x900000e0 mem 0x900000e4 mem 0x900000e8 mem 0x900000ec mem 0x900000f0 mem 0x900000f4 mem 0x900000c0 mem 0x900000c4 mem 0x900000c8 mem 0x900000cc
core   0: 0x800001e0 (0x02008057) vadd.vv v0, v0, v1
core   0: 3 0x800001e0 (0x02008057) c8_vstart 0x00000000 e32 m1 l32 v0  ffffffff 0x00000034 00000033 00000032 00000031 0000003e 0000003d 0000003c 0000003b 0000003a 00000039 00000038 00000037 00000036 00000035 00000034 00000033 00000032 00000031 0000003e 0000003d 0000003c 0000003b 0000003a 00000039 00000038 00000037 00000036 00000035 00000034 00000033 00000032 00000031 
core   0: 0x800001e4 (0x96013057) vsll.vi v0, v0, 2
core   0: 3 0x800001e4 (0x96013057) c8_vstart 0x00000000 e32 m1 l32 v0  ffffffff 0x000000d0 000000cc 000000c8 000000c4 000000f8 000000f4 000000f0 000000ec 000000e8 000000e4 000000e0 000000dc 000000d8 000000d4 000000d0 000000cc 000000c8 000000c4 000000f8 000000f4 000000f0 000000ec 000000e8 000000e4 000000e0 000000dc 000000d8 000000d4 000000d0 000000cc 000000c8 000000c4 
core   0: 0x800001e8 (0x02400057) vadd.vv v0, v4, v0
core   0: 3 0x800001e8 (0x02400057) c8_vstart 0x00000000 e32 m1 l32 v0  ffffffff 0x900000d0 900000cc 900000c8 900000c4 900000f8 900000f4 900000f0 900000ec 900000e8 900000e4 900000e0 900000dc 900000d8 900000d4 900000d0 900000cc 900000c8 900000c4 900000f8 900000f4 900000f0 900000ec 900000e8 900000e4 900000e0 900000dc 900000d8 900000d4 900000d0 900000cc 900000c8 900000c4 
core   0: 0x800001ec (0x0000207b) vlw12.v v0, v0, 0
core   0: 3 0x800001ec (0x0000207b) e32 m1 l32 v0  ffffffff 0x41c8a4ec 428e85e5 428272ed 42850eeb 4061f1ab 428c15f9 4297a1cf 41e4c666 4101d7ab 42517875 42bb7d32 42312134 428cb2da 4229541f 41c8a4ec 428e85e5 428272ed 42850eeb 4061f1ab 428c15f9 4297a1cf 41e4c666 4101d7ab 42517875 42bb7d32 42312134 428cb2da 4229541f 41c8a4ec 428e85e5 428272ed 42850eeb  c8_vstart 0x00000000 mem 0x900000c4 mem 0x900000c8 mem 0x900000cc mem 0x900000d0 mem 0x900000d4 mem 0x900000d8 mem 0x900000dc mem 0x900000e0 mem 0x900000e4 mem 0x900000e8 mem 0x900000ec mem 0x900000f0 mem 0x900000f4 mem 0x900000f8 mem 0x900000c4 mem 0x900000c8 mem 0x900000cc mem 0x900000d0 mem 0x900000d4 mem 0x900000d8 mem 0x900000dc mem 0x900000e0 mem 0x900000e4 mem 0x900000e8 mem 0x900000ec mem 0x900000f0 mem 0x900000f4 mem 0x900000f8 mem 0x900000c4 mem 0x900000c8 mem 0x900000cc mem 0x900000d0
core   0: 0x800001f0 (0x026080d7) vadd.vv v1, v6, v1
core   0: 3 0x800001f0 (0x026080d7) c8_vstart 0x00000000 e32 m1 l32 v1  ffffffff 0x00000035 00000034 00000033 00000032 0000003f 0000003e 0000003d 0000003c 0000003b 0000003a 00000039 00000038 00000037 00000036 00000035 00000034 00000033 00000032 0000003f 0000003e 0000003d 0000003c 0000003b 0000003a 00000039 00000038 00000037 00000036 00000035 00000034 00000033 00000032 
core   0: 0x800001f4 (0x961130d7) vsll.vi v1, v1, 2
core   0: 3 0x800001f4 (0x961130d7) c8_vstart 0x00000000 e32 m1 l32 v1  ffffffff 0x000000d4 000000d0 000000cc 000000c8 000000fc 000000f8 000000f4 000000f0 000000ec 000000e8 000000e4 000000e0 000000dc 000000d8 000000d4 000000d0 000000cc 000000c8 000000fc 000000f8 000000f4 000000f0 000000ec 000000e8 000000e4 000000e0 000000dc 000000d8 000000d4 000000d0 000000cc 000000c8 
core   0: 0x800001f8 (0x024080d7) vadd.vv v1, v4, v1
core   0: 3 0x800001f8 (0x024080d7) c8_vstart 0x00000000 e32 m1 l32 v1  ffffffff 0x900000d4 900000d0 900000cc 900000c8 900000fc 900000f8 900000f4 900000f0 900000ec 900000e8 900000e4 900000e0 900000dc 900000d8 900000d4 900000d0 900000cc 900000c8 900000fc 900000f8 900000f4 900000f0 900000ec 900000e8 900000e4 900000e0 900000dc 900000d8 900000d4 900000d0 900000cc 900000c8 
core   0: 0x800001fc (0x0000a0fb) vlw12.v v1, v1, 0
core   0: 3 0x800001fc (0x0000a0fb) e32 m1 l32 v1  ffffffff 0x4229541f 41c8a4ec 428e85e5 428272ed 415c1827 4061f1ab 428c15f9 4297a1cf 41e4c666 4101d7ab 42517875 42bb7d32 42312134 428cb2da 4229541f 41c8a4ec 428e85e5 428272ed 415c1827 4061f1ab 428c15f9 4297a1cf 41e4c666 4101d7ab 42517875 42bb7d32 42312134 428cb2da 4229541f 41c8a4ec 428e85e5 428272ed  c8_vstart 0x00000000 mem 0x900000c8 mem 0x900000cc mem 0x900000d0 mem 0x900000d4 mem 0x900000d8 mem 0x900000dc mem 0x900000e0 mem 0x900000e4 mem 0x900000e8 mem 0x900000ec mem 0x900000f0 mem 0x900000f4 mem 0x900000f8 mem 0x900000fc mem 0x900000c8 mem 0x900000cc mem 0x900000d0 mem 0x900000d4 mem 0x900000d8 mem 0x900000dc mem 0x900000e0 mem 0x900000e4 mem 0x900000e8 mem 0x900000ec mem 0x900000f0 mem 0x900000f4 mem 0x900000f8 mem 0x900000fc mem 0x900000c8 mem 0x900000cc mem 0x900000d0 mem 0x900000d4
core   0: 0x80000200 (0xfdc12283) lw      x5, -36(x2)
core   0: 3 0x80000200 (0xfdc12283) x5  0x3f800000 mem 0x70000010
core   0: 0x80000204 (0x5e02c257) vmv.v.x v4, x5
core   0: 3 0x80000204 (0x5e02c257) c8_vstart 0x00000000 e32 m1 l32 v4  ffffffff 0x3f800000 3f800000 3f800000 3f800000 3f800000 3f800000 3f800000 3f800000 3f800000 3f800000 3f800000 3f800000 3f800000 3f800000 3f800000 3f800000 3f800000 3f800000 3f800000 3f800000 3f800000 3f800000 3f800000 3f800000 3f800000 3f800000 3f800000 3f800000 3f800000 3f800000 3f800000 3f800000 
core   0: 0x80000208 (0xa25211d7) vfmadd.vv v3, v5, v4
core   0: 3 0x80000208 (0xa25211d7) c8_vstart 0x00000000 c1_fflags 0x00000001 e32 m1 l32 v3  ffffffff 0x42e60362 42923131 41cbd9c2 42baa73e 42aac098 426933f8 42c55ec2 4311d9de 43056e42 428d3a82 42ec9454 4330320c 4307a8b9 42cfd574 42e60362 42923131 41cbd9c2 42baa73e 42aac098 426933f8 42c55ec2 4311d9de 43056e42 428d3a82 42ec9454 4330320c 4307a8b9 42cfd574 42e60362 42923131 41cbd9c2 42baa73e 
core   0: 0x8000020c (0xfe012283) lw      x5, -32(x2)
core   0: 3 0x8000020c (0xfe012283) x5  0x3f800000 mem 0x70000014
core   0: 0x80000210 (0x5e02c257) vmv.v.x v4, x5
core   0: 3 0x80000210 (0x5e02c257) c8_vstart 0x00000000 e32 m1 l32 v4  ffffffff 0x3f800000 3f800000 3f800000 3f800000 3f800000 3f800000 3f800000 3f800000 3f800000 3f800000 3f800000 3f800000 3f800000 3f800000 3f800000 3f800000 3f800000 3f800000 3f800000 3f800000 3f800000 3f800000 3f800000 3f800000 3f800000 3f800000 3f800000 3f800000 3f800000 3f800000 3f800000 3f800000 
core   0: 0x80000214 (0xa23213d7) vfmadd.vv v7, v3, v4
core   0: 3 0x80000214 (0xa23213d7) c8_vstart 0x00000000 c1_fflags 0x00000001 e32 m1 l32 v7  ffffffff 0x432d8ed9 42ecec55 42be3eae 42c19031 43204f46 42f07500 42f44457 4334b412 43454370 4318a1f2 4329b3bc 434365bb 436abf34 4335064b 432d8ed9 42ecec55 42be3eae 42c19031 43204f46 42f07500 42f44457 4334b412 43454370 4318a1f2 4329b3bc 434365bb 436abf34 4335064b 432d8ed9 42ecec55 42be3eae 42c19031 
core   0: 0x80000218 (0xfe412283) lw      x5, -28(x2)
core   0: 3 0x80000218 (0xfe412283) x5  0x3f800000 mem 0x70000018
core   0: 0x8000021c (0x5e02c1d7) vmv.v.x v3, x5
core   0: 3 0x8000021c (0x5e02c1d7) c8_vstart 0x00000000 e32 m1 l32 v3  ffffffff 0x3f800000 3f800000 3f800000 3f800000 3f800000 3f800000 3f800000 3f800000 3f800000 3f800000 3f800000 3f800000 3f800000 3f800000 3f800000 3f800000 3f800000 3f800000 3f800000 3f800000 3f800000 3f800000 3f800000 3f800000 3f800000 3f800000 3f800000 3f800000 3f800000 3f800000 3f800000 3f800000 
core   0: 0x80000220 (0xa2719457) vfmadd.vv v8, v7, v3
core   0: 3 0x80000220 (0xa2719457) c8_vstart 0x00000000 c1_fflags 0x00000001 e32 m1 l32 v8  ffffffff 0x4330c5af 43425d40 43351266 4306b8b4 43242de8 431082f8 4306b26b 4363ffbb 435325fe 434fa663 43326f0d 43725cd6 438bb7d6 434d3650 4330c5af 43425d40 43351266 4306b8b4 43242de8 431082f8 4306b26b 4363ffbb 435325fe 434fa663 43326f0d 43725cd6 438bb7d6 434d3650 4330c5af 43425d40 43351266 4306b8b4 
core   0: 0x80000224 (0xfe812283) lw      x5, -24(x2)
core   0: 3 0x80000224 (0xfe812283) x5  0x3f800000 mem 0x7000001c
core   0: 0x80000228 (0x5e02c1d7) vmv.v.x v3, x5
core   0: 3 0x80000228 (0x5e02c1d7) c8_vstart 0x00000000 e32 m1 l32 v3  ffffffff 0x3f800000 3f800000 3f800000 3f800000 3f800000 3f800000 3f800000 3f800000 3f800000 3f800000 3f800000 3f800000 3f800000 3f800000 3f800000 3f800000 3f800000 3f800000 3f800000 3f800000 3f800000 3f800000 3f800000 3f800000 3f800000 3f800000 3f800000 3f800000 3f800000 3f800000 3f800000 3f800000 
core   0: 0x8000022c (0xa2819557) vfmadd.vv v10, v8, v3
core   0: 3 0x8000022c (0xa2819557) c8_vstart 0x00000000 c1_fflags 0x00000001 e32 m1 l32 v10 ffffffff 0x4348f5b4 43459416 43807cbe 435cabc3 436340e4 4314619a 431efae3 43708ffb 438138d4 435d88f1 4369737e 437b1827 43a33364 4379e6c8 4348f5b4 43459416 43807cbe 435cabc3 436340e4 4314619a 431efae3 43708ffb 438138d4 435d88f1 4369737e 437b1827 43a33364 4379e6c8 4348f5b4 43459416 43807cbe 435cabc3 
core   0: 0x80000230 (0xfec12283) lw      x5, -20(x2)
core   0: 3 0x80000230 (0xfec12283) x5  0x3f800000 mem 0x70000020
core   0: 0x80000234 (0x5e02c1d7) vmv.v.x v3, x5
core   0: 3 0x80000234 (0x5e02c1d7) c8_vstart 0x00000000 e32 m1 l32 v3  ffffffff 0x3f800000 3f800000 3f800000 3f800000 3f800000 3f800000 3f800000 3f800000 3f800000 3f800000 3f800000 3f800000 3f800000 3f800000 3f800000 3f800000 3f800000 3f800000 3f800000 3f800000 3f800000 3f800000 3f800000 3f800000 3f800000 3f800000 3f800000 3f800000 3f800000 3f800000 3f800000 3f800000 
core   0: 0x80000238 (0xa2a195d7) vfmadd.vv v11, v10, v3
core   0: 3 0x80000238 (0xa2a195d7) c8_vstart 0x00000000 c1_fflags 0x00000001 e32 m1 l32 v11 ffffffff 0x4375a62c 435dc41c 43821829 4394496c 43a16b1e 43537496 4322d985 43846c39 438780f4 43866a4d 4377560c 43990e4c 43a7910c 43946ef2 4375a62c 435dc41c 43821829 4394496c 43a16b1e 43537496 4322d985 43846c39 438780f4 43866a4d 4377560c 43990e4c 43a7910c 43946ef2 4375a62c 435dc41c 43821829 4394496c 
core   0: 0x8000023c (0xff012283) lw      x5, -16(x2)
core   0: 3 0x8000023c (0xff012283) x5  0x3f800000 mem 0x70000024
core   0: 0x80000240 (0x5e02c1d7) vmv.v.x v3, x5
core   0: 3 0x80000240 (0x5e02c1d7) c8_vstart 0x00000000 e32 m1 l32 v3  ffffffff 0x3f800000 3f800000 3f800000 3f800000 3f800000 3f800000 3f800000 3f800000 3f800000 3f800000 3f800000 3f800000 3f800000 3f800000 3f800000 3f800000 3f800000 3f800000 3f800000 3f800000 3f800000 3f800000 3f800000 3f800000 3f800000 3f800000 3f800000 3f800000 3f800000 3f800000 3f800000 3f800000 
core   0: 0x80000244 (0xa2b19157) vfmadd.vv v2, v11, v3
core   0: 3 0x80000244 (0xa2b19157) c8_vstart 0x00000000 c1_fflags 0x00000001 e32 m1 l32 v2  ffffffff 0x439e748f 438f7ec9 43a35be4 43a13c1c 43c4709c 438fa2bf 433f7252 43887af6 43a1b003 43b5499a 4391cf2c 43bc3b02 43bcbb90 43a0f941 439e748f 438f7ec9 43a35be4 43a13c1c 43c4709c 438fa2bf 433f7252 43887af6 43a1b003 43b5499a 4391cf2c 43bc3b02 43bcbb90 43a0f941 439e748f 438f7ec9 43a35be4 43a13c1c 
core   0: 0x80000248 (0xff412283) lw      x5, -12(x2)
core   0: 3 0x80000248 (0xff412283) x5  0x3f800000 mem 0x70000028
core   0: 0x8000024c (0x5e02c1d7) vmv.v.x v3, x5
core   0: 3 0x8000024c (0x5e02c1d7) c8_vstart 0x00000000 e32 m1 l32 v3  ffffffff 0x3f800000 3f800000 3f800000 3f800000 3f800000 3f800000 3f800000 3f800000 3f800000 3f800000 3f800000 3f800000 3f800000 3f800000 3f800000 3f800000 3f800000 3f800000 3f800000 3f800000 3f800000 3f800000 3f800000 3f800000 3f800000 3f800000 3f800000 3f800000 3f800000 3f800000 3f800000 3f800000 
core   0: 0x80000250 (0xa2219057) vfmadd.vv v0, v2, v3
core   0: 3 0x80000250 (0xa2219057) c8_vstart 0x00000000 c1_fflags 0x00000001 e32 m1 l32 v0  ffffffff 0x43aafede 43b32042 43c3f89f 43c27fd7 43c6347f 43b2a83d 4385a19d 4396c75c 43a5bec0 43cf78a9 43c0ae78 43d25f28 43dfe846 43b623c5 43aafede 43b32042 43c3f89f 43c27fd7 43c6347f 43b2a83d 4385a19d 4396c75c 43a5bec0 43cf78a9 43c0ae78 43d25f28 43dfe846 43b623c5 43aafede 43b32042 43c3f89f 43c27fd7 
core   0: 0x80000254 (0xff812283) lw      x5, -8(x2)
core   0: 3 0x80000254 (0xff812283) x5  0x3f800000 mem 0x7000002c
core   0: 0x80000258 (0x5e02c157) vmv.v.x v2, x5
core   0: 3 0x80000258 (0x5e02c157) c8_vstart 0x00000000 e32 m1 l32 v2  ffffffff 0x3f800000 3f800000 3f800000 3f800000 3f800000 3f800000 3f800000 3f800000 3f800000 3f800000 3f800000 3f800000 3f800000 3f800000 3f800000 3f800000 3f800000 3f800000 3f800000 3f800000 3f800000 3f800000 3f800000 3f800000 3f800000 3f800000 3f800000 3f800000 3f800000 3f800000 3f800000 3f800000 
core   0: 0x8000025c (0xa20110d7) vfmadd.vv v1, v0, v2
core   0: 3 0x8000025c (0xa20110d7) c8_vstart 0x00000000 c1_fflags 0x00000001 e32 m1 l32 v1  ffffffff 0x43c02962 43bfaa91 43e79a18 43e31c92 43cd1540 43b46c20 43a8a71b 43bcafd0 43b40b26 43d38766 43dadd87 44009f3a 43f60c6c 43d9507c 43c02962 43bfaa91 43e79a18 43e31c92 43cd1540 43b46c20 43a8a71b 43bcafd0 43b40b26 43d38766 43dadd87 44009f3a 43f60c6c 43d9507c 43c02962 43bfaa91 43e79a18 43e31c92 
core   0: 0x80000260 (0xffc12283) lw      x5, -4(x2)
core   0: 3 0x80000260 (0xffc12283) x5  0x90001000 mem 0x70000030
core   0: 0x80000264 (0x0292c057) vadd.vx v0, v9, x5
core   0: 3 0x80000264 (0x0292c057) c8_vstart 0x00000000 e32 m1 l32 v0  ffffffff 0x90001090 9000108c 90001088 90001084 900010b8 900010b4 900010b0 900010ac 900010a8 900010a4 900010a0 9000109c 90001098 90001094 90001090 9000108c 90001088 90001084 900010b8 900010b4 900010b0 900010ac 900010a8 900010a4 900010a0 9000109c 90001098 90001094 90001090 9000108c 90001088 90001084 
core   0: 0x80000268 (0x0010607b) vsw12.v v1, v0, 0
core   0: 3 0x80000268 (0x0010607b) c8_vstart 0x00000000 e32 m1 l32 mem 0x90001084 0x43e31c92 mem 0x90001088 0x43e79a18 mem 0x9000108c 0x43bfaa91 mem 0x90001090 0x43c02962 mem 0x90001094 0x43d9507c mem 0x90001098 0x43f60c6c mem 0x9000109c 0x44009f3a mem 0x900010a0 0x43dadd87 mem 0x900010a4 0x43d38766 mem 0x900010a8 0x43b40b26 mem 0x900010ac 0x43bcafd0 mem 0x900010b0 0x43a8a71b mem 0x900010b4 0x43b46c20 mem 0x900010b8 0x43cd1540 mem 0x90001084 0x43e31c92 mem 0x90001088 0x43e79a18 mem 0x9000108c 0x43bfaa91 mem 0x90001090 0x43c02962 mem 0x90001094 0x43d9507c mem 0x90001098 0x43f60c6c mem 0x9000109c 0x44009f3a mem 0x900010a0 0x43dadd87 mem 0x900010a4 0x43d38766 mem 0x900010a8 0x43b40b26 mem 0x900010ac 0x43bcafd0 mem 0x900010b0 0x43a8a71b mem 0x900010b4 0x43b46c20 mem 0x900010b8 0x43cd1540 mem 0x90001084 0x43e31c92 mem 0x90001088 0x43e79a18 mem 0x9000108c 0x43bfaa91 mem 0x90001090 0x43c02962
core   0: 0x8000026c (0xfcc12083) lw      x1, -52(x2)
core   0: 3 0x8000026c (0xfcc12083) x1  0x800000a0 mem 0x70000000
core   0: 0x80000270 (0x0090200b) regext  x0, x0,  0 0 1 1 
core   0: 3 0x80000270 (0x0090200b)
core   0: 0x80000274 (0x7fc020ab) vlw.v   v1, x0, -4
core   0: 3 0x80000274 (0x7fc020ab) e32 m1 l32 v33 ffffffff 0x00000000 00000000 00000000 00000000 00000000 00000000 00000000 00000000 00000000 00000000 00000000 00000000 00000000 00000000 00000000 00000000 00000000 00000000 00000000 00000000 00000000 00000000 00000000 00000000 00000000 00000000 00000000 00000000 00000000 00000000 00000000 00000000  c8_vstart 0x00000000 mem 0x90003000 mem 0x90003004 mem 0x90003008 mem 0x9000300c mem 0x90003010 mem 0x90003014 mem 0x90003018 mem 0x9000301c mem 0x90003020 mem 0x90003024 mem 0x90003028 mem 0x9000302c mem 0x90003030 mem 0x90003034 mem 0x90003038 mem 0x9000303c mem 0x90003040 mem 0x90003044 mem 0x90003048 mem 0x9000304c mem 0x90003050 mem 0x90003054 mem 0x90003058 mem 0x9000305c mem 0x90003060 mem 0x90003064 mem 0x90003068 mem 0x9000306c mem 0x90003070 mem 0x90003074 mem 0x90003078 mem 0x9000307c
core   0: 0x80000278 (0xfcc10113) addi    x2, x2, -52
core   0: 3 0x80000278 (0xfcc10113) x2  0x70000000
core   0: 0x8000027c (0xffc20213) addi    x4, x4, -4
core   0: 3 0x8000027c (0xffc20213) x4  0x00000000
core   0: 0x80000280 (0x0010200b) regext  x0, x0,  0 0 0 1 
core   0: 3 0x80000280 (0x0010200b)
core   0: 0x80000284 (0x5e024057) vmv.v.x v0, x4
core   0: 3 0x80000284 (0x5e024057) c8_vstart 0x00000000 e32 m1 l32 v32 ffffffff 0x00000000 00000000 00000000 00000000 00000000 00000000 00000000 00000000 00000000 00000000 00000000 00000000 00000000 00000000 00000000 00000000 00000000 00000000 00000000 00000000 00000000 00000000 00000000 00000000 00000000 00000000 00000000 00000000 00000000 00000000 00000000 00000000 
core   0: 0x80000288 (0x00008067) ret
core   0: 3 0x80000288 (0x00008067)
core   0: 0x800000a0 (0x0000400b) endprg  x0, x0, x0
core   0: 3 0x800000a0 (0x0000400b)
core   0: 0x800000a4 (0x0040006f) j       pc + 0x4
core   0: 3 0x800000a4 (0x0040006f)
core   0: 0x800000a8 (0x00100313) li      x6, 1
core   0: 3 0x800000a8 (0x00100313) x6  0x00000001
core   0: 0x800000ac (0x00001297) auipc   x5, 0x1
core   0: 3 0x800000ac (0x00001297) x5  0x800010ac
core   0: 0x800000b0 (0xf5428293) addi    x5, x5, -172
core   0: 3 0x800000b0 (0xf5428293) x5  0x80001000
core   0: 0x800000b4 (0x0062a023) sw      x6, 0(x5)
core   0: 3 0x800000b4 (0x0062a023) mem 0x80001000 0x00000001
core   0: 0x00001000 (0x00000297) auipc   x5, 0x0
core   0: 3 0x00001000 (0x00000297) x5  0x00001000
core   0: 0x00001004 (0x02028593) addi    x11, x5, 32
core   0: 3 0x00001004 (0x02028593) x11 0x00001020
core   0: 0x00001008 (0xf1402573) csrr    x10, mhartid
core   0: 3 0x00001008 (0xf1402573) x10 0x00000000
core   0: 0x0000100c (0x0182a283) lw      x5, 24(x5)
core   0: 3 0x0000100c (0x0182a283) x5  0x80000000 mem 0x00001018
core   0: 0x00001010 (0x00028067) jr      x5
core   0: 3 0x00001010 (0x00028067)
core   0: 0x80000000 (0x00004197) auipc   x3, 0x4
core   0: 3 0x80000000 (0x00004197) x3  0x80004000
core   0: 0x80000004 (0x80818193) addi    x3, x3, -2040
core   0: 3 0x80000004 (0x80818193) x3  0x80003808
core   0: 0x80000008 (0x02000e93) li      x29, 32
core   0: 3 0x80000008 (0x02000e93) x29 0x00000020
core   0: 0x8000000c (0x0d0efed7) vsetvli x29, x29, e32, m1, ta, ma
core   0: 3 0x8000000c (0x0d0efed7) x29 0x00000020 c8_vstart 0x00000000 c3104_vl 0x00000020 c3105_vtype 0x000000d0 c768_mstatus 0x80000600
core   0: 0x80000010 (0x00002eb7) lui     x29, 0x2
core   0: 3 0x80000010 (0x00002eb7) x29 0x00002000
core   0: 0x80000014 (0x300eaef3) csrrs   x29, mstatus, x29
core   0: 3 0x80000014 (0x300eaef3) x29 0x80000600 c768_mstatus 0x80006600
core   0: 0x80000018 (0x00000e93) li      x29, 0
core   0: 3 0x80000018 (0x00000e93) x29 0x00000000
core   0: 0x8000001c (0x80502373) csrr    x6, wid
core   0: 3 0x8000001c (0x80502373) x6  0x00000000
core   0: 0x80000020 (0x806023f3) csrr    x7, lds
core   0: 3 0x80000020 (0x806023f3) x7  0x70000000
core   0: 0x80000024 (0x40000e13) li      x28, 1024
core   0: 3 0x80000024 (0x40000e13) x28 0x00000400
core   0: 0x80000028 (0x03c30333) mul     x6, x6, x28
core   0: 3 0x80000028 (0x03c30333) x6  0x00000000
core   0: 0x8000002c (0x00730133) add     x2, x6, x7
core   0: 3 0x8000002c (0x00730133) x2  0x70000000
core   0: 0x80000030 (0x00000213) li      x4, 0
core   0: 3 0x80000030 (0x00000213) x4  0x00000000
core   0: 0x80000034 (0x80102f73) csrr    x30, numw
core   0: 3 0x80000034 (0x80102f73) x30 0x00000001
core   0: 0x80000038 (0x40000e13) li      x28, 1024
core   0: 3 0x80000038 (0x40000e13) x28 0x00000400
core   0: 0x8000003c (0x03cf0f33) mul     x30, x30, x28
core   0: 3 0x8000003c (0x03cf0f33) x30 0x00000400
core   0: 0x80000040 (0x01e38433) add     x8, x7, x30
core   0: 3 0x80000040 (0x01e38433) x8  0x70000400
core   0: 0x80000044 (0x00003517) auipc   x10, 0x3
core   0: 3 0x80000044 (0x00003517) x10 0x80003044
core   0: 0x80000048 (0xfc450513) addi    x10, x10, -60
core   0: 3 0x80000048 (0xfc450513) x10 0x80003008
core   0: 0x8000004c (0x00003617) auipc   x12, 0x3
core   0: 3 0x8000004c (0x00003617) x12 0x8000304c
core   0: 0x80000050 (0xfbc60613) addi    x12, x12, -68
core   0: 3 0x80000050 (0xfbc60613) x12 0x80003008
core   0: 0x80000054 (0x00c50863) beq     x10, x12, pc + 16
core   0: 3 0x80000054 (0x00c50863)
core   0: 0x80000064 (0x803022f3) csrr    x5, knl
core   0: 3 0x80000064 (0x803022f3) x5  0x901c3000
core   0: 0x80000068 (0x0002a303) lw      x6, 0(x5)
core   0: 3 0x80000068 (0x0002a303) x6  0x800000b8 mem 0x901c3000
core   0: 0x8000006c (0x0042a503) lw      x10, 4(x5)
core   0: 3 0x8000006c (0x0042a503) x10 0x90002000 mem 0x901c3004
core   0: 0x80000070 (0x0302a383) lw      x7, 48(x5)
core   0: 3 0x80000070 (0x0302a383) x7  0x00000000 mem 0x901c3030
core   0: 0x80000074 (0x0342ae03) lw      x28, 52(x5)
core   0: 3 0x80000074 (0x0342ae03) x28 0x00000000 mem 0x901c3034
core   0: 0x80000078 (0x00003e97) auipc   x29, 0x3
core   0: 3 0x80000078 (0x00003e97) x29 0x80003078
core   0: 0x8000007c (0xf88e8e93) addi    x29, x29, -120
core   0: 3 0x8000007c (0xf88e8e93) x29 0x80003000
core   0: 0x80000080 (0x00003f17) auipc   x30, 0x3
core   0: 3 0x80000080 (0x00003f17) x30 0x80003080
core   0: 0x80000084 (0xf84f0f13) addi    x30, x30, -124
core   0: 3 0x80000084 (0xf84f0f13) x30 0x80003004
core   0: 0x80000088 (0x007ea023) sw      x7, 0(x29)
core   0: 3 0x80000088 (0x007ea023) mem 0x80003000 0x00000000
core   0: 0x8000008c (0x01cf2023) sw      x28, 0(x30)
core   0: 3 0x8000008c (0x01cf2023) mem 0x80003004 0x00000000
core   0: 0x80000090 (0x00000f97) auipc   x31, 0x0
core   0: 3 0x80000090 (0x00000f97) x31 0x80000090
core   0: 0x80000094 (0x018f8f93) addi    x31, x31, 24
core   0: 3 0x80000094 (0x018f8f93) x31 0x800000a8
core   0: 0x80000098 (0x305f9073) csrw    mtvec, x31
core   0: 3 0x80000098 (0x305f9073) c773_mtvec 0x800000a8
core   0: 0x8000009c (0x000300e7) jalr    x6
core   0: 3 0x8000009c (0x000300e7) x1  0x800000a0
core   0: 0x800000b8 (0x03410113) addi    x2, x2, 52
core   0: 3 0x800000b8 (0x03410113) x2  0x70000034
core   0: 0x800000bc (0x00420213) addi    x4, x4, 4
core   0: 3 0x800000bc (0x00420213) x4  0x00000004
core   0: 0x800000c0 (0x0010200b) regext  x0, x0,  0 0 0 1 
core   0: 3 0x800000c0 (0x0010200b)
core   0: 0x800000c4 (0x5e024057) vmv.v.x v0, x4
core   0: 3 0x800000c4 (0x5e024057) c8_vstart 0x00000000 e32 m1 l32 v32 ffffffff 0x00000004 00000004 00000004 00000004 00000004 00000004 00000004 00000004 00000004 00000004 00000004 00000004 00000004 00000004 00000004 00000004 00000004 00000004 00000004 00000004 00000004 00000004 00000004 00000004 00000004 00000004 00000004 00000004 00000004 00000004 00000004 00000004 
core   0: 0x800000c8 (0xfc112623) sw      x1, -52(x2)
core   0: 3 0x800000c8 (0xfc112623) mem 0x70000000 0x800000a0
core   0: 0x800000cc (0x0480200b) regext  x0, x0,  0 1 1 0 
core   0: 3 0x800000cc (0x0480200b)
core   0: 0x800000d0 (0xfe102e2b) vsw.v   v1, x0, -4
core   0: 3 0x800000d0 (0xfe102e2b) c8_vstart 0x00000000 mem 0x90003000 0x00000000 mem 0x90003004 0x00000000 mem 0x90003008 0x00000000 mem 0x9000300c 0x00000000 mem 0x90003010 0x00000000 mem 0x90003014 0x00000000 mem 0x90003018 0x00000000 mem 0x9000301c 0x00000000 mem 0x90003020 0x00000000 mem 0x90003024 0x00000000 mem 0x90003028 0x00000000 mem 0x9000302c 0x00000000 mem 0x90003030 0x00000000 mem 0x90003034 0x00000000 mem 0x90003038 0x00000000 mem 0x9000303c 0x00000000 mem 0x90003040 0x00000000 mem 0x90003044 0x00000000 mem 0x90003048 0x00000000 mem 0x9000304c 0x00000000 mem 0x90003050 0x00000000 mem 0x90003054 0x00000000 mem 0x90003058 0x00000000 mem 0x9000305c 0x00000000 mem 0x90003060 0x00000000 mem 0x90003064 0x00000000 mem 0x90003068 0x00000000 mem 0x9000306c 0x00000000 mem 0x90003070 0x00000000 mem 0x90003074 0x00000000 mem 0x90003078 0x00000000 mem 0x9000307c 0x00000000
core   0: 0x800000d4 (0x00452283) lw      x5, 4(x10)
core   0: 3 0x800000d4 (0x00452283) x5  0x90001000 mem 0x90002004
core   0: 0x800000d8 (0xfe512e23) sw      x5, -4(x2)
core   0: 3 0x800000d8 (0xfe512e23) mem 0x70000030 0x90001000
core   0: 0x800000dc (0x03052283) lw      x5, 48(x10)
core   0: 3 0x800000dc (0x03052283) x5  0x3f800000 mem 0x90002030
core   0: 0x800000e0 (0xfe512c23) sw      x5, -8(x2)
core   0: 3 0x800000e0 (0xfe512c23) mem 0x7000002c 0x3f800000
core   0: 0x800000e4 (0x02c52283) lw      x5, 44(x10)
core   0: 3 0x800000e4 (0x02c52283) x5  0x3f800000 mem 0x9000202c
core   0: 0x800000e8 (0xfe512a23) sw      x5, -12(x2)
core   0: 3 0x800000e8 (0xfe512a23) mem 0x70000028 0x3f800000
core   0: 0x800000ec (0x02852283) lw      x5, 40(x10)
core   0: 3 0x800000ec (0x02852283) x5  0x3f800000 mem 0x90002028
core   0: 0x800000f0 (0xfe512823) sw      x5, -16(x2)
core   0: 3 0x800000f0 (0xfe512823) mem 0x70000024 0x3f800000
core   0: 0x800000f4 (0x02452283) lw      x5, 36(x10)
core   0: 3 0x800000f4 (0x02452283) x5  0x3f800000 mem 0x90002024
core   0: 0x800000f8 (0xfe512623) sw      x5, -20(x2)
core   0: 3 0x800000f8 (0xfe512623) mem 0x70000020 0x3f800000
core   0: 0x800000fc (0x02052283) lw      x5, 32(x10)
core   0: 3 0x800000fc (0x02052283) x5  0x3f800000 mem 0x90002020
core   0: 0x80000100 (0xfe512423) sw      x5, -24(x2)
core   0: 3 0x80000100 (0xfe512423) mem 0x7000001c 0x3f800000
core   0: 0x80000104 (0x01c52283) lw      x5, 28(x10)
core   0: 3 0x80000104 (0x01c52283) x5  0x3f800000 mem 0x9000201c
core   0: 0x80000108 (0xfe512223) sw      x5, -28(x2)
core   0: 3 0x80000108 (0xfe512223) mem 0x70000018 0x3f800000
core   0: 0x8000010c (0x01852283) lw      x5, 24(x10)
core   0: 3 0x8000010c (0x01852283) x5  0x3f800000 mem 0x90002018
core   0: 0x80000110 (0xfe512023) sw      x5, -32(x2)
core   0: 3 0x80000110 (0xfe512023) mem 0x70000014 0x3f800000
core   0: 0x80000114 (0x01052283) lw      x5, 16(x10)
core   0: 3 0x80000114 (0x01052283) x5  0x3f800000 mem 0x90002010
core   0: 0x80000118 (0xfc512e23) sw      x5, -36(x2)
core   0: 3 0x80000118 (0xfc512e23) mem 0x70000010 0x3f800000
core   0: 0x8000011c (0x01452283) lw      x5, 20(x10)
core   0: 3 0x8000011c (0x01452283) x5  0x3f800000 mem 0x90002014
core   0: 0x80000120 (0xfc512c23) sw      x5, -40(x2)
core   0: 3 0x80000120 (0xfc512c23) mem 0x7000000c 0x3f800000
core   0: 0x80000124 (0x00052283) lw      x5, 0(x10)
core   0: 3 0x80000124 (0x00052283) x5  0x90000000 mem 0x90002000
core   0: 0x80000128 (0xfc512a23) sw      x5, -44(x2)
core   0: 3 0x80000128 (0xfc512a23) mem 0x70000008 0x90000000
core   0: 0x8000012c (0x00852283) lw      x5, 8(x10)
core   0: 3 0x8000012c (0x00852283) x5  0x00000010 mem 0x90002008
core   0: 0x80000130 (0xfc512823) sw      x5, -48(x2)
core   0: 3 0x80000130 (0xfc512823) mem 0x70000004 0x00000010
core   0: 0x80000134 (0x5e004057) vmv.v.x v0, x0
core   0: 3 0x80000134 (0x5e004057) c8_vstart 0x00000000 e32 m1 l32 v0  ffffffff 0x00000000 00000000 00000000 00000000 00000000 00000000 00000000 00000000 00000000 00000000 00000000 00000000 00000000 00000000 00000000 00000000 00000000 00000000 00000000 00000000 00000000 00000000 00000000 00000000 00000000 00000000 00000000 00000000 00000000 00000000 00000000 00000000 
core   0: 0x80000138 (0x154000ef) jal     pc + 0x154
core   0: 3 0x80000138 (0x154000ef) x1  0x8000013c
core   0: 0x8000028c (0x00410113) addi    x2, x2, 4
core   0: 3 0x8000028c (0x00410113) x2  0x70000038
core   0: 0x80000290 (0xfe112e23) sw      x1, -4(x2)
core   0: 3 0x80000290 (0xfe112e23) mem 0x70000034 0x8000013c
core   0: 0x80000294 (0x00200293) li      x5, 2
core   0: 3 0x80000294 (0x00200293) x5  0x00000002
core   0: 0x80000298 (0x5e02c0d7) vmv.v.x v1, x5
core   0: 3 0x80000298 (0x5e02c0d7) c8_vstart 0x00000000 e32 m1 l32 v1  ffffffff 0x00000002 00000002 00000002 00000002 00000002 00000002 00000002 00000002 00000002 00000002 00000002 00000002 00000002 00000002 00000002 00000002 00000002 00000002 00000002 00000002 00000002 00000002 00000002 00000002 00000002 00000002 00000002 00000002 00000002 00000002 00000002 00000002 
core   0: 0x8000029c (0x00000317) auipc   x6, 0x0
core   0: 3 0x8000029c (0x00000317) x6  0x8000029c
core   0: 0x800002a0 (0x04c3305b) setrpc  x0, x6, 76
core   0: 3 0x800002a0 (0x04c3305b) c2060_rpc 0x800002e8 current mask:	ffffffff current npc:	00000000 stack size: 0
core   0: 0x800002a4 (0x0200885b) vbeq    v0, v1, pc + 48
core   0: 3 0x800002a4 (0x0200885b) c8_vstart 0x00000000 e32 m1 l32 current mask:	ffffffff current npc:	800002a8 stack size: 0
core   0: 0x800002a8 (0x00100293) li      x5, 1
core   0: 3 0x800002a8 (0x00100293) x5  0x00000001
core   0: 0x800002ac (0x5e02c0d7) vmv.v.x v1, x5
core   0: 3 0x800002ac (0x5e02c0d7) c8_vstart 0x00000000 e32 m1 l32 v1  ffffffff 0x00000001 00000001 00000001 00000001 00000001 00000001 00000001 00000001 00000001 00000001 00000001 00000001 00000001 00000001 00000001 00000001 00000001 00000001 00000001 00000001 00000001 00000001 00000001 00000001 00000001 00000001 00000001 00000001 00000001 00000001 00000001 00000001 
core   0: 0x800002b0 (0x00000317) auipc   x6, 0x0
core   0: 3 0x800002b0 (0x00000317) x6  0x800002b0
core   0: 0x800002b4 (0x0383305b) setrpc  x0, x6, 56
core   0: 3 0x800002b4 (0x0383305b) c2060_rpc 0x800002e8 current mask:	ffffffff current npc:	800002a8 stack size: 0
core   0: 0x800002b8 (0x0200825b) vbeq    v0, v1, pc + 36
core   0: 3 0x800002b8 (0x0200825b) c8_vstart 0x00000000 e32 m1 l32 current mask:	ffffffff current npc:	800002bc stack size: 0
core   0: 0x800002bc (0x5e0040d7) vmv.v.x v1, x0
core   0: 3 0x800002bc (0x5e0040d7) c8_vstart 0x00000000 e32 m1 l32 v1  ffffffff 0x00000000 00000000 00000000 00000000 00000000 00000000 00000000 00000000 00000000 00000000 00000000 00000000 00000000 00000000 00000000 00000000 00000000 00000000 00000000 00000000 00000000 00000000 00000000 00000000 00000000 00000000 00000000 00000000 00000000 00000000 00000000 00000000 
core   0: 0x800002c0 (0x00000317) auipc   x6, 0x0
core   0: 3 0x800002c0 (0x00000317) x6  0x800002c0
core   0: 0x800002c4 (0x0283305b) setrpc  x0, x6, 40
core   0: 3 0x800002c4 (0x0283305b) c2060_rpc 0x800002e8 current mask:	ffffffff current npc:	800002bc stack size: 0
core   0: 0x800002c8 (0x00009e5b) vbne    v0, v1, pc + 28
core   0: 3 0x800002c8 (0x00009e5b) c8_vstart 0x00000000 e32 m1 l32 current mask:	ffffffff current npc:	800002cc stack size: 0
core   0: 0x800002cc (0x1a0000ef) jal     pc + 0x1a0
core   0: 3 0x800002cc (0x1a0000ef) x1  0x800002d0
core   0: 0x8000046c (0x00410113) addi    x2, x2, 4
core   0: 3 0x8000046c (0x00410113) x2  0x7000003c
core   0: 0x80000470 (0xfe112e23) sw      x1, -4(x2)
core   0: 3 0x80000470 (0xfe112e23) mem 0x70000038 0x800002d0
core   0: 0x80000474 (0xf1dff0ef) jal     pc - 0xe4
core   0: 3 0x80000474 (0xf1dff0ef) x1  0x80000478
core   0: 0x80000390 (0x00410113) addi    x2, x2, 4
core   0: 3 0x80000390 (0x00410113) x2  0x70000040
core   0: 0x80000394 (0xfe112e23) sw      x1, -4(x2)
core   0: 3 0x80000394 (0xfe112e23) mem 0x7000003c 0x80000478
core   0: 0x80000398 (0x80302573) csrr    x10, knl
core   0: 3 0x80000398 (0x80302573) x10 0x901c3000
core   0: 0x8000039c (0x00852283) lw      x5, 8(x10)
core   0: 3 0x8000039c (0x00852283) x5  0x00000002 mem 0x901c3008
core   0: 0x800003a0 (0x80002373) csrr    x6, tid
core   0: 3 0x800003a0 (0x80002373) x6  0x00000000
core   0: 0x800003a4 (0x5208a157) vid.v   v2
core   0: 3 0x800003a4 (0x5208a157) c8_vstart 0x00000000 e32 m1 l32 v2  ffffffff 0x0000001f 0000001e 0000001d 0000001c 0000001b 0000001a 00000019 00000018 00000017 00000016 00000015 00000014 00000013 00000012 00000011 00000010 0000000f 0000000e 0000000d 0000000c 0000000b 0000000a 00000009 00000008 00000007 00000006 00000005 00000004 00000003 00000002 00000001 00000000 
core   0: 0x800003a8 (0x02234057) vadd.vx v0, v2, x6
core   0: 3 0x800003a8 (0x02234057) c8_vstart 0x00000000 e32 m1 l32 v0  ffffffff 0x0000001f 0000001e 0000001d 0000001c 0000001b 0000001a 00000019 00000018 00000017 00000016 00000015 00000014 00000013 00000012 00000011 00000010 0000000f 0000000e 0000000d 0000000c 0000000b 0000000a 00000009 00000008 00000007 00000006 00000005 00000004 00000003 00000002 00000001 00000000 
core   0: 0x800003ac (0x01852e03) lw      x28, 24(x10)
core   0: 3 0x800003ac (0x01852e03) x28 0x0000000e mem 0x901c3018
core   0: 0x800003b0 (0x8a0e6057) vremu.vx v0, v0, x28
core   0: 3 0x800003b0 (0x8a0e6057) c8_vstart 0x00000000 e32 m1 l32 v0  ffffffff 0x00000003 00000002 00000001 00000000 0000000d 0000000c 0000000b 0000000a 00000009 00000008 00000007 00000006 00000005 00000004 00000003 00000002 00000001 00000000 0000000d 0000000c 0000000b 0000000a 00000009 00000008 00000007 00000006 00000005 00000004 00000003 00000002 00000001 00000000 
core   0: 0x800003b4 (0xffc12083) lw      x1, -4(x2)
core   0: 3 0x800003b4 (0xffc12083) x1  0x80000478 mem 0x7000003c
core   0: 0x800003b8 (0xffc10113) addi    x2, x2, -4
core   0: 3 0x800003b8 (0xffc10113) x2  0x7000003c
core   0: 0x800003bc (0x00008067) ret
core   0: 3 0x800003bc (0x00008067)
core   0: 0x80000478 (0x80302573) csrr    x10, knl
core   0: 3 0x80000478 (0x80302573) x10 0x901c3000
core   0: 0x8000047c (0x80802373) csrr    x6, gidx
core   0: 3 0x8000047c (0x80802373) x6  0x00000000
core   0: 0x80000480 (0x01852e03) lw      x28, 24(x10)
core   0: 3 0x80000480 (0x01852e03) x28 0x0000000e mem 0x901c3018
core   0: 0x80000484 (0x02452e83) lw      x29, 36(x10)
core   0: 3 0x80000484 (0x02452e83) x29 0x00000001 mem 0x901c3024
core   0: 0x80000488 (0x03c30fb3) mul     x31, x6, x28
core   0: 3 0x80000488 (0x03c30fb3) x31 0x00000000
core   0: 0x8000048c (0x01df8fb3) add     x31, x31, x29
core   0: 3 0x8000048c (0x01df8fb3) x31 0x00000001
core   0: 0x80000490 (0x020fc057) vadd.vx v0, v0, x31
core   0: 3 0x80000490 (0x020fc057) c8_vstart 0x00000000 e32 m1 l32 v0  ffffffff 0x00000004 00000003 00000002 00000001 0000000e 0000000d 0000000c 0000000b 0000000a 00000009 00000008 00000007 00000006 00000005 00000004 00000003 00000002 00000001 0000000e 0000000d 0000000c 0000000b 0000000a 00000009 00000008 00000007 00000006 00000005 00000004 00000003 00000002 00000001 
core   0: 0x80000494 (0xffc12083) lw      x1, -4(x2)
core   0: 3 0x80000494 (0xffc12083) x1  0x800002d0 mem 0x70000038
core   0: 0x80000498 (0xffc10113) addi    x2, x2, -4
core   0: 3 0x80000498 (0xffc10113) x2  0x70000038
core   0: 0x8000049c (0x00008067) ret
core   0: 3 0x8000049c (0x00008067)
core   0: 0x800002d0 (0x0180006f) j       pc + 0x18
core   0: 3 0x800002d0 (0x0180006f)
core   0: 0x800002e8 (0x0000205b) join    v0, v0, pc + 0
core   0: 3 0x800002e8 (0x0000205b) current mask:	ffffffff current npc:	800002cc stack size: 0
core   0: 0x800002ec (0xffc12083) lw      x1, -4(x2)
core   0: 3 0x800002ec (0xffc12083) x1  0x8000013c mem 0x70000034
core   0: 0x800002f0 (0xffc10113) addi    x2, x2, -4
core   0: 3 0x800002f0 (0xffc10113) x2  0x70000034
core   0: 0x800002f4 (0x00008067) ret
core   0: 3 0x800002f4 (0x00008067)
core   0: 0x8000013c (0x0010200b) regext  x0, x0,  0 0 0 1 
core   0: 3 0x8000013c (0x0010200b)
core   0: 0x80000140 (0x020040d7) vadd.vx v1, v0, x0
core   0: 3 0x80000140 (0x020040d7) c8_vstart 0x00000000 e32 m1 l32 v33 ffffffff 0x00000004 00000003 00000002 00000001 0000000e 0000000d 0000000c 0000000b 0000000a 00000009 00000008 00000007 00000006 00000005 00000004 00000003 00000002 00000001 0000000e 0000000d 0000000c 0000000b 0000000a 00000009 00000008 00000007 00000006 00000005 00000004 00000003 00000002 00000001 
core   0: 0x80000144 (0x00100293) li      x5, 1
core   0: 3 0x80000144 (0x00100293) x5  0x00000001
core   0: 0x80000148 (0x5e02c057) vmv.v.x v0, x5
core   0: 3 0x80000148 (0x5e02c057) c8_vstart 0x00000000 e32 m1 l32 v0  ffffffff 0x00000001 00000001 00000001 00000001 00000001 00000001 00000001 00000001 00000001 00000001 00000001 00000001 00000001 00000001 00000001 00000001 00000001 00000001 00000001 00000001 00000001 00000001 00000001 00000001 00000001 00000001 00000001 00000001 00000001 00000001 00000001 00000001 
core   0: 0x8000014c (0x140000ef) jal     pc + 0x140
core   0: 3 0x8000014c (0x140000ef) x1  0x80000150
core   0: 0x8000028c (0x00410113) addi    x2, x2, 4
core   0: 3 0x8000028c (0x00410113) x2  0x70000038
core   0: 0x80000290 (0xfe112e23) sw      x1, -4(x2)
core   0: 3 0x80000290 (0xfe112e23) mem 0x70000034 0x80000150
core   0: 0x80000294 (0x00200293) li      x5, 2
core   0: 3 0x80000294 (0x00200293) x5  0x00000002
core   0: 0x80000298 (0x5e02c0d7) vmv.v.x v1, x5
core   0: 3 0x80000298 (0x5e02c0d7) c8_vstart 0x00000000 e32 m1 l32 v1  ffffffff 0x00000002 00000002 00000002 00000002 00000002 00000002 00000002 00000002 00000002 00000002 00000002 00000002 00000002 00000002 00000002 00000002 00000002 00000002 00000002 00000002 00000002 00000002 00000002 00000002 00000002 00000002 00000002 00000002 00000002 00000002 00000002 00000002 
core   0: 0x8000029c (0x00000317) auipc   x6, 0x0
core   0: 3 0x8000029c (0x00000317) x6  0x8000029c
core   0: 0x800002a0 (0x04c3305b) setrpc  x0, x6, 76
core   0: 3 0x800002a0 (0x04c3305b) c2060_rpc 0x800002e8 current mask:	ffffffff current npc:	800002cc stack size: 0
core   0: 0x800002a4 (0x0200885b) vbeq    v0, v1, pc + 48
core   0: 3 0x800002a4 (0x0200885b) c8_vstart 0x00000000 e32 m1 l32 current mask:	ffffffff current npc:	800002a8 stack size: 0
core   0: 0x800002a8 (0x00100293) li      x5, 1
core   0: 3 0x800002a8 (0x00100293) x5  0x00000001
core   0: 0x800002ac (0x5e02c0d7) vmv.v.x v1, x5
core   0: 3 0x800002ac (0x5e02c0d7) c8_vstart 0x00000000 e32 m1 l32 v1  ffffffff 0x00000001 00000001 00000001 00000001 00000001 00000001 00000001 00000001 00000001 00000001 00000001 00000001 00000001 00000001 00000001 00000001 00000001 00000001 00000001 00000001 00000001 00000001 00000001 00000001 00000001 00000001 00000001 00000001 00000001 00000001 00000001 00000001 
core   0: 0x800002b0 (0x00000317) auipc   x6, 0x0
core   0: 3 0x800002b0 (0x00000317) x6  0x800002b0
core   0: 0x800002b4 (0x0383305b) setrpc  x0, x6, 56
core   0: 3 0x800002b4 (0x0383305b) c2060_rpc 0x800002e8 current mask:	ffffffff current npc:	800002a8 stack size: 0
core   0: 0x800002b8 (0x0200825b) vbeq    v0, v1, pc + 36
core   0: 3 0x800002b8 (0x0200825b) c8_vstart 0x00000000 e32 m1 l32 current mask:	ffffffff current npc:	800002dc stack size: 0
core   0: 0x800002dc (0x1c4000ef) jal     pc + 0x1c4
core   0: 3 0x800002dc (0x1c4000ef) x1  0x800002e0
core   0: 0x800004a0 (0x00410113) addi    x2, x2, 4
core   0: 3 0x800004a0 (0x00410113) x2  0x7000003c
core   0: 0x800004a4 (0xfe112e23) sw      x1, -4(x2)
core   0: 3 0x800004a4 (0xfe112e23) mem 0x70000038 0x800002e0
core   0: 0x800004a8 (0xf19ff0ef) jal     pc - 0xe8
core   0: 3 0x800004a8 (0xf19ff0ef) x1  0x800004ac
core   0: 0x800003c0 (0x00410113) addi    x2, x2, 4
core   0: 3 0x800003c0 (0x00410113) x2  0x70000040
core   0: 0x800003c4 (0xfe112e23) sw      x1, -4(x2)
core   0: 3 0x800003c4 (0xfe112e23) mem 0x7000003c 0x800004ac
core   0: 0x800003c8 (0x80302573) csrr    x10, knl
core   0: 3 0x800003c8 (0x80302573) x10 0x901c3000
core   0: 0x800003cc (0x00852283) lw      x5, 8(x10)
core   0: 3 0x800003cc (0x00852283) x5  0x00000002 mem 0x901c3008
core   0: 0x800003d0 (0x80002373) csrr    x6, tid
core   0: 3 0x800003d0 (0x80002373) x6  0x00000000
core   0: 0x800003d4 (0x5208a157) vid.v   v2
core   0: 3 0x800003d4 (0x5208a157) c8_vstart 0x00000000 e32 m1 l32 v2  ffffffff 0x0000001f 0000001e 0000001d 0000001c 0000001b 0000001a 00000019 00000018 00000017 00000016 00000015 00000014 00000013 00000012 00000011 00000010 0000000f 0000000e 0000000d 0000000c 0000000b 0000000a 00000009 00000008 00000007 00000006 00000005 00000004 00000003 00000002 00000001 00000000 
core   0: 0x800003d8 (0x02234057) vadd.vx v0, v2, x6
core   0: 3 0x800003d8 (0x02234057) c8_vstart 0x00000000 e32 m1 l32 v0  ffffffff 0x0000001f 0000001e 0000001d 0000001c 0000001b 0000001a 00000019 00000018 00000017 00000016 00000015 00000014 00000013 00000012 00000011 00000010 0000000f 0000000e 0000000d 0000000c 0000000b 0000000a 00000009 00000008 00000007 00000006 00000005 00000004 00000003 00000002 00000001 00000000 
core   0: 0x800003dc (0x01852e03) lw      x28, 24(x10)
core   0: 3 0x800003dc (0x01852e03) x28 0x0000000e mem 0x901c3018
core   0: 0x800003e0 (0x01c52e83) lw      x29, 28(x10)
core   0: 3 0x800003e0 (0x01c52e83) x29 0x00000001 mem 0x901c301c
core   0: 0x800003e4 (0x03ce8f33) mul     x30, x29, x28
core   0: 3 0x800003e4 (0x03ce8f33) x30 0x0000000e
core   0: 0x800003e8 (0x8a0f6057) vremu.vx v0, v0, x30
core   0: 3 0x800003e8 (0x8a0f6057) c8_vstart 0x00000000 e32 m1 l32 v0  ffffffff 0x00000003 00000002 00000001 00000000 0000000d 0000000c 0000000b 0000000a 00000009 00000008 00000007 00000006 00000005 00000004 00000003 00000002 00000001 00000000 0000000d 0000000c 0000000b 0000000a 00000009 00000008 00000007 00000006 00000005 00000004 00000003 00000002 00000001 00000000 
core   0: 0x800003ec (0x820e6057) vdivu.vx v0, v0, x28
core   0: 3 0x800003ec (0x820e6057) c8_vstart 0x00000000 e32 m1 l32 v0  ffffffff 0x00000000 00000000 00000000 00000000 00000000 00000000 00000000 00000000 00000000 00000000 00000000 00000000 00000000 00000000 00000000 00000000 00000000 00000000 00000000 00000000 00000000 00000000 00000000 00000000 00000000 00000000 00000000 00000000 00000000 00000000 00000000 00000000 
core   0: 0x800003f0 (0x5e0ec0d7) vmv.v.x v1, x29
core   0: 3 0x800003f0 (0x5e0ec0d7) c8_vstart 0x00000000 e32 m1 l32 v1  ffffffff 0x00000001 00000001 00000001 00000001 00000001 00000001 00000001 00000001 00000001 00000001 00000001 00000001 00000001 00000001 00000001 00000001 00000001 00000001 00000001 00000001 00000001 00000001 00000001 00000001 00000001 00000001 00000001 00000001 00000001 00000001 00000001 00000001 
core   0: 0x800003f4 (0x00000317) auipc   x6, 0x0
core   0: 3 0x800003f4 (0x00000317) x6  0x800003f4
core   0: 0x800003f8 (0x0143305b) setrpc  x0, x6, 20
core   0: 3 0x800003f8 (0x0143305b) c2060_rpc 0x80000408 current mask:	ffffffff current npc:	800002dc stack size: 0
core   0: 0x800003fc (0x0000c65b) vblt    v0, v1, pc + 12
core   0: 3 0x800003fc (0x0000c65b) c8_vstart 0x00000000 e32 m1 l32 current mask:	ffffffff current npc:	80000408 stack size: 0
core   0: 0x80000408 (0x0000205b) join    v0, v0, pc + 0
core   0: 3 0x80000408 (0x0000205b) current mask:	ffffffff current npc:	80000408 stack size: 0
core   0: 0x8000040c (0xffc12083) lw      x1, -4(x2)
core   0: 3 0x8000040c (0xffc12083) x1  0x800004ac mem 0x7000003c
core   0: 0x80000410 (0xffc10113) addi    x2, x2, -4
core   0: 3 0x80000410 (0xffc10113) x2  0x7000003c
core   0: 0x80000414 (0x00008067) ret
core   0: 3 0x80000414 (0x00008067)
core   0: 0x800004ac (0x80902373) csrr    x6, gidy
core   0: 3 0x800004ac (0x80902373) x6  0x00000002
core   0: 0x800004b0 (0x01c52383) lw      x7, 28(x10)
core   0: 3 0x800004b0 (0x01c52383) x7  0x00000001 mem 0x901c301c
core   0: 0x800004b4 (0x02852e83) lw      x29, 40(x10)
core   0: 3 0x800004b4 (0x02852e83) x29 0x00000001 mem 0x901c3028
core   0: 0x800004b8 (0x02730e33) mul     x28, x6, x7
core   0: 3 0x800004b8 (0x02730e33) x28 0x00000002
core   0: 0x800004bc (0x01de0e33) add     x28, x28, x29
core   0: 3 0x800004bc (0x01de0e33) x28 0x00000003
core   0: 0x800004c0 (0x020e4057) vadd.vx v0, v0, x28
core   0: 3 0x800004c0 (0x020e4057) c8_vstart 0x00000000 e32 m1 l32 v0  ffffffff 0x00000003 00000003 00000003 00000003 00000003 00000003 00000003 00000003 00000003 00000003 00000003 00000003 00000003 00000003 00000003 00000003 00000003 00000003 00000003 00000003 00000003 00000003 00000003 00000003 00000003 00000003 00000003 00000003 00000003 00000003 00000003 00000003 
core   0: 0x800004c4 (0xffc12083) lw      x1, -4(x2)
core   0: 3 0x800004c4 (0xffc12083) x1  0x800002e0 mem 0x70000038
core   0: 0x800004c8 (0xffc10113) addi    x2, x2, -4
core   0: 3 0x800004c8 (0xffc10113) x2  0x70000038
core   0: 0x800004cc (0x00008067) ret
core   0: 3 0x800004cc (0x00008067)
core   0: 0x800002e0 (0x0080006f) j       pc + 0x8
core   0: 3 0x800002e0 (0x0080006f)
core   0: 0x800002e8 (0x0000205b) join    v0, v0, pc + 0
core   0: 3 0x800002e8 (0x0000205b) current mask:	ffffffff current npc:	80000408 stack size: 0
core   0: 0x800002ec (0xffc12083) lw      x1, -4(x2)
core   0: 3 0x800002ec (0xffc12083) x1  0x80000150 mem 0x70000034
core   0: 0x800002f0 (0xffc10113) addi    x2, x2, -4
core   0: 3 0x800002f0 (0xffc10113) x2  0x70000034
core   0: 0x800002f4 (0x00008067) ret
core   0: 3 0x800002f4 (0x00008067)
core   0: 0x80000150 (0xfd012283) lw      x5, -48(x2)
core   0: 3 0x80000150 (0xfd012283) x5  0x00000010 mem 0x70000004
core   0: 0x80000154 (0x5e02c0d7) vmv.v.x v1, x5
core   0: 3 0x80000154 (0x5e02c0d7) c8_vstart 0x00000000 e32 m1 l32 v1  ffffffff 0x00000010 00000010 00000010 00000010 00000010 00000010 00000010 00000010 00000010 00000010 00000010 00000010 00000010 00000010 00000010 00000010 00000010 00000010 00000010 00000010 00000010 00000010 00000010 00000010 00000010 00000010 00000010 00000010 00000010 00000010 00000010 00000010 
core   0: 0x80000158 (0x0400200b) regext  x0, x0,  0 1 0 0 
core   0: 3 0x80000158 (0x0400200b)
core   0: 0x8000015c (0xa612e057) vmadd.vx v0, v1, x5
core   0: 3 0x8000015c (0xa612e057) c8_vstart 0x00000000 e32 m1 l32 v0  ffffffff 0x00000034 00000033 00000032 00000031 0000003e 0000003d 0000003c 0000003b 0000003a 00000039 00000038 00000037 00000036 00000035 00000034 00000033 00000032 00000031 0000003e 0000003d 0000003c 0000003b 0000003a 00000039 00000038 00000037 00000036 00000035 00000034 00000033 00000032 00000031 
core   0: 0x80000160 (0x0010110b) vsub12.vi v2, v0, 1
core   0: 3 0x80000160 (0x0010110b) c8_vstart 0x00000000 e32 m1 l32 v2  ffffffff 0x00000033 00000032 00000031 00000030 0000003d 0000003c 0000003b 0000003a 00000039 00000038 00000037 00000036 00000035 00000034 00000033 00000032 00000031 00000030 0000003d 0000003c 0000003b 0000003a 00000039 00000038 00000037 00000036 00000035 00000034 00000033 00000032 00000031 00000030 
core   0: 0x80000164 (0x0a2081d7) vsub.vv v3, v2, v1
core   0: 3 0x80000164 (0x0a2081d7) c8_vstart 0x00000000 e32 m1 l32 v3  ffffffff 0x00000023 00000022 00000021 00000020 0000002d 0000002c 0000002b 0000002a 00000029 00000028 00000027 00000026 00000025 00000024 00000023 00000022 00000021 00000020 0000002d 0000002c 0000002b 0000002a 00000029 00000028 00000027 00000026 00000025 00000024 00000023 00000022 00000021 00000020 
core   0: 0x80000168 (0x963131d7) vsll.vi v3, v3, 2
core   0: 3 0x80000168 (0x963131d7) c8_vstart 0x00000000 e32 m1 l32 v3  ffffffff 0x0000008c 00000088 00000084 00000080 000000b4 000000b0 000000ac 000000a8 000000a4 000000a0 0000009c 00000098 00000094 00000090 0000008c 00000088 00000084 00000080 000000b4 000000b0 000000ac 000000a8 000000a4 000000a0 0000009c 00000098 00000094 00000090 0000008c 00000088 00000084 00000080 
core   0: 0x8000016c (0xfd412283) lw      x5, -44(x2)
core   0: 3 0x8000016c (0xfd412283) x5  0x90000000 mem 0x70000008
core   0: 0x80000170 (0x5e02c257) vmv.v.x v4, x5
core   0: 3 0x80000170 (0x5e02c257) c8_vstart 0x00000000 e32 m1 l32 v4  ffffffff 0x90000000 90000000 90000000 90000000 90000000 90000000 90000000 90000000 90000000 90000000 90000000 90000000 90000000 90000000 90000000 90000000 90000000 90000000 90000000 90000000 90000000 90000000 90000000 90000000 90000000 90000000 90000000 90000000 90000000 90000000 90000000 90000000 
core   0: 0x80000174 (0x0232c1d7) vadd.vx v3, v3, x5
core   0: 3 0x80000174 (0x0232c1d7) c8_vstart 0x00000000 e32 m1 l32 v3  ffffffff 0x9000008c 90000088 90000084 90000080 900000b4 900000b0 900000ac 900000a8 900000a4 900000a0 9000009c 90000098 90000094 90000090 9000008c 90000088 90000084 90000080 900000b4 900000b0 900000ac 900000a8 900000a4 900000a0 9000009c 90000098 90000094 90000090 9000008c 90000088 90000084 90000080 
core   0: 0x80000178 (0x0a0082d7) vsub.vv v5, v0, v1
core   0: 3 0x80000178 (0x0a0082d7) c8_vstart 0x00000000 e32 m1 l32 v5  ffffffff 0x00000024 00000023 00000022 00000021 0000002e 0000002d 0000002c 0000002b 0000002a 00000029 00000028 00000027 00000026 00000025 00000024 00000023 00000022 00000021 0000002e 0000002d 0000002c 0000002b 0000002a 00000029 00000028 00000027 00000026 00000025 00000024 00000023 00000022 00000021 
core   0: 0x8000017c (0x965132d7) vsll.vi v5, v5, 2
core   0: 3 0x8000017c (0x965132d7) c8_vstart 0x00000000 e32 m1 l32 v5  ffffffff 0x00000090 0000008c 00000088 00000084 000000b8 000000b4 000000b0 000000ac 000000a8 000000a4 000000a0 0000009c 00000098 00000094 00000090 0000008c 00000088 00000084 000000b8 000000b4 000000b0 000000ac 000000a8 000000a4 000000a0 0000009c 00000098 00000094 00000090 0000008c 00000088 00000084 
core   0: 0x80000180 (0x024282d7) vadd.vv v5, v4, v5
core   0: 3 0x80000180 (0x024282d7) c8_vstart 0x00000000 e32 m1 l32 v5  ffffffff 0x90000090 9000008c 90000088 90000084 900000b8 900000b4 900000b0 900000ac 900000a8 900000a4 900000a0 9000009c 90000098 90000094 90000090 9000008c 90000088 90000084 900000b8 900000b4 900000b0 900000ac 900000a8 900000a4 900000a0 9000009c 90000098 90000094 90000090 9000008c 90000088 90000084 
core   0: 0x80000184 (0x0002a2fb) vlw12.v v5, v5, 0
core   0: 3 0x80000184 (0x0002a2fb) e32 m1 l32 v5  ffffffff 0x41c1802c 404db578 4297ce2c 42abe61e 427c4bf0 4077a861 41c243bf 414903f9 423d2ea5 415e28da 425c11c3 410bb50f 423bdc6c 4232c1e1 41c1802c 404db578 4297ce2c 42abe61e 427c4bf0 4077a861 41c243bf 414903f9 423d2ea5 415e28da 425c11c3 410bb50f 423bdc6c 4232c1e1 41c1802c 404db578 4297ce2c 42abe61e  c8_vstart 0x00000000 mem 0x90000084 mem 0x90000088 mem 0x9000008c mem 0x90000090 mem 0x90000094 mem 0x90000098 mem 0x9000009c mem 0x900000a0 mem 0x900000a4 mem 0x900000a8 mem 0x900000ac mem 0x900000b0 mem 0x900000b4 mem 0x900000b8 mem 0x90000084 mem 0x90000088 mem 0x9000008c mem 0x90000090 mem 0x90000094 mem 0x90000098 mem 0x9000009c mem 0x900000a0 mem 0x900000a4 mem 0x900000a8 mem 0x900000ac mem 0x900000b0 mem 0x900000b4 mem 0x900000b8 mem 0x90000084 mem 0x90000088 mem 0x9000008c mem 0x90000090
core   0: 0x80000188 (0x0001a1fb) vlw12.v v3, v3, 0
core   0: 3 0x80000188 (0x0001a1fb) e32 m1 l32 v3  ffffffff 0x404db578 4297ce2c 42abe61e 4217c26c 4077a861 41c243bf 414903f9 423d2ea5 415e28da 425c11c3 410bb50f 423bdc6c 4232c1e1 41c1802c 404db578 4297ce2c 42abe61e 4217c26c 4077a861 41c243bf 414903f9 423d2ea5 415e28da 425c11c3 410bb50f 423bdc6c 4232c1e1 41c1802c 404db578 4297ce2c 42abe61e 4217c26c  c8_vstart 0x00000000 mem 0x90000080 mem 0x90000084 mem 0x90000088 mem 0x9000008c mem 0x90000090 mem 0x90000094 mem 0x90000098 mem 0x9000009c mem 0x900000a0 mem 0x900000a4 mem 0x900000a8 mem 0x900000ac mem 0x900000b0 mem 0x900000b4 mem 0x90000080 mem 0x90000084 mem 0x90000088 mem 0x9000008c mem 0x90000090 mem 0x90000094 mem 0x90000098 mem 0x9000009c mem 0x900000a0 mem 0x900000a4 mem 0x900000a8 mem 0x900000ac mem 0x900000b0 mem 0x900000b4 mem 0x90000080 mem 0x90000084 mem 0x90000088 mem 0x9000008c
core   0: 0x8000018c (0xfd812283) lw      x5, -40(x2)
core   0: 3 0x8000018c (0xfd812283) x5  0x3f800000 mem 0x7000000c
core   0: 0x80000190 (0x5e02c357) vmv.v.x v6, x5
core   0: 3 0x80000190 (0x5e02c357) c8_vstart 0x00000000 e32 m1 l32 v6  ffffffff 0x3f800000 3f800000 3f800000 3f800000 3f800000 3f800000 3f800000 3f800000 3f800000 3f800000 3f800000 3f800000 3f800000 3f800000 3f800000 3f800000 3f800000 3f800000 3f800000 3f800000 3f800000 3f800000 3f800000 3f800000 3f800000 3f800000 3f800000 3f800000 3f800000 3f800000 3f800000 3f800000 
core   0: 0x80000194 (0x925312d7) vfmul.vv v5, v5, v6
core   0: 3 0x80000194 (0x925312d7) c8_vstart 0x00000000 e32 m1 l32 v5  ffffffff 0x41c1802c 404db578 4297ce2c 42abe61e 427c4bf0 4077a861 41c243bf 414903f9 423d2ea5 415e28da 425c11c3 410bb50f 423bdc6c 4232c1e1 41c1802c 404db578 4297ce2c 42abe61e 427c4bf0 4077a861 41c243bf 414903f9 423d2ea5 415e28da 425c11c3 410bb50f 423bdc6c 4232c1e1 41c1802c 404db578 4297ce2c 42abe61e 
core   0: 0x80000198 (0x0200b357) vadd.vi v6, v0, 1
core   0: 3 0x80000198 (0x0200b357) c8_vstart 0x00000000 e32 m1 l32 v6  ffffffff 0x00000035 00000034 00000033 00000032 0000003f 0000003e 0000003d 0000003c 0000003b 0000003a 00000039 00000038 00000037 00000036 00000035 00000034 00000033 00000032 0000003f 0000003e 0000003d 0000003c 0000003b 0000003a 00000039 00000038 00000037 00000036 00000035 00000034 00000033 00000032 
core   0: 0x8000019c (0x0a6083d7) vsub.vv v7, v6, v1
core   0: 3 0x8000019c (0x0a6083d7) c8_vstart 0x00000000 e32 m1 l32 v7  ffffffff 0x00000025 00000024 00000023 00000022 0000002f 0000002e 0000002d 0000002c 0000002b 0000002a 00000029 00000028 00000027 00000026 00000025 00000024 00000023 00000022 0000002f 0000002e 0000002d 0000002c 0000002b 0000002a 00000029 00000028 00000027 00000026 00000025 00000024 00000023 00000022 
core   0: 0x800001a0 (0x967133d7) vsll.vi v7, v7, 2
core   0: 3 0x800001a0 (0x967133d7) c8_vstart 0x00000000 e32 m1 l32 v7  ffffffff 0x00000094 00000090 0000008c 00000088 000000bc 000000b8 000000b4 000000b0 000000ac 000000a8 000000a4 000000a0 0000009c 00000098 00000094 00000090 0000008c 00000088 000000bc 000000b8 000000b4 000000b0 000000ac 000000a8 000000a4 000000a0 0000009c 00000098 00000094 00000090 0000008c 00000088 
core   0: 0x800001a4 (0x024383d7) vadd.vv v7, v4, v7
core   0: 3 0x800001a4 (0x024383d7) c8_vstart 0x00000000 e32 m1 l32 v7  ffffffff 0x90000094 90000090 9000008c 90000088 900000bc 900000b8 900000b4 900000b0 900000ac 900000a8 900000a4 900000a0 9000009c 90000098 90000094 90000090 9000008c 90000088 900000bc 900000b8 900000b4 900000b0 900000ac 900000a8 900000a4 900000a0 9000009c 90000098 90000094 90000090 9000008c 90000088 
core   0: 0x800001a8 (0x0003a3fb) vlw12.v v7, v7, 0
core   0: 3 0x800001a8 (0x0003a3fb) e32 m1 l32 v7  ffffffff 0x4232c1e1 41c1802c 404db578 4297ce2c 42bf2aaf 427c4bf0 4077a861 41c243bf 414903f9 423d2ea5 415e28da 425c11c3 410bb50f 423bdc6c 4232c1e1 41c1802c 404db578 4297ce2c 42bf2aaf 427c4bf0 4077a861 41c243bf 414903f9 423d2ea5 415e28da 425c11c3 410bb50f 423bdc6c 4232c1e1 41c1802c 404db578 4297ce2c  c8_vstart 0x00000000 mem 0x90000088 mem 0x9000008c mem 0x90000090 mem 0x90000094 mem 0x90000098 mem 0x9000009c mem 0x900000a0 mem 0x900000a4 mem 0x900000a8 mem 0x900000ac mem 0x900000b0 mem 0x900000b4 mem 0x900000b8 mem 0x900000bc mem 0x90000088 mem 0x9000008c mem 0x90000090 mem 0x90000094 mem 0x90000098 mem 0x9000009c mem 0x900000a0 mem 0x900000a4 mem 0x900000a8 mem 0x900000ac mem 0x900000b0 mem 0x900000b4 mem 0x900000b8 mem 0x900000bc mem 0x90000088 mem 0x9000008c mem 0x90000090 mem 0x90000094
core   0: 0x800001ac (0x96213457) vsll.vi v8, v2, 2
core   0: 3 0x800001ac (0x96213457) c8_vstart 0x00000000 e32 m1 l32 v8  ffffffff 0x000000cc 000000c8 000000c4 000000c0 000000f4 000000f0 000000ec 000000e8 000000e4 000000e0 000000dc 000000d8 000000d4 000000d0 000000cc 000000c8 000000c4 000000c0 000000f4 000000f0 000000ec 000000e8 000000e4 000000e0 000000dc 000000d8 000000d4 000000d0 000000cc 000000c8 000000c4 000000c0 
core   0: 0x800001b0 (0x02440457) vadd.vv v8, v4, v8
core   0: 3 0x800001b0 (0x02440457) c8_vstart 0x00000000 e32 m1 l32 v8  ffffffff 0x900000cc 900000c8 900000c4 900000c0 900000f4 900000f0 900000ec 900000e8 900000e4 900000e0 900000dc 900000d8 900000d4 900000d0 900000cc 900000c8 900000c4 900000c0 900000f4 900000f0 900000ec 900000e8 900000e4 900000e0 900000dc 900000d8 900000d4 900000d0 900000cc 900000c8 900000c4 900000c0 
core   0: 0x800001b4 (0x0004247b) vlw12.v v8, v8, 0
core   0: 3 0x800001b4 (0x0004247b) e32 m1 l32 v8  ffffffff 0x428e85e5 428272ed 42850eeb 41cf2b02 428c15f9 4297a1cf 41e4c666 4101d7ab 42517875 42bb7d32 42312134 428cb2da 4229541f 41c8a4ec 428e85e5 428272ed 42850eeb 41cf2b02 428c15f9 4297a1cf 41e4c666 4101d7ab 42517875 42bb7d32 42312134 428cb2da 4229541f 41c8a4ec 428e85e5 428272ed 42850eeb 41cf2b02  c8_vstart 0x00000000 mem 0x900000c0 mem 0x900000c4 mem 0x900000c8 mem 0x900000cc mem 0x900000d0 mem 0x900000d4 mem 0x900000d8 mem 0x900000dc mem 0x900000e0 mem 0x900000e4 mem 0x900000e8 mem 0x900000ec mem 0x900000f0 mem 0x900000f4 mem 0x900000c0 mem 0x900000c4 mem 0x900000c8 mem 0x900000cc mem 0x900000d0 mem 0x900000d4 mem 0x900000d8 mem 0x900000dc mem 0x900000e0 mem 0x900000e4 mem 0x900000e8 mem 0x900000ec mem 0x900000f0 mem 0x900000f4 mem 0x900000c0 mem 0x900000c4 mem 0x900000c8 mem 0x900000cc
core   0: 0x800001b8 (0x960134d7) vsll.vi v9, v0, 2
core   0: 3 0x800001b8 (0x960134d7) c8_vstart 0x00000000 e32 m1 l32 v9  ffffffff 0x000000d0 000000cc 000000c8 000000c4 000000f8 000000f4 000000f0 000000ec 000000e8 000000e4 000000e0 000000dc 000000d8 000000d4 000000d0 000000cc 000000c8 000000c4 000000f8 000000f4 000000f0 000000ec 000000e8 000000e4 000000e0 000000dc 000000d8 000000d4 000000d0 000000cc 000000c8 000000c4 
core   0: 0x800001bc (0x02448557) vadd.vv v10, v4, v9
core   0: 3 0x800001bc (0x02448557) c8_vstart 0x00000000 e32 m1 l32 v10 ffffffff 0x900000d0 900000cc 900000c8 900000c4 900000f8 900000f4 900000f0 900000ec 900000e8 900000e4 900000e0 900000dc 900000d8 900000d4 900000d0 900000cc 900000c8 900000c4 900000f8 900000f4 900000f0 900000ec 900000e8 900000e4 900000e0 900000dc 900000d8 900000d4 900000d0 900000cc 900000c8 900000c4 
core   0: 0x800001c0 (0x0005257b) vlw12.v v10, v10, 0
core   0: 3 0x800001c0 (0x0005257b) e32 m1 l32 v10 ffffffff 0x41c8a4ec 428e85e5 428272ed 42850eeb 4061f1ab 428c15f9 4297a1cf 41e4c666 4101d7ab 42517875 42bb7d32 42312134 428cb2da 4229541f 41c8a4ec 428e85e5 428272ed 42850eeb 4061f1ab 428c15f9 4297a1cf 41e4c666 4101d7ab 42517875 42bb7d32 42312134 428cb2da 4229541f 41c8a4ec 428e85e5 428272ed 42850eeb  c8_vstart 0x00000000 mem 0x900000c4 mem 0x900000c8 mem 0x900000cc mem 0x900000d0 mem 0x900000d4 mem 0x900000d8 mem 0x900000dc mem 0x900000e0 mem 0x900000e4 mem 0x900000e8 mem 0x900000ec mem 0x900000f0 mem 0x900000f4 mem 0x900000f8 mem 0x900000c4 mem 0x900000c8 mem 0x900000cc mem 0x900000d0 mem 0x900000d4 mem 0x900000d8 mem 0x900000dc mem 0x900000e0 mem 0x900000e4 mem 0x900000e8 mem 0x900000ec mem 0x900000f0 mem 0x900000f4 mem 0x900000f8 mem 0x900000c4 mem 0x900000c8 mem 0x900000cc mem 0x900000d0
core   0: 0x800001c4 (0x966135d7) vsll.vi v11, v6, 2
core   0: 3 0x800001c4 (0x966135d7) c8_vstart 0x00000000 e32 m1 l32 v11 ffffffff 0x000000d4 000000d0 000000cc 000000c8 000000fc 000000f8 000000f4 000000f0 000000ec 000000e8 000000e4 000000e0 000000dc 000000d8 000000d4 000000d0 000000cc 000000c8 000000fc 000000f8 000000f4 000000f0 000000ec 000000e8 000000e4 000000e0 000000dc 000000d8 000000d4 000000d0 000000cc 000000c8 
core   0: 0x800001c8 (0x024585d7) vadd.vv v11, v4, v11
core   0: 3 0x800001c8 (0x024585d7) c8_vstart 0x00000000 e32 m1 l32 v11 ffffffff 0x900000d4 900000d0 900000cc 900000c8 900000fc 900000f8 900000f4 900000f0 900000ec 900000e8 900000e4 900000e0 900000dc 900000d8 900000d4 900000d0 900000cc 900000c8 900000fc 900000f8 900000f4 900000f0 900000ec 900000e8 900000e4 900000e0 900000dc 900000d8 900000d4 900000d0 900000cc 900000c8 
core   0: 0x800001cc (0x0005a5fb) vlw12.v v11, v11, 0
core   0: 3 0x800001cc (0x0005a5fb) e32 m1 l32 v11 ffffffff 0x4229541f 41c8a4ec 428e85e5 428272ed 415c1827 4061f1ab 428c15f9 4297a1cf 41e4c666 4101d7ab 42517875 42bb7d32 42312134 428cb2da 4229541f 41c8a4ec 428e85e5 428272ed 415c1827 4061f1ab 428c15f9 4297a1cf 41e4c666 4101d7ab 42517875 42bb7d32 42312134 428cb2da 4229541f 41c8a4ec 428e85e5 428272ed  c8_vstart 0x00000000 mem 0x900000c8 mem 0x900000cc mem 0x900000d0 mem 0x900000d4 mem 0x900000d8 mem 0x900000dc mem 0x900000e0 mem 0x900000e4 mem 0x900000e8 mem 0x900000ec mem 0x900000f0 mem 0x900000f4 mem 0x900000f8 mem 0x900000fc mem 0x900000c8 mem 0x900000cc mem 0x900000d0 mem 0x900000d4 mem 0x900000d8 mem 0x900000dc mem 0x900000e0 mem 0x900000e4 mem 0x900000e8 mem 0x900000ec mem 0x900000f0 mem 0x900000f4 mem 0x900000f8 mem 0x900000fc mem 0x900000c8 mem 0x900000cc mem 0x900000d0 mem 0x900000d4
core   0: 0x800001d0 (0x02208157) vadd.vv v2, v2, v1
core   0: 3 0x800001d0 (0x02208157) c8_vstart 0x00000000 e32 m1 l32 v2  ffffffff 0x00000043 00000042 00000041 00000040 0000004d 0000004c 0000004b 0000004a 00000049 00000048 00000047 00000046 00000045 00000044 00000043 00000042 00000041 00000040 0000004d 0000004c 0000004b 0000004a 00000049 00000048 00000047 00000046 00000045 00000044 00000043 00000042 00000041 00000040 
core   0: 0x800001d4 (0x96213157) vsll.vi v2, v2, 2
core   0: 3 0x800001d4 (0x96213157) c8_vstart 0x00000000 e32 m1 l32 v2  ffffffff 0x0000010c 00000108 00000104 00000100 00000134 00000130 0000012c 00000128 00000124 00000120 0000011c 00000118 00000114 00000110 0000010c 00000108 00000104 00000100 00000134 00000130 0000012c 00000128 00000124 00000120 0000011c 00000118 00000114 00000110 0000010c 00000108 00000104 00000100 
core   0: 0x800001d8 (0x02410157) vadd.vv v2, v4, v2
core   0: 3 0x800001d8 (0x02410157) c8_vstart 0x00000000 e32 m1 l32 v2  ffffffff 0x9000010c 90000108 90000104 90000100 90000134 90000130 9000012c 90000128 90000124 90000120 9000011c 90000118 90000114 90000110 9000010c 90000108 90000104 90000100 90000134 90000130 9000012c 90000128 90000124 90000120 9000011c 90000118 90000114 90000110 9000010c 90000108 90000104 90000100 
core   0: 0x800001dc (0x0001217b) vlw12.v v2, v2, 0
core   0: 3 0x800001dc (0x0001217b) e32 m1 l32 v2  ffffffff 0x42a05c21 4187c2c3 429eddba 425ff82d 425b1c06 42204eb2 40069e33 42b7680b 4210d42c 429ba402 429e478c 42b1d2c3 427fbdce 41c0faa9 42a05c21 4187c2c3 429eddba 425ff82d 425b1c06 42204eb2 40069e33 42b7680b 4210d42c 429ba402 429e478c 42b1d2c3 427fbdce 41c0faa9 42a05c21 4187c2c3 429eddba 425ff82d  c8_vstart 0x00000000 mem 0x90000100 mem 0x90000104 mem 0x90000108 mem 0x9000010c mem 0x90000110 mem 0x90000114 mem 0x90000118 mem 0x9000011c mem 0x90000120 mem 0x90000124 mem 0x90000128 mem 0x9000012c mem 0x90000130 mem 0x90000134 mem 0x90000100 mem 0x90000104 mem 0x90000108 mem 0x9000010c mem 0x90000110 mem 0x90000114 mem 0x90000118 mem 0x9000011c mem 0x90000120 mem 0x90000124 mem 0x90000128 mem 0x9000012c mem 0x90000130 mem 0x90000134 mem 0x90000100 mem 0x90000104 mem 0x90000108 mem 0x9000010c
core   0: 0x800001e0 (0x02008057) vadd.vv v0, v0, v1
core   0: 3 0x800001e0 (0x02008057) c8_vstart 0x00000000 e32 m1 l32 v0  ffffffff 0x00000044 00000043 00000042 00000041 0000004e 0000004d 0000004c 0000004b 0000004a 00000049 00000048 00000047 00000046 00000045 00000044 00000043 00000042 00000041 0000004e 0000004d 0000004c 0000004b 0000004a 00000049 00000048 00000047 00000046 00000045 00000044 00000043 00000042 00000041 
core   0: 0x800001e4 (0x96013057) vsll.vi v0, v0, 2
core   0: 3 0x800001e4 (0x96013057) c8_vstart 0x00000000 e32 m1 l32 v0  ffffffff 0x00000110 0000010c 00000108 00000104 00000138 00000134 00000130 0000012c 00000128 00000124 00000120 0000011c 00000118 00000114 00000110 0000010c 00000108 00000104 00000138 00000134 00000130 0000012c 00000128 00000124 00000120 0000011c 00000118 00000114 00000110 0000010c 00000108 00000104 
core   0: 0x800001e8 (0x02400057) vadd.vv v0, v4, v0
core   0: 3 0x800001e8 (0x02400057) c8_vstart 0x00000000 e32 m1 l32 v0  ffffffff 0x90000110 9000010c 90000108 90000104 90000138 90000134 90000130 9000012c 90000128 90000124 90000120 9000011c 90000118 90000114 90000110 9000010c 90000108 90000104 90000138 90000134 90000130 9000012c 90000128 90000124 90000120 9000011c 90000118 90000114 90000110 9000010c 90000108 90000104 
core   0: 0x800001ec (0x0000207b) vlw12.v v0, v0, 0
core   0: 3 0x800001ec (0x0000207b) e32 m1 l32 v0  ffffffff 0x41c0faa9 42a05c21 4187c2c3 429eddba 42c35fa1 425b1c06 42204eb2 40069e33 42b7680b 4210d42c 429ba402 429e478c 42b1d2c3 427fbdce 41c0faa9 42a05c21 4187c2c3 429eddba 42c35fa1 425b1c06 42204eb2 40069e33 42b7680b 4210d42c 429ba402 429e478c 42b1d2c3 427fbdce 41c0faa9 42a05c21 4187c2c3 429eddba  c8_vstart 0x00000000 mem 0x90000104 mem 0x90000108 mem 0x9000010c mem 0x90000110 mem 0x90000114 mem 0x90000118 mem 0x9000011c mem 0x90000120 mem 0x90000124 mem 0x90000128 mem 0x9000012c mem 0x90000130 mem 0x90000134 mem 0x90000138 mem 0x90000104 mem 0x90000108 mem 0x9000010c mem 0x90000110 mem 0x90000114 mem 0x90000118 mem 0x9000011c mem 0x90000120 mem 0x90000124 mem 0x90000128 mem 0x9000012c mem 0x90000130 mem 0x90000134 mem 0x90000138 mem 0x90000104 mem 0x90000108 mem 0x9000010c mem 0x90000110
core   0: 0x800001f0 (0x026080d7) vadd.vv v1, v6, v1
core   0: 3 0x800001f0 (0x026080d7) c8_vstart 0x00000000 e32 m1 l32 v1  ffffffff 0x00000045 00000044 00000043 00000042 0000004f 0000004e 0000004d 0000004c 0000004b 0000004a 00000049 00000048 00000047 00000046 00000045 00000044 00000043 00000042 0000004f 0000004e 0000004d 0000004c 0000004b 0000004a 00000049 00000048 00000047 00000046 00000045 00000044 00000043 00000042 
core   0: 0x800001f4 (0x961130d7) vsll.vi v1, v1, 2
core   0: 3 0x800001f4 (0x961130d7) c8_vstart 0x00000000 e32 m1 l32 v1  ffffffff 0x00000114 00000110 0000010c 00000108 0000013c 00000138 00000134 00000130 0000012c 00000128 00000124 00000120 0000011c 00000118 00000114 00000110 0000010c 00000108 0000013c 00000138 00000134 00000130 0000012c 00000128 00000124 00000120 0000011c 00000118 00000114 00000110 0000010c 00000108 
core   0: 0x800001f8 (0x024080d7) vadd.vv v1, v4, v1
core   0: 3 0x800001f8 (0x024080d7) c8_vstart 0x00000000 e32 m1 l32 v1  ffffffff 0x90000114 90000110 9000010c 90000108 9000013c 90000138 90000134 90000130 9000012c 90000128 90000124 90000120 9000011c 90000118 90000114 90000110 9000010c 90000108 9000013c 90000138 90000134 90000130 9000012c 90000128 90000124 90000120 9000011c 90000118 90000114 90000110 9000010c 90000108 
core   0: 0x800001fc (0x0000a0fb) vlw12.v v1, v1, 0
core   0: 3 0x800001fc (0x0000a0fb) e32 m1 l32 v1  ffffffff 0x427fbdce 41c0faa9 42a05c21 4187c2c3 4283f21a 42c35fa1 425b1c06 42204eb2 40069e33 42b7680b 4210d42c 429ba402 429e478c 42b1d2c3 427fbdce 41c0faa9 42a05c21 4187c2c3 4283f21a 42c35fa1 425b1c06 42204eb2 40069e33 42b7680b 4210d42c 429ba402 429e478c 42b1d2c3 427fbdce 41c0faa9 42a05c21 4187c2c3  c8_vstart 0x00000000 mem 0x90000108 mem 0x9000010c mem 0x90000110 mem 0x90000114 mem 0x90000118 mem 0x9000011c mem 0x90000120 mem 0x90000124 mem 0x90000128 mem 0x9000012c mem 0x90000130 mem 0x90000134 mem 0x90000138 mem 0x9000013c mem 0x90000108 mem 0x9000010c mem 0x90000110 mem 0x90000114 mem 0x90000118 mem 0x9000011c mem 0x90000120 mem 0x90000124 mem 0x90000128 mem 0x9000012c mem 0x90000130 mem 0x90000134 mem 0x90000138 mem 0x9000013c mem 0x90000108 mem 0x9000010c mem 0x90000110 mem 0x90000114
core   0: 0x80000200 (0xfdc12283) lw      x5, -36(x2)
core   0: 3 0x80000200 (0xfdc12283) x5  0x3f800000 mem 0x70000010
core   0: 0x80000204 (0x5e02c257) vmv.v.x v4, x5
core   0: 3 0x80000204 (0x5e02c257) c8_vstart 0x00000000 e32 m1 l32 v4  ffffffff 0x3f800000 3f800000 3f800000 3f800000 3f800000 3f800000 3f800000 3f800000 3f800000 3f800000 3f800000 3f800000 3f800000 3f800000 3f800000 3f800000 3f800000 3f800000 3f800000 3f800000 3f800000 3f800000 3f800000 3f800000 3f800000 3f800000 3f800000 3f800000 3f800000 3f800000 3f800000 3f800000 
core   0: 0x80000208 (0xa25211d7) vfmadd.vv v3, v5, v4
core   0: 3 0x80000208 (0xa25211d7) c8_vstart 0x00000000 c1_fflags 0x00000001 e32 m1 l32 v3  ffffffff 0x41db36db 429e3bd8 4321da25 42f7c754 4285e33b 41e138cb 421362de 426f6fa3 4274b8dc 4289cdfd 427eff07 425ec9b0 42b74f26 4289c0fc 41db36db 429e3bd8 4321da25 42f7c754 4285e33b 41e138cb 421362de 426f6fa3 4274b8dc 4289cdfd 427eff07 425ec9b0 42b74f26 4289c0fc 41db36db 429e3bd8 4321da25 42f7c754 
core   0: 0x8000020c (0xfe012283) lw      x5, -32(x2)
core   0: 3 0x8000020c (0xfe012283) x5  0x3f800000 mem 0x70000014
core   0: 0x80000210 (0x5e02c257) vmv.v.x v4, x5
core   0: 3 0x80000210 (0x5e02c257) c8_vstart 0x00000000 e32 m1 l32 v4  ffffffff 0x3f800000 3f800000 3f800000 3f800000 3f800000 3f800000 3f800000 3f800000 3f800000 3f800000 3f800000 3f800000 3f800000 3f800000 3f800000 3f800000 3f800000 3f800000 3f800000 3f800000 3f800000 3f800000 3f800000 3f800000 3f800000 3f800000 3f800000 3f800000 3f800000 3f800000 3f800000 3f800000 
core   0: 0x80000214 (0xa23213d7) vfmadd.vv v7, v3, v4
core   0: 3 0x80000214 (0xa23213d7) c8_vstart 0x00000000 c1_fflags 0x00000001 e32 m1 l32 v7  ffffffff 0x42902ea7 42ce9be3 432510fb 4347cac0 432286f5 42b6742b 4222dd64 42a848c1 42937ced 42e86550 429b449f 42dd6dba 42c8c5c8 42e7af32 42902ea7 42ce9be3 432510fb 4347cac0 432286f5 42b6742b 4222dd64 42a848c1 42937ced 42e86550 429b449f 42dd6dba 42c8c5c8 42e7af32 42902ea7 42ce9be3 432510fb 4347cac0 
core   0: 0x80000218 (0xfe412283) lw      x5, -28(x2)
core   0: 3 0x80000218 (0xfe412283) x5  0x3f800000 mem 0x70000018
core   0: 0x8000021c (0x5e02c1d7) vmv.v.x v3, x5
core   0: 3 0x8000021c (0x5e02c1d7) c8_vstart 0x00000000 e32 m1 l32 v3  ffffffff 0x3f800000 3f800000 3f800000 3f800000 3f800000 3f800000 3f800000 3f800000 3f800000 3f800000 3f800000 3f800000 3f800000 3f800000 3f800000 3f800000 3f800000 3f800000 3f800000 3f800000 3f800000 3f800000 3f800000 3f800000 3f800000 3f800000 3f800000 3f800000 3f800000 3f800000 3f800000 3f800000 
core   0: 0x80000220 (0xa2719457) vfmadd.vv v8, v7, v3
core   0: 3 0x80000220 (0xa2719457) c8_vstart 0x00000000 c1_fflags 0x00000001 e32 m1 l32 v8  ffffffff 0x430f5a46 43288768 43679870 4361b020 436891f2 43270afd 428aa04c 42b883b6 42fc3928 4351f141 42f3d539 4335104a 430eb7ec 430cec36 430f5a46 43288768 43679870 4361b020 436891f2 43270afd 428aa04c 42b883b6 42fc3928 4351f141 42f3d539 4335104a 430eb7ec 430cec36 430f5a46 43288768 43679870 4361b020 
core   0: 0x80000224 (0xfe812283) lw      x5, -24(x2)
core   0: 3 0x80000224 (0xfe812283) x5  0x3f800000 mem 0x7000001c
core   0: 0x80000228 (0x5e02c1d7) vmv.v.x v3, x5
core   0: 3 0x80000228 (0x5e02c1d7) c8_vstart 0x00000000 e32 m1 l32 v3  ffffffff 0x3f800000 3f800000 3f800000 3f800000 3f800000 3f800000 3f800000 3f800000 3f800000 3f800000 3f800000 3f800000 3f800000 3f800000 3f800000 3f800000 3f800000 3f800000 3f800000 3f800000 3f800000 3f800000 3f800000 3f800000 3f800000 3f800000 3f800000 3f800000 3f800000 3f800000 3f800000 3f800000 
core   0: 0x8000022c (0xa2819557) vfmadd.vv v10, v8, v3
core   0: 3 0x8000022c (0xa2819557) c8_vstart 0x00000000 c1_fflags 0x00000001 e32 m1 l32 v10 ffffffff 0x43286ee4 436fca5a 439468f3 43921bcb 436c19b9 436d15fa 4311210e 42f1b550 43063a0f 438327af 4357a936 43615897 43551159 4337413e 43286ee4 436fca5a 439468f3 43921bcb 436c19b9 436d15fa 4311210e 42f1b550 43063a0f 438327af 4357a936 43615897 43551159 4337413e 43286ee4 436fca5a 439468f3 43921bcb 
core   0: 0x80000230 (0xfec12283) lw      x5, -20(x2)
core   0: 3 0x80000230 (0xfec12283) x5  0x3f800000 mem 0x70000020
core   0: 0x80000234 (0x5e02c1d7) vmv.v.x v3, x5
core   0: 3 0x80000234 (0x5e02c1d7) c8_vstart 0x00000000 e32 m1 l32 v3  ffffffff 0x3f800000 3f800000 3f800000 3f800000 3f800000 3f800000 3f800000 3f800000 3f800000 3f800000 3f800000 3f800000 3f800000 3f800000 3f800000 3f800000 3f800000 3f800000 3f800000 3f800000 3f800000 3f800000 3f800000 3f800000 3f800000 3f800000 3f800000 3f800000 3f800000 3f800000 3f800000 3f800000 
core   0: 0x80000238 (0xa2a195d7) vfmadd.vv v11, v10, v3
core   0: 3 0x80000238 (0xa2a195d7) c8_vstart 0x00000000 c1_fflags 0x00000001 e32 m1 l32 v11 ffffffff 0x4352c3ec 43846f7c 43b80a6c 43b2b886 4379db3b 43709dc1 43572c0a 4344ab90 4322d2dc 4387366c 438603aa 439f8b98 4380acd3 437d9aab 4352c3ec 43846f7c 43b80a6c 43b2b886 4379db3b 43709dc1 43572c0a 4344ab90 4322d2dc 4387366c 438603aa 439f8b98 4380acd3 437d9aab 4352c3ec 43846f7c 43b80a6c 43b2b886 
core   0: 0x8000023c (0xff012283) lw      x5, -16(x2)
core   0: 3 0x8000023c (0xff012283) x5  0x3f800000 mem 0x70000024
core   0: 0x80000240 (0x5e02c1d7) vmv.v.x v3, x5
core   0: 3 0x80000240 (0x5e02c1d7) c8_vstart 0x00000000 e32 m1 l32 v3  ffffffff 0x3f800000 3f800000 3f800000 3f800000 3f800000 3f800000 3f800000 3f800000 3f800000 3f800000 3f800000 3f800000 3f800000 3f800000 3f800000 3f800000 3f800000 3f800000 3f800000 3f800000 3f800000 3f800000 3f800000 3f800000 3f800000 3f800000 3f800000 3f800000 3f800000 3f800000 3f800000 3f800000 
core   0: 0x80000244 (0xa2b19157) vfmadd.vv v2, v11, v3
core   0: 3 0x80000244 (0xa2b19157) c8_vstart 0x00000000 c1_fflags 0x00000001 e32 m1 l32 v2  ffffffff 0x439178fe 438ceba8 43dfc1da 43ceb78c 4398511e 438c58b7 43594683 43902fcb 434707e7 43ae1f6c 43ad958d 43cc0049 43a0a48d 438add00 439178fe 438ceba8 43dfc1da 43ceb78c 4398511e 438c58b7 43594683 43902fcb 434707e7 43ae1f6c 43ad958d 43cc0049 43a0a48d 438add00 439178fe 438ceba8 43dfc1da 43ceb78c 
core   0: 0x80000248 (0xff412283) lw      x5, -12(x2)
core   0: 3 0x80000248 (0xff412283) x5  0x3f800000 mem 0x70000028
core   0: 0x8000024c (0x5e02c1d7) vmv.v.x v3, x5
core   0: 3 0x8000024c (0x5e02c1d7) c8_vstart 0x00000000 e32 m1 l32 v3  ffffffff 0x3f800000 3f800000 3f800000 3f800000 3f800000 3f800000 3f800000 3f800000 3f800000 3f800000 3f800000 3f800000 3f800000 3f800000 3f800000 3f800000 3f800000 3f800000 3f800000 3f800000 3f800000 3f800000 3f800000 3f800000 3f800000 3f800000 3f800000 3f800000 3f800000 3f800000 3f800000 3f800000 
core   0: 0x80000250 (0xa2219057) vfmadd.vv v0, v2, v3
core   0: 3 0x80000250 (0xa2219057) c8_vstart 0x00000000 c1_fflags 0x00000001 e32 m1 l32 v0  ffffffff 0x439d88a9 43b502b0 43e83e06 43f66efa 43c92906 43a7bc38 4380ad18 43913d07 43915df6 43c039f2 43d47e8e 43f3922c 43cd193e 43aad4ba 439d88a9 43b502b0 43e83e06 43f66efa 43c92906 43a7bc38 4380ad18 43913d07 43915df6 43c039f2 43d47e8e 43f3922c 43cd193e 43aad4ba 439d88a9 43b502b0 43e83e06 43f66efa 
core   0: 0x80000254 (0xff812283) lw      x5, -8(x2)
core   0: 3 0x80000254 (0xff812283) x5  0x3f800000 mem 0x7000002c
core   0: 0x80000258 (0x5e02c157) vmv.v.x v2, x5
core   0: 3 0x80000258 (0x5e02c157) c8_vstart 0x00000000 e32 m1 l32 v2  ffffffff 0x3f800000 3f800000 3f800000 3f800000 3f800000 3f800000 3f800000 3f800000 3f800000 3f800000 3f800000 3f800000 3f800000 3f800000 3f800000 3f800000 3f800000 3f800000 3f800000 3f800000 3f800000 3f800000 3f800000 3f800000 3f800000 3f800000 3f800000 3f800000 3f800000 3f800000 3f800000 3f800000 
core   0: 0x8000025c (0xa20110d7) vfmadd.vv v1, v0, v2
core   0: 3 0x8000025c (0xa20110d7) c8_vstart 0x00000000 c1_fflags 0x00000001 e32 m1 l32 v1  ffffffff 0x43bd8063 43c1125b 44082a87 43feeb26 43ea258c 43d89420 439c1099 43a546dd 43926b32 43ee13f5 43e69914 440d3d96 43f4ab21 43d7496b 43bd8063 43c1125b 44082a87 43feeb26 43ea258c 43d89420 439c1099 43a546dd 43926b32 43ee13f5 43e69914 440d3d96 43f4ab21 43d7496b 43bd8063 43c1125b 44082a87 43feeb26 
core   0: 0x80000260 (0xffc12283) lw      x5, -4(x2)
core   0: 3 0x80000260 (0xffc12283) x5  0x90001000 mem 0x70000030
core   0: 0x80000264 (0x0292c057) vadd.vx v0, v9, x5
core   0: 3 0x80000264 (0x0292c057) c8_vstart 0x00000000 e32 m1 l32 v0  ffffffff 0x900010d0 900010cc 900010c8 900010c4 900010f8 900010f4 900010f0 900010ec 900010e8 900010e4 900010e0 900010dc 900010d8 900010d4 900010d0 900010cc 900010c8 900010c4 900010f8 900010f4 900010f0 900010ec 900010e8 900010e4 900010e0 900010dc 900010d8 900010d4 900010d0 900010cc 900010c8 900010c4 
core   0: 0x80000268 (0x0010607b) vsw12.v v1, v0, 0
core   0: 3 0x80000268 (0x0010607b) c8_vstart 0x00000000 e32 m1 l32 mem 0x900010c4 0x43feeb26 mem 0x900010c8 0x44082a87 mem 0x900010cc 0x43c1125b mem 0x900010d0 0x43bd8063 mem 0x900010d4 0x43d7496b mem 0x900010d8 0x43f4ab21 mem 0x900010dc 0x440d3d96 mem 0x900010e0 0x43e69914 mem 0x900010e4 0x43ee13f5 mem 0x900010e8 0x43926b32 mem 0x900010ec 0x43a546dd mem 0x900010f0 0x439c1099 mem 0x900010f4 0x43d89420 mem 0x900010f8 0x43ea258c mem 0x900010c4 0x43feeb26 mem 0x900010c8 0x44082a87 mem 0x900010cc 0x43c1125b mem 0x900010d0 0x43bd8063 mem 0x900010d4 0x43d7496b mem 0x900010d8 0x43f4ab21 mem 0x900010dc 0x440d3d96 mem 0x900010e0 0x43e69914 mem 0x900010e4 0x43ee13f5 mem 0x900010e8 0x43926b32 mem 0x900010ec 0x43a546dd mem 0x900010f0 0x439c1099 mem 0x900010f4 0x43d89420 mem 0x900010f8 0x43ea258c mem 0x900010c4 0x43feeb26 mem 0x900010c8 0x44082a87 mem 0x900010cc 0x43c1125b mem 0x900010d0 0x43bd8063
core   0: 0x8000026c (0xfcc12083) lw      x1, -52(x2)
core   0: 3 0x8000026c (0xfcc12083) x1  0x800000a0 mem 0x70000000
core   0: 0x80000270 (0x0090200b) regext  x0, x0,  0 0 1 1 
core   0: 3 0x80000270 (0x0090200b)
core   0: 0x80000274 (0x7fc020ab) vlw.v   v1, x0, -4
core   0: 3 0x80000274 (0x7fc020ab) e32 m1 l32 v33 ffffffff 0x00000000 00000000 00000000 00000000 00000000 00000000 00000000 00000000 00000000 00000000 00000000 00000000 00000000 00000000 00000000 00000000 00000000 00000000 00000000 00000000 00000000 00000000 00000000 00000000 00000000 00000000 00000000 00000000 00000000 00000000 00000000 00000000  c8_vstart 0x00000000 mem 0x90003000 mem 0x90003004 mem 0x90003008 mem 0x9000300c mem 0x90003010 mem 0x90003014 mem 0x90003018 mem 0x9000301c mem 0x90003020 mem 0x90003024 mem 0x90003028 mem 0x9000302c mem 0x90003030 mem 0x90003034 mem 0x90003038 mem 0x9000303c mem 0x90003040 mem 0x90003044 mem 0x90003048 mem 0x9000304c mem 0x90003050 mem 0x90003054 mem 0x90003058 mem 0x9000305c mem 0x90003060 mem 0x90003064 mem 0x90003068 mem 0x9000306c mem 0x90003070 mem 0x90003074 mem 0x90003078 mem 0x9000307c
core   0: 0x80000278 (0xfcc10113) addi    x2, x2, -52
core   0: 3 0x80000278 (0xfcc10113) x2  0x70000000
core   0: 0x8000027c (0xffc20213) addi    x4, x4, -4
core   0: 3 0x8000027c (0xffc20213) x4  0x00000000
core   0: 0x80000280 (0x0010200b) regext  x0, x0,  0 0 0 1 
core   0: 3 0x80000280 (0x0010200b)
core   0: 0x80000284 (0x5e024057) vmv.v.x v0, x4
core   0: 3 0x80000284 (0x5e024057) c8_vstart 0x00000000 e32 m1 l32 v32 ffffffff 0x00000000 00000000 00000000 00000000 00000000 00000000 00000000 00000000 00000000 00000000 00000000 00000000 00000000 00000000 00000000 00000000 00000000 00000000 00000000 00000000 00000000 00000000 00000000 00000000 00000000 00000000 00000000 00000000 00000000 00000000 00000000 00000000 
core   0: 0x80000288 (0x00008067) ret
core   0: 3 0x80000288 (0x00008067)
core   0: 0x800000a0 (0x0000400b) endprg  x0, x0, x0
core   0: 3 0x800000a0 (0x0000400b)
core   0: 0x800000a4 (0x0040006f) j       pc + 0x4
core   0: 3 0x800000a4 (0x0040006f)
core   0: 0x800000a8 (0x00100313) li      x6, 1
core   0: 3 0x800000a8 (0x00100313) x6  0x00000001
core   0: 0x800000ac (0x00001297) auipc   x5, 0x1
core   0: 3 0x800000ac (0x00001297) x5  0x800010ac
core   0: 0x800000b0 (0xf5428293) addi    x5, x5, -172
core   0: 3 0x800000b0 (0xf5428293) x5  0x80001000
core   0: 0x800000b4 (0x0062a023) sw      x6, 0(x5)
core   0: 3 0x800000b4 (0x0062a023) mem 0x80001000 0x00000001
core   0: 0x00001000 (0x00000297) auipc   x5, 0x0
core   0: 3 0x00001000 (0x00000297) x5  0x00001000
core   0: 0x00001004 (0x02028593) addi    x11, x5, 32
core   0: 3 0x00001004 (0x02028593) x11 0x00001020
core   0: 0x00001008 (0xf1402573) csrr    x10, mhartid
core   0: 3 0x00001008 (0xf1402573) x10 0x00000000
core   0: 0x0000100c (0x0182a283) lw      x5, 24(x5)
core   0: 3 0x0000100c (0x0182a283) x5  0x80000000 mem 0x00001018
core   0: 0x00001010 (0x00028067) jr      x5
core   0: 3 0x00001010 (0x00028067)
core   0: 0x80000000 (0x00004197) auipc   x3, 0x4
core   0: 3 0x80000000 (0x00004197) x3  0x80004000
core   0: 0x80000004 (0x80818193) addi    x3, x3, -2040
core   0: 3 0x80000004 (0x80818193) x3  0x80003808
core   0: 0x80000008 (0x02000e93) li      x29, 32
core   0: 3 0x80000008 (0x02000e93) x29 0x00000020
core   0: 0x8000000c (0x0d0efed7) vsetvli x29, x29, e32, m1, ta, ma
core   0: 3 0x8000000c (0x0d0efed7) x29 0x00000020 c8_vstart 0x00000000 c3104_vl 0x00000020 c3105_vtype 0x000000d0 c768_mstatus 0x80000600
core   0: 0x80000010 (0x00002eb7) lui     x29, 0x2
core   0: 3 0x80000010 (0x00002eb7) x29 0x00002000
core   0: 0x80000014 (0x300eaef3) csrrs   x29, mstatus, x29
core   0: 3 0x80000014 (0x300eaef3) x29 0x80000600 c768_mstatus 0x80006600
core   0: 0x80000018 (0x00000e93) li      x29, 0
core   0: 3 0x80000018 (0x00000e93) x29 0x00000000
core   0: 0x8000001c (0x80502373) csrr    x6, wid
core   0: 3 0x8000001c (0x80502373) x6  0x00000000
core   0: 0x80000020 (0x806023f3) csrr    x7, lds
core   0: 3 0x80000020 (0x806023f3) x7  0x70000000
core   0: 0x80000024 (0x40000e13) li      x28, 1024
core   0: 3 0x80000024 (0x40000e13) x28 0x00000400
core   0: 0x80000028 (0x03c30333) mul     x6, x6, x28
core   0: 3 0x80000028 (0x03c30333) x6  0x00000000
core   0: 0x8000002c (0x00730133) add     x2, x6, x7
core   0: 3 0x8000002c (0x00730133) x2  0x70000000
core   0: 0x80000030 (0x00000213) li      x4, 0
core   0: 3 0x80000030 (0x00000213) x4  0x00000000
core   0: 0x80000034 (0x80102f73) csrr    x30, numw
core   0: 3 0x80000034 (0x80102f73) x30 0x00000001
core   0: 0x80000038 (0x40000e13) li      x28, 1024
core   0: 3 0x80000038 (0x40000e13) x28 0x00000400
core   0: 0x8000003c (0x03cf0f33) mul     x30, x30, x28
core   0: 3 0x8000003c (0x03cf0f33) x30 0x00000400
core   0: 0x80000040 (0x01e38433) add     x8, x7, x30
core   0: 3 0x80000040 (0x01e38433) x8  0x70000400
core   0: 0x80000044 (0x00003517) auipc   x10, 0x3
core   0: 3 0x80000044 (0x00003517) x10 0x80003044
core   0: 0x80000048 (0xfc450513) addi    x10, x10, -60
core   0: 3 0x80000048 (0xfc450513) x10 0x80003008
core   0: 0x8000004c (0x00003617) auipc   x12, 0x3
core   0: 3 0x8000004c (0x00003617) x12 0x8000304c
core   0: 0x80000050 (0xfbc60613) addi    x12, x12, -68
core   0: 3 0x80000050 (0xfbc60613) x12 0x80003008
core   0: 0x80000054 (0x00c50863) beq     x10, x12, pc + 16
core   0: 3 0x80000054 (0x00c50863)
core   0: 0x80000064 (0x803022f3) csrr    x5, knl
core   0: 3 0x80000064 (0x803022f3) x5  0x901c3000
core   0: 0x80000068 (0x0002a303) lw      x6, 0(x5)
core   0: 3 0x80000068 (0x0002a303) x6  0x800000b8 mem 0x901c3000
core   0: 0x8000006c (0x0042a503) lw      x10, 4(x5)
core   0: 3 0x8000006c (0x0042a503) x10 0x90002000 mem 0x901c3004
core   0: 0x80000070 (0x0302a383) lw      x7, 48(x5)
core   0: 3 0x80000070 (0x0302a383) x7  0x00000000 mem 0x901c3030
core   0: 0x80000074 (0x0342ae03) lw      x28, 52(x5)
core   0: 3 0x80000074 (0x0342ae03) x28 0x00000000 mem 0x901c3034
core   0: 0x80000078 (0x00003e97) auipc   x29, 0x3
core   0: 3 0x80000078 (0x00003e97) x29 0x80003078
core   0: 0x8000007c (0xf88e8e93) addi    x29, x29, -120
core   0: 3 0x8000007c (0xf88e8e93) x29 0x80003000
core   0: 0x80000080 (0x00003f17) auipc   x30, 0x3
core   0: 3 0x80000080 (0x00003f17) x30 0x80003080
core   0: 0x80000084 (0xf84f0f13) addi    x30, x30, -124
core   0: 3 0x80000084 (0xf84f0f13) x30 0x80003004
core   0: 0x80000088 (0x007ea023) sw      x7, 0(x29)
core   0: 3 0x80000088 (0x007ea023) mem 0x80003000 0x00000000
core   0: 0x8000008c (0x01cf2023) sw      x28, 0(x30)
core   0: 3 0x8000008c (0x01cf2023) mem 0x80003004 0x00000000
core   0: 0x80000090 (0x00000f97) auipc   x31, 0x0
core   0: 3 0x80000090 (0x00000f97) x31 0x80000090
core   0: 0x80000094 (0x018f8f93) addi    x31, x31, 24
core   0: 3 0x80000094 (0x018f8f93) x31 0x800000a8
core   0: 0x80000098 (0x305f9073) csrw    mtvec, x31
core   0: 3 0x80000098 (0x305f9073) c773_mtvec 0x800000a8
core   0: 0x8000009c (0x000300e7) jalr    x6
core   0: 3 0x8000009c (0x000300e7) x1  0x800000a0
core   0: 0x800000b8 (0x03410113) addi    x2, x2, 52
core   0: 3 0x800000b8 (0x03410113) x2  0x70000034
core   0: 0x800000bc (0x00420213) addi    x4, x4, 4
core   0: 3 0x800000bc (0x00420213) x4  0x00000004
core   0: 0x800000c0 (0x0010200b) regext  x0, x0,  0 0 0 1 
core   0: 3 0x800000c0 (0x0010200b)
core   0: 0x800000c4 (0x5e024057) vmv.v.x v0, x4
core   0: 3 0x800000c4 (0x5e024057) c8_vstart 0x00000000 e32 m1 l32 v32 ffffffff 0x00000004 00000004 00000004 00000004 00000004 00000004 00000004 00000004 00000004 00000004 00000004 00000004 00000004 00000004 00000004 00000004 00000004 00000004 00000004 00000004 00000004 00000004 00000004 00000004 00000004 00000004 00000004 00000004 00000004 00000004 00000004 00000004 
core   0: 0x800000c8 (0xfc112623) sw      x1, -52(x2)
core   0: 3 0x800000c8 (0xfc112623) mem 0x70000000 0x800000a0
core   0: 0x800000cc (0x0480200b) regext  x0, x0,  0 1 1 0 
core   0: 3 0x800000cc (0x0480200b)
core   0: 0x800000d0 (0xfe102e2b) vsw.v   v1, x0, -4
core   0: 3 0x800000d0 (0xfe102e2b) c8_vstart 0x00000000 mem 0x90003000 0x00000000 mem 0x90003004 0x00000000 mem 0x90003008 0x00000000 mem 0x9000300c 0x00000000 mem 0x90003010 0x00000000 mem 0x90003014 0x00000000 mem 0x90003018 0x00000000 mem 0x9000301c 0x00000000 mem 0x90003020 0x00000000 mem 0x90003024 0x00000000 mem 0x90003028 0x00000000 mem 0x9000302c 0x00000000 mem 0x90003030 0x00000000 mem 0x90003034 0x00000000 mem 0x90003038 0x00000000 mem 0x9000303c 0x00000000 mem 0x90003040 0x00000000 mem 0x90003044 0x00000000 mem 0x90003048 0x00000000 mem 0x9000304c 0x00000000 mem 0x90003050 0x00000000 mem 0x90003054 0x00000000 mem 0x90003058 0x00000000 mem 0x9000305c 0x00000000 mem 0x90003060 0x00000000 mem 0x90003064 0x00000000 mem 0x90003068 0x00000000 mem 0x9000306c 0x00000000 mem 0x90003070 0x00000000 mem 0x90003074 0x00000000 mem 0x90003078 0x00000000 mem 0x9000307c 0x00000000
core   0: 0x800000d4 (0x00452283) lw      x5, 4(x10)
core   0: 3 0x800000d4 (0x00452283) x5  0x90001000 mem 0x90002004
core   0: 0x800000d8 (0xfe512e23) sw      x5, -4(x2)
core   0: 3 0x800000d8 (0xfe512e23) mem 0x70000030 0x90001000
core   0: 0x800000dc (0x03052283) lw      x5, 48(x10)
core   0: 3 0x800000dc (0x03052283) x5  0x3f800000 mem 0x90002030
core   0: 0x800000e0 (0xfe512c23) sw      x5, -8(x2)
core   0: 3 0x800000e0 (0xfe512c23) mem 0x7000002c 0x3f800000
core   0: 0x800000e4 (0x02c52283) lw      x5, 44(x10)
core   0: 3 0x800000e4 (0x02c52283) x5  0x3f800000 mem 0x9000202c
core   0: 0x800000e8 (0xfe512a23) sw      x5, -12(x2)
core   0: 3 0x800000e8 (0xfe512a23) mem 0x70000028 0x3f800000
core   0: 0x800000ec (0x02852283) lw      x5, 40(x10)
core   0: 3 0x800000ec (0x02852283) x5  0x3f800000 mem 0x90002028
core   0: 0x800000f0 (0xfe512823) sw      x5, -16(x2)
core   0: 3 0x800000f0 (0xfe512823) mem 0x70000024 0x3f800000
core   0: 0x800000f4 (0x02452283) lw      x5, 36(x10)
core   0: 3 0x800000f4 (0x02452283) x5  0x3f800000 mem 0x90002024
core   0: 0x800000f8 (0xfe512623) sw      x5, -20(x2)
core   0: 3 0x800000f8 (0xfe512623) mem 0x70000020 0x3f800000
core   0: 0x800000fc (0x02052283) lw      x5, 32(x10)
core   0: 3 0x800000fc (0x02052283) x5  0x3f800000 mem 0x90002020
core   0: 0x80000100 (0xfe512423) sw      x5, -24(x2)
core   0: 3 0x80000100 (0xfe512423) mem 0x7000001c 0x3f800000
core   0: 0x80000104 (0x01c52283) lw      x5, 28(x10)
core   0: 3 0x80000104 (0x01c52283) x5  0x3f800000 mem 0x9000201c
core   0: 0x80000108 (0xfe512223) sw      x5, -28(x2)
core   0: 3 0x80000108 (0xfe512223) mem 0x70000018 0x3f800000
core   0: 0x8000010c (0x01852283) lw      x5, 24(x10)
core   0: 3 0x8000010c (0x01852283) x5  0x3f800000 mem 0x90002018
core   0: 0x80000110 (0xfe512023) sw      x5, -32(x2)
core   0: 3 0x80000110 (0xfe512023) mem 0x70000014 0x3f800000
core   0: 0x80000114 (0x01052283) lw      x5, 16(x10)
core   0: 3 0x80000114 (0x01052283) x5  0x3f800000 mem 0x90002010
core   0: 0x80000118 (0xfc512e23) sw      x5, -36(x2)
core   0: 3 0x80000118 (0xfc512e23) mem 0x70000010 0x3f800000
core   0: 0x8000011c (0x01452283) lw      x5, 20(x10)
core   0: 3 0x8000011c (0x01452283) x5  0x3f800000 mem 0x90002014
core   0: 0x80000120 (0xfc512c23) sw      x5, -40(x2)
core   0: 3 0x80000120 (0xfc512c23) mem 0x7000000c 0x3f800000
core   0: 0x80000124 (0x00052283) lw      x5, 0(x10)
core   0: 3 0x80000124 (0x00052283) x5  0x90000000 mem 0x90002000
core   0: 0x80000128 (0xfc512a23) sw      x5, -44(x2)
core   0: 3 0x80000128 (0xfc512a23) mem 0x70000008 0x90000000
core   0: 0x8000012c (0x00852283) lw      x5, 8(x10)
core   0: 3 0x8000012c (0x00852283) x5  0x00000010 mem 0x90002008
core   0: 0x80000130 (0xfc512823) sw      x5, -48(x2)
core   0: 3 0x80000130 (0xfc512823) mem 0x70000004 0x00000010
core   0: 0x80000134 (0x5e004057) vmv.v.x v0, x0
core   0: 3 0x80000134 (0x5e004057) c8_vstart 0x00000000 e32 m1 l32 v0  ffffffff 0x00000000 00000000 00000000 00000000 00000000 00000000 00000000 00000000 00000000 00000000 00000000 00000000 00000000 00000000 00000000 00000000 00000000 00000000 00000000 00000000 00000000 00000000 00000000 00000000 00000000 00000000 00000000 00000000 00000000 00000000 00000000 00000000 
core   0: 0x80000138 (0x154000ef) jal     pc + 0x154
core   0: 3 0x80000138 (0x154000ef) x1  0x8000013c
core   0: 0x8000028c (0x00410113) addi    x2, x2, 4
core   0: 3 0x8000028c (0x00410113) x2  0x70000038
core   0: 0x80000290 (0xfe112e23) sw      x1, -4(x2)
core   0: 3 0x80000290 (0xfe112e23) mem 0x70000034 0x8000013c
core   0: 0x80000294 (0x00200293) li      x5, 2
core   0: 3 0x80000294 (0x00200293) x5  0x00000002
core   0: 0x80000298 (0x5e02c0d7) vmv.v.x v1, x5
core   0: 3 0x80000298 (0x5e02c0d7) c8_vstart 0x00000000 e32 m1 l32 v1  ffffffff 0x00000002 00000002 00000002 00000002 00000002 00000002 00000002 00000002 00000002 00000002 00000002 00000002 00000002 00000002 00000002 00000002 00000002 00000002 00000002 00000002 00000002 00000002 00000002 00000002 00000002 00000002 00000002 00000002 00000002 00000002 00000002 00000002 
core   0: 0x8000029c (0x00000317) auipc   x6, 0x0
core   0: 3 0x8000029c (0x00000317) x6  0x8000029c
core   0: 0x800002a0 (0x04c3305b) setrpc  x0, x6, 76
core   0: 3 0x800002a0 (0x04c3305b) c2060_rpc 0x800002e8 current mask:	ffffffff current npc:	00000000 stack size: 0
core   0: 0x800002a4 (0x0200885b) vbeq    v0, v1, pc + 48
core   0: 3 0x800002a4 (0x0200885b) c8_vstart 0x00000000 e32 m1 l32 current mask:	ffffffff current npc:	800002a8 stack size: 0
core   0: 0x800002a8 (0x00100293) li      x5, 1
core   0: 3 0x800002a8 (0x00100293) x5  0x00000001
core   0: 0x800002ac (0x5e02c0d7) vmv.v.x v1, x5
core   0: 3 0x800002ac (0x5e02c0d7) c8_vstart 0x00000000 e32 m1 l32 v1  ffffffff 0x00000001 00000001 00000001 00000001 00000001 00000001 00000001 00000001 00000001 00000001 00000001 00000001 00000001 00000001 00000001 00000001 00000001 00000001 00000001 00000001 00000001 00000001 00000001 00000001 00000001 00000001 00000001 00000001 00000001 00000001 00000001 00000001 
core   0: 0x800002b0 (0x00000317) auipc   x6, 0x0
core   0: 3 0x800002b0 (0x00000317) x6  0x800002b0
core   0: 0x800002b4 (0x0383305b) setrpc  x0, x6, 56
core   0: 3 0x800002b4 (0x0383305b) c2060_rpc 0x800002e8 current mask:	ffffffff current npc:	800002a8 stack size: 0
core   0: 0x800002b8 (0x0200825b) vbeq    v0, v1, pc + 36
core   0: 3 0x800002b8 (0x0200825b) c8_vstart 0x00000000 e32 m1 l32 current mask:	ffffffff current npc:	800002bc stack size: 0
core   0: 0x800002bc (0x5e0040d7) vmv.v.x v1, x0
core   0: 3 0x800002bc (0x5e0040d7) c8_vstart 0x00000000 e32 m1 l32 v1  ffffffff 0x00000000 00000000 00000000 00000000 00000000 00000000 00000000 00000000 00000000 00000000 00000000 00000000 00000000 00000000 00000000 00000000 00000000 00000000 00000000 00000000 00000000 00000000 00000000 00000000 00000000 00000000 00000000 00000000 00000000 00000000 00000000 00000000 
core   0: 0x800002c0 (0x00000317) auipc   x6, 0x0
core   0: 3 0x800002c0 (0x00000317) x6  0x800002c0
core   0: 0x800002c4 (0x0283305b) setrpc  x0, x6, 40
core   0: 3 0x800002c4 (0x0283305b) c2060_rpc 0x800002e8 current mask:	ffffffff current npc:	800002bc stack size: 0
core   0: 0x800002c8 (0x00009e5b) vbne    v0, v1, pc + 28
core   0: 3 0x800002c8 (0x00009e5b) c8_vstart 0x00000000 e32 m1 l32 current mask:	ffffffff current npc:	800002cc stack size: 0
core   0: 0x800002cc (0x1a0000ef) jal     pc + 0x1a0
core   0: 3 0x800002cc (0x1a0000ef) x1  0x800002d0
core   0: 0x8000046c (0x00410113) addi    x2, x2, 4
core   0: 3 0x8000046c (0x00410113) x2  0x7000003c
core   0: 0x80000470 (0xfe112e23) sw      x1, -4(x2)
core   0: 3 0x80000470 (0xfe112e23) mem 0x70000038 0x800002d0
core   0: 0x80000474 (0xf1dff0ef) jal     pc - 0xe4
core   0: 3 0x80000474 (0xf1dff0ef) x1  0x80000478
core   0: 0x80000390 (0x00410113) addi    x2, x2, 4
core   0: 3 0x80000390 (0x00410113) x2  0x70000040
core   0: 0x80000394 (0xfe112e23) sw      x1, -4(x2)
core   0: 3 0x80000394 (0xfe112e23) mem 0x7000003c 0x80000478
core   0: 0x80000398 (0x80302573) csrr    x10, knl
core   0: 3 0x80000398 (0x80302573) x10 0x901c3000
core   0: 0x8000039c (0x00852283) lw      x5, 8(x10)
core   0: 3 0x8000039c (0x00852283) x5  0x00000002 mem 0x901c3008
core   0: 0x800003a0 (0x80002373) csrr    x6, tid
core   0: 3 0x800003a0 (0x80002373) x6  0x00000000
core   0: 0x800003a4 (0x5208a157) vid.v   v2
core   0: 3 0x800003a4 (0x5208a157) c8_vstart 0x00000000 e32 m1 l32 v2  ffffffff 0x0000001f 0000001e 0000001d 0000001c 0000001b 0000001a 00000019 00000018 00000017 00000016 00000015 00000014 00000013 00000012 00000011 00000010 0000000f 0000000e 0000000d 0000000c 0000000b 0000000a 00000009 00000008 00000007 00000006 00000005 00000004 00000003 00000002 00000001 00000000 
core   0: 0x800003a8 (0x02234057) vadd.vx v0, v2, x6
core   0: 3 0x800003a8 (0x02234057) c8_vstart 0x00000000 e32 m1 l32 v0  ffffffff 0x0000001f 0000001e 0000001d 0000001c 0000001b 0000001a 00000019 00000018 00000017 00000016 00000015 00000014 00000013 00000012 00000011 00000010 0000000f 0000000e 0000000d 0000000c 0000000b 0000000a 00000009 00000008 00000007 00000006 00000005 00000004 00000003 00000002 00000001 00000000 
core   0: 0x800003ac (0x01852e03) lw      x28, 24(x10)
core   0: 3 0x800003ac (0x01852e03) x28 0x0000000e mem 0x901c3018
core   0: 0x800003b0 (0x8a0e6057) vremu.vx v0, v0, x28
core   0: 3 0x800003b0 (0x8a0e6057) c8_vstart 0x00000000 e32 m1 l32 v0  ffffffff 0x00000003 00000002 00000001 00000000 0000000d 0000000c 0000000b 0000000a 00000009 00000008 00000007 00000006 00000005 00000004 00000003 00000002 00000001 00000000 0000000d 0000000c 0000000b 0000000a 00000009 00000008 00000007 00000006 00000005 00000004 00000003 00000002 00000001 00000000 
core   0: 0x800003b4 (0xffc12083) lw      x1, -4(x2)
core   0: 3 0x800003b4 (0xffc12083) x1  0x80000478 mem 0x7000003c
core   0: 0x800003b8 (0xffc10113) addi    x2, x2, -4
core   0: 3 0x800003b8 (0xffc10113) x2  0x7000003c
core   0: 0x800003bc (0x00008067) ret
core   0: 3 0x800003bc (0x00008067)
core   0: 0x80000478 (0x80302573) csrr    x10, knl
core   0: 3 0x80000478 (0x80302573) x10 0x901c3000
core   0: 0x8000047c (0x80802373) csrr    x6, gidx
core   0: 3 0x8000047c (0x80802373) x6  0x00000000
core   0: 0x80000480 (0x01852e03) lw      x28, 24(x10)
core   0: 3 0x80000480 (0x01852e03) x28 0x0000000e mem 0x901c3018
core   0: 0x80000484 (0x02452e83) lw      x29, 36(x10)
core   0: 3 0x80000484 (0x02452e83) x29 0x00000001 mem 0x901c3024
core   0: 0x80000488 (0x03c30fb3) mul     x31, x6, x28
core   0: 3 0x80000488 (0x03c30fb3) x31 0x00000000
core   0: 0x8000048c (0x01df8fb3) add     x31, x31, x29
core   0: 3 0x8000048c (0x01df8fb3) x31 0x00000001
core   0: 0x80000490 (0x020fc057) vadd.vx v0, v0, x31
core   0: 3 0x80000490 (0x020fc057) c8_vstart 0x00000000 e32 m1 l32 v0  ffffffff 0x00000004 00000003 00000002 00000001 0000000e 0000000d 0000000c 0000000b 0000000a 00000009 00000008 00000007 00000006 00000005 00000004 00000003 00000002 00000001 0000000e 0000000d 0000000c 0000000b 0000000a 00000009 00000008 00000007 00000006 00000005 00000004 00000003 00000002 00000001 
core   0: 0x80000494 (0xffc12083) lw      x1, -4(x2)
core   0: 3 0x80000494 (0xffc12083) x1  0x800002d0 mem 0x70000038
core   0: 0x80000498 (0xffc10113) addi    x2, x2, -4
core   0: 3 0x80000498 (0xffc10113) x2  0x70000038
core   0: 0x8000049c (0x00008067) ret
core   0: 3 0x8000049c (0x00008067)
core   0: 0x800002d0 (0x0180006f) j       pc + 0x18
core   0: 3 0x800002d0 (0x0180006f)
core   0: 0x800002e8 (0x0000205b) join    v0, v0, pc + 0
core   0: 3 0x800002e8 (0x0000205b) current mask:	ffffffff current npc:	800002cc stack size: 0
core   0: 0x800002ec (0xffc12083) lw      x1, -4(x2)
core   0: 3 0x800002ec (0xffc12083) x1  0x8000013c mem 0x70000034
core   0: 0x800002f0 (0xffc10113) addi    x2, x2, -4
core   0: 3 0x800002f0 (0xffc10113) x2  0x70000034
core   0: 0x800002f4 (0x00008067) ret
core   0: 3 0x800002f4 (0x00008067)
core   0: 0x8000013c (0x0010200b) regext  x0, x0,  0 0 0 1 
core   0: 3 0x8000013c (0x0010200b)
core   0: 0x80000140 (0x020040d7) vadd.vx v1, v0, x0
core   0: 3 0x80000140 (0x020040d7) c8_vstart 0x00000000 e32 m1 l32 v33 ffffffff 0x00000004 00000003 00000002 00000001 0000000e 0000000d 0000000c 0000000b 0000000a 00000009 00000008 00000007 00000006 00000005 00000004 00000003 00000002 00000001 0000000e 0000000d 0000000c 0000000b 0000000a 00000009 00000008 00000007 00000006 00000005 00000004 00000003 00000002 00000001 
core   0: 0x80000144 (0x00100293) li      x5, 1
core   0: 3 0x80000144 (0x00100293) x5  0x00000001
core   0: 0x80000148 (0x5e02c057) vmv.v.x v0, x5
core   0: 3 0x80000148 (0x5e02c057) c8_vstart 0x00000000 e32 m1 l32 v0  ffffffff 0x00000001 00000001 00000001 00000001 00000001 00000001 00000001 00000001 00000001 00000001 00000001 00000001 00000001 00000001 00000001 00000001 00000001 00000001 00000001 00000001 00000001 00000001 00000001 00000001 00000001 00000001 00000001 00000001 00000001 00000001 00000001 00000001 
core   0: 0x8000014c (0x140000ef) jal     pc + 0x140
core   0: 3 0x8000014c (0x140000ef) x1  0x80000150
core   0: 0x8000028c (0x00410113) addi    x2, x2, 4
core   0: 3 0x8000028c (0x00410113) x2  0x70000038
core   0: 0x80000290 (0xfe112e23) sw      x1, -4(x2)
core   0: 3 0x80000290 (0xfe112e23) mem 0x70000034 0x80000150
core   0: 0x80000294 (0x00200293) li      x5, 2
core   0: 3 0x80000294 (0x00200293) x5  0x00000002
core   0: 0x80000298 (0x5e02c0d7) vmv.v.x v1, x5
core   0: 3 0x80000298 (0x5e02c0d7) c8_vstart 0x00000000 e32 m1 l32 v1  ffffffff 0x00000002 00000002 00000002 00000002 00000002 00000002 00000002 00000002 00000002 00000002 00000002 00000002 00000002 00000002 00000002 00000002 00000002 00000002 00000002 00000002 00000002 00000002 00000002 00000002 00000002 00000002 00000002 00000002 00000002 00000002 00000002 00000002 
core   0: 0x8000029c (0x00000317) auipc   x6, 0x0
core   0: 3 0x8000029c (0x00000317) x6  0x8000029c
core   0: 0x800002a0 (0x04c3305b) setrpc  x0, x6, 76
core   0: 3 0x800002a0 (0x04c3305b) c2060_rpc 0x800002e8 current mask:	ffffffff current npc:	800002cc stack size: 0
core   0: 0x800002a4 (0x0200885b) vbeq    v0, v1, pc + 48
core   0: 3 0x800002a4 (0x0200885b) c8_vstart 0x00000000 e32 m1 l32 current mask:	ffffffff current npc:	800002a8 stack size: 0
core   0: 0x800002a8 (0x00100293) li      x5, 1
core   0: 3 0x800002a8 (0x00100293) x5  0x00000001
core   0: 0x800002ac (0x5e02c0d7) vmv.v.x v1, x5
core   0: 3 0x800002ac (0x5e02c0d7) c8_vstart 0x00000000 e32 m1 l32 v1  ffffffff 0x00000001 00000001 00000001 00000001 00000001 00000001 00000001 00000001 00000001 00000001 00000001 00000001 00000001 00000001 00000001 00000001 00000001 00000001 00000001 00000001 00000001 00000001 00000001 00000001 00000001 00000001 00000001 00000001 00000001 00000001 00000001 00000001 
core   0: 0x800002b0 (0x00000317) auipc   x6, 0x0
core   0: 3 0x800002b0 (0x00000317) x6  0x800002b0
core   0: 0x800002b4 (0x0383305b) setrpc  x0, x6, 56
core   0: 3 0x800002b4 (0x0383305b) c2060_rpc 0x800002e8 current mask:	ffffffff current npc:	800002a8 stack size: 0
core   0: 0x800002b8 (0x0200825b) vbeq    v0, v1, pc + 36
core   0: 3 0x800002b8 (0x0200825b) c8_vstart 0x00000000 e32 m1 l32 current mask:	ffffffff current npc:	800002dc stack size: 0
core   0: 0x800002dc (0x1c4000ef) jal     pc + 0x1c4
core   0: 3 0x800002dc (0x1c4000ef) x1  0x800002e0
core   0: 0x800004a0 (0x00410113) addi    x2, x2, 4
core   0: 3 0x800004a0 (0x00410113) x2  0x7000003c
core   0: 0x800004a4 (0xfe112e23) sw      x1, -4(x2)
core   0: 3 0x800004a4 (0xfe112e23) mem 0x70000038 0x800002e0
core   0: 0x800004a8 (0xf19ff0ef) jal     pc - 0xe8
core   0: 3 0x800004a8 (0xf19ff0ef) x1  0x800004ac
core   0: 0x800003c0 (0x00410113) addi    x2, x2, 4
core   0: 3 0x800003c0 (0x00410113) x2  0x70000040
core   0: 0x800003c4 (0xfe112e23) sw      x1, -4(x2)
core   0: 3 0x800003c4 (0xfe112e23) mem 0x7000003c 0x800004ac
core   0: 0x800003c8 (0x80302573) csrr    x10, knl
core   0: 3 0x800003c8 (0x80302573) x10 0x901c3000
core   0: 0x800003cc (0x00852283) lw      x5, 8(x10)
core   0: 3 0x800003cc (0x00852283) x5  0x00000002 mem 0x901c3008
core   0: 0x800003d0 (0x80002373) csrr    x6, tid
core   0: 3 0x800003d0 (0x80002373) x6  0x00000000
core   0: 0x800003d4 (0x5208a157) vid.v   v2
core   0: 3 0x800003d4 (0x5208a157) c8_vstart 0x00000000 e32 m1 l32 v2  ffffffff 0x0000001f 0000001e 0000001d 0000001c 0000001b 0000001a 00000019 00000018 00000017 00000016 00000015 00000014 00000013 00000012 00000011 00000010 0000000f 0000000e 0000000d 0000000c 0000000b 0000000a 00000009 00000008 00000007 00000006 00000005 00000004 00000003 00000002 00000001 00000000 
core   0: 0x800003d8 (0x02234057) vadd.vx v0, v2, x6
core   0: 3 0x800003d8 (0x02234057) c8_vstart 0x00000000 e32 m1 l32 v0  ffffffff 0x0000001f 0000001e 0000001d 0000001c 0000001b 0000001a 00000019 00000018 00000017 00000016 00000015 00000014 00000013 00000012 00000011 00000010 0000000f 0000000e 0000000d 0000000c 0000000b 0000000a 00000009 00000008 00000007 00000006 00000005 00000004 00000003 00000002 00000001 00000000 
core   0: 0x800003dc (0x01852e03) lw      x28, 24(x10)
core   0: 3 0x800003dc (0x01852e03) x28 0x0000000e mem 0x901c3018
core   0: 0x800003e0 (0x01c52e83) lw      x29, 28(x10)
core   0: 3 0x800003e0 (0x01c52e83) x29 0x00000001 mem 0x901c301c
core   0: 0x800003e4 (0x03ce8f33) mul     x30, x29, x28
core   0: 3 0x800003e4 (0x03ce8f33) x30 0x0000000e
core   0: 0x800003e8 (0x8a0f6057) vremu.vx v0, v0, x30
core   0: 3 0x800003e8 (0x8a0f6057) c8_vstart 0x00000000 e32 m1 l32 v0  ffffffff 0x00000003 00000002 00000001 00000000 0000000d 0000000c 0000000b 0000000a 00000009 00000008 00000007 00000006 00000005 00000004 00000003 00000002 00000001 00000000 0000000d 0000000c 0000000b 0000000a 00000009 00000008 00000007 00000006 00000005 00000004 00000003 00000002 00000001 00000000 
core   0: 0x800003ec (0x820e6057) vdivu.vx v0, v0, x28
core   0: 3 0x800003ec (0x820e6057) c8_vstart 0x00000000 e32 m1 l32 v0  ffffffff 0x00000000 00000000 00000000 00000000 00000000 00000000 00000000 00000000 00000000 00000000 00000000 00000000 00000000 00000000 00000000 00000000 00000000 00000000 00000000 00000000 00000000 00000000 00000000 00000000 00000000 00000000 00000000 00000000 00000000 00000000 00000000 00000000 
core   0: 0x800003f0 (0x5e0ec0d7) vmv.v.x v1, x29
core   0: 3 0x800003f0 (0x5e0ec0d7) c8_vstart 0x00000000 e32 m1 l32 v1  ffffffff 0x00000001 00000001 00000001 00000001 00000001 00000001 00000001 00000001 00000001 00000001 00000001 00000001 00000001 00000001 00000001 00000001 00000001 00000001 00000001 00000001 00000001 00000001 00000001 00000001 00000001 00000001 00000001 00000001 00000001 00000001 00000001 00000001 
core   0: 0x800003f4 (0x00000317) auipc   x6, 0x0
core   0: 3 0x800003f4 (0x00000317) x6  0x800003f4
core   0: 0x800003f8 (0x0143305b) setrpc  x0, x6, 20
core   0: 3 0x800003f8 (0x0143305b) c2060_rpc 0x80000408 current mask:	ffffffff current npc:	800002dc stack size: 0
core   0: 0x800003fc (0x0000c65b) vblt    v0, v1, pc + 12
core   0: 3 0x800003fc (0x0000c65b) c8_vstart 0x00000000 e32 m1 l32 current mask:	ffffffff current npc:	80000408 stack size: 0
core   0: 0x80000408 (0x0000205b) join    v0, v0, pc + 0
core   0: 3 0x80000408 (0x0000205b) current mask:	ffffffff current npc:	80000408 stack size: 0
core   0: 0x8000040c (0xffc12083) lw      x1, -4(x2)
core   0: 3 0x8000040c (0xffc12083) x1  0x800004ac mem 0x7000003c
core   0: 0x80000410 (0xffc10113) addi    x2, x2, -4
core   0: 3 0x80000410 (0xffc10113) x2  0x7000003c
core   0: 0x80000414 (0x00008067) ret
core   0: 3 0x80000414 (0x00008067)
core   0: 0x800004ac (0x80902373) csrr    x6, gidy
core   0: 3 0x800004ac (0x80902373) x6  0x00000003
core   0: 0x800004b0 (0x01c52383) lw      x7, 28(x10)
core   0: 3 0x800004b0 (0x01c52383) x7  0x00000001 mem 0x901c301c
core   0: 0x800004b4 (0x02852e83) lw      x29, 40(x10)
core   0: 3 0x800004b4 (0x02852e83) x29 0x00000001 mem 0x901c3028
core   0: 0x800004b8 (0x02730e33) mul     x28, x6, x7
core   0: 3 0x800004b8 (0x02730e33) x28 0x00000003
core   0: 0x800004bc (0x01de0e33) add     x28, x28, x29
core   0: 3 0x800004bc (0x01de0e33) x28 0x00000004
core   0: 0x800004c0 (0x020e4057) vadd.vx v0, v0, x28
core   0: 3 0x800004c0 (0x020e4057) c8_vstart 0x00000000 e32 m1 l32 v0  ffffffff 0x00000004 00000004 00000004 00000004 00000004 00000004 00000004 00000004 00000004 00000004 00000004 00000004 00000004 00000004 00000004 00000004 00000004 00000004 00000004 00000004 00000004 00000004 00000004 00000004 00000004 00000004 00000004 00000004 00000004 00000004 00000004 00000004 
core   0: 0x800004c4 (0xffc12083) lw      x1, -4(x2)
core   0: 3 0x800004c4 (0xffc12083) x1  0x800002e0 mem 0x70000038
core   0: 0x800004c8 (0xffc10113) addi    x2, x2, -4
core   0: 3 0x800004c8 (0xffc10113) x2  0x70000038
core   0: 0x800004cc (0x00008067) ret
core   0: 3 0x800004cc (0x00008067)
core   0: 0x800002e0 (0x0080006f) j       pc + 0x8
core   0: 3 0x800002e0 (0x0080006f)
core   0: 0x800002e8 (0x0000205b) join    v0, v0, pc + 0
core   0: 3 0x800002e8 (0x0000205b) current mask:	ffffffff current npc:	80000408 stack size: 0
core   0: 0x800002ec (0xffc12083) lw      x1, -4(x2)
core   0: 3 0x800002ec (0xffc12083) x1  0x80000150 mem 0x70000034
core   0: 0x800002f0 (0xffc10113) addi    x2, x2, -4
core   0: 3 0x800002f0 (0xffc10113) x2  0x70000034
core   0: 0x800002f4 (0x00008067) ret
core   0: 3 0x800002f4 (0x00008067)
core   0: 0x80000150 (0xfd012283) lw      x5, -48(x2)
core   0: 3 0x80000150 (0xfd012283) x5  0x00000010 mem 0x70000004
core   0: 0x80000154 (0x5e02c0d7) vmv.v.x v1, x5
core   0: 3 0x80000154 (0x5e02c0d7) c8_vstart 0x00000000 e32 m1 l32 v1  ffffffff 0x00000010 00000010 00000010 00000010 00000010 00000010 00000010 00000010 00000010 00000010 00000010 00000010 00000010 00000010 00000010 00000010 00000010 00000010 00000010 00000010 00000010 00000010 00000010 00000010 00000010 00000010 00000010 00000010 00000010 00000010 00000010 00000010 
core   0: 0x80000158 (0x0400200b) regext  x0, x0,  0 1 0 0 
core   0: 3 0x80000158 (0x0400200b)
core   0: 0x8000015c (0xa612e057) vmadd.vx v0, v1, x5
core   0: 3 0x8000015c (0xa612e057) c8_vstart 0x00000000 e32 m1 l32 v0  ffffffff 0x00000044 00000043 00000042 00000041 0000004e 0000004d 0000004c 0000004b 0000004a 00000049 00000048 00000047 00000046 00000045 00000044 00000043 00000042 00000041 0000004e 0000004d 0000004c 0000004b 0000004a 00000049 00000048 00000047 00000046 00000045 00000044 00000043 00000042 00000041 
core   0: 0x80000160 (0x0010110b) vsub12.vi v2, v0, 1
core   0: 3 0x80000160 (0x0010110b) c8_vstart 0x00000000 e32 m1 l32 v2  ffffffff 0x00000043 00000042 00000041 00000040 0000004d 0000004c 0000004b 0000004a 00000049 00000048 00000047 00000046 00000045 00000044 00000043 00000042 00000041 00000040 0000004d 0000004c 0000004b 0000004a 00000049 00000048 00000047 00000046 00000045 00000044 00000043 00000042 00000041 00000040 
core   0: 0x80000164 (0x0a2081d7) vsub.vv v3, v2, v1
core   0: 3 0x80000164 (0x0a2081d7) c8_vstart 0x00000000 e32 m1 l32 v3  ffffffff 0x00000033 00000032 00000031 00000030 0000003d 0000003c 0000003b 0000003a 00000039 00000038 00000037 00000036 00000035 00000034 00000033 00000032 00000031 00000030 0000003d 0000003c 0000003b 0000003a 00000039 00000038 00000037 00000036 00000035 00000034 00000033 00000032 00000031 00000030 
core   0: 0x80000168 (0x963131d7) vsll.vi v3, v3, 2
core   0: 3 0x80000168 (0x963131d7) c8_vstart 0x00000000 e32 m1 l32 v3  ffffffff 0x000000cc 000000c8 000000c4 000000c0 000000f4 000000f0 000000ec 000000e8 000000e4 000000e0 000000dc 000000d8 000000d4 000000d0 000000cc 000000c8 000000c4 000000c0 000000f4 000000f0 000000ec 000000e8 000000e4 000000e0 000000dc 000000d8 000000d4 000000d0 000000cc 000000c8 000000c4 000000c0 
core   0: 0x8000016c (0xfd412283) lw      x5, -44(x2)
core   0: 3 0x8000016c (0xfd412283) x5  0x90000000 mem 0x70000008
core   0: 0x80000170 (0x5e02c257) vmv.v.x v4, x5
core   0: 3 0x80000170 (0x5e02c257) c8_vstart 0x00000000 e32 m1 l32 v4  ffffffff 0x90000000 90000000 90000000 90000000 90000000 90000000 90000000 90000000 90000000 90000000 90000000 90000000 90000000 90000000 90000000 90000000 90000000 90000000 90000000 90000000 90000000 90000000 90000000 90000000 90000000 90000000 90000000 90000000 90000000 90000000 90000000 90000000 
core   0: 0x80000174 (0x0232c1d7) vadd.vx v3, v3, x5
core   0: 3 0x80000174 (0x0232c1d7) c8_vstart 0x00000000 e32 m1 l32 v3  ffffffff 0x900000cc 900000c8 900000c4 900000c0 900000f4 900000f0 900000ec 900000e8 900000e4 900000e0 900000dc 900000d8 900000d4 900000d0 900000cc 900000c8 900000c4 900000c0 900000f4 900000f0 900000ec 900000e8 900000e4 900000e0 900000dc 900000d8 900000d4 900000d0 900000cc 900000c8 900000c4 900000c0 
core   0: 0x80000178 (0x0a0082d7) vsub.vv v5, v0, v1
core   0: 3 0x80000178 (0x0a0082d7) c8_vstart 0x00000000 e32 m1 l32 v5  ffffffff 0x00000034 00000033 00000032 00000031 0000003e 0000003d 0000003c 0000003b 0000003a 00000039 00000038 00000037 00000036 00000035 00000034 00000033 00000032 00000031 0000003e 0000003d 0000003c 0000003b 0000003a 00000039 00000038 00000037 00000036 00000035 00000034 00000033 00000032 00000031 
core   0: 0x8000017c (0x965132d7) vsll.vi v5, v5, 2
core   0: 3 0x8000017c (0x965132d7) c8_vstart 0x00000000 e32 m1 l32 v5  ffffffff 0x000000d0 000000cc 000000c8 000000c4 000000f8 000000f4 000000f0 000000ec 000000e8 000000e4 000000e0 000000dc 000000d8 000000d4 000000d0 000000cc 000000c8 000000c4 000000f8 000000f4 000000f0 000000ec 000000e8 000000e4 000000e0 000000dc 000000d8 000000d4 000000d0 000000cc 000000c8 000000c4 
core   0: 0x80000180 (0x024282d7) vadd.vv v5, v4, v5
core   0: 3 0x80000180 (0x024282d7) c8_vstart 0x00000000 e32 m1 l32 v5  ffffffff 0x900000d0 900000cc 900000c8 900000c4 900000f8 900000f4 900000f0 900000ec 900000e8 900000e4 900000e0 900000dc 900000d8 900000d4 900000d0 900000cc 900000c8 900000c4 900000f8 900000f4 900000f0 900000ec 900000e8 900000e4 900000e0 900000dc 900000d8 900000d4 900000d0 900000cc 900000c8 900000c4 
core   0: 0x80000184 (0x0002a2fb) vlw12.v v5, v5, 0
core   0: 3 0x80000184 (0x0002a2fb) e32 m1 l32 v5  ffffffff 0x41c8a4ec 428e85e5 428272ed 42850eeb 4061f1ab 428c15f9 4297a1cf 41e4c666 4101d7ab 42517875 42bb7d32 42312134 428cb2da 4229541f 41c8a4ec 428e85e5 428272ed 42850eeb 4061f1ab 428c15f9 4297a1cf 41e4c666 4101d7ab 42517875 42bb7d32 42312134 428cb2da 4229541f 41c8a4ec 428e85e5 428272ed 42850eeb  c8_vstart 0x00000000 mem 0x900000c4 mem 0x900000c8 mem 0x900000cc mem 0x900000d0 mem 0x900000d4 mem 0x900000d8 mem 0x900000dc mem 0x900000e0 mem 0x900000e4 mem 0x900000e8 mem 0x900000ec mem 0x900000f0 mem 0x900000f4 mem 0x900000f8 mem 0x900000c4 mem 0x900000c8 mem 0x900000cc mem 0x900000d0 mem 0x900000d4 mem 0x900000d8 mem 0x900000dc mem 0x900000e0 mem 0x900000e4 mem 0x900000e8 mem 0x900000ec mem 0x900000f0 mem 0x900000f4 mem 0x900000f8 mem 0x900000c4 mem 0x900000c8 mem 0x900000cc mem 0x900000d0
core   0: 0x80000188 (0x0001a1fb) vlw12.v v3, v3, 0
core   0: 3 0x80000188 (0x0001a1fb) e32 m1 l32 v3  ffffffff 0x428e85e5 428272ed 42850eeb 41cf2b02 428c15f9 4297a1cf 41e4c666 4101d7ab 42517875 42bb7d32 42312134 428cb2da 4229541f 41c8a4ec 428e85e5 428272ed 42850eeb 41cf2b02 428c15f9 4297a1cf 41e4c666 4101d7ab 42517875 42bb7d32 42312134 428cb2da 4229541f 41c8a4ec 428e85e5 428272ed 42850eeb 41cf2b02  c8_vstart 0x00000000 mem 0x900000c0 mem 0x900000c4 mem 0x900000c8 mem 0x900000cc mem 0x900000d0 mem 0x900000d4 mem 0x900000d8 mem 0x900000dc mem 0x900000e0 mem 0x900000e4 mem 0x900000e8 mem 0x900000ec mem 0x900000f0 mem 0x900000f4 mem 0x900000c0 mem 0x900000c4 mem 0x900000c8 mem 0x900000cc mem 0x900000d0 mem 0x900000d4 mem 0x900000d8 mem 0x900000dc mem 0x900000e0 mem 0x900000e4 mem 0x900000e8 mem 0x900000ec mem 0x900000f0 mem 0x900000f4 mem 0x900000c0 mem 0x900000c4 mem 0x900000c8 mem 0x900000cc
core   0: 0x8000018c (0xfd812283) lw      x5, -40(x2)
core   0: 3 0x8000018c (0xfd812283) x5  0x3f800000 mem 0x7000000c
core   0: 0x80000190 (0x5e02c357) vmv.v.x v6, x5
core   0: 3 0x80000190 (0x5e02c357) c8_vstart 0x00000000 e32 m1 l32 v6  ffffffff 0x3f800000 3f800000 3f800000 3f800000 3f800000 3f800000 3f800000 3f800000 3f800000 3f800000 3f800000 3f800000 3f800000 3f800000 3f800000 3f800000 3f800000 3f800000 3f800000 3f800000 3f800000 3f800000 3f800000 3f800000 3f800000 3f800000 3f800000 3f800000 3f800000 3f800000 3f800000 3f800000 
core   0: 0x80000194 (0x925312d7) vfmul.vv v5, v5, v6
core   0: 3 0x80000194 (0x925312d7) c8_vstart 0x00000000 e32 m1 l32 v5  ffffffff 0x41c8a4ec 428e85e5 428272ed 42850eeb 4061f1ab 428c15f9 4297a1cf 41e4c666 4101d7ab 42517875 42bb7d32 42312134 428cb2da 4229541f 41c8a4ec 428e85e5 428272ed 42850eeb 4061f1ab 428c15f9 4297a1cf 41e4c666 4101d7ab 42517875 42bb7d32 42312134 428cb2da 4229541f 41c8a4ec 428e85e5 428272ed 42850eeb 
core   0: 0x80000198 (0x0200b357) vadd.vi v6, v0, 1
core   0: 3 0x80000198 (0x0200b357) c8_vstart 0x00000000 e32 m1 l32 v6  ffffffff 0x00000045 00000044 00000043 00000042 0000004f 0000004e 0000004d 0000004c 0000004b 0000004a 00000049 00000048 00000047 00000046 00000045 00000044 00000043 00000042 0000004f 0000004e 0000004d 0000004c 0000004b 0000004a 00000049 00000048 00000047 00000046 00000045 00000044 00000043 00000042 
core   0: 0x8000019c (0x0a6083d7) vsub.vv v7, v6, v1
core   0: 3 0x8000019c (0x0a6083d7) c8_vstart 0x00000000 e32 m1 l32 v7  ffffffff 0x00000035 00000034 00000033 00000032 0000003f 0000003e 0000003d 0000003c 0000003b 0000003a 00000039 00000038 00000037 00000036 00000035 00000034 00000033 00000032 0000003f 0000003e 0000003d 0000003c 0000003b 0000003a 00000039 00000038 00000037 00000036 00000035 00000034 00000033 00000032 
core   0: 0x800001a0 (0x967133d7) vsll.vi v7, v7, 2
core   0: 3 0x800001a0 (0x967133d7) c8_vstart 0x00000000 e32 m1 l32 v7  ffffffff 0x000000d4 000000d0 000000cc 000000c8 000000fc 000000f8 000000f4 000000f0 000000ec 000000e8 000000e4 000000e0 000000dc 000000d8 000000d4 000000d0 000000cc 000000c8 000000fc 000000f8 000000f4 000000f0 000000ec 000000e8 000000e4 000000e0 000000dc 000000d8 000000d4 000000d0 000000cc 000000c8 
core   0: 0x800001a4 (0x024383d7) vadd.vv v7, v4, v7
core   0: 3 0x800001a4 (0x024383d7) c8_vstart 0x00000000 e32 m1 l32 v7  ffffffff 0x900000d4 900000d0 900000cc 900000c8 900000fc 900000f8 900000f4 900000f0 900000ec 900000e8 900000e4 900000e0 900000dc 900000d8 900000d4 900000d0 900000cc 900000c8 900000fc 900000f8 900000f4 900000f0 900000ec 900000e8 900000e4 900000e0 900000dc 900000d8 900000d4 900000d0 900000cc 900000c8 
core   0: 0x800001a8 (0x0003a3fb) vlw12.v v7, v7, 0
core   0: 3 0x800001a8 (0x0003a3fb) e32 m1 l32 v7  ffffffff 0x4229541f 41c8a4ec 428e85e5 428272ed 415c1827 4061f1ab 428c15f9 4297a1cf 41e4c666 4101d7ab 42517875 42bb7d32 42312134 428cb2da 4229541f 41c8a4ec 428e85e5 428272ed 415c1827 4061f1ab 428c15f9 4297a1cf 41e4c666 4101d7ab 42517875 42bb7d32 42312134 428cb2da 4229541f 41c8a4ec 428e85e5 428272ed  c8_vstart 0x00000000 mem 0x900000c8 mem 0x900000cc mem 0x900000d0 mem 0x900000d4 mem 0x900000d8 mem 0x900000dc mem 0x900000e0 mem 0x900000e4 mem 0x900000e8 mem 0x900000ec mem 0x900000f0 mem 0x900000f4 mem 0x900000f8 mem 0x900000fc mem 0x900000c8 mem 0x900000cc mem 0x900000d0 mem 0x900000d4 mem 0x900000d8 mem 0x900000dc mem 0x900000e0 mem 0x900000e4 mem 0x900000e8 mem 0x900000ec mem 0x900000f0 mem 0x900000f4 mem 0x900000f8 mem 0x900000fc mem 0x900000c8 mem 0x900000cc mem 0x900000d0 mem 0x900000d4
core   0: 0x800001ac (0x96213457) vsll.vi v8, v2, 2
core   0: 3 0x800001ac (0x96213457) c8_vstart 0x00000000 e32 m1 l32 v8  ffffffff 0x0000010c 00000108 00000104 00000100 00000134 00000130 0000012c 00000128 00000124 00000120 0000011c 00000118 00000114 00000110 0000010c 00000108 00000104 00000100 00000134 00000130 0000012c 00000128 00000124 00000120 0000011c 00000118 00000114 00000110 0000010c 00000108 00000104 00000100 
core   0: 0x800001b0 (0x02440457) vadd.vv v8, v4, v8
core   0: 3 0x800001b0 (0x02440457) c8_vstart 0x00000000 e32 m1 l32 v8  ffffffff 0x9000010c 90000108 90000104 90000100 90000134 90000130 9000012c 90000128 90000124 90000120 9000011c 90000118 90000114 90000110 9000010c 90000108 90000104 90000100 90000134 90000130 9000012c 90000128 90000124 90000120 9000011c 90000118 90000114 90000110 9000010c 90000108 90000104 90000100 
core   0: 0x800001b4 (0x0004247b) vlw12.v v8, v8, 0
core   0: 3 0x800001b4 (0x0004247b) e32 m1 l32 v8  ffffffff 0x42a05c21 4187c2c3 429eddba 425ff82d 425b1c06 42204eb2 40069e33 42b7680b 4210d42c 429ba402 429e478c 42b1d2c3 427fbdce 41c0faa9 42a05c21 4187c2c3 429eddba 425ff82d 425b1c06 42204eb2 40069e33 42b7680b 4210d42c 429ba402 429e478c 42b1d2c3 427fbdce 41c0faa9 42a05c21 4187c2c3 429eddba 425ff82d  c8_vstart 0x00000000 mem 0x90000100 mem 0x90000104 mem 0x90000108 mem 0x9000010c mem 0x90000110 mem 0x90000114 mem 0x90000118 mem 0x9000011c mem 0x90000120 mem 0x90000124 mem 0x90000128 mem 0x9000012c mem 0x90000130 mem 0x90000134 mem 0x90000100 mem 0x90000104 mem 0x90000108 mem 0x9000010c mem 0x90000110 mem 0x90000114 mem 0x90000118 mem 0x9000011c mem 0x90000120 mem 0x90000124 mem 0x90000128 mem 0x9000012c mem 0x90000130 mem 0x90000134 mem 0x90000100 mem 0x90000104 mem 0x90000108 mem 0x9000010c
core   0: 0x800001b8 (0x960134d7) vsll.vi v9, v0, 2
core   0: 3 0x800001b8 (0x960134d7) c8_vstart 0x00000000 e32 m1 l32 v9  ffffffff 0x00000110 0000010c 00000108 00000104 00000138 00000134 00000130 0000012c 00000128 00000124 00000120 0000011c 00000118 00000114 00000110 0000010c 00000108 00000104 00000138 00000134 00000130 0000012c 00000128 00000124 00000120 0000011c 00000118 00000114 00000110 0000010c 00000108 00000104 
core   0: 0x800001bc (0x02448557) vadd.vv v10, v4, v9
core   0: 3 0x800001bc (0x02448557) c8_vstart 0x00000000 e32 m1 l32 v10 ffffffff 0x90000110 9000010c 90000108 90000104 90000138 90000134 90000130 9000012c 90000128 90000124 90000120 9000011c 90000118 90000114 90000110 9000010c 90000108 90000104 90000138 90000134 90000130 9000012c 90000128 90000124 90000120 9000011c 90000118 90000114 90000110 9000010c 90000108 90000104 
core   0: 0x800001c0 (0x0005257b) vlw12.v v10, v10, 0
core   0: 3 0x800001c0 (0x0005257b) e32 m1 l32 v10 ffffffff 0x41c0faa9 42a05c21 4187c2c3 429eddba 42c35fa1 425b1c06 42204eb2 40069e33 42b7680b 4210d42c 429ba402 429e478c 42b1d2c3 427fbdce 41c0faa9 42a05c21 4187c2c3 429eddba 42c35fa1 425b1c06 42204eb2 40069e33 42b7680b 4210d42c 429ba402 429e478c 42b1d2c3 427fbdce 41c0faa9 42a05c21 4187c2c3 429eddba  c8_vstart 0x00000000 mem 0x90000104 mem 0x90000108 mem 0x9000010c mem 0x90000110 mem 0x90000114 mem 0x90000118 mem 0x9000011c mem 0x90000120 mem 0x90000124 mem 0x90000128 mem 0x9000012c mem 0x90000130 mem 0x90000134 mem 0x90000138 mem 0x90000104 mem 0x90000108 mem 0x9000010c mem 0x90000110 mem 0x90000114 mem 0x90000118 mem 0x9000011c mem 0x90000120 mem 0x90000124 mem 0x90000128 mem 0x9000012c mem 0x90000130 mem 0x90000134 mem 0x90000138 mem 0x90000104 mem 0x90000108 mem 0x9000010c mem 0x90000110
core   0: 0x800001c4 (0x966135d7) vsll.vi v11, v6, 2
core   0: 3 0x800001c4 (0x966135d7) c8_vstart 0x00000000 e32 m1 l32 v11 ffffffff 0x00000114 00000110 0000010c 00000108 0000013c 00000138 00000134 00000130 0000012c 00000128 00000124 00000120 0000011c 00000118 00000114 00000110 0000010c 00000108 0000013c 00000138 00000134 00000130 0000012c 00000128 00000124 00000120 0000011c 00000118 00000114 00000110 0000010c 00000108 
core   0: 0x800001c8 (0x024585d7) vadd.vv v11, v4, v11
core   0: 3 0x800001c8 (0x024585d7) c8_vstart 0x00000000 e32 m1 l32 v11 ffffffff 0x90000114 90000110 9000010c 90000108 9000013c 90000138 90000134 90000130 9000012c 90000128 90000124 90000120 9000011c 90000118 90000114 90000110 9000010c 90000108 9000013c 90000138 90000134 90000130 9000012c 90000128 90000124 90000120 9000011c 90000118 90000114 90000110 9000010c 90000108 
core   0: 0x800001cc (0x0005a5fb) vlw12.v v11, v11, 0
core   0: 3 0x800001cc (0x0005a5fb) e32 m1 l32 v11 ffffffff 0x427fbdce 41c0faa9 42a05c21 4187c2c3 4283f21a 42c35fa1 425b1c06 42204eb2 40069e33 42b7680b 4210d42c 429ba402 429e478c 42b1d2c3 427fbdce 41c0faa9 42a05c21 4187c2c3 4283f21a 42c35fa1 425b1c06 42204eb2 40069e33 42b7680b 4210d42c 429ba402 429e478c 42b1d2c3 427fbdce 41c0faa9 42a05c21 4187c2c3  c8_vstart 0x00000000 mem 0x90000108 mem 0x9000010c mem 0x90000110 mem 0x90000114 mem 0x90000118 mem 0x9000011c mem 0x90000120 mem 0x90000124 mem 0x90000128 mem 0x9000012c mem 0x90000130 mem 0x90000134 mem 0x90000138 mem 0x9000013c mem 0x90000108 mem 0x9000010c mem 0x90000110 mem 0x90000114 mem 0x90000118 mem 0x9000011c mem 0x90000120 mem 0x90000124 mem 0x90000128 mem 0x9000012c mem 0x90000130 mem 0x90000134 mem 0x90000138 mem 0x9000013c mem 0x90000108 mem 0x9000010c mem 0x90000110 mem 0x90000114
core   0: 0x800001d0 (0x02208157) vadd.vv v2, v2, v1
core   0: 3 0x800001d0 (0x02208157) c8_vstart 0x00000000 e32 m1 l32 v2  ffffffff 0x00000053 00000052 00000051 00000050 0000005d 0000005c 0000005b 0000005a 00000059 00000058 00000057 00000056 00000055 00000054 00000053 00000052 00000051 00000050 0000005d 0000005c 0000005b 0000005a 00000059 00000058 00000057 00000056 00000055 00000054 00000053 00000052 00000051 00000050 
core   0: 0x800001d4 (0x96213157) vsll.vi v2, v2, 2
core   0: 3 0x800001d4 (0x96213157) c8_vstart 0x00000000 e32 m1 l32 v2  ffffffff 0x0000014c 00000148 00000144 00000140 00000174 00000170 0000016c 00000168 00000164 00000160 0000015c 00000158 00000154 00000150 0000014c 00000148 00000144 00000140 00000174 00000170 0000016c 00000168 00000164 00000160 0000015c 00000158 00000154 00000150 0000014c 00000148 00000144 00000140 
core   0: 0x800001d8 (0x02410157) vadd.vv v2, v4, v2
core   0: 3 0x800001d8 (0x02410157) c8_vstart 0x00000000 e32 m1 l32 v2  ffffffff 0x9000014c 90000148 90000144 90000140 90000174 90000170 9000016c 90000168 90000164 90000160 9000015c 90000158 90000154 90000150 9000014c 90000148 90000144 90000140 90000174 90000170 9000016c 90000168 90000164 90000160 9000015c 90000158 90000154 90000150 9000014c 90000148 90000144 90000140 
core   0: 0x800001dc (0x0001217b) vlw12.v v2, v2, 0
core   0: 3 0x800001dc (0x0001217b) e32 m1 l32 v2  ffffffff 0x42398c52 4214effe 427ba51b 41aa73b7 41f8ebda 4289a7b1 420f11c3 41dcada4 42c591b8 426fce25 42c5f9d0 42b556c3 40f2ad82 40a7c9d2 42398c52 4214effe 427ba51b 41aa73b7 41f8ebda 4289a7b1 420f11c3 41dcada4 42c591b8 426fce25 42c5f9d0 42b556c3 40f2ad82 40a7c9d2 42398c52 4214effe 427ba51b 41aa73b7  c8_vstart 0x00000000 mem 0x90000140 mem 0x90000144 mem 0x90000148 mem 0x9000014c mem 0x90000150 mem 0x90000154 mem 0x90000158 mem 0x9000015c mem 0x90000160 mem 0x90000164 mem 0x90000168 mem 0x9000016c mem 0x90000170 mem 0x90000174 mem 0x90000140 mem 0x90000144 mem 0x90000148 mem 0x9000014c mem 0x90000150 mem 0x90000154 mem 0x90000158 mem 0x9000015c mem 0x90000160 mem 0x90000164 mem 0x90000168 mem 0x9000016c mem 0x90000170 mem 0x90000174 mem 0x90000140 mem 0x90000144 mem 0x90000148 mem 0x9000014c
core   0: 0x800001e0 (0x02008057) vadd.vv v0, v0, v1
core   0: 3 0x800001e0 (0x02008057) c8_vstart 0x00000000 e32 m1 l32 v0  ffffffff 0x00000054 00000053 00000052 00000051 0000005e 0000005d 0000005c 0000005b 0000005a 00000059 00000058 00000057 00000056 00000055 00000054 00000053 00000052 00000051 0000005e 0000005d 0000005c 0000005b 0000005a 00000059 00000058 00000057 00000056 00000055 00000054 00000053 00000052 00000051 
core   0: 0x800001e4 (0x96013057) vsll.vi v0, v0, 2
core   0: 3 0x800001e4 (0x96013057) c8_vstart 0x00000000 e32 m1 l32 v0  ffffffff 0x00000150 0000014c 00000148 00000144 00000178 00000174 00000170 0000016c 00000168 00000164 00000160 0000015c 00000158 00000154 00000150 0000014c 00000148 00000144 00000178 00000174 00000170 0000016c 00000168 00000164 00000160 0000015c 00000158 00000154 00000150 0000014c 00000148 00000144 
core   0: 0x800001e8 (0x02400057) vadd.vv v0, v4, v0
core   0: 3 0x800001e8 (0x02400057) c8_vstart 0x00000000 e32 m1 l32 v0  ffffffff 0x90000150 9000014c 90000148 90000144 90000178 90000174 90000170 9000016c 90000168 90000164 90000160 9000015c 90000158 90000154 90000150 9000014c 90000148 90000144 90000178 90000174 90000170 9000016c 90000168 90000164 90000160 9000015c 90000158 90000154 90000150 9000014c 90000148 90000144 
core   0: 0x800001ec (0x0000207b) vlw12.v v0, v0, 0
core   0: 3 0x800001ec (0x0000207b) e32 m1 l32 v0  ffffffff 0x40a7c9d2 42398c52 4214effe 427ba51b 424617cd 41f8ebda 4289a7b1 420f11c3 41dcada4 42c591b8 426fce25 42c5f9d0 42b556c3 40f2ad82 40a7c9d2 42398c52 4214effe 427ba51b 424617cd 41f8ebda 4289a7b1 420f11c3 41dcada4 42c591b8 426fce25 42c5f9d0 42b556c3 40f2ad82 40a7c9d2 42398c52 4214effe 427ba51b  c8_vstart 0x00000000 mem 0x90000144 mem 0x90000148 mem 0x9000014c mem 0x90000150 mem 0x90000154 mem 0x90000158 mem 0x9000015c mem 0x90000160 mem 0x90000164 mem 0x90000168 mem 0x9000016c mem 0x90000170 mem 0x90000174 mem 0x90000178 mem 0x90000144 mem 0x90000148 mem 0x9000014c mem 0x90000150 mem 0x90000154 mem 0x90000158 mem 0x9000015c mem 0x90000160 mem 0x90000164 mem 0x90000168 mem 0x9000016c mem 0x90000170 mem 0x90000174 mem 0x90000178 mem 0x90000144 mem 0x90000148 mem 0x9000014c mem 0x90000150
core   0: 0x800001f0 (0x026080d7) vadd.vv v1, v6, v1
core   0: 3 0x800001f0 (0x026080d7) c8_vstart 0x00000000 e32 m1 l32 v1  ffffffff 0x00000055 00000054 00000053 00000052 0000005f 0000005e 0000005d 0000005c 0000005b 0000005a 00000059 00000058 00000057 00000056 00000055 00000054 00000053 00000052 0000005f 0000005e 0000005d 0000005c 0000005b 0000005a 00000059 00000058 00000057 00000056 00000055 00000054 00000053 00000052 
core   0: 0x800001f4 (0x961130d7) vsll.vi v1, v1, 2
core   0: 3 0x800001f4 (0x961130d7) c8_vstart 0x00000000 e32 m1 l32 v1  ffffffff 0x00000154 00000150 0000014c 00000148 0000017c 00000178 00000174 00000170 0000016c 00000168 00000164 00000160 0000015c 00000158 00000154 00000150 0000014c 00000148 0000017c 00000178 00000174 00000170 0000016c 00000168 00000164 00000160 0000015c 00000158 00000154 00000150 0000014c 00000148 
core   0: 0x800001f8 (0x024080d7) vadd.vv v1, v4, v1
core   0: 3 0x800001f8 (0x024080d7) c8_vstart 0x00000000 e32 m1 l32 v1  ffffffff 0x90000154 90000150 9000014c 90000148 9000017c 90000178 90000174 90000170 9000016c 90000168 90000164 90000160 9000015c 90000158 90000154 90000150 9000014c 90000148 9000017c 90000178 90000174 90000170 9000016c 90000168 90000164 90000160 9000015c 90000158 90000154 90000150 9000014c 90000148 
core   0: 0x800001fc (0x0000a0fb) vlw12.v v1, v1, 0
core   0: 3 0x800001fc (0x0000a0fb) e32 m1 l32 v1  ffffffff 0x40f2ad82 40a7c9d2 42398c52 4214effe 41c68f1e 424617cd 41f8ebda 4289a7b1 420f11c3 41dcada4 42c591b8 426fce25 42c5f9d0 42b556c3 40f2ad82 40a7c9d2 42398c52 4214effe 41c68f1e 424617cd 41f8ebda 4289a7b1 420f11c3 41dcada4 42c591b8 426fce25 42c5f9d0 42b556c3 40f2ad82 40a7c9d2 42398c52 4214effe  c8_vstart 0x00000000 mem 0x90000148 mem 0x9000014c mem 0x90000150 mem 0x90000154 mem 0x90000158 mem 0x9000015c mem 0x90000160 mem 0x90000164 mem 0x90000168 mem 0x9000016c mem 0x90000170 mem 0x90000174 mem 0x90000178 mem 0x9000017c mem 0x90000148 mem 0x9000014c mem 0x90000150 mem 0x90000154 mem 0x90000158 mem 0x9000015c mem 0x90000160 mem 0x90000164 mem 0x90000168 mem 0x9000016c mem 0x90000170 mem 0x90000174 mem 0x90000178 mem 0x9000017c mem 0x90000148 mem 0x9000014c mem 0x90000150 mem 0x90000154
core   0: 0x80000200 (0xfdc12283) lw      x5, -36(x2)
core   0: 3 0x80000200 (0xfdc12283) x5  0x3f800000 mem 0x70000010
core   0: 0x80000204 (0x5e02c257) vmv.v.x v4, x5
core   0: 3 0x80000204 (0x5e02c257) c8_vstart 0x00000000 e32 m1 l32 v4  ffffffff 0x3f800000 3f800000 3f800000 3f800000 3f800000 3f800000 3f800000 3f800000 3f800000 3f800000 3f800000 3f800000 3f800000 3f800000 3f800000 3f800000 3f800000 3f800000 3f800000 3f800000 3f800000 3f800000 3f800000 3f800000 3f800000 3f800000 3f800000 3f800000 3f800000 3f800000 3f800000 3f800000 
core   0: 0x80000208 (0xa25211d7) vfmadd.vv v3, v5, v4
core   0: 3 0x80000208 (0xa25211d7) c8_vstart 0x00000000 c1_fflags 0x00000001 e32 m1 l32 v3  ffffffff 0x42c0af20 43087c69 4303c0ec 42b8d9ac 42932586 4311dbe4 42d0d368 4212d91e 4271ee60 43121cb6 430a06e6 42e54374 42e15cea 4286d34a 42c0af20 43087c69 4303c0ec 42b8d9ac 42932586 4311dbe4 42d0d368 4212d91e 4271ee60 43121cb6 430a06e6 42e54374 42e15cea 4286d34a 42c0af20 43087c69 4303c0ec 42b8d9ac 
core   0: 0x8000020c (0xfe012283) lw      x5, -32(x2)
core   0: 3 0x8000020c (0xfe012283) x5  0x3f800000 mem 0x70000014
core   0: 0x80000210 (0x5e02c257) vmv.v.x v4, x5
core   0: 3 0x80000210 (0x5e02c257) c8_vstart 0x00000000 e32 m1 l32 v4  ffffffff 0x3f800000 3f800000 3f800000 3f800000 3f800000 3f800000 3f800000 3f800000 3f800000 3f800000 3f800000 3f800000 3f800000 3f800000 3f800000 3f800000 3f800000 3f800000 3f800000 3f800000 3f800000 3f800000 3f800000 3f800000 3f800000 3f800000 3f800000 3f800000 3f800000 3f800000 3f800000 3f800000 
core   0: 0x80000214 (0xa23213d7) vfmadd.vv v7, v3, v4
core   0: 3 0x80000214 (0xa23213d7) c8_vstart 0x00000000 c1_fflags 0x00000001 e32 m1 l32 v7  ffffffff 0x430aac98 43219106 434b03de 431da64c 42aea88b 431563ab 432e74b0 42e10e5e 42b228ca 431a3a31 433e6503 43506053 431cf6c2 4309c312 430aac98 43219106 434b03de 431da64c 42aea88b 431563ab 432e74b0 42e10e5e 42b228ca 431a3a31 433e6503 43506053 431cf6c2 4309c312 430aac98 43219106 434b03de 431da64c 
core   0: 0x80000218 (0xfe412283) lw      x5, -28(x2)
core   0: 3 0x80000218 (0xfe412283) x5  0x3f800000 mem 0x70000018
core   0: 0x8000021c (0x5e02c1d7) vmv.v.x v3, x5
core   0: 3 0x8000021c (0x5e02c1d7) c8_vstart 0x00000000 e32 m1 l32 v3  ffffffff 0x3f800000 3f800000 3f800000 3f800000 3f800000 3f800000 3f800000 3f800000 3f800000 3f800000 3f800000 3f800000 3f800000 3f800000 3f800000 3f800000 3f800000 3f800000 3f800000 3f800000 3f800000 3f800000 3f800000 3f800000 3f800000 3f800000 3f800000 3f800000 3f800000 3f800000 3f800000 3f800000 
core   0: 0x80000220 (0xa2719457) vfmadd.vv v8, v7, v3
core   0: 3 0x80000220 (0xa2719457) c8_vstart 0x00000000 c1_fflags 0x00000001 e32 m1 l32 v8  ffffffff 0x435adaa8 4332895e 438d395e 4355a457 430e1b47 433d7758 43308f29 434c3b34 42fa92e0 43680c32 4386c464 4394a4da 435ce636 4321e267 435adaa8 4332895e 438d395e 4355a457 430e1b47 433d7758 43308f29 434c3b34 42fa92e0 43680c32 4386c464 4394a4da 435ce636 4321e267 435adaa8 4332895e 438d395e 4355a457 
core   0: 0x80000224 (0xfe812283) lw      x5, -24(x2)
core   0: 3 0x80000224 (0xfe812283) x5  0x3f800000 mem 0x7000001c
core   0: 0x80000228 (0x5e02c1d7) vmv.v.x v3, x5
core   0: 3 0x80000228 (0x5e02c1d7) c8_vstart 0x00000000 e32 m1 l32 v3  ffffffff 0x3f800000 3f800000 3f800000 3f800000 3f800000 3f800000 3f800000 3f800000 3f800000 3f800000 3f800000 3f800000 3f800000 3f800000 3f800000 3f800000 3f800000 3f800000 3f800000 3f800000 3f800000 3f800000 3f800000 3f800000 3f800000 3f800000 3f800000 3f800000 3f800000 3f800000 3f800000 3f800000 
core   0: 0x8000022c (0xa2819557) vfmadd.vv v10, v8, v3
core   0: 3 0x8000022c (0xa2819557) c8_vstart 0x00000000 c1_fflags 0x00000001 e32 m1 l32 v10 ffffffff 0x4372f9fd 43815bb7 4395b58a 4392899a 436fcb18 43743e5a 4358a2d6 434e55ad 4358fd76 4386209e 43adad64 43bc36bd 439ae7cc 4361d1da 4372f9fd 43815bb7 4395b58a 4392899a 436fcb18 43743e5a 4358a2d6 434e55ad 4358fd76 4386209e 43adad64 43bc36bd 439ae7cc 4361d1da 4372f9fd 43815bb7 4395b58a 4392899a 
core   0: 0x80000230 (0xfec12283) lw      x5, -20(x2)
core   0: 3 0x80000230 (0xfec12283) x5  0x3f800000 mem 0x70000020
core   0: 0x80000234 (0x5e02c1d7) vmv.v.x v3, x5
core   0: 3 0x80000234 (0x5e02c1d7) c8_vstart 0x00000000 e32 m1 l32 v3  ffffffff 0x3f800000 3f800000 3f800000 3f800000 3f800000 3f800000 3f800000 3f800000 3f800000 3f800000 3f800000 3f800000 3f800000 3f800000 3f800000 3f800000 3f800000 3f800000 3f800000 3f800000 3f800000 3f800000 3f800000 3f800000 3f800000 3f800000 3f800000 3f800000 3f800000 3f800000 3f800000 3f800000 
core   0: 0x80000238 (0xa2a195d7) vfmadd.vv v11, v10, v3
core   0: 3 0x80000238 (0xa2a195d7) c8_vstart 0x00000000 c1_fflags 0x00000001 e32 m1 l32 v11 ffffffff 0x439974b8 438d6b62 43bdcc92 439b05c6 4398e212 43aaf715 4387b4ec 4376695a 435b17ef 43b3faa1 43bfc7ea 43e31fbe 43c279af 439d5d9e 439974b8 438d6b62 43bdcc92 439b05c6 4398e212 43aaf715 4387b4ec 4376695a 435b17ef 43b3faa1 43bfc7ea 43e31fbe 43c279af 439d5d9e 439974b8 438d6b62 43bdcc92 439b05c6 
core   0: 0x8000023c (0xff012283) lw      x5, -16(x2)
core   0: 3 0x8000023c (0xff012283) x5  0x3f800000 mem 0x70000024
core   0: 0x80000240 (0x5e02c1d7) vmv.v.x v3, x5
core   0: 3 0x80000240 (0x5e02c1d7) c8_vstart 0x00000000 e32 m1 l32 v3  ffffffff 0x3f800000 3f800000 3f800000 3f800000 3f800000 3f800000 3f800000 3f800000 3f800000 3f800000 3f800000 3f800000 3f800000 3f800000 3f800000 3f800000 3f800000 3f800000 3f800000 3f800000 3f800000 3f800000 3f800000 3f800000 3f800000 3f800000 3f800000 3f800000 3f800000 3f800000 3f800000 3f800000 
core   0: 0x80000244 (0xa2b19157) vfmadd.vv v2, v11, v3
core   0: 3 0x80000244 (0xa2b19157) c8_vstart 0x00000000 c1_fflags 0x00000001 e32 m1 l32 v2  ffffffff 0x43b0a642 43a00962 43dd4135 43a5ad01 43a870d0 43cd6101 43999724 4388ff87 439ef066 43d1f466 43f1465e 44083ab7 43c64465 439ffcc5 43b0a642 43a00962 43dd4135 43a5ad01 43a870d0 43cd6101 43999724 4388ff87 439ef066 43d1f466 43f1465e 44083ab7 43c64465 439ffcc5 43b0a642 43a00962 43dd4135 43a5ad01 
core   0: 0x80000248 (0xff412283) lw      x5, -12(x2)
core   0: 3 0x80000248 (0xff412283) x5  0x3f800000 mem 0x70000028
core   0: 0x8000024c (0x5e02c1d7) vmv.v.x v3, x5
core   0: 3 0x8000024c (0x5e02c1d7) c8_vstart 0x00000000 e32 m1 l32 v3  ffffffff 0x3f800000 3f800000 3f800000 3f800000 3f800000 3f800000 3f800000 3f800000 3f800000 3f800000 3f800000 3f800000 3f800000 3f800000 3f800000 3f800000 3f800000 3f800000 3f800000 3f800000 3f800000 3f800000 3f800000 3f800000 3f800000 3f800000 3f800000 3f800000 3f800000 3f800000 3f800000 3f800000 
core   0: 0x80000250 (0xa2219057) vfmadd.vv v0, v2, v3
core   0: 3 0x80000250 (0xa2219057) c8_vstart 0x00000000 c1_fflags 0x00000001 e32 m1 l32 v0  ffffffff 0x43b34569 43b73aec 43efdf35 43c521a4 43c133ca 43dcefbf 43bc0110 439ae1bf 43acbb40 4401ac6a 4407a011 4420f9f1 43f39a16 43a3c77b 43b34569 43b73aec 43efdf35 43c521a4 43c133ca 43dcefbf 43bc0110 439ae1bf 43acbb40 4401ac6a 4407a011 4420f9f1 43f39a16 43a3c77b 43b34569 43b73aec 43efdf35 43c521a4 
core   0: 0x80000254 (0xff812283) lw      x5, -8(x2)
core   0: 3 0x80000254 (0xff812283) x5  0x3f800000 mem 0x7000002c
core   0: 0x80000258 (0x5e02c157) vmv.v.x v2, x5
core   0: 3 0x80000258 (0x5e02c157) c8_vstart 0x00000000 e32 m1 l32 v2  ffffffff 0x3f800000 3f800000 3f800000 3f800000 3f800000 3f800000 3f800000 3f800000 3f800000 3f800000 3f800000 3f800000 3f800000 3f800000 3f800000 3f800000 3f800000 3f800000 3f800000 3f800000 3f800000 3f800000 3f800000 3f800000 3f800000 3f800000 3f800000 3f800000 3f800000 3f800000 3f800000 3f800000 
core   0: 0x8000025c (0xa20110d7) vfmadd.vv v1, v0, v2
core   0: 3 0x8000025c (0xa20110d7) c8_vstart 0x00000000 c1_fflags 0x00000001 e32 m1 l32 v1  ffffffff 0x43b7101f 43b9da13 44038860 43d7bfa4 43cd9cbc 43f5b2b9 43cb8fce 43bd4bab 43be9d78 440891d7 44205248 442ff6d3 44128c45 43d11d2c 43b7101f 43b9da13 44038860 43d7bfa4 43cd9cbc 43f5b2b9 43cb8fce 43bd4bab 43be9d78 440891d7 44205248 442ff6d3 44128c45 43d11d2c 43b7101f 43b9da13 44038860 43d7bfa4 
core   0: 0x80000260 (0xffc12283) lw      x5, -4(x2)
core   0: 3 0x80000260 (0xffc12283) x5  0x90001000 mem 0x70000030
core   0: 0x80000264 (0x0292c057) vadd.vx v0, v9, x5
core   0: 3 0x80000264 (0x0292c057) c8_vstart 0x00000000 e32 m1 l32 v0  ffffffff 0x90001110 9000110c 90001108 90001104 90001138 90001134 90001130 9000112c 90001128 90001124 90001120 9000111c 90001118 90001114 90001110 9000110c 90001108 90001104 90001138 90001134 90001130 9000112c 90001128 90001124 90001120 9000111c 90001118 90001114 90001110 9000110c 90001108 90001104 
core   0: 0x80000268 (0x0010607b) vsw12.v v1, v0, 0
core   0: 3 0x80000268 (0x0010607b) c8_vstart 0x00000000 e32 m1 l32 mem 0x90001104 0x43d7bfa4 mem 0x90001108 0x44038860 mem 0x9000110c 0x43b9da13 mem 0x90001110 0x43b7101f mem 0x90001114 0x43d11d2c mem 0x90001118 0x44128c45 mem 0x9000111c 0x442ff6d3 mem 0x90001120 0x44205248 mem 0x90001124 0x440891d7 mem 0x90001128 0x43be9d78 mem 0x9000112c 0x43bd4bab mem 0x90001130 0x43cb8fce mem 0x90001134 0x43f5b2b9 mem 0x90001138 0x43cd9cbc mem 0x90001104 0x43d7bfa4 mem 0x90001108 0x44038860 mem 0x9000110c 0x43b9da13 mem 0x90001110 0x43b7101f mem 0x90001114 0x43d11d2c mem 0x90001118 0x44128c45 mem 0x9000111c 0x442ff6d3 mem 0x90001120 0x44205248 mem 0x90001124 0x440891d7 mem 0x90001128 0x43be9d78 mem 0x9000112c 0x43bd4bab mem 0x90001130 0x43cb8fce mem 0x90001134 0x43f5b2b9 mem 0x90001138 0x43cd9cbc mem 0x90001104 0x43d7bfa4 mem 0x90001108 0x44038860 mem 0x9000110c 0x43b9da13 mem 0x90001110 0x43b7101f
core   0: 0x8000026c (0xfcc12083) lw      x1, -52(x2)
core   0: 3 0x8000026c (0xfcc12083) x1  0x800000a0 mem 0x70000000
core   0: 0x80000270 (0x0090200b) regext  x0, x0,  0 0 1 1 
core   0: 3 0x80000270 (0x0090200b)
core   0: 0x80000274 (0x7fc020ab) vlw.v   v1, x0, -4
core   0: 3 0x80000274 (0x7fc020ab) e32 m1 l32 v33 ffffffff 0x00000000 00000000 00000000 00000000 00000000 00000000 00000000 00000000 00000000 00000000 00000000 00000000 00000000 00000000 00000000 00000000 00000000 00000000 00000000 00000000 00000000 00000000 00000000 00000000 00000000 00000000 00000000 00000000 00000000 00000000 00000000 00000000  c8_vstart 0x00000000 mem 0x90003000 mem 0x90003004 mem 0x90003008 mem 0x9000300c mem 0x90003010 mem 0x90003014 mem 0x90003018 mem 0x9000301c mem 0x90003020 mem 0x90003024 mem 0x90003028 mem 0x9000302c mem 0x90003030 mem 0x90003034 mem 0x90003038 mem 0x9000303c mem 0x90003040 mem 0x90003044 mem 0x90003048 mem 0x9000304c mem 0x90003050 mem 0x90003054 mem 0x90003058 mem 0x9000305c mem 0x90003060 mem 0x90003064 mem 0x90003068 mem 0x9000306c mem 0x90003070 mem 0x90003074 mem 0x90003078 mem 0x9000307c
core   0: 0x80000278 (0xfcc10113) addi    x2, x2, -52
core   0: 3 0x80000278 (0xfcc10113) x2  0x70000000
core   0: 0x8000027c (0xffc20213) addi    x4, x4, -4
core   0: 3 0x8000027c (0xffc20213) x4  0x00000000
core   0: 0x80000280 (0x0010200b) regext  x0, x0,  0 0 0 1 
core   0: 3 0x80000280 (0x0010200b)
core   0: 0x80000284 (0x5e024057) vmv.v.x v0, x4
core   0: 3 0x80000284 (0x5e024057) c8_vstart 0x00000000 e32 m1 l32 v32 ffffffff 0x00000000 00000000 00000000 00000000 00000000 00000000 00000000 00000000 00000000 00000000 00000000 00000000 00000000 00000000 00000000 00000000 00000000 00000000 00000000 00000000 00000000 00000000 00000000 00000000 00000000 00000000 00000000 00000000 00000000 00000000 00000000 00000000 
core   0: 0x80000288 (0x00008067) ret
core   0: 3 0x80000288 (0x00008067)
core   0: 0x800000a0 (0x0000400b) endprg  x0, x0, x0
core   0: 3 0x800000a0 (0x0000400b)
core   0: 0x800000a4 (0x0040006f) j       pc + 0x4
core   0: 3 0x800000a4 (0x0040006f)
core   0: 0x800000a8 (0x00100313) li      x6, 1
core   0: 3 0x800000a8 (0x00100313) x6  0x00000001
core   0: 0x800000ac (0x00001297) auipc   x5, 0x1
core   0: 3 0x800000ac (0x00001297) x5  0x800010ac
core   0: 0x800000b0 (0xf5428293) addi    x5, x5, -172
core   0: 3 0x800000b0 (0xf5428293) x5  0x80001000
core   0: 0x800000b4 (0x0062a023) sw      x6, 0(x5)
core   0: 3 0x800000b4 (0x0062a023) mem 0x80001000 0x00000001
core   0: 0x00001000 (0x00000297) auipc   x5, 0x0
core   0: 3 0x00001000 (0x00000297) x5  0x00001000
core   0: 0x00001004 (0x02028593) addi    x11, x5, 32
core   0: 3 0x00001004 (0x02028593) x11 0x00001020
core   0: 0x00001008 (0xf1402573) csrr    x10, mhartid
core   0: 3 0x00001008 (0xf1402573) x10 0x00000000
core   0: 0x0000100c (0x0182a283) lw      x5, 24(x5)
core   0: 3 0x0000100c (0x0182a283) x5  0x80000000 mem 0x00001018
core   0: 0x00001010 (0x00028067) jr      x5
core   0: 3 0x00001010 (0x00028067)
core   0: 0x80000000 (0x00004197) auipc   x3, 0x4
core   0: 3 0x80000000 (0x00004197) x3  0x80004000
core   0: 0x80000004 (0x80818193) addi    x3, x3, -2040
core   0: 3 0x80000004 (0x80818193) x3  0x80003808
core   0: 0x80000008 (0x02000e93) li      x29, 32
core   0: 3 0x80000008 (0x02000e93) x29 0x00000020
core   0: 0x8000000c (0x0d0efed7) vsetvli x29, x29, e32, m1, ta, ma
core   0: 3 0x8000000c (0x0d0efed7) x29 0x00000020 c8_vstart 0x00000000 c3104_vl 0x00000020 c3105_vtype 0x000000d0 c768_mstatus 0x80000600
core   0: 0x80000010 (0x00002eb7) lui     x29, 0x2
core   0: 3 0x80000010 (0x00002eb7) x29 0x00002000
core   0: 0x80000014 (0x300eaef3) csrrs   x29, mstatus, x29
core   0: 3 0x80000014 (0x300eaef3) x29 0x80000600 c768_mstatus 0x80006600
core   0: 0x80000018 (0x00000e93) li      x29, 0
core   0: 3 0x80000018 (0x00000e93) x29 0x00000000
core   0: 0x8000001c (0x80502373) csrr    x6, wid
core   0: 3 0x8000001c (0x80502373) x6  0x00000000
core   0: 0x80000020 (0x806023f3) csrr    x7, lds
core   0: 3 0x80000020 (0x806023f3) x7  0x70000000
core   0: 0x80000024 (0x40000e13) li      x28, 1024
core   0: 3 0x80000024 (0x40000e13) x28 0x00000400
core   0: 0x80000028 (0x03c30333) mul     x6, x6, x28
core   0: 3 0x80000028 (0x03c30333) x6  0x00000000
core   0: 0x8000002c (0x00730133) add     x2, x6, x7
core   0: 3 0x8000002c (0x00730133) x2  0x70000000
core   0: 0x80000030 (0x00000213) li      x4, 0
core   0: 3 0x80000030 (0x00000213) x4  0x00000000
core   0: 0x80000034 (0x80102f73) csrr    x30, numw
core   0: 3 0x80000034 (0x80102f73) x30 0x00000001
core   0: 0x80000038 (0x40000e13) li      x28, 1024
core   0: 3 0x80000038 (0x40000e13) x28 0x00000400
core   0: 0x8000003c (0x03cf0f33) mul     x30, x30, x28
core   0: 3 0x8000003c (0x03cf0f33) x30 0x00000400
core   0: 0x80000040 (0x01e38433) add     x8, x7, x30
core   0: 3 0x80000040 (0x01e38433) x8  0x70000400
core   0: 0x80000044 (0x00003517) auipc   x10, 0x3
core   0: 3 0x80000044 (0x00003517) x10 0x80003044
core   0: 0x80000048 (0xfc450513) addi    x10, x10, -60
core   0: 3 0x80000048 (0xfc450513) x10 0x80003008
core   0: 0x8000004c (0x00003617) auipc   x12, 0x3
core   0: 3 0x8000004c (0x00003617) x12 0x8000304c
core   0: 0x80000050 (0xfbc60613) addi    x12, x12, -68
core   0: 3 0x80000050 (0xfbc60613) x12 0x80003008
core   0: 0x80000054 (0x00c50863) beq     x10, x12, pc + 16
core   0: 3 0x80000054 (0x00c50863)
core   0: 0x80000064 (0x803022f3) csrr    x5, knl
core   0: 3 0x80000064 (0x803022f3) x5  0x901c3000
core   0: 0x80000068 (0x0002a303) lw      x6, 0(x5)
core   0: 3 0x80000068 (0x0002a303) x6  0x800000b8 mem 0x901c3000
core   0: 0x8000006c (0x0042a503) lw      x10, 4(x5)
core   0: 3 0x8000006c (0x0042a503) x10 0x90002000 mem 0x901c3004
core   0: 0x80000070 (0x0302a383) lw      x7, 48(x5)
core   0: 3 0x80000070 (0x0302a383) x7  0x00000000 mem 0x901c3030
core   0: 0x80000074 (0x0342ae03) lw      x28, 52(x5)
core   0: 3 0x80000074 (0x0342ae03) x28 0x00000000 mem 0x901c3034
core   0: 0x80000078 (0x00003e97) auipc   x29, 0x3
core   0: 3 0x80000078 (0x00003e97) x29 0x80003078
core   0: 0x8000007c (0xf88e8e93) addi    x29, x29, -120
core   0: 3 0x8000007c (0xf88e8e93) x29 0x80003000
core   0: 0x80000080 (0x00003f17) auipc   x30, 0x3
core   0: 3 0x80000080 (0x00003f17) x30 0x80003080
core   0: 0x80000084 (0xf84f0f13) addi    x30, x30, -124
core   0: 3 0x80000084 (0xf84f0f13) x30 0x80003004
core   0: 0x80000088 (0x007ea023) sw      x7, 0(x29)
core   0: 3 0x80000088 (0x007ea023) mem 0x80003000 0x00000000
core   0: 0x8000008c (0x01cf2023) sw      x28, 0(x30)
core   0: 3 0x8000008c (0x01cf2023) mem 0x80003004 0x00000000
core   0: 0x80000090 (0x00000f97) auipc   x31, 0x0
core   0: 3 0x80000090 (0x00000f97) x31 0x80000090
core   0: 0x80000094 (0x018f8f93) addi    x31, x31, 24
core   0: 3 0x80000094 (0x018f8f93) x31 0x800000a8
core   0: 0x80000098 (0x305f9073) csrw    mtvec, x31
core   0: 3 0x80000098 (0x305f9073) c773_mtvec 0x800000a8
core   0: 0x8000009c (0x000300e7) jalr    x6
core   0: 3 0x8000009c (0x000300e7) x1  0x800000a0
core   0: 0x800000b8 (0x03410113) addi    x2, x2, 52
core   0: 3 0x800000b8 (0x03410113) x2  0x70000034
core   0: 0x800000bc (0x00420213) addi    x4, x4, 4
core   0: 3 0x800000bc (0x00420213) x4  0x00000004
core   0: 0x800000c0 (0x0010200b) regext  x0, x0,  0 0 0 1 
core   0: 3 0x800000c0 (0x0010200b)
core   0: 0x800000c4 (0x5e024057) vmv.v.x v0, x4
core   0: 3 0x800000c4 (0x5e024057) c8_vstart 0x00000000 e32 m1 l32 v32 ffffffff 0x00000004 00000004 00000004 00000004 00000004 00000004 00000004 00000004 00000004 00000004 00000004 00000004 00000004 00000004 00000004 00000004 00000004 00000004 00000004 00000004 00000004 00000004 00000004 00000004 00000004 00000004 00000004 00000004 00000004 00000004 00000004 00000004 
core   0: 0x800000c8 (0xfc112623) sw      x1, -52(x2)
core   0: 3 0x800000c8 (0xfc112623) mem 0x70000000 0x800000a0
core   0: 0x800000cc (0x0480200b) regext  x0, x0,  0 1 1 0 
core   0: 3 0x800000cc (0x0480200b)
core   0: 0x800000d0 (0xfe102e2b) vsw.v   v1, x0, -4
core   0: 3 0x800000d0 (0xfe102e2b) c8_vstart 0x00000000 mem 0x90003000 0x00000000 mem 0x90003004 0x00000000 mem 0x90003008 0x00000000 mem 0x9000300c 0x00000000 mem 0x90003010 0x00000000 mem 0x90003014 0x00000000 mem 0x90003018 0x00000000 mem 0x9000301c 0x00000000 mem 0x90003020 0x00000000 mem 0x90003024 0x00000000 mem 0x90003028 0x00000000 mem 0x9000302c 0x00000000 mem 0x90003030 0x00000000 mem 0x90003034 0x00000000 mem 0x90003038 0x00000000 mem 0x9000303c 0x00000000 mem 0x90003040 0x00000000 mem 0x90003044 0x00000000 mem 0x90003048 0x00000000 mem 0x9000304c 0x00000000 mem 0x90003050 0x00000000 mem 0x90003054 0x00000000 mem 0x90003058 0x00000000 mem 0x9000305c 0x00000000 mem 0x90003060 0x00000000 mem 0x90003064 0x00000000 mem 0x90003068 0x00000000 mem 0x9000306c 0x00000000 mem 0x90003070 0x00000000 mem 0x90003074 0x00000000 mem 0x90003078 0x00000000 mem 0x9000307c 0x00000000
core   0: 0x800000d4 (0x00452283) lw      x5, 4(x10)
core   0: 3 0x800000d4 (0x00452283) x5  0x90001000 mem 0x90002004
core   0: 0x800000d8 (0xfe512e23) sw      x5, -4(x2)
core   0: 3 0x800000d8 (0xfe512e23) mem 0x70000030 0x90001000
core   0: 0x800000dc (0x03052283) lw      x5, 48(x10)
core   0: 3 0x800000dc (0x03052283) x5  0x3f800000 mem 0x90002030
core   0: 0x800000e0 (0xfe512c23) sw      x5, -8(x2)
core   0: 3 0x800000e0 (0xfe512c23) mem 0x7000002c 0x3f800000
core   0: 0x800000e4 (0x02c52283) lw      x5, 44(x10)
core   0: 3 0x800000e4 (0x02c52283) x5  0x3f800000 mem 0x9000202c
core   0: 0x800000e8 (0xfe512a23) sw      x5, -12(x2)
core   0: 3 0x800000e8 (0xfe512a23) mem 0x70000028 0x3f800000
core   0: 0x800000ec (0x02852283) lw      x5, 40(x10)
core   0: 3 0x800000ec (0x02852283) x5  0x3f800000 mem 0x90002028
core   0: 0x800000f0 (0xfe512823) sw      x5, -16(x2)
core   0: 3 0x800000f0 (0xfe512823) mem 0x70000024 0x3f800000
core   0: 0x800000f4 (0x02452283) lw      x5, 36(x10)
core   0: 3 0x800000f4 (0x02452283) x5  0x3f800000 mem 0x90002024
core   0: 0x800000f8 (0xfe512623) sw      x5, -20(x2)
core   0: 3 0x800000f8 (0xfe512623) mem 0x70000020 0x3f800000
core   0: 0x800000fc (0x02052283) lw      x5, 32(x10)
core   0: 3 0x800000fc (0x02052283) x5  0x3f800000 mem 0x90002020
core   0: 0x80000100 (0xfe512423) sw      x5, -24(x2)
core   0: 3 0x80000100 (0xfe512423) mem 0x7000001c 0x3f800000
core   0: 0x80000104 (0x01c52283) lw      x5, 28(x10)
core   0: 3 0x80000104 (0x01c52283) x5  0x3f800000 mem 0x9000201c
core   0: 0x80000108 (0xfe512223) sw      x5, -28(x2)
core   0: 3 0x80000108 (0xfe512223) mem 0x70000018 0x3f800000
core   0: 0x8000010c (0x01852283) lw      x5, 24(x10)
core   0: 3 0x8000010c (0x01852283) x5  0x3f800000 mem 0x90002018
core   0: 0x80000110 (0xfe512023) sw      x5, -32(x2)
core   0: 3 0x80000110 (0xfe512023) mem 0x70000014 0x3f800000
core   0: 0x80000114 (0x01052283) lw      x5, 16(x10)
core   0: 3 0x80000114 (0x01052283) x5  0x3f800000 mem 0x90002010
core   0: 0x80000118 (0xfc512e23) sw      x5, -36(x2)
core   0: 3 0x80000118 (0xfc512e23) mem 0x70000010 0x3f800000
core   0: 0x8000011c (0x01452283) lw      x5, 20(x10)
core   0: 3 0x8000011c (0x01452283) x5  0x3f800000 mem 0x90002014
core   0: 0x80000120 (0xfc512c23) sw      x5, -40(x2)
core   0: 3 0x80000120 (0xfc512c23) mem 0x7000000c 0x3f800000
core   0: 0x80000124 (0x00052283) lw      x5, 0(x10)
core   0: 3 0x80000124 (0x00052283) x5  0x90000000 mem 0x90002000
core   0: 0x80000128 (0xfc512a23) sw      x5, -44(x2)
core   0: 3 0x80000128 (0xfc512a23) mem 0x70000008 0x90000000
core   0: 0x8000012c (0x00852283) lw      x5, 8(x10)
core   0: 3 0x8000012c (0x00852283) x5  0x00000010 mem 0x90002008
core   0: 0x80000130 (0xfc512823) sw      x5, -48(x2)
core   0: 3 0x80000130 (0xfc512823) mem 0x70000004 0x00000010
core   0: 0x80000134 (0x5e004057) vmv.v.x v0, x0
core   0: 3 0x80000134 (0x5e004057) c8_vstart 0x00000000 e32 m1 l32 v0  ffffffff 0x00000000 00000000 00000000 00000000 00000000 00000000 00000000 00000000 00000000 00000000 00000000 00000000 00000000 00000000 00000000 00000000 00000000 00000000 00000000 00000000 00000000 00000000 00000000 00000000 00000000 00000000 00000000 00000000 00000000 00000000 00000000 00000000 
core   0: 0x80000138 (0x154000ef) jal     pc + 0x154
core   0: 3 0x80000138 (0x154000ef) x1  0x8000013c
core   0: 0x8000028c (0x00410113) addi    x2, x2, 4
core   0: 3 0x8000028c (0x00410113) x2  0x70000038
core   0: 0x80000290 (0xfe112e23) sw      x1, -4(x2)
core   0: 3 0x80000290 (0xfe112e23) mem 0x70000034 0x8000013c
core   0: 0x80000294 (0x00200293) li      x5, 2
core   0: 3 0x80000294 (0x00200293) x5  0x00000002
core   0: 0x80000298 (0x5e02c0d7) vmv.v.x v1, x5
core   0: 3 0x80000298 (0x5e02c0d7) c8_vstart 0x00000000 e32 m1 l32 v1  ffffffff 0x00000002 00000002 00000002 00000002 00000002 00000002 00000002 00000002 00000002 00000002 00000002 00000002 00000002 00000002 00000002 00000002 00000002 00000002 00000002 00000002 00000002 00000002 00000002 00000002 00000002 00000002 00000002 00000002 00000002 00000002 00000002 00000002 
core   0: 0x8000029c (0x00000317) auipc   x6, 0x0
core   0: 3 0x8000029c (0x00000317) x6  0x8000029c
core   0: 0x800002a0 (0x04c3305b) setrpc  x0, x6, 76
core   0: 3 0x800002a0 (0x04c3305b) c2060_rpc 0x800002e8 current mask:	ffffffff current npc:	00000000 stack size: 0
core   0: 0x800002a4 (0x0200885b) vbeq    v0, v1, pc + 48
core   0: 3 0x800002a4 (0x0200885b) c8_vstart 0x00000000 e32 m1 l32 current mask:	ffffffff current npc:	800002a8 stack size: 0
core   0: 0x800002a8 (0x00100293) li      x5, 1
core   0: 3 0x800002a8 (0x00100293) x5  0x00000001
core   0: 0x800002ac (0x5e02c0d7) vmv.v.x v1, x5
core   0: 3 0x800002ac (0x5e02c0d7) c8_vstart 0x00000000 e32 m1 l32 v1  ffffffff 0x00000001 00000001 00000001 00000001 00000001 00000001 00000001 00000001 00000001 00000001 00000001 00000001 00000001 00000001 00000001 00000001 00000001 00000001 00000001 00000001 00000001 00000001 00000001 00000001 00000001 00000001 00000001 00000001 00000001 00000001 00000001 00000001 
core   0: 0x800002b0 (0x00000317) auipc   x6, 0x0
core   0: 3 0x800002b0 (0x00000317) x6  0x800002b0
core   0: 0x800002b4 (0x0383305b) setrpc  x0, x6, 56
core   0: 3 0x800002b4 (0x0383305b) c2060_rpc 0x800002e8 current mask:	ffffffff current npc:	800002a8 stack size: 0
core   0: 0x800002b8 (0x0200825b) vbeq    v0, v1, pc + 36
core   0: 3 0x800002b8 (0x0200825b) c8_vstart 0x00000000 e32 m1 l32 current mask:	ffffffff current npc:	800002bc stack size: 0
core   0: 0x800002bc (0x5e0040d7) vmv.v.x v1, x0
core   0: 3 0x800002bc (0x5e0040d7) c8_vstart 0x00000000 e32 m1 l32 v1  ffffffff 0x00000000 00000000 00000000 00000000 00000000 00000000 00000000 00000000 00000000 00000000 00000000 00000000 00000000 00000000 00000000 00000000 00000000 00000000 00000000 00000000 00000000 00000000 00000000 00000000 00000000 00000000 00000000 00000000 00000000 00000000 00000000 00000000 
core   0: 0x800002c0 (0x00000317) auipc   x6, 0x0
core   0: 3 0x800002c0 (0x00000317) x6  0x800002c0
core   0: 0x800002c4 (0x0283305b) setrpc  x0, x6, 40
core   0: 3 0x800002c4 (0x0283305b) c2060_rpc 0x800002e8 current mask:	ffffffff current npc:	800002bc stack size: 0
core   0: 0x800002c8 (0x00009e5b) vbne    v0, v1, pc + 28
core   0: 3 0x800002c8 (0x00009e5b) c8_vstart 0x00000000 e32 m1 l32 current mask:	ffffffff current npc:	800002cc stack size: 0
core   0: 0x800002cc (0x1a0000ef) jal     pc + 0x1a0
core   0: 3 0x800002cc (0x1a0000ef) x1  0x800002d0
core   0: 0x8000046c (0x00410113) addi    x2, x2, 4
core   0: 3 0x8000046c (0x00410113) x2  0x7000003c
core   0: 0x80000470 (0xfe112e23) sw      x1, -4(x2)
core   0: 3 0x80000470 (0xfe112e23) mem 0x70000038 0x800002d0
core   0: 0x80000474 (0xf1dff0ef) jal     pc - 0xe4
core   0: 3 0x80000474 (0xf1dff0ef) x1  0x80000478
core   0: 0x80000390 (0x00410113) addi    x2, x2, 4
core   0: 3 0x80000390 (0x00410113) x2  0x70000040
core   0: 0x80000394 (0xfe112e23) sw      x1, -4(x2)
core   0: 3 0x80000394 (0xfe112e23) mem 0x7000003c 0x80000478
core   0: 0x80000398 (0x80302573) csrr    x10, knl
core   0: 3 0x80000398 (0x80302573) x10 0x901c3000
core   0: 0x8000039c (0x00852283) lw      x5, 8(x10)
core   0: 3 0x8000039c (0x00852283) x5  0x00000002 mem 0x901c3008
core   0: 0x800003a0 (0x80002373) csrr    x6, tid
core   0: 3 0x800003a0 (0x80002373) x6  0x00000000
core   0: 0x800003a4 (0x5208a157) vid.v   v2
core   0: 3 0x800003a4 (0x5208a157) c8_vstart 0x00000000 e32 m1 l32 v2  ffffffff 0x0000001f 0000001e 0000001d 0000001c 0000001b 0000001a 00000019 00000018 00000017 00000016 00000015 00000014 00000013 00000012 00000011 00000010 0000000f 0000000e 0000000d 0000000c 0000000b 0000000a 00000009 00000008 00000007 00000006 00000005 00000004 00000003 00000002 00000001 00000000 
core   0: 0x800003a8 (0x02234057) vadd.vx v0, v2, x6
core   0: 3 0x800003a8 (0x02234057) c8_vstart 0x00000000 e32 m1 l32 v0  ffffffff 0x0000001f 0000001e 0000001d 0000001c 0000001b 0000001a 00000019 00000018 00000017 00000016 00000015 00000014 00000013 00000012 00000011 00000010 0000000f 0000000e 0000000d 0000000c 0000000b 0000000a 00000009 00000008 00000007 00000006 00000005 00000004 00000003 00000002 00000001 00000000 
core   0: 0x800003ac (0x01852e03) lw      x28, 24(x10)
core   0: 3 0x800003ac (0x01852e03) x28 0x0000000e mem 0x901c3018
core   0: 0x800003b0 (0x8a0e6057) vremu.vx v0, v0, x28
core   0: 3 0x800003b0 (0x8a0e6057) c8_vstart 0x00000000 e32 m1 l32 v0  ffffffff 0x00000003 00000002 00000001 00000000 0000000d 0000000c 0000000b 0000000a 00000009 00000008 00000007 00000006 00000005 00000004 00000003 00000002 00000001 00000000 0000000d 0000000c 0000000b 0000000a 00000009 00000008 00000007 00000006 00000005 00000004 00000003 00000002 00000001 00000000 
core   0: 0x800003b4 (0xffc12083) lw      x1, -4(x2)
core   0: 3 0x800003b4 (0xffc12083) x1  0x80000478 mem 0x7000003c
core   0: 0x800003b8 (0xffc10113) addi    x2, x2, -4
core   0: 3 0x800003b8 (0xffc10113) x2  0x7000003c
core   0: 0x800003bc (0x00008067) ret
core   0: 3 0x800003bc (0x00008067)
core   0: 0x80000478 (0x80302573) csrr    x10, knl
core   0: 3 0x80000478 (0x80302573) x10 0x901c3000
core   0: 0x8000047c (0x80802373) csrr    x6, gidx
core   0: 3 0x8000047c (0x80802373) x6  0x00000000
core   0: 0x80000480 (0x01852e03) lw      x28, 24(x10)
core   0: 3 0x80000480 (0x01852e03) x28 0x0000000e mem 0x901c3018
core   0: 0x80000484 (0x02452e83) lw      x29, 36(x10)
core   0: 3 0x80000484 (0x02452e83) x29 0x00000001 mem 0x901c3024
core   0: 0x80000488 (0x03c30fb3) mul     x31, x6, x28
core   0: 3 0x80000488 (0x03c30fb3) x31 0x00000000
core   0: 0x8000048c (0x01df8fb3) add     x31, x31, x29
core   0: 3 0x8000048c (0x01df8fb3) x31 0x00000001
core   0: 0x80000490 (0x020fc057) vadd.vx v0, v0, x31
core   0: 3 0x80000490 (0x020fc057) c8_vstart 0x00000000 e32 m1 l32 v0  ffffffff 0x00000004 00000003 00000002 00000001 0000000e 0000000d 0000000c 0000000b 0000000a 00000009 00000008 00000007 00000006 00000005 00000004 00000003 00000002 00000001 0000000e 0000000d 0000000c 0000000b 0000000a 00000009 00000008 00000007 00000006 00000005 00000004 00000003 00000002 00000001 
core   0: 0x80000494 (0xffc12083) lw      x1, -4(x2)
core   0: 3 0x80000494 (0xffc12083) x1  0x800002d0 mem 0x70000038
core   0: 0x80000498 (0xffc10113) addi    x2, x2, -4
core   0: 3 0x80000498 (0xffc10113) x2  0x70000038
core   0: 0x8000049c (0x00008067) ret
core   0: 3 0x8000049c (0x00008067)
core   0: 0x800002d0 (0x0180006f) j       pc + 0x18
core   0: 3 0x800002d0 (0x0180006f)
core   0: 0x800002e8 (0x0000205b) join    v0, v0, pc + 0
core   0: 3 0x800002e8 (0x0000205b) current mask:	ffffffff current npc:	800002cc stack size: 0
core   0: 0x800002ec (0xffc12083) lw      x1, -4(x2)
core   0: 3 0x800002ec (0xffc12083) x1  0x8000013c mem 0x70000034
core   0: 0x800002f0 (0xffc10113) addi    x2, x2, -4
core   0: 3 0x800002f0 (0xffc10113) x2  0x70000034
core   0: 0x800002f4 (0x00008067) ret
core   0: 3 0x800002f4 (0x00008067)
core   0: 0x8000013c (0x0010200b) regext  x0, x0,  0 0 0 1 
core   0: 3 0x8000013c (0x0010200b)
core   0: 0x80000140 (0x020040d7) vadd.vx v1, v0, x0
core   0: 3 0x80000140 (0x020040d7) c8_vstart 0x00000000 e32 m1 l32 v33 ffffffff 0x00000004 00000003 00000002 00000001 0000000e 0000000d 0000000c 0000000b 0000000a 00000009 00000008 00000007 00000006 00000005 00000004 00000003 00000002 00000001 0000000e 0000000d 0000000c 0000000b 0000000a 00000009 00000008 00000007 00000006 00000005 00000004 00000003 00000002 00000001 
core   0: 0x80000144 (0x00100293) li      x5, 1
core   0: 3 0x80000144 (0x00100293) x5  0x00000001
core   0: 0x80000148 (0x5e02c057) vmv.v.x v0, x5
core   0: 3 0x80000148 (0x5e02c057) c8_vstart 0x00000000 e32 m1 l32 v0  ffffffff 0x00000001 00000001 00000001 00000001 00000001 00000001 00000001 00000001 00000001 00000001 00000001 00000001 00000001 00000001 00000001 00000001 00000001 00000001 00000001 00000001 00000001 00000001 00000001 00000001 00000001 00000001 00000001 00000001 00000001 00000001 00000001 00000001 
core   0: 0x8000014c (0x140000ef) jal     pc + 0x140
core   0: 3 0x8000014c (0x140000ef) x1  0x80000150
core   0: 0x8000028c (0x00410113) addi    x2, x2, 4
core   0: 3 0x8000028c (0x00410113) x2  0x70000038
core   0: 0x80000290 (0xfe112e23) sw      x1, -4(x2)
core   0: 3 0x80000290 (0xfe112e23) mem 0x70000034 0x80000150
core   0: 0x80000294 (0x00200293) li      x5, 2
core   0: 3 0x80000294 (0x00200293) x5  0x00000002
core   0: 0x80000298 (0x5e02c0d7) vmv.v.x v1, x5
core   0: 3 0x80000298 (0x5e02c0d7) c8_vstart 0x00000000 e32 m1 l32 v1  ffffffff 0x00000002 00000002 00000002 00000002 00000002 00000002 00000002 00000002 00000002 00000002 00000002 00000002 00000002 00000002 00000002 00000002 00000002 00000002 00000002 00000002 00000002 00000002 00000002 00000002 00000002 00000002 00000002 00000002 00000002 00000002 00000002 00000002 
core   0: 0x8000029c (0x00000317) auipc   x6, 0x0
core   0: 3 0x8000029c (0x00000317) x6  0x8000029c
core   0: 0x800002a0 (0x04c3305b) setrpc  x0, x6, 76
core   0: 3 0x800002a0 (0x04c3305b) c2060_rpc 0x800002e8 current mask:	ffffffff current npc:	800002cc stack size: 0
core   0: 0x800002a4 (0x0200885b) vbeq    v0, v1, pc + 48
core   0: 3 0x800002a4 (0x0200885b) c8_vstart 0x00000000 e32 m1 l32 current mask:	ffffffff current npc:	800002a8 stack size: 0
core   0: 0x800002a8 (0x00100293) li      x5, 1
core   0: 3 0x800002a8 (0x00100293) x5  0x00000001
core   0: 0x800002ac (0x5e02c0d7) vmv.v.x v1, x5
core   0: 3 0x800002ac (0x5e02c0d7) c8_vstart 0x00000000 e32 m1 l32 v1  ffffffff 0x00000001 00000001 00000001 00000001 00000001 00000001 00000001 00000001 00000001 00000001 00000001 00000001 00000001 00000001 00000001 00000001 00000001 00000001 00000001 00000001 00000001 00000001 00000001 00000001 00000001 00000001 00000001 00000001 00000001 00000001 00000001 00000001 
core   0: 0x800002b0 (0x00000317) auipc   x6, 0x0
core   0: 3 0x800002b0 (0x00000317) x6  0x800002b0
core   0: 0x800002b4 (0x0383305b) setrpc  x0, x6, 56
core   0: 3 0x800002b4 (0x0383305b) c2060_rpc 0x800002e8 current mask:	ffffffff current npc:	800002a8 stack size: 0
core   0: 0x800002b8 (0x0200825b) vbeq    v0, v1, pc + 36
core   0: 3 0x800002b8 (0x0200825b) c8_vstart 0x00000000 e32 m1 l32 current mask:	ffffffff current npc:	800002dc stack size: 0
core   0: 0x800002dc (0x1c4000ef) jal     pc + 0x1c4
core   0: 3 0x800002dc (0x1c4000ef) x1  0x800002e0
core   0: 0x800004a0 (0x00410113) addi    x2, x2, 4
core   0: 3 0x800004a0 (0x00410113) x2  0x7000003c
core   0: 0x800004a4 (0xfe112e23) sw      x1, -4(x2)
core   0: 3 0x800004a4 (0xfe112e23) mem 0x70000038 0x800002e0
core   0: 0x800004a8 (0xf19ff0ef) jal     pc - 0xe8
core   0: 3 0x800004a8 (0xf19ff0ef) x1  0x800004ac
core   0: 0x800003c0 (0x00410113) addi    x2, x2, 4
core   0: 3 0x800003c0 (0x00410113) x2  0x70000040
core   0: 0x800003c4 (0xfe112e23) sw      x1, -4(x2)
core   0: 3 0x800003c4 (0xfe112e23) mem 0x7000003c 0x800004ac
core   0: 0x800003c8 (0x80302573) csrr    x10, knl
core   0: 3 0x800003c8 (0x80302573) x10 0x901c3000
core   0: 0x800003cc (0x00852283) lw      x5, 8(x10)
core   0: 3 0x800003cc (0x00852283) x5  0x00000002 mem 0x901c3008
core   0: 0x800003d0 (0x80002373) csrr    x6, tid
core   0: 3 0x800003d0 (0x80002373) x6  0x00000000
core   0: 0x800003d4 (0x5208a157) vid.v   v2
core   0: 3 0x800003d4 (0x5208a157) c8_vstart 0x00000000 e32 m1 l32 v2  ffffffff 0x0000001f 0000001e 0000001d 0000001c 0000001b 0000001a 00000019 00000018 00000017 00000016 00000015 00000014 00000013 00000012 00000011 00000010 0000000f 0000000e 0000000d 0000000c 0000000b 0000000a 00000009 00000008 00000007 00000006 00000005 00000004 00000003 00000002 00000001 00000000 
core   0: 0x800003d8 (0x02234057) vadd.vx v0, v2, x6
core   0: 3 0x800003d8 (0x02234057) c8_vstart 0x00000000 e32 m1 l32 v0  ffffffff 0x0000001f 0000001e 0000001d 0000001c 0000001b 0000001a 00000019 00000018 00000017 00000016 00000015 00000014 00000013 00000012 00000011 00000010 0000000f 0000000e 0000000d 0000000c 0000000b 0000000a 00000009 00000008 00000007 00000006 00000005 00000004 00000003 00000002 00000001 00000000 
core   0: 0x800003dc (0x01852e03) lw      x28, 24(x10)
core   0: 3 0x800003dc (0x01852e03) x28 0x0000000e mem 0x901c3018
core   0: 0x800003e0 (0x01c52e83) lw      x29, 28(x10)
core   0: 3 0x800003e0 (0x01c52e83) x29 0x00000001 mem 0x901c301c
core   0: 0x800003e4 (0x03ce8f33) mul     x30, x29, x28
core   0: 3 0x800003e4 (0x03ce8f33) x30 0x0000000e
core   0: 0x800003e8 (0x8a0f6057) vremu.vx v0, v0, x30
core   0: 3 0x800003e8 (0x8a0f6057) c8_vstart 0x00000000 e32 m1 l32 v0  ffffffff 0x00000003 00000002 00000001 00000000 0000000d 0000000c 0000000b 0000000a 00000009 00000008 00000007 00000006 00000005 00000004 00000003 00000002 00000001 00000000 0000000d 0000000c 0000000b 0000000a 00000009 00000008 00000007 00000006 00000005 00000004 00000003 00000002 00000001 00000000 
core   0: 0x800003ec (0x820e6057) vdivu.vx v0, v0, x28
core   0: 3 0x800003ec (0x820e6057) c8_vstart 0x00000000 e32 m1 l32 v0  ffffffff 0x00000000 00000000 00000000 00000000 00000000 00000000 00000000 00000000 00000000 00000000 00000000 00000000 00000000 00000000 00000000 00000000 00000000 00000000 00000000 00000000 00000000 00000000 00000000 00000000 00000000 00000000 00000000 00000000 00000000 00000000 00000000 00000000 
core   0: 0x800003f0 (0x5e0ec0d7) vmv.v.x v1, x29
core   0: 3 0x800003f0 (0x5e0ec0d7) c8_vstart 0x00000000 e32 m1 l32 v1  ffffffff 0x00000001 00000001 00000001 00000001 00000001 00000001 00000001 00000001 00000001 00000001 00000001 00000001 00000001 00000001 00000001 00000001 00000001 00000001 00000001 00000001 00000001 00000001 00000001 00000001 00000001 00000001 00000001 00000001 00000001 00000001 00000001 00000001 
core   0: 0x800003f4 (0x00000317) auipc   x6, 0x0
core   0: 3 0x800003f4 (0x00000317) x6  0x800003f4
core   0: 0x800003f8 (0x0143305b) setrpc  x0, x6, 20
core   0: 3 0x800003f8 (0x0143305b) c2060_rpc 0x80000408 current mask:	ffffffff current npc:	800002dc stack size: 0
core   0: 0x800003fc (0x0000c65b) vblt    v0, v1, pc + 12
core   0: 3 0x800003fc (0x0000c65b) c8_vstart 0x00000000 e32 m1 l32 current mask:	ffffffff current npc:	80000408 stack size: 0
core   0: 0x80000408 (0x0000205b) join    v0, v0, pc + 0
core   0: 3 0x80000408 (0x0000205b) current mask:	ffffffff current npc:	80000408 stack size: 0
core   0: 0x8000040c (0xffc12083) lw      x1, -4(x2)
core   0: 3 0x8000040c (0xffc12083) x1  0x800004ac mem 0x7000003c
core   0: 0x80000410 (0xffc10113) addi    x2, x2, -4
core   0: 3 0x80000410 (0xffc10113) x2  0x7000003c
core   0: 0x80000414 (0x00008067) ret
core   0: 3 0x80000414 (0x00008067)
core   0: 0x800004ac (0x80902373) csrr    x6, gidy
core   0: 3 0x800004ac (0x80902373) x6  0x00000004
core   0: 0x800004b0 (0x01c52383) lw      x7, 28(x10)
core   0: 3 0x800004b0 (0x01c52383) x7  0x00000001 mem 0x901c301c
core   0: 0x800004b4 (0x02852e83) lw      x29, 40(x10)
core   0: 3 0x800004b4 (0x02852e83) x29 0x00000001 mem 0x901c3028
core   0: 0x800004b8 (0x02730e33) mul     x28, x6, x7
core   0: 3 0x800004b8 (0x02730e33) x28 0x00000004
core   0: 0x800004bc (0x01de0e33) add     x28, x28, x29
core   0: 3 0x800004bc (0x01de0e33) x28 0x00000005
core   0: 0x800004c0 (0x020e4057) vadd.vx v0, v0, x28
core   0: 3 0x800004c0 (0x020e4057) c8_vstart 0x00000000 e32 m1 l32 v0  ffffffff 0x00000005 00000005 00000005 00000005 00000005 00000005 00000005 00000005 00000005 00000005 00000005 00000005 00000005 00000005 00000005 00000005 00000005 00000005 00000005 00000005 00000005 00000005 00000005 00000005 00000005 00000005 00000005 00000005 00000005 00000005 00000005 00000005 
core   0: 0x800004c4 (0xffc12083) lw      x1, -4(x2)
core   0: 3 0x800004c4 (0xffc12083) x1  0x800002e0 mem 0x70000038
core   0: 0x800004c8 (0xffc10113) addi    x2, x2, -4
core   0: 3 0x800004c8 (0xffc10113) x2  0x70000038
core   0: 0x800004cc (0x00008067) ret
core   0: 3 0x800004cc (0x00008067)
core   0: 0x800002e0 (0x0080006f) j       pc + 0x8
core   0: 3 0x800002e0 (0x0080006f)
core   0: 0x800002e8 (0x0000205b) join    v0, v0, pc + 0
core   0: 3 0x800002e8 (0x0000205b) current mask:	ffffffff current npc:	80000408 stack size: 0
core   0: 0x800002ec (0xffc12083) lw      x1, -4(x2)
core   0: 3 0x800002ec (0xffc12083) x1  0x80000150 mem 0x70000034
core   0: 0x800002f0 (0xffc10113) addi    x2, x2, -4
core   0: 3 0x800002f0 (0xffc10113) x2  0x70000034
core   0: 0x800002f4 (0x00008067) ret
core   0: 3 0x800002f4 (0x00008067)
core   0: 0x80000150 (0xfd012283) lw      x5, -48(x2)
core   0: 3 0x80000150 (0xfd012283) x5  0x00000010 mem 0x70000004
core   0: 0x80000154 (0x5e02c0d7) vmv.v.x v1, x5
core   0: 3 0x80000154 (0x5e02c0d7) c8_vstart 0x00000000 e32 m1 l32 v1  ffffffff 0x00000010 00000010 00000010 00000010 00000010 00000010 00000010 00000010 00000010 00000010 00000010 00000010 00000010 00000010 00000010 00000010 00000010 00000010 00000010 00000010 00000010 00000010 00000010 00000010 00000010 00000010 00000010 00000010 00000010 00000010 00000010 00000010 
core   0: 0x80000158 (0x0400200b) regext  x0, x0,  0 1 0 0 
core   0: 3 0x80000158 (0x0400200b)
core   0: 0x8000015c (0xa612e057) vmadd.vx v0, v1, x5
core   0: 3 0x8000015c (0xa612e057) c8_vstart 0x00000000 e32 m1 l32 v0  ffffffff 0x00000054 00000053 00000052 00000051 0000005e 0000005d 0000005c 0000005b 0000005a 00000059 00000058 00000057 00000056 00000055 00000054 00000053 00000052 00000051 0000005e 0000005d 0000005c 0000005b 0000005a 00000059 00000058 00000057 00000056 00000055 00000054 00000053 00000052 00000051 
core   0: 0x80000160 (0x0010110b) vsub12.vi v2, v0, 1
core   0: 3 0x80000160 (0x0010110b) c8_vstart 0x00000000 e32 m1 l32 v2  ffffffff 0x00000053 00000052 00000051 00000050 0000005d 0000005c 0000005b 0000005a 00000059 00000058 00000057 00000056 00000055 00000054 00000053 00000052 00000051 00000050 0000005d 0000005c 0000005b 0000005a 00000059 00000058 00000057 00000056 00000055 00000054 00000053 00000052 00000051 00000050 
core   0: 0x80000164 (0x0a2081d7) vsub.vv v3, v2, v1
core   0: 3 0x80000164 (0x0a2081d7) c8_vstart 0x00000000 e32 m1 l32 v3  ffffffff 0x00000043 00000042 00000041 00000040 0000004d 0000004c 0000004b 0000004a 00000049 00000048 00000047 00000046 00000045 00000044 00000043 00000042 00000041 00000040 0000004d 0000004c 0000004b 0000004a 00000049 00000048 00000047 00000046 00000045 00000044 00000043 00000042 00000041 00000040 
core   0: 0x80000168 (0x963131d7) vsll.vi v3, v3, 2
core   0: 3 0x80000168 (0x963131d7) c8_vstart 0x00000000 e32 m1 l32 v3  ffffffff 0x0000010c 00000108 00000104 00000100 00000134 00000130 0000012c 00000128 00000124 00000120 0000011c 00000118 00000114 00000110 0000010c 00000108 00000104 00000100 00000134 00000130 0000012c 00000128 00000124 00000120 0000011c 00000118 00000114 00000110 0000010c 00000108 00000104 00000100 
core   0: 0x8000016c (0xfd412283) lw      x5, -44(x2)
core   0: 3 0x8000016c (0xfd412283) x5  0x90000000 mem 0x70000008
core   0: 0x80000170 (0x5e02c257) vmv.v.x v4, x5
core   0: 3 0x80000170 (0x5e02c257) c8_vstart 0x00000000 e32 m1 l32 v4  ffffffff 0x90000000 90000000 90000000 90000000 90000000 90000000 90000000 90000000 90000000 90000000 90000000 90000000 90000000 90000000 90000000 90000000 90000000 90000000 90000000 90000000 90000000 90000000 90000000 90000000 90000000 90000000 90000000 90000000 90000000 90000000 90000000 90000000 
core   0: 0x80000174 (0x0232c1d7) vadd.vx v3, v3, x5
core   0: 3 0x80000174 (0x0232c1d7) c8_vstart 0x00000000 e32 m1 l32 v3  ffffffff 0x9000010c 90000108 90000104 90000100 90000134 90000130 9000012c 90000128 90000124 90000120 9000011c 90000118 90000114 90000110 9000010c 90000108 90000104 90000100 90000134 90000130 9000012c 90000128 90000124 90000120 9000011c 90000118 90000114 90000110 9000010c 90000108 90000104 90000100 
core   0: 0x80000178 (0x0a0082d7) vsub.vv v5, v0, v1
core   0: 3 0x80000178 (0x0a0082d7) c8_vstart 0x00000000 e32 m1 l32 v5  ffffffff 0x00000044 00000043 00000042 00000041 0000004e 0000004d 0000004c 0000004b 0000004a 00000049 00000048 00000047 00000046 00000045 00000044 00000043 00000042 00000041 0000004e 0000004d 0000004c 0000004b 0000004a 00000049 00000048 00000047 00000046 00000045 00000044 00000043 00000042 00000041 
core   0: 0x8000017c (0x965132d7) vsll.vi v5, v5, 2
core   0: 3 0x8000017c (0x965132d7) c8_vstart 0x00000000 e32 m1 l32 v5  ffffffff 0x00000110 0000010c 00000108 00000104 00000138 00000134 00000130 0000012c 00000128 00000124 00000120 0000011c 00000118 00000114 00000110 0000010c 00000108 00000104 00000138 00000134 00000130 0000012c 00000128 00000124 00000120 0000011c 00000118 00000114 00000110 0000010c 00000108 00000104 
core   0: 0x80000180 (0x024282d7) vadd.vv v5, v4, v5
core   0: 3 0x80000180 (0x024282d7) c8_vstart 0x00000000 e32 m1 l32 v5  ffffffff 0x90000110 9000010c 90000108 90000104 90000138 90000134 90000130 9000012c 90000128 90000124 90000120 9000011c 90000118 90000114 90000110 9000010c 90000108 90000104 90000138 90000134 90000130 9000012c 90000128 90000124 90000120 9000011c 90000118 90000114 90000110 9000010c 90000108 90000104 
core   0: 0x80000184 (0x0002a2fb) vlw12.v v5, v5, 0
core   0: 3 0x80000184 (0x0002a2fb) e32 m1 l32 v5  ffffffff 0x41c0faa9 42a05c21 4187c2c3 429eddba 42c35fa1 425b1c06 42204eb2 40069e33 42b7680b 4210d42c 429ba402 429e478c 42b1d2c3 427fbdce 41c0faa9 42a05c21 4187c2c3 429eddba 42c35fa1 425b1c06 42204eb2 40069e33 42b7680b 4210d42c 429ba402 429e478c 42b1d2c3 427fbdce 41c0faa9 42a05c21 4187c2c3 429eddba  c8_vstart 0x00000000 mem 0x90000104 mem 0x90000108 mem 0x9000010c mem 0x90000110 mem 0x90000114 mem 0x90000118 mem 0x9000011c mem 0x90000120 mem 0x90000124 mem 0x90000128 mem 0x9000012c mem 0x90000130 mem 0x90000134 mem 0x90000138 mem 0x90000104 mem 0x90000108 mem 0x9000010c mem 0x90000110 mem 0x90000114 mem 0x90000118 mem 0x9000011c mem 0x90000120 mem 0x90000124 mem 0x90000128 mem 0x9000012c mem 0x90000130 mem 0x90000134 mem 0x90000138 mem 0x90000104 mem 0x90000108 mem 0x9000010c mem 0x90000110
core   0: 0x80000188 (0x0001a1fb) vlw12.v v3, v3, 0
core   0: 3 0x80000188 (0x0001a1fb) e32 m1 l32 v3  ffffffff 0x42a05c21 4187c2c3 429eddba 425ff82d 425b1c06 42204eb2 40069e33 42b7680b 4210d42c 429ba402 429e478c 42b1d2c3 427fbdce 41c0faa9 42a05c21 4187c2c3 429eddba 425ff82d 425b1c06 42204eb2 40069e33 42b7680b 4210d42c 429ba402 429e478c 42b1d2c3 427fbdce 41c0faa9 42a05c21 4187c2c3 429eddba 425ff82d  c8_vstart 0x00000000 mem 0x90000100 mem 0x90000104 mem 0x90000108 mem 0x9000010c mem 0x90000110 mem 0x90000114 mem 0x90000118 mem 0x9000011c mem 0x90000120 mem 0x90000124 mem 0x90000128 mem 0x9000012c mem 0x90000130 mem 0x90000134 mem 0x90000100 mem 0x90000104 mem 0x90000108 mem 0x9000010c mem 0x90000110 mem 0x90000114 mem 0x90000118 mem 0x9000011c mem 0x90000120 mem 0x90000124 mem 0x90000128 mem 0x9000012c mem 0x90000130 mem 0x90000134 mem 0x90000100 mem 0x90000104 mem 0x90000108 mem 0x9000010c
core   0: 0x8000018c (0xfd812283) lw      x5, -40(x2)
core   0: 3 0x8000018c (0xfd812283) x5  0x3f800000 mem 0x7000000c
core   0: 0x80000190 (0x5e02c357) vmv.v.x v6, x5
core   0: 3 0x80000190 (0x5e02c357) c8_vstart 0x00000000 e32 m1 l32 v6  ffffffff 0x3f800000 3f800000 3f800000 3f800000 3f800000 3f800000 3f800000 3f800000 3f800000 3f800000 3f800000 3f800000 3f800000 3f800000 3f800000 3f800000 3f800000 3f800000 3f800000 3f800000 3f800000 3f800000 3f800000 3f800000 3f800000 3f800000 3f800000 3f800000 3f800000 3f800000 3f800000 3f800000 
core   0: 0x80000194 (0x925312d7) vfmul.vv v5, v5, v6
core   0: 3 0x80000194 (0x925312d7) c8_vstart 0x00000000 e32 m1 l32 v5  ffffffff 0x41c0faa9 42a05c21 4187c2c3 429eddba 42c35fa1 425b1c06 42204eb2 40069e33 42b7680b 4210d42c 429ba402 429e478c 42b1d2c3 427fbdce 41c0faa9 42a05c21 4187c2c3 429eddba 42c35fa1 425b1c06 42204eb2 40069e33 42b7680b 4210d42c 429ba402 429e478c 42b1d2c3 427fbdce 41c0faa9 42a05c21 4187c2c3 429eddba 
core   0: 0x80000198 (0x0200b357) vadd.vi v6, v0, 1
core   0: 3 0x80000198 (0x0200b357) c8_vstart 0x00000000 e32 m1 l32 v6  ffffffff 0x00000055 00000054 00000053 00000052 0000005f 0000005e 0000005d 0000005c 0000005b 0000005a 00000059 00000058 00000057 00000056 00000055 00000054 00000053 00000052 0000005f 0000005e 0000005d 0000005c 0000005b 0000005a 00000059 00000058 00000057 00000056 00000055 00000054 00000053 00000052 
core   0: 0x8000019c (0x0a6083d7) vsub.vv v7, v6, v1
core   0: 3 0x8000019c (0x0a6083d7) c8_vstart 0x00000000 e32 m1 l32 v7  ffffffff 0x00000045 00000044 00000043 00000042 0000004f 0000004e 0000004d 0000004c 0000004b 0000004a 00000049 00000048 00000047 00000046 00000045 00000044 00000043 00000042 0000004f 0000004e 0000004d 0000004c 0000004b 0000004a 00000049 00000048 00000047 00000046 00000045 00000044 00000043 00000042 
core   0: 0x800001a0 (0x967133d7) vsll.vi v7, v7, 2
core   0: 3 0x800001a0 (0x967133d7) c8_vstart 0x00000000 e32 m1 l32 v7  ffffffff 0x00000114 00000110 0000010c 00000108 0000013c 00000138 00000134 00000130 0000012c 00000128 00000124 00000120 0000011c 00000118 00000114 00000110 0000010c 00000108 0000013c 00000138 00000134 00000130 0000012c 00000128 00000124 00000120 0000011c 00000118 00000114 00000110 0000010c 00000108 
core   0: 0x800001a4 (0x024383d7) vadd.vv v7, v4, v7
core   0: 3 0x800001a4 (0x024383d7) c8_vstart 0x00000000 e32 m1 l32 v7  ffffffff 0x90000114 90000110 9000010c 90000108 9000013c 90000138 90000134 90000130 9000012c 90000128 90000124 90000120 9000011c 90000118 90000114 90000110 9000010c 90000108 9000013c 90000138 90000134 90000130 9000012c 90000128 90000124 90000120 9000011c 90000118 90000114 90000110 9000010c 90000108 
core   0: 0x800001a8 (0x0003a3fb) vlw12.v v7, v7, 0
core   0: 3 0x800001a8 (0x0003a3fb) e32 m1 l32 v7  ffffffff 0x427fbdce 41c0faa9 42a05c21 4187c2c3 4283f21a 42c35fa1 425b1c06 42204eb2 40069e33 42b7680b 4210d42c 429ba402 429e478c 42b1d2c3 427fbdce 41c0faa9 42a05c21 4187c2c3 4283f21a 42c35fa1 425b1c06 42204eb2 40069e33 42b7680b 4210d42c 429ba402 429e478c 42b1d2c3 427fbdce 41c0faa9 42a05c21 4187c2c3  c8_vstart 0x00000000 mem 0x90000108 mem 0x9000010c mem 0x90000110 mem 0x90000114 mem 0x90000118 mem 0x9000011c mem 0x90000120 mem 0x90000124 mem 0x90000128 mem 0x9000012c mem 0x90000130 mem 0x90000134 mem 0x90000138 mem 0x9000013c mem 0x90000108 mem 0x9000010c mem 0x90000110 mem 0x90000114 mem 0x90000118 mem 0x9000011c mem 0x90000120 mem 0x90000124 mem 0x90000128 mem 0x9000012c mem 0x90000130 mem 0x90000134 mem 0x90000138 mem 0x9000013c mem 0x90000108 mem 0x9000010c mem 0x90000110 mem 0x90000114
core   0: 0x800001ac (0x96213457) vsll.vi v8, v2, 2
core   0: 3 0x800001ac (0x96213457) c8_vstart 0x00000000 e32 m1 l32 v8  ffffffff 0x0000014c 00000148 00000144 00000140 00000174 00000170 0000016c 00000168 00000164 00000160 0000015c 00000158 00000154 00000150 0000014c 00000148 00000144 00000140 00000174 00000170 0000016c 00000168 00000164 00000160 0000015c 00000158 00000154 00000150 0000014c 00000148 00000144 00000140 
core   0: 0x800001b0 (0x02440457) vadd.vv v8, v4, v8
core   0: 3 0x800001b0 (0x02440457) c8_vstart 0x00000000 e32 m1 l32 v8  ffffffff 0x9000014c 90000148 90000144 90000140 90000174 90000170 9000016c 90000168 90000164 90000160 9000015c 90000158 90000154 90000150 9000014c 90000148 90000144 90000140 90000174 90000170 9000016c 90000168 90000164 90000160 9000015c 90000158 90000154 90000150 9000014c 90000148 90000144 90000140 
core   0: 0x800001b4 (0x0004247b) vlw12.v v8, v8, 0
core   0: 3 0x800001b4 (0x0004247b) e32 m1 l32 v8  ffffffff 0x42398c52 4214effe 427ba51b 41aa73b7 41f8ebda 4289a7b1 420f11c3 41dcada4 42c591b8 426fce25 42c5f9d0 42b556c3 40f2ad82 40a7c9d2 42398c52 4214effe 427ba51b 41aa73b7 41f8ebda 4289a7b1 420f11c3 41dcada4 42c591b8 426fce25 42c5f9d0 42b556c3 40f2ad82 40a7c9d2 42398c52 4214effe 427ba51b 41aa73b7  c8_vstart 0x00000000 mem 0x90000140 mem 0x90000144 mem 0x90000148 mem 0x9000014c mem 0x90000150 mem 0x90000154 mem 0x90000158 mem 0x9000015c mem 0x90000160 mem 0x90000164 mem 0x90000168 mem 0x9000016c mem 0x90000170 mem 0x90000174 mem 0x90000140 mem 0x90000144 mem 0x90000148 mem 0x9000014c mem 0x90000150 mem 0x90000154 mem 0x90000158 mem 0x9000015c mem 0x90000160 mem 0x90000164 mem 0x90000168 mem 0x9000016c mem 0x90000170 mem 0x90000174 mem 0x90000140 mem 0x90000144 mem 0x90000148 mem 0x9000014c
core   0: 0x800001b8 (0x960134d7) vsll.vi v9, v0, 2
core   0: 3 0x800001b8 (0x960134d7) c8_vstart 0x00000000 e32 m1 l32 v9  ffffffff 0x00000150 0000014c 00000148 00000144 00000178 00000174 00000170 0000016c 00000168 00000164 00000160 0000015c 00000158 00000154 00000150 0000014c 00000148 00000144 00000178 00000174 00000170 0000016c 00000168 00000164 00000160 0000015c 00000158 00000154 00000150 0000014c 00000148 00000144 
core   0: 0x800001bc (0x02448557) vadd.vv v10, v4, v9
core   0: 3 0x800001bc (0x02448557) c8_vstart 0x00000000 e32 m1 l32 v10 ffffffff 0x90000150 9000014c 90000148 90000144 90000178 90000174 90000170 9000016c 90000168 90000164 90000160 9000015c 90000158 90000154 90000150 9000014c 90000148 90000144 90000178 90000174 90000170 9000016c 90000168 90000164 90000160 9000015c 90000158 90000154 90000150 9000014c 90000148 90000144 
core   0: 0x800001c0 (0x0005257b) vlw12.v v10, v10, 0
core   0: 3 0x800001c0 (0x0005257b) e32 m1 l32 v10 ffffffff 0x40a7c9d2 42398c52 4214effe 427ba51b 424617cd 41f8ebda 4289a7b1 420f11c3 41dcada4 42c591b8 426fce25 42c5f9d0 42b556c3 40f2ad82 40a7c9d2 42398c52 4214effe 427ba51b 424617cd 41f8ebda 4289a7b1 420f11c3 41dcada4 42c591b8 426fce25 42c5f9d0 42b556c3 40f2ad82 40a7c9d2 42398c52 4214effe 427ba51b  c8_vstart 0x00000000 mem 0x90000144 mem 0x90000148 mem 0x9000014c mem 0x90000150 mem 0x90000154 mem 0x90000158 mem 0x9000015c mem 0x90000160 mem 0x90000164 mem 0x90000168 mem 0x9000016c mem 0x90000170 mem 0x90000174 mem 0x90000178 mem 0x90000144 mem 0x90000148 mem 0x9000014c mem 0x90000150 mem 0x90000154 mem 0x90000158 mem 0x9000015c mem 0x90000160 mem 0x90000164 mem 0x90000168 mem 0x9000016c mem 0x90000170 mem 0x90000174 mem 0x90000178 mem 0x90000144 mem 0x90000148 mem 0x9000014c mem 0x90000150
core   0: 0x800001c4 (0x966135d7) vsll.vi v11, v6, 2
core   0: 3 0x800001c4 (0x966135d7) c8_vstart 0x00000000 e32 m1 l32 v11 ffffffff 0x00000154 00000150 0000014c 00000148 0000017c 00000178 00000174 00000170 0000016c 00000168 00000164 00000160 0000015c 00000158 00000154 00000150 0000014c 00000148 0000017c 00000178 00000174 00000170 0000016c 00000168 00000164 00000160 0000015c 00000158 00000154 00000150 0000014c 00000148 
core   0: 0x800001c8 (0x024585d7) vadd.vv v11, v4, v11
core   0: 3 0x800001c8 (0x024585d7) c8_vstart 0x00000000 e32 m1 l32 v11 ffffffff 0x90000154 90000150 9000014c 90000148 9000017c 90000178 90000174 90000170 9000016c 90000168 90000164 90000160 9000015c 90000158 90000154 90000150 9000014c 90000148 9000017c 90000178 90000174 90000170 9000016c 90000168 90000164 90000160 9000015c 90000158 90000154 90000150 9000014c 90000148 
core   0: 0x800001cc (0x0005a5fb) vlw12.v v11, v11, 0
core   0: 3 0x800001cc (0x0005a5fb) e32 m1 l32 v11 ffffffff 0x40f2ad82 40a7c9d2 42398c52 4214effe 41c68f1e 424617cd 41f8ebda 4289a7b1 420f11c3 41dcada4 42c591b8 426fce25 42c5f9d0 42b556c3 40f2ad82 40a7c9d2 42398c52 4214effe 41c68f1e 424617cd 41f8ebda 4289a7b1 420f11c3 41dcada4 42c591b8 426fce25 42c5f9d0 42b556c3 40f2ad82 40a7c9d2 42398c52 4214effe  c8_vstart 0x00000000 mem 0x90000148 mem 0x9000014c mem 0x90000150 mem 0x90000154 mem 0x90000158 mem 0x9000015c mem 0x90000160 mem 0x90000164 mem 0x90000168 mem 0x9000016c mem 0x90000170 mem 0x90000174 mem 0x90000178 mem 0x9000017c mem 0x90000148 mem 0x9000014c mem 0x90000150 mem 0x90000154 mem 0x90000158 mem 0x9000015c mem 0x90000160 mem 0x90000164 mem 0x90000168 mem 0x9000016c mem 0x90000170 mem 0x90000174 mem 0x90000178 mem 0x9000017c mem 0x90000148 mem 0x9000014c mem 0x90000150 mem 0x90000154
core   0: 0x800001d0 (0x02208157) vadd.vv v2, v2, v1
core   0: 3 0x800001d0 (0x02208157) c8_vstart 0x00000000 e32 m1 l32 v2  ffffffff 0x00000063 00000062 00000061 00000060 0000006d 0000006c 0000006b 0000006a 00000069 00000068 00000067 00000066 00000065 00000064 00000063 00000062 00000061 00000060 0000006d 0000006c 0000006b 0000006a 00000069 00000068 00000067 00000066 00000065 00000064 00000063 00000062 00000061 00000060 
core   0: 0x800001d4 (0x96213157) vsll.vi v2, v2, 2
core   0: 3 0x800001d4 (0x96213157) c8_vstart 0x00000000 e32 m1 l32 v2  ffffffff 0x0000018c 00000188 00000184 00000180 000001b4 000001b0 000001ac 000001a8 000001a4 000001a0 0000019c 00000198 00000194 00000190 0000018c 00000188 00000184 00000180 000001b4 000001b0 000001ac 000001a8 000001a4 000001a0 0000019c 00000198 00000194 00000190 0000018c 00000188 00000184 00000180 
core   0: 0x800001d8 (0x02410157) vadd.vv v2, v4, v2
core   0: 3 0x800001d8 (0x02410157) c8_vstart 0x00000000 e32 m1 l32 v2  ffffffff 0x9000018c 90000188 90000184 90000180 900001b4 900001b0 900001ac 900001a8 900001a4 900001a0 9000019c 90000198 90000194 90000190 9000018c 90000188 90000184 90000180 900001b4 900001b0 900001ac 900001a8 900001a4 900001a0 9000019c 90000198 90000194 90000190 9000018c 90000188 90000184 90000180 
core   0: 0x800001dc (0x0001217b) vlw12.v v2, v2, 0
core   0: 3 0x800001dc (0x0001217b) e32 m1 l32 v2  ffffffff 0x420aaeb5 409ffe93 4284fc97 4128c582 4100a093 427129e9 428c641c 4125a38d 40b06f18 41f0f30b 4103fc00 415cf733 42bbd2ad 41f36df8 420aaeb5 409ffe93 4284fc97 4128c582 4100a093 427129e9 428c641c 4125a38d 40b06f18 41f0f30b 4103fc00 415cf733 42bbd2ad 41f36df8 420aaeb5 409ffe93 4284fc97 4128c582  c8_vstart 0x00000000 mem 0x90000180 mem 0x90000184 mem 0x90000188 mem 0x9000018c mem 0x90000190 mem 0x90000194 mem 0x90000198 mem 0x9000019c mem 0x900001a0 mem 0x900001a4 mem 0x900001a8 mem 0x900001ac mem 0x900001b0 mem 0x900001b4 mem 0x90000180 mem 0x90000184 mem 0x90000188 mem 0x9000018c mem 0x90000190 mem 0x90000194 mem 0x90000198 mem 0x9000019c mem 0x900001a0 mem 0x900001a4 mem 0x900001a8 mem 0x900001ac mem 0x900001b0 mem 0x900001b4 mem 0x90000180 mem 0x90000184 mem 0x90000188 mem 0x9000018c
core   0: 0x800001e0 (0x02008057) vadd.vv v0, v0, v1
core   0: 3 0x800001e0 (0x02008057) c8_vstart 0x00000000 e32 m1 l32 v0  ffffffff 0x00000064 00000063 00000062 00000061 0000006e 0000006d 0000006c 0000006b 0000006a 00000069 00000068 00000067 00000066 00000065 00000064 00000063 00000062 00000061 0000006e 0000006d 0000006c 0000006b 0000006a 00000069 00000068 00000067 00000066 00000065 00000064 00000063 00000062 00000061 
core   0: 0x800001e4 (0x96013057) vsll.vi v0, v0, 2
core   0: 3 0x800001e4 (0x96013057) c8_vstart 0x00000000 e32 m1 l32 v0  ffffffff 0x00000190 0000018c 00000188 00000184 000001b8 000001b4 000001b0 000001ac 000001a8 000001a4 000001a0 0000019c 00000198 00000194 00000190 0000018c 00000188 00000184 000001b8 000001b4 000001b0 000001ac 000001a8 000001a4 000001a0 0000019c 00000198 00000194 00000190 0000018c 00000188 00000184 
core   0: 0x800001e8 (0x02400057) vadd.vv v0, v4, v0
core   0: 3 0x800001e8 (0x02400057) c8_vstart 0x00000000 e32 m1 l32 v0  ffffffff 0x90000190 9000018c 90000188 90000184 900001b8 900001b4 900001b0 900001ac 900001a8 900001a4 900001a0 9000019c 90000198 90000194 90000190 9000018c 90000188 90000184 900001b8 900001b4 900001b0 900001ac 900001a8 900001a4 900001a0 9000019c 90000198 90000194 90000190 9000018c 90000188 90000184 
core   0: 0x800001ec (0x0000207b) vlw12.v v0, v0, 0
core   0: 3 0x800001ec (0x0000207b) e32 m1 l32 v0  ffffffff 0x41f36df8 420aaeb5 409ffe93 4284fc97 4210ac6b 4100a093 427129e9 428c641c 4125a38d 40b06f18 41f0f30b 4103fc00 415cf733 42bbd2ad 41f36df8 420aaeb5 409ffe93 4284fc97 4210ac6b 4100a093 427129e9 428c641c 4125a38d 40b06f18 41f0f30b 4103fc00 415cf733 42bbd2ad 41f36df8 420aaeb5 409ffe93 4284fc97  c8_vstart 0x00000000 mem 0x90000184 mem 0x90000188 mem 0x9000018c mem 0x90000190 mem 0x90000194 mem 0x90000198 mem 0x9000019c mem 0x900001a0 mem 0x900001a4 mem 0x900001a8 mem 0x900001ac mem 0x900001b0 mem 0x900001b4 mem 0x900001b8 mem 0x90000184 mem 0x90000188 mem 0x9000018c mem 0x90000190 mem 0x90000194 mem 0x90000198 mem 0x9000019c mem 0x900001a0 mem 0x900001a4 mem 0x900001a8 mem 0x900001ac mem 0x900001b0 mem 0x900001b4 mem 0x900001b8 mem 0x90000184 mem 0x90000188 mem 0x9000018c mem 0x90000190
core   0: 0x800001f0 (0x026080d7) vadd.vv v1, v6, v1
core   0: 3 0x800001f0 (0x026080d7) c8_vstart 0x00000000 e32 m1 l32 v1  ffffffff 0x00000065 00000064 00000063 00000062 0000006f 0000006e 0000006d 0000006c 0000006b 0000006a 00000069 00000068 00000067 00000066 00000065 00000064 00000063 00000062 0000006f 0000006e 0000006d 0000006c 0000006b 0000006a 00000069 00000068 00000067 00000066 00000065 00000064 00000063 00000062 
core   0: 0x800001f4 (0x961130d7) vsll.vi v1, v1, 2
core   0: 3 0x800001f4 (0x961130d7) c8_vstart 0x00000000 e32 m1 l32 v1  ffffffff 0x00000194 00000190 0000018c 00000188 000001bc 000001b8 000001b4 000001b0 000001ac 000001a8 000001a4 000001a0 0000019c 00000198 00000194 00000190 0000018c 00000188 000001bc 000001b8 000001b4 000001b0 000001ac 000001a8 000001a4 000001a0 0000019c 00000198 00000194 00000190 0000018c 00000188 
core   0: 0x800001f8 (0x024080d7) vadd.vv v1, v4, v1
core   0: 3 0x800001f8 (0x024080d7) c8_vstart 0x00000000 e32 m1 l32 v1  ffffffff 0x90000194 90000190 9000018c 90000188 900001bc 900001b8 900001b4 900001b0 900001ac 900001a8 900001a4 900001a0 9000019c 90000198 90000194 90000190 9000018c 90000188 900001bc 900001b8 900001b4 900001b0 900001ac 900001a8 900001a4 900001a0 9000019c 90000198 90000194 90000190 9000018c 90000188 
core   0: 0x800001fc (0x0000a0fb) vlw12.v v1, v1, 0
core   0: 3 0x800001fc (0x0000a0fb) e32 m1 l32 v1  ffffffff 0x42bbd2ad 41f36df8 420aaeb5 409ffe93 42a331e2 4210ac6b 4100a093 427129e9 428c641c 4125a38d 40b06f18 41f0f30b 4103fc00 415cf733 42bbd2ad 41f36df8 420aaeb5 409ffe93 42a331e2 4210ac6b 4100a093 427129e9 428c641c 4125a38d 40b06f18 41f0f30b 4103fc00 415cf733 42bbd2ad 41f36df8 420aaeb5 409ffe93  c8_vstart 0x00000000 mem 0x90000188 mem 0x9000018c mem 0x90000190 mem 0x90000194 mem 0x90000198 mem 0x9000019c mem 0x900001a0 mem 0x900001a4 mem 0x900001a8 mem 0x900001ac mem 0x900001b0 mem 0x900001b4 mem 0x900001b8 mem 0x900001bc mem 0x90000188 mem 0x9000018c mem 0x90000190 mem 0x90000194 mem 0x90000198 mem 0x9000019c mem 0x900001a0 mem 0x900001a4 mem 0x900001a8 mem 0x900001ac mem 0x900001b0 mem 0x900001b4 mem 0x900001b8 mem 0x900001bc mem 0x90000188 mem 0x9000018c mem 0x90000190 mem 0x90000194
core   0: 0x80000200 (0xfdc12283) lw      x5, -36(x2)
core   0: 3 0x80000200 (0xfdc12283) x5  0x3f800000 mem 0x70000010
core   0: 0x80000204 (0x5e02c257) vmv.v.x v4, x5
core   0: 3 0x80000204 (0x5e02c257) c8_vstart 0x00000000 e32 m1 l32 v4  ffffffff 0x3f800000 3f800000 3f800000 3f800000 3f800000 3f800000 3f800000 3f800000 3f800000 3f800000 3f800000 3f800000 3f800000 3f800000 3f800000 3f800000 3f800000 3f800000 3f800000 3f800000 3f800000 3f800000 3f800000 3f800000 3f800000 3f800000 3f800000 3f800000 3f800000 3f800000 3f800000 3f800000 
core   0: 0x80000208 (0xa25211d7) vfmadd.vv v3, v5, v4
core   0: 3 0x80000208 (0xa25211d7) c8_vstart 0x00000000 c1_fflags 0x00000001 e32 m1 l32 v3  ffffffff 0x42d09acb 42c24cd2 42c0ce6b 43076ce8 431876d2 42bdb55c 4228b895 42bb9cfd 42ffd221 42e40e18 431cf5c7 43280d28 4318d8d5 42b01d91 42d09acb 42c24cd2 42c0ce6b 43076ce8 431876d2 42bdb55c 4228b895 42bb9cfd 42ffd221 42e40e18 431cf5c7 43280d28 4318d8d5 42b01d91 42d09acb 42c24cd2 42c0ce6b 43076ce8 
core   0: 0x8000020c (0xfe012283) lw      x5, -32(x2)
core   0: 3 0x8000020c (0xfe012283) x5  0x3f800000 mem 0x70000014
core   0: 0x80000210 (0x5e02c257) vmv.v.x v4, x5
core   0: 3 0x80000210 (0x5e02c257) c8_vstart 0x00000000 e32 m1 l32 v4  ffffffff 0x3f800000 3f800000 3f800000 3f800000 3f800000 3f800000 3f800000 3f800000 3f800000 3f800000 3f800000 3f800000 3f800000 3f800000 3f800000 3f800000 3f800000 3f800000 3f800000 3f800000 3f800000 3f800000 3f800000 3f800000 3f800000 3f800000 3f800000 3f800000 3f800000 3f800000 3f800000 3f800000 
core   0: 0x80000214 (0xa23213d7) vfmadd.vv v7, v3, v4
core   0: 3 0x80000214 (0xa23213d7) c8_vstart 0x00000000 c1_fflags 0x00000001 e32 m1 l32 v7  ffffffff 0x43283cd9 42f28b7c 43309546 43186540 435a6fdf 43408a7e 42c1ea4e 4305e22b 43020389 434dbb12 43412ad2 4375df29 4367fc9b 4330f82a 43283cd9 42f28b7c 43309546 43186540 435a6fdf 43408a7e 42c1ea4e 4305e22b 43020389 434dbb12 43412ad2 4375df29 4367fc9b 4330f82a 43283cd9 42f28b7c 43309546 43186540 
core   0: 0x80000218 (0xfe412283) lw      x5, -28(x2)
core   0: 3 0x80000218 (0xfe412283) x5  0x3f800000 mem 0x70000018
core   0: 0x8000021c (0x5e02c1d7) vmv.v.x v3, x5
core   0: 3 0x8000021c (0x5e02c1d7) c8_vstart 0x00000000 e32 m1 l32 v3  ffffffff 0x3f800000 3f800000 3f800000 3f800000 3f800000 3f800000 3f800000 3f800000 3f800000 3f800000 3f800000 3f800000 3f800000 3f800000 3f800000 3f800000 3f800000 3f800000 3f800000 3f800000 3f800000 3f800000 3f800000 3f800000 3f800000 3f800000 3f800000 3f800000 3f800000 3f800000 3f800000 3f800000 
core   0: 0x80000220 (0xa2719457) vfmadd.vv v8, v7, v3
core   0: 3 0x80000220 (0xa2719457) c8_vstart 0x00000000 c1_fflags 0x00000001 e32 m1 l32 v8  ffffffff 0x43569fee 431e81be 436f7e8d 432db3b7 43798d5a 4382af2b 4304b998 432177e0 4364cc65 4384d74e 439213dd 43a84545 436f9207 43363679 43569fee 431e81be 436f7e8d 432db3b7 43798d5a 4382af2b 4304b998 432177e0 4364cc65 4384d74e 439213dd 43a84545 436f9207 43363679 43569fee 431e81be 436f7e8d 432db3b7 
core   0: 0x80000224 (0xfe812283) lw      x5, -24(x2)
core   0: 3 0x80000224 (0xfe812283) x5  0x3f800000 mem 0x7000001c
core   0: 0x80000228 (0x5e02c1d7) vmv.v.x v3, x5
core   0: 3 0x80000228 (0x5e02c1d7) c8_vstart 0x00000000 e32 m1 l32 v3  ffffffff 0x3f800000 3f800000 3f800000 3f800000 3f800000 3f800000 3f800000 3f800000 3f800000 3f800000 3f800000 3f800000 3f800000 3f800000 3f800000 3f800000 3f800000 3f800000 3f800000 3f800000 3f800000 3f800000 3f800000 3f800000 3f800000 3f800000 3f800000 3f800000 3f800000 3f800000 3f800000 3f800000 
core   0: 0x8000022c (0xa2819557) vfmadd.vv v10, v8, v3
core   0: 3 0x8000022c (0xa2819557) c8_vstart 0x00000000 c1_fflags 0x00000001 e32 m1 l32 v10 ffffffff 0x435bde3d 434ce4d2 438a5d46 436c9cfe 439589a7 43923de9 43498d70 43453c51 4380310d 43b63bbc 43b00da2 43d9c3b9 43a51eb4 433dcbe5 435bde3d 434ce4d2 438a5d46 436c9cfe 439589a7 43923de9 43498d70 43453c51 4380310d 43b63bbc 43b00da2 43d9c3b9 43a51eb4 433dcbe5 435bde3d 434ce4d2 438a5d46 436c9cfe 
core   0: 0x80000230 (0xfec12283) lw      x5, -20(x2)
core   0: 3 0x80000230 (0xfec12283) x5  0x3f800000 mem 0x70000020
core   0: 0x80000234 (0x5e02c1d7) vmv.v.x v3, x5
core   0: 3 0x80000234 (0x5e02c1d7) c8_vstart 0x00000000 e32 m1 l32 v3  ffffffff 0x3f800000 3f800000 3f800000 3f800000 3f800000 3f800000 3f800000 3f800000 3f800000 3f800000 3f800000 3f800000 3f800000 3f800000 3f800000 3f800000 3f800000 3f800000 3f800000 3f800000 3f800000 3f800000 3f800000 3f800000 3f800000 3f800000 3f800000 3f800000 3f800000 3f800000 3f800000 3f800000 
core   0: 0x80000238 (0xa2a195d7) vfmadd.vv v11, v10, v3
core   0: 3 0x80000238 (0xa2a195d7) c8_vstart 0x00000000 c1_fflags 0x00000001 e32 m1 l32 v11 ffffffff 0x436373a9 43522321 43a18ed0 4388ec7f 43a1f299 43ab00e3 4368aaeb 43850815 43921345 43c40696 43e17210 43f7bd7e 43d69d28 438c3ba3 436373a9 43522321 43a18ed0 4388ec7f 43a1f299 43ab00e3 4368aaeb 43850815 43921345 43c40696 43e17210 43f7bd7e 43d69d28 438c3ba3 436373a9 43522321 43a18ed0 4388ec7f 
core   0: 0x8000023c (0xff012283) lw      x5, -16(x2)
core   0: 3 0x8000023c (0xff012283) x5  0x3f800000 mem 0x70000024
core   0: 0x80000240 (0x5e02c1d7) vmv.v.x v3, x5
core   0: 3 0x80000240 (0x5e02c1d7) c8_vstart 0x00000000 e32 m1 l32 v3  ffffffff 0x3f800000 3f800000 3f800000 3f800000 3f800000 3f800000 3f800000 3f800000 3f800000 3f800000 3f800000 3f800000 3f800000 3f800000 3f800000 3f800000 3f800000 3f800000 3f800000 3f800000 3f800000 3f800000 3f800000 3f800000 3f800000 3f800000 3f800000 3f800000 3f800000 3f800000 3f800000 3f800000 
core   0: 0x80000244 (0xa2b19157) vfmadd.vv v2, v11, v3
core   0: 3 0x80000244 (0xa2b19157) c8_vstart 0x00000000 c1_fflags 0x00000001 e32 m1 l32 v2  ffffffff 0x43830fab 43572316 43c2cdf6 438e32ab 43a5f79e 43c92620 43976e7c 438a3531 4394d501 43d315c7 43e591f0 43fea538 4402c8ea 439b7282 43830fab 43572316 43c2cdf6 438e32ab 43a5f79e 43c92620 43976e7c 438a3531 4394d501 43d315c7 43e591f0 43fea538 4402c8ea 439b7282 43830fab 43572316 43c2cdf6 438e32ab 
core   0: 0x80000248 (0xff412283) lw      x5, -12(x2)
core   0: 3 0x80000248 (0xff412283) x5  0x3f800000 mem 0x70000028
core   0: 0x8000024c (0x5e02c1d7) vmv.v.x v3, x5
core   0: 3 0x8000024c (0x5e02c1d7) c8_vstart 0x00000000 e32 m1 l32 v3  ffffffff 0x3f800000 3f800000 3f800000 3f800000 3f800000 3f800000 3f800000 3f800000 3f800000 3f800000 3f800000 3f800000 3f800000 3f800000 3f800000 3f800000 3f800000 3f800000 3f800000 3f800000 3f800000 3f800000 3f800000 3f800000 3f800000 3f800000 3f800000 3f800000 3f800000 3f800000 3f800000 3f800000 
core   0: 0x80000250 (0xa2219057) vfmadd.vv v0, v2, v3
core   0: 3 0x80000250 (0xa2219057) c8_vstart 0x00000000 c1_fflags 0x00000001 e32 m1 l32 v0  ffffffff 0x4392468a 4379cec3 43c54df0 43af71d1 43b80d2b 43cd2b25 43b593b9 43ad4e38 439a021d 43d5d783 43f4a121 4401628c 44063cc7 43ca672d 4392468a 4379cec3 43c54df0 43af71d1 43b80d2b 43cd2b25 43b593b9 43ad4e38 439a021d 43d5d783 43f4a121 4401628c 44063cc7 43ca672d 4392468a 4379cec3 43c54df0 43af71d1 
core   0: 0x80000254 (0xff812283) lw      x5, -8(x2)
core   0: 3 0x80000254 (0xff812283) x5  0x3f800000 mem 0x7000002c
core   0: 0x80000258 (0x5e02c157) vmv.v.x v2, x5
core   0: 3 0x80000258 (0x5e02c157) c8_vstart 0x00000000 e32 m1 l32 v2  ffffffff 0x3f800000 3f800000 3f800000 3f800000 3f800000 3f800000 3f800000 3f800000 3f800000 3f800000 3f800000 3f800000 3f800000 3f800000 3f800000 3f800000 3f800000 3f800000 3f800000 3f800000 3f800000 3f800000 3f800000 3f800000 3f800000 3f800000 3f800000 3f800000 3f800000 3f800000 3f800000 3f800000 
core   0: 0x8000025c (0xa20110d7) vfmadd.vv v1, v0, v2
core   0: 3 0x8000025c (0xa20110d7) c8_vstart 0x00000000 c1_fflags 0x00000001 e32 m1 l32 v1  ffffffff 0x43c13b35 438c1e41 43d6a3c7 43b1f1cb 43e0d9a4 43df40b2 43b998be 43cb7375 43bd1b24 43db049f 43f762dd 4408ea24 44084cb7 43d14ee7 43c13b35 438c1e41 43d6a3c7 43b1f1cb 43e0d9a4 43df40b2 43b998be 43cb7375 43bd1b24 43db049f 43f762dd 4408ea24 44084cb7 43d14ee7 43c13b35 438c1e41 43d6a3c7 43b1f1cb 
core   0: 0x80000260 (0xffc12283) lw      x5, -4(x2)
core   0: 3 0x80000260 (0xffc12283) x5  0x90001000 mem 0x70000030
core   0: 0x80000264 (0x0292c057) vadd.vx v0, v9, x5
core   0: 3 0x80000264 (0x0292c057) c8_vstart 0x00000000 e32 m1 l32 v0  ffffffff 0x90001150 9000114c 90001148 90001144 90001178 90001174 90001170 9000116c 90001168 90001164 90001160 9000115c 90001158 90001154 90001150 9000114c 90001148 90001144 90001178 90001174 90001170 9000116c 90001168 90001164 90001160 9000115c 90001158 90001154 90001150 9000114c 90001148 90001144 
core   0: 0x80000268 (0x0010607b) vsw12.v v1, v0, 0
core   0: 3 0x80000268 (0x0010607b) c8_vstart 0x00000000 e32 m1 l32 mem 0x90001144 0x43b1f1cb mem 0x90001148 0x43d6a3c7 mem 0x9000114c 0x438c1e41 mem 0x90001150 0x43c13b35 mem 0x90001154 0x43d14ee7 mem 0x90001158 0x44084cb7 mem 0x9000115c 0x4408ea24 mem 0x90001160 0x43f762dd mem 0x90001164 0x43db049f mem 0x90001168 0x43bd1b24 mem 0x9000116c 0x43cb7375 mem 0x90001170 0x43b998be mem 0x90001174 0x43df40b2 mem 0x90001178 0x43e0d9a4 mem 0x90001144 0x43b1f1cb mem 0x90001148 0x43d6a3c7 mem 0x9000114c 0x438c1e41 mem 0x90001150 0x43c13b35 mem 0x90001154 0x43d14ee7 mem 0x90001158 0x44084cb7 mem 0x9000115c 0x4408ea24 mem 0x90001160 0x43f762dd mem 0x90001164 0x43db049f mem 0x90001168 0x43bd1b24 mem 0x9000116c 0x43cb7375 mem 0x90001170 0x43b998be mem 0x90001174 0x43df40b2 mem 0x90001178 0x43e0d9a4 mem 0x90001144 0x43b1f1cb mem 0x90001148 0x43d6a3c7 mem 0x9000114c 0x438c1e41 mem 0x90001150 0x43c13b35
core   0: 0x8000026c (0xfcc12083) lw      x1, -52(x2)
core   0: 3 0x8000026c (0xfcc12083) x1  0x800000a0 mem 0x70000000
core   0: 0x80000270 (0x0090200b) regext  x0, x0,  0 0 1 1 
core   0: 3 0x80000270 (0x0090200b)
core   0: 0x80000274 (0x7fc020ab) vlw.v   v1, x0, -4
core   0: 3 0x80000274 (0x7fc020ab) e32 m1 l32 v33 ffffffff 0x00000000 00000000 00000000 00000000 00000000 00000000 00000000 00000000 00000000 00000000 00000000 00000000 00000000 00000000 00000000 00000000 00000000 00000000 00000000 00000000 00000000 00000000 00000000 00000000 00000000 00000000 00000000 00000000 00000000 00000000 00000000 00000000  c8_vstart 0x00000000 mem 0x90003000 mem 0x90003004 mem 0x90003008 mem 0x9000300c mem 0x90003010 mem 0x90003014 mem 0x90003018 mem 0x9000301c mem 0x90003020 mem 0x90003024 mem 0x90003028 mem 0x9000302c mem 0x90003030 mem 0x90003034 mem 0x90003038 mem 0x9000303c mem 0x90003040 mem 0x90003044 mem 0x90003048 mem 0x9000304c mem 0x90003050 mem 0x90003054 mem 0x90003058 mem 0x9000305c mem 0x90003060 mem 0x90003064 mem 0x90003068 mem 0x9000306c mem 0x90003070 mem 0x90003074 mem 0x90003078 mem 0x9000307c
core   0: 0x80000278 (0xfcc10113) addi    x2, x2, -52
core   0: 3 0x80000278 (0xfcc10113) x2  0x70000000
core   0: 0x8000027c (0xffc20213) addi    x4, x4, -4
core   0: 3 0x8000027c (0xffc20213) x4  0x00000000
core   0: 0x80000280 (0x0010200b) regext  x0, x0,  0 0 0 1 
core   0: 3 0x80000280 (0x0010200b)
core   0: 0x80000284 (0x5e024057) vmv.v.x v0, x4
core   0: 3 0x80000284 (0x5e024057) c8_vstart 0x00000000 e32 m1 l32 v32 ffffffff 0x00000000 00000000 00000000 00000000 00000000 00000000 00000000 00000000 00000000 00000000 00000000 00000000 00000000 00000000 00000000 00000000 00000000 00000000 00000000 00000000 00000000 00000000 00000000 00000000 00000000 00000000 00000000 00000000 00000000 00000000 00000000 00000000 
core   0: 0x80000288 (0x00008067) ret
core   0: 3 0x80000288 (0x00008067)
core   0: 0x800000a0 (0x0000400b) endprg  x0, x0, x0
core   0: 3 0x800000a0 (0x0000400b)
core   0: 0x800000a4 (0x0040006f) j       pc + 0x4
core   0: 3 0x800000a4 (0x0040006f)
core   0: 0x800000a8 (0x00100313) li      x6, 1
core   0: 3 0x800000a8 (0x00100313) x6  0x00000001
core   0: 0x800000ac (0x00001297) auipc   x5, 0x1
core   0: 3 0x800000ac (0x00001297) x5  0x800010ac
core   0: 0x800000b0 (0xf5428293) addi    x5, x5, -172
core   0: 3 0x800000b0 (0xf5428293) x5  0x80001000
core   0: 0x800000b4 (0x0062a023) sw      x6, 0(x5)
core   0: 3 0x800000b4 (0x0062a023) mem 0x80001000 0x00000001
core   0: 0x00001000 (0x00000297) auipc   x5, 0x0
core   0: 3 0x00001000 (0x00000297) x5  0x00001000
core   0: 0x00001004 (0x02028593) addi    x11, x5, 32
core   0: 3 0x00001004 (0x02028593) x11 0x00001020
core   0: 0x00001008 (0xf1402573) csrr    x10, mhartid
core   0: 3 0x00001008 (0xf1402573) x10 0x00000000
core   0: 0x0000100c (0x0182a283) lw      x5, 24(x5)
core   0: 3 0x0000100c (0x0182a283) x5  0x80000000 mem 0x00001018
core   0: 0x00001010 (0x00028067) jr      x5
core   0: 3 0x00001010 (0x00028067)
core   0: 0x80000000 (0x00004197) auipc   x3, 0x4
core   0: 3 0x80000000 (0x00004197) x3  0x80004000
core   0: 0x80000004 (0x80818193) addi    x3, x3, -2040
core   0: 3 0x80000004 (0x80818193) x3  0x80003808
core   0: 0x80000008 (0x02000e93) li      x29, 32
core   0: 3 0x80000008 (0x02000e93) x29 0x00000020
core   0: 0x8000000c (0x0d0efed7) vsetvli x29, x29, e32, m1, ta, ma
core   0: 3 0x8000000c (0x0d0efed7) x29 0x00000020 c8_vstart 0x00000000 c3104_vl 0x00000020 c3105_vtype 0x000000d0 c768_mstatus 0x80000600
core   0: 0x80000010 (0x00002eb7) lui     x29, 0x2
core   0: 3 0x80000010 (0x00002eb7) x29 0x00002000
core   0: 0x80000014 (0x300eaef3) csrrs   x29, mstatus, x29
core   0: 3 0x80000014 (0x300eaef3) x29 0x80000600 c768_mstatus 0x80006600
core   0: 0x80000018 (0x00000e93) li      x29, 0
core   0: 3 0x80000018 (0x00000e93) x29 0x00000000
core   0: 0x8000001c (0x80502373) csrr    x6, wid
core   0: 3 0x8000001c (0x80502373) x6  0x00000000
core   0: 0x80000020 (0x806023f3) csrr    x7, lds
core   0: 3 0x80000020 (0x806023f3) x7  0x70000000
core   0: 0x80000024 (0x40000e13) li      x28, 1024
core   0: 3 0x80000024 (0x40000e13) x28 0x00000400
core   0: 0x80000028 (0x03c30333) mul     x6, x6, x28
core   0: 3 0x80000028 (0x03c30333) x6  0x00000000
core   0: 0x8000002c (0x00730133) add     x2, x6, x7
core   0: 3 0x8000002c (0x00730133) x2  0x70000000
core   0: 0x80000030 (0x00000213) li      x4, 0
core   0: 3 0x80000030 (0x00000213) x4  0x00000000
core   0: 0x80000034 (0x80102f73) csrr    x30, numw
core   0: 3 0x80000034 (0x80102f73) x30 0x00000001
core   0: 0x80000038 (0x40000e13) li      x28, 1024
core   0: 3 0x80000038 (0x40000e13) x28 0x00000400
core   0: 0x8000003c (0x03cf0f33) mul     x30, x30, x28
core   0: 3 0x8000003c (0x03cf0f33) x30 0x00000400
core   0: 0x80000040 (0x01e38433) add     x8, x7, x30
core   0: 3 0x80000040 (0x01e38433) x8  0x70000400
core   0: 0x80000044 (0x00003517) auipc   x10, 0x3
core   0: 3 0x80000044 (0x00003517) x10 0x80003044
core   0: 0x80000048 (0xfc450513) addi    x10, x10, -60
core   0: 3 0x80000048 (0xfc450513) x10 0x80003008
core   0: 0x8000004c (0x00003617) auipc   x12, 0x3
core   0: 3 0x8000004c (0x00003617) x12 0x8000304c
core   0: 0x80000050 (0xfbc60613) addi    x12, x12, -68
core   0: 3 0x80000050 (0xfbc60613) x12 0x80003008
core   0: 0x80000054 (0x00c50863) beq     x10, x12, pc + 16
core   0: 3 0x80000054 (0x00c50863)
core   0: 0x80000064 (0x803022f3) csrr    x5, knl
core   0: 3 0x80000064 (0x803022f3) x5  0x901c3000
core   0: 0x80000068 (0x0002a303) lw      x6, 0(x5)
core   0: 3 0x80000068 (0x0002a303) x6  0x800000b8 mem 0x901c3000
core   0: 0x8000006c (0x0042a503) lw      x10, 4(x5)
core   0: 3 0x8000006c (0x0042a503) x10 0x90002000 mem 0x901c3004
core   0: 0x80000070 (0x0302a383) lw      x7, 48(x5)
core   0: 3 0x80000070 (0x0302a383) x7  0x00000000 mem 0x901c3030
core   0: 0x80000074 (0x0342ae03) lw      x28, 52(x5)
core   0: 3 0x80000074 (0x0342ae03) x28 0x00000000 mem 0x901c3034
core   0: 0x80000078 (0x00003e97) auipc   x29, 0x3
core   0: 3 0x80000078 (0x00003e97) x29 0x80003078
core   0: 0x8000007c (0xf88e8e93) addi    x29, x29, -120
core   0: 3 0x8000007c (0xf88e8e93) x29 0x80003000
core   0: 0x80000080 (0x00003f17) auipc   x30, 0x3
core   0: 3 0x80000080 (0x00003f17) x30 0x80003080
core   0: 0x80000084 (0xf84f0f13) addi    x30, x30, -124
core   0: 3 0x80000084 (0xf84f0f13) x30 0x80003004
core   0: 0x80000088 (0x007ea023) sw      x7, 0(x29)
core   0: 3 0x80000088 (0x007ea023) mem 0x80003000 0x00000000
core   0: 0x8000008c (0x01cf2023) sw      x28, 0(x30)
core   0: 3 0x8000008c (0x01cf2023) mem 0x80003004 0x00000000
core   0: 0x80000090 (0x00000f97) auipc   x31, 0x0
core   0: 3 0x80000090 (0x00000f97) x31 0x80000090
core   0: 0x80000094 (0x018f8f93) addi    x31, x31, 24
core   0: 3 0x80000094 (0x018f8f93) x31 0x800000a8
core   0: 0x80000098 (0x305f9073) csrw    mtvec, x31
core   0: 3 0x80000098 (0x305f9073) c773_mtvec 0x800000a8
core   0: 0x8000009c (0x000300e7) jalr    x6
core   0: 3 0x8000009c (0x000300e7) x1  0x800000a0
core   0: 0x800000b8 (0x03410113) addi    x2, x2, 52
core   0: 3 0x800000b8 (0x03410113) x2  0x70000034
core   0: 0x800000bc (0x00420213) addi    x4, x4, 4
core   0: 3 0x800000bc (0x00420213) x4  0x00000004
core   0: 0x800000c0 (0x0010200b) regext  x0, x0,  0 0 0 1 
core   0: 3 0x800000c0 (0x0010200b)
core   0: 0x800000c4 (0x5e024057) vmv.v.x v0, x4
core   0: 3 0x800000c4 (0x5e024057) c8_vstart 0x00000000 e32 m1 l32 v32 ffffffff 0x00000004 00000004 00000004 00000004 00000004 00000004 00000004 00000004 00000004 00000004 00000004 00000004 00000004 00000004 00000004 00000004 00000004 00000004 00000004 00000004 00000004 00000004 00000004 00000004 00000004 00000004 00000004 00000004 00000004 00000004 00000004 00000004 
core   0: 0x800000c8 (0xfc112623) sw      x1, -52(x2)
core   0: 3 0x800000c8 (0xfc112623) mem 0x70000000 0x800000a0
core   0: 0x800000cc (0x0480200b) regext  x0, x0,  0 1 1 0 
core   0: 3 0x800000cc (0x0480200b)
core   0: 0x800000d0 (0xfe102e2b) vsw.v   v1, x0, -4
core   0: 3 0x800000d0 (0xfe102e2b) c8_vstart 0x00000000 mem 0x90003000 0x00000000 mem 0x90003004 0x00000000 mem 0x90003008 0x00000000 mem 0x9000300c 0x00000000 mem 0x90003010 0x00000000 mem 0x90003014 0x00000000 mem 0x90003018 0x00000000 mem 0x9000301c 0x00000000 mem 0x90003020 0x00000000 mem 0x90003024 0x00000000 mem 0x90003028 0x00000000 mem 0x9000302c 0x00000000 mem 0x90003030 0x00000000 mem 0x90003034 0x00000000 mem 0x90003038 0x00000000 mem 0x9000303c 0x00000000 mem 0x90003040 0x00000000 mem 0x90003044 0x00000000 mem 0x90003048 0x00000000 mem 0x9000304c 0x00000000 mem 0x90003050 0x00000000 mem 0x90003054 0x00000000 mem 0x90003058 0x00000000 mem 0x9000305c 0x00000000 mem 0x90003060 0x00000000 mem 0x90003064 0x00000000 mem 0x90003068 0x00000000 mem 0x9000306c 0x00000000 mem 0x90003070 0x00000000 mem 0x90003074 0x00000000 mem 0x90003078 0x00000000 mem 0x9000307c 0x00000000
core   0: 0x800000d4 (0x00452283) lw      x5, 4(x10)
core   0: 3 0x800000d4 (0x00452283) x5  0x90001000 mem 0x90002004
core   0: 0x800000d8 (0xfe512e23) sw      x5, -4(x2)
core   0: 3 0x800000d8 (0xfe512e23) mem 0x70000030 0x90001000
core   0: 0x800000dc (0x03052283) lw      x5, 48(x10)
core   0: 3 0x800000dc (0x03052283) x5  0x3f800000 mem 0x90002030
core   0: 0x800000e0 (0xfe512c23) sw      x5, -8(x2)
core   0: 3 0x800000e0 (0xfe512c23) mem 0x7000002c 0x3f800000
core   0: 0x800000e4 (0x02c52283) lw      x5, 44(x10)
core   0: 3 0x800000e4 (0x02c52283) x5  0x3f800000 mem 0x9000202c
core   0: 0x800000e8 (0xfe512a23) sw      x5, -12(x2)
core   0: 3 0x800000e8 (0xfe512a23) mem 0x70000028 0x3f800000
core   0: 0x800000ec (0x02852283) lw      x5, 40(x10)
core   0: 3 0x800000ec (0x02852283) x5  0x3f800000 mem 0x90002028
core   0: 0x800000f0 (0xfe512823) sw      x5, -16(x2)
core   0: 3 0x800000f0 (0xfe512823) mem 0x70000024 0x3f800000
core   0: 0x800000f4 (0x02452283) lw      x5, 36(x10)
core   0: 3 0x800000f4 (0x02452283) x5  0x3f800000 mem 0x90002024
core   0: 0x800000f8 (0xfe512623) sw      x5, -20(x2)
core   0: 3 0x800000f8 (0xfe512623) mem 0x70000020 0x3f800000
core   0: 0x800000fc (0x02052283) lw      x5, 32(x10)
core   0: 3 0x800000fc (0x02052283) x5  0x3f800000 mem 0x90002020
core   0: 0x80000100 (0xfe512423) sw      x5, -24(x2)
core   0: 3 0x80000100 (0xfe512423) mem 0x7000001c 0x3f800000
core   0: 0x80000104 (0x01c52283) lw      x5, 28(x10)
core   0: 3 0x80000104 (0x01c52283) x5  0x3f800000 mem 0x9000201c
core   0: 0x80000108 (0xfe512223) sw      x5, -28(x2)
core   0: 3 0x80000108 (0xfe512223) mem 0x70000018 0x3f800000
core   0: 0x8000010c (0x01852283) lw      x5, 24(x10)
core   0: 3 0x8000010c (0x01852283) x5  0x3f800000 mem 0x90002018
core   0: 0x80000110 (0xfe512023) sw      x5, -32(x2)
core   0: 3 0x80000110 (0xfe512023) mem 0x70000014 0x3f800000
core   0: 0x80000114 (0x01052283) lw      x5, 16(x10)
core   0: 3 0x80000114 (0x01052283) x5  0x3f800000 mem 0x90002010
core   0: 0x80000118 (0xfc512e23) sw      x5, -36(x2)
core   0: 3 0x80000118 (0xfc512e23) mem 0x70000010 0x3f800000
core   0: 0x8000011c (0x01452283) lw      x5, 20(x10)
core   0: 3 0x8000011c (0x01452283) x5  0x3f800000 mem 0x90002014
core   0: 0x80000120 (0xfc512c23) sw      x5, -40(x2)
core   0: 3 0x80000120 (0xfc512c23) mem 0x7000000c 0x3f800000
core   0: 0x80000124 (0x00052283) lw      x5, 0(x10)
core   0: 3 0x80000124 (0x00052283) x5  0x90000000 mem 0x90002000
core   0: 0x80000128 (0xfc512a23) sw      x5, -44(x2)
core   0: 3 0x80000128 (0xfc512a23) mem 0x70000008 0x90000000
core   0: 0x8000012c (0x00852283) lw      x5, 8(x10)
core   0: 3 0x8000012c (0x00852283) x5  0x00000010 mem 0x90002008
core   0: 0x80000130 (0xfc512823) sw      x5, -48(x2)
core   0: 3 0x80000130 (0xfc512823) mem 0x70000004 0x00000010
core   0: 0x80000134 (0x5e004057) vmv.v.x v0, x0
core   0: 3 0x80000134 (0x5e004057) c8_vstart 0x00000000 e32 m1 l32 v0  ffffffff 0x00000000 00000000 00000000 00000000 00000000 00000000 00000000 00000000 00000000 00000000 00000000 00000000 00000000 00000000 00000000 00000000 00000000 00000000 00000000 00000000 00000000 00000000 00000000 00000000 00000000 00000000 00000000 00000000 00000000 00000000 00000000 00000000 
core   0: 0x80000138 (0x154000ef) jal     pc + 0x154
core   0: 3 0x80000138 (0x154000ef) x1  0x8000013c
core   0: 0x8000028c (0x00410113) addi    x2, x2, 4
core   0: 3 0x8000028c (0x00410113) x2  0x70000038
core   0: 0x80000290 (0xfe112e23) sw      x1, -4(x2)
core   0: 3 0x80000290 (0xfe112e23) mem 0x70000034 0x8000013c
core   0: 0x80000294 (0x00200293) li      x5, 2
core   0: 3 0x80000294 (0x00200293) x5  0x00000002
core   0: 0x80000298 (0x5e02c0d7) vmv.v.x v1, x5
core   0: 3 0x80000298 (0x5e02c0d7) c8_vstart 0x00000000 e32 m1 l32 v1  ffffffff 0x00000002 00000002 00000002 00000002 00000002 00000002 00000002 00000002 00000002 00000002 00000002 00000002 00000002 00000002 00000002 00000002 00000002 00000002 00000002 00000002 00000002 00000002 00000002 00000002 00000002 00000002 00000002 00000002 00000002 00000002 00000002 00000002 
core   0: 0x8000029c (0x00000317) auipc   x6, 0x0
core   0: 3 0x8000029c (0x00000317) x6  0x8000029c
core   0: 0x800002a0 (0x04c3305b) setrpc  x0, x6, 76
core   0: 3 0x800002a0 (0x04c3305b) c2060_rpc 0x800002e8 current mask:	ffffffff current npc:	00000000 stack size: 0
core   0: 0x800002a4 (0x0200885b) vbeq    v0, v1, pc + 48
core   0: 3 0x800002a4 (0x0200885b) c8_vstart 0x00000000 e32 m1 l32 current mask:	ffffffff current npc:	800002a8 stack size: 0
core   0: 0x800002a8 (0x00100293) li      x5, 1
core   0: 3 0x800002a8 (0x00100293) x5  0x00000001
core   0: 0x800002ac (0x5e02c0d7) vmv.v.x v1, x5
core   0: 3 0x800002ac (0x5e02c0d7) c8_vstart 0x00000000 e32 m1 l32 v1  ffffffff 0x00000001 00000001 00000001 00000001 00000001 00000001 00000001 00000001 00000001 00000001 00000001 00000001 00000001 00000001 00000001 00000001 00000001 00000001 00000001 00000001 00000001 00000001 00000001 00000001 00000001 00000001 00000001 00000001 00000001 00000001 00000001 00000001 
core   0: 0x800002b0 (0x00000317) auipc   x6, 0x0
core   0: 3 0x800002b0 (0x00000317) x6  0x800002b0
core   0: 0x800002b4 (0x0383305b) setrpc  x0, x6, 56
core   0: 3 0x800002b4 (0x0383305b) c2060_rpc 0x800002e8 current mask:	ffffffff current npc:	800002a8 stack size: 0
core   0: 0x800002b8 (0x0200825b) vbeq    v0, v1, pc + 36
core   0: 3 0x800002b8 (0x0200825b) c8_vstart 0x00000000 e32 m1 l32 current mask:	ffffffff current npc:	800002bc stack size: 0
core   0: 0x800002bc (0x5e0040d7) vmv.v.x v1, x0
core   0: 3 0x800002bc (0x5e0040d7) c8_vstart 0x00000000 e32 m1 l32 v1  ffffffff 0x00000000 00000000 00000000 00000000 00000000 00000000 00000000 00000000 00000000 00000000 00000000 00000000 00000000 00000000 00000000 00000000 00000000 00000000 00000000 00000000 00000000 00000000 00000000 00000000 00000000 00000000 00000000 00000000 00000000 00000000 00000000 00000000 
core   0: 0x800002c0 (0x00000317) auipc   x6, 0x0
core   0: 3 0x800002c0 (0x00000317) x6  0x800002c0
core   0: 0x800002c4 (0x0283305b) setrpc  x0, x6, 40
core   0: 3 0x800002c4 (0x0283305b) c2060_rpc 0x800002e8 current mask:	ffffffff current npc:	800002bc stack size: 0
core   0: 0x800002c8 (0x00009e5b) vbne    v0, v1, pc + 28
core   0: 3 0x800002c8 (0x00009e5b) c8_vstart 0x00000000 e32 m1 l32 current mask:	ffffffff current npc:	800002cc stack size: 0
core   0: 0x800002cc (0x1a0000ef) jal     pc + 0x1a0
core   0: 3 0x800002cc (0x1a0000ef) x1  0x800002d0
core   0: 0x8000046c (0x00410113) addi    x2, x2, 4
core   0: 3 0x8000046c (0x00410113) x2  0x7000003c
core   0: 0x80000470 (0xfe112e23) sw      x1, -4(x2)
core   0: 3 0x80000470 (0xfe112e23) mem 0x70000038 0x800002d0
core   0: 0x80000474 (0xf1dff0ef) jal     pc - 0xe4
core   0: 3 0x80000474 (0xf1dff0ef) x1  0x80000478
core   0: 0x80000390 (0x00410113) addi    x2, x2, 4
core   0: 3 0x80000390 (0x00410113) x2  0x70000040
core   0: 0x80000394 (0xfe112e23) sw      x1, -4(x2)
core   0: 3 0x80000394 (0xfe112e23) mem 0x7000003c 0x80000478
core   0: 0x80000398 (0x80302573) csrr    x10, knl
core   0: 3 0x80000398 (0x80302573) x10 0x901c3000
core   0: 0x8000039c (0x00852283) lw      x5, 8(x10)
core   0: 3 0x8000039c (0x00852283) x5  0x00000002 mem 0x901c3008
core   0: 0x800003a0 (0x80002373) csrr    x6, tid
core   0: 3 0x800003a0 (0x80002373) x6  0x00000000
core   0: 0x800003a4 (0x5208a157) vid.v   v2
core   0: 3 0x800003a4 (0x5208a157) c8_vstart 0x00000000 e32 m1 l32 v2  ffffffff 0x0000001f 0000001e 0000001d 0000001c 0000001b 0000001a 00000019 00000018 00000017 00000016 00000015 00000014 00000013 00000012 00000011 00000010 0000000f 0000000e 0000000d 0000000c 0000000b 0000000a 00000009 00000008 00000007 00000006 00000005 00000004 00000003 00000002 00000001 00000000 
core   0: 0x800003a8 (0x02234057) vadd.vx v0, v2, x6
core   0: 3 0x800003a8 (0x02234057) c8_vstart 0x00000000 e32 m1 l32 v0  ffffffff 0x0000001f 0000001e 0000001d 0000001c 0000001b 0000001a 00000019 00000018 00000017 00000016 00000015 00000014 00000013 00000012 00000011 00000010 0000000f 0000000e 0000000d 0000000c 0000000b 0000000a 00000009 00000008 00000007 00000006 00000005 00000004 00000003 00000002 00000001 00000000 
core   0: 0x800003ac (0x01852e03) lw      x28, 24(x10)
core   0: 3 0x800003ac (0x01852e03) x28 0x0000000e mem 0x901c3018
core   0: 0x800003b0 (0x8a0e6057) vremu.vx v0, v0, x28
core   0: 3 0x800003b0 (0x8a0e6057) c8_vstart 0x00000000 e32 m1 l32 v0  ffffffff 0x00000003 00000002 00000001 00000000 0000000d 0000000c 0000000b 0000000a 00000009 00000008 00000007 00000006 00000005 00000004 00000003 00000002 00000001 00000000 0000000d 0000000c 0000000b 0000000a 00000009 00000008 00000007 00000006 00000005 00000004 00000003 00000002 00000001 00000000 
core   0: 0x800003b4 (0xffc12083) lw      x1, -4(x2)
core   0: 3 0x800003b4 (0xffc12083) x1  0x80000478 mem 0x7000003c
core   0: 0x800003b8 (0xffc10113) addi    x2, x2, -4
core   0: 3 0x800003b8 (0xffc10113) x2  0x7000003c
core   0: 0x800003bc (0x00008067) ret
core   0: 3 0x800003bc (0x00008067)
core   0: 0x80000478 (0x80302573) csrr    x10, knl
core   0: 3 0x80000478 (0x80302573) x10 0x901c3000
core   0: 0x8000047c (0x80802373) csrr    x6, gidx
core   0: 3 0x8000047c (0x80802373) x6  0x00000000
core   0: 0x80000480 (0x01852e03) lw      x28, 24(x10)
core   0: 3 0x80000480 (0x01852e03) x28 0x0000000e mem 0x901c3018
core   0: 0x80000484 (0x02452e83) lw      x29, 36(x10)
core   0: 3 0x80000484 (0x02452e83) x29 0x00000001 mem 0x901c3024
core   0: 0x80000488 (0x03c30fb3) mul     x31, x6, x28
core   0: 3 0x80000488 (0x03c30fb3) x31 0x00000000
core   0: 0x8000048c (0x01df8fb3) add     x31, x31, x29
core   0: 3 0x8000048c (0x01df8fb3) x31 0x00000001
core   0: 0x80000490 (0x020fc057) vadd.vx v0, v0, x31
core   0: 3 0x80000490 (0x020fc057) c8_vstart 0x00000000 e32 m1 l32 v0  ffffffff 0x00000004 00000003 00000002 00000001 0000000e 0000000d 0000000c 0000000b 0000000a 00000009 00000008 00000007 00000006 00000005 00000004 00000003 00000002 00000001 0000000e 0000000d 0000000c 0000000b 0000000a 00000009 00000008 00000007 00000006 00000005 00000004 00000003 00000002 00000001 
core   0: 0x80000494 (0xffc12083) lw      x1, -4(x2)
core   0: 3 0x80000494 (0xffc12083) x1  0x800002d0 mem 0x70000038
core   0: 0x80000498 (0xffc10113) addi    x2, x2, -4
core   0: 3 0x80000498 (0xffc10113) x2  0x70000038
core   0: 0x8000049c (0x00008067) ret
core   0: 3 0x8000049c (0x00008067)
core   0: 0x800002d0 (0x0180006f) j       pc + 0x18
core   0: 3 0x800002d0 (0x0180006f)
core   0: 0x800002e8 (0x0000205b) join    v0, v0, pc + 0
core   0: 3 0x800002e8 (0x0000205b) current mask:	ffffffff current npc:	800002cc stack size: 0
core   0: 0x800002ec (0xffc12083) lw      x1, -4(x2)
core   0: 3 0x800002ec (0xffc12083) x1  0x8000013c mem 0x70000034
core   0: 0x800002f0 (0xffc10113) addi    x2, x2, -4
core   0: 3 0x800002f0 (0xffc10113) x2  0x70000034
core   0: 0x800002f4 (0x00008067) ret
core   0: 3 0x800002f4 (0x00008067)
core   0: 0x8000013c (0x0010200b) regext  x0, x0,  0 0 0 1 
core   0: 3 0x8000013c (0x0010200b)
core   0: 0x80000140 (0x020040d7) vadd.vx v1, v0, x0
core   0: 3 0x80000140 (0x020040d7) c8_vstart 0x00000000 e32 m1 l32 v33 ffffffff 0x00000004 00000003 00000002 00000001 0000000e 0000000d 0000000c 0000000b 0000000a 00000009 00000008 00000007 00000006 00000005 00000004 00000003 00000002 00000001 0000000e 0000000d 0000000c 0000000b 0000000a 00000009 00000008 00000007 00000006 00000005 00000004 00000003 00000002 00000001 
core   0: 0x80000144 (0x00100293) li      x5, 1
core   0: 3 0x80000144 (0x00100293) x5  0x00000001
core   0: 0x80000148 (0x5e02c057) vmv.v.x v0, x5
core   0: 3 0x80000148 (0x5e02c057) c8_vstart 0x00000000 e32 m1 l32 v0  ffffffff 0x00000001 00000001 00000001 00000001 00000001 00000001 00000001 00000001 00000001 00000001 00000001 00000001 00000001 00000001 00000001 00000001 00000001 00000001 00000001 00000001 00000001 00000001 00000001 00000001 00000001 00000001 00000001 00000001 00000001 00000001 00000001 00000001 
core   0: 0x8000014c (0x140000ef) jal     pc + 0x140
core   0: 3 0x8000014c (0x140000ef) x1  0x80000150
core   0: 0x8000028c (0x00410113) addi    x2, x2, 4
core   0: 3 0x8000028c (0x00410113) x2  0x70000038
core   0: 0x80000290 (0xfe112e23) sw      x1, -4(x2)
core   0: 3 0x80000290 (0xfe112e23) mem 0x70000034 0x80000150
core   0: 0x80000294 (0x00200293) li      x5, 2
core   0: 3 0x80000294 (0x00200293) x5  0x00000002
core   0: 0x80000298 (0x5e02c0d7) vmv.v.x v1, x5
core   0: 3 0x80000298 (0x5e02c0d7) c8_vstart 0x00000000 e32 m1 l32 v1  ffffffff 0x00000002 00000002 00000002 00000002 00000002 00000002 00000002 00000002 00000002 00000002 00000002 00000002 00000002 00000002 00000002 00000002 00000002 00000002 00000002 00000002 00000002 00000002 00000002 00000002 00000002 00000002 00000002 00000002 00000002 00000002 00000002 00000002 
core   0: 0x8000029c (0x00000317) auipc   x6, 0x0
core   0: 3 0x8000029c (0x00000317) x6  0x8000029c
core   0: 0x800002a0 (0x04c3305b) setrpc  x0, x6, 76
core   0: 3 0x800002a0 (0x04c3305b) c2060_rpc 0x800002e8 current mask:	ffffffff current npc:	800002cc stack size: 0
core   0: 0x800002a4 (0x0200885b) vbeq    v0, v1, pc + 48
core   0: 3 0x800002a4 (0x0200885b) c8_vstart 0x00000000 e32 m1 l32 current mask:	ffffffff current npc:	800002a8 stack size: 0
core   0: 0x800002a8 (0x00100293) li      x5, 1
core   0: 3 0x800002a8 (0x00100293) x5  0x00000001
core   0: 0x800002ac (0x5e02c0d7) vmv.v.x v1, x5
core   0: 3 0x800002ac (0x5e02c0d7) c8_vstart 0x00000000 e32 m1 l32 v1  ffffffff 0x00000001 00000001 00000001 00000001 00000001 00000001 00000001 00000001 00000001 00000001 00000001 00000001 00000001 00000001 00000001 00000001 00000001 00000001 00000001 00000001 00000001 00000001 00000001 00000001 00000001 00000001 00000001 00000001 00000001 00000001 00000001 00000001 
core   0: 0x800002b0 (0x00000317) auipc   x6, 0x0
core   0: 3 0x800002b0 (0x00000317) x6  0x800002b0
core   0: 0x800002b4 (0x0383305b) setrpc  x0, x6, 56
core   0: 3 0x800002b4 (0x0383305b) c2060_rpc 0x800002e8 current mask:	ffffffff current npc:	800002a8 stack size: 0
core   0: 0x800002b8 (0x0200825b) vbeq    v0, v1, pc + 36
core   0: 3 0x800002b8 (0x0200825b) c8_vstart 0x00000000 e32 m1 l32 current mask:	ffffffff current npc:	800002dc stack size: 0
core   0: 0x800002dc (0x1c4000ef) jal     pc + 0x1c4
core   0: 3 0x800002dc (0x1c4000ef) x1  0x800002e0
core   0: 0x800004a0 (0x00410113) addi    x2, x2, 4
core   0: 3 0x800004a0 (0x00410113) x2  0x7000003c
core   0: 0x800004a4 (0xfe112e23) sw      x1, -4(x2)
core   0: 3 0x800004a4 (0xfe112e23) mem 0x70000038 0x800002e0
core   0: 0x800004a8 (0xf19ff0ef) jal     pc - 0xe8
core   0: 3 0x800004a8 (0xf19ff0ef) x1  0x800004ac
core   0: 0x800003c0 (0x00410113) addi    x2, x2, 4
core   0: 3 0x800003c0 (0x00410113) x2  0x70000040
core   0: 0x800003c4 (0xfe112e23) sw      x1, -4(x2)
core   0: 3 0x800003c4 (0xfe112e23) mem 0x7000003c 0x800004ac
core   0: 0x800003c8 (0x80302573) csrr    x10, knl
core   0: 3 0x800003c8 (0x80302573) x10 0x901c3000
core   0: 0x800003cc (0x00852283) lw      x5, 8(x10)
core   0: 3 0x800003cc (0x00852283) x5  0x00000002 mem 0x901c3008
core   0: 0x800003d0 (0x80002373) csrr    x6, tid
core   0: 3 0x800003d0 (0x80002373) x6  0x00000000
core   0: 0x800003d4 (0x5208a157) vid.v   v2
core   0: 3 0x800003d4 (0x5208a157) c8_vstart 0x00000000 e32 m1 l32 v2  ffffffff 0x0000001f 0000001e 0000001d 0000001c 0000001b 0000001a 00000019 00000018 00000017 00000016 00000015 00000014 00000013 00000012 00000011 00000010 0000000f 0000000e 0000000d 0000000c 0000000b 0000000a 00000009 00000008 00000007 00000006 00000005 00000004 00000003 00000002 00000001 00000000 
core   0: 0x800003d8 (0x02234057) vadd.vx v0, v2, x6
core   0: 3 0x800003d8 (0x02234057) c8_vstart 0x00000000 e32 m1 l32 v0  ffffffff 0x0000001f 0000001e 0000001d 0000001c 0000001b 0000001a 00000019 00000018 00000017 00000016 00000015 00000014 00000013 00000012 00000011 00000010 0000000f 0000000e 0000000d 0000000c 0000000b 0000000a 00000009 00000008 00000007 00000006 00000005 00000004 00000003 00000002 00000001 00000000 
core   0: 0x800003dc (0x01852e03) lw      x28, 24(x10)
core   0: 3 0x800003dc (0x01852e03) x28 0x0000000e mem 0x901c3018
core   0: 0x800003e0 (0x01c52e83) lw      x29, 28(x10)
core   0: 3 0x800003e0 (0x01c52e83) x29 0x00000001 mem 0x901c301c
core   0: 0x800003e4 (0x03ce8f33) mul     x30, x29, x28
core   0: 3 0x800003e4 (0x03ce8f33) x30 0x0000000e
core   0: 0x800003e8 (0x8a0f6057) vremu.vx v0, v0, x30
core   0: 3 0x800003e8 (0x8a0f6057) c8_vstart 0x00000000 e32 m1 l32 v0  ffffffff 0x00000003 00000002 00000001 00000000 0000000d 0000000c 0000000b 0000000a 00000009 00000008 00000007 00000006 00000005 00000004 00000003 00000002 00000001 00000000 0000000d 0000000c 0000000b 0000000a 00000009 00000008 00000007 00000006 00000005 00000004 00000003 00000002 00000001 00000000 
core   0: 0x800003ec (0x820e6057) vdivu.vx v0, v0, x28
core   0: 3 0x800003ec (0x820e6057) c8_vstart 0x00000000 e32 m1 l32 v0  ffffffff 0x00000000 00000000 00000000 00000000 00000000 00000000 00000000 00000000 00000000 00000000 00000000 00000000 00000000 00000000 00000000 00000000 00000000 00000000 00000000 00000000 00000000 00000000 00000000 00000000 00000000 00000000 00000000 00000000 00000000 00000000 00000000 00000000 
core   0: 0x800003f0 (0x5e0ec0d7) vmv.v.x v1, x29
core   0: 3 0x800003f0 (0x5e0ec0d7) c8_vstart 0x00000000 e32 m1 l32 v1  ffffffff 0x00000001 00000001 00000001 00000001 00000001 00000001 00000001 00000001 00000001 00000001 00000001 00000001 00000001 00000001 00000001 00000001 00000001 00000001 00000001 00000001 00000001 00000001 00000001 00000001 00000001 00000001 00000001 00000001 00000001 00000001 00000001 00000001 
core   0: 0x800003f4 (0x00000317) auipc   x6, 0x0
core   0: 3 0x800003f4 (0x00000317) x6  0x800003f4
core   0: 0x800003f8 (0x0143305b) setrpc  x0, x6, 20
core   0: 3 0x800003f8 (0x0143305b) c2060_rpc 0x80000408 current mask:	ffffffff current npc:	800002dc stack size: 0
core   0: 0x800003fc (0x0000c65b) vblt    v0, v1, pc + 12
core   0: 3 0x800003fc (0x0000c65b) c8_vstart 0x00000000 e32 m1 l32 current mask:	ffffffff current npc:	80000408 stack size: 0
core   0: 0x80000408 (0x0000205b) join    v0, v0, pc + 0
core   0: 3 0x80000408 (0x0000205b) current mask:	ffffffff current npc:	80000408 stack size: 0
core   0: 0x8000040c (0xffc12083) lw      x1, -4(x2)
core   0: 3 0x8000040c (0xffc12083) x1  0x800004ac mem 0x7000003c
core   0: 0x80000410 (0xffc10113) addi    x2, x2, -4
core   0: 3 0x80000410 (0xffc10113) x2  0x7000003c
core   0: 0x80000414 (0x00008067) ret
core   0: 3 0x80000414 (0x00008067)
core   0: 0x800004ac (0x80902373) csrr    x6, gidy
core   0: 3 0x800004ac (0x80902373) x6  0x00000005
core   0: 0x800004b0 (0x01c52383) lw      x7, 28(x10)
core   0: 3 0x800004b0 (0x01c52383) x7  0x00000001 mem 0x901c301c
core   0: 0x800004b4 (0x02852e83) lw      x29, 40(x10)
core   0: 3 0x800004b4 (0x02852e83) x29 0x00000001 mem 0x901c3028
core   0: 0x800004b8 (0x02730e33) mul     x28, x6, x7
core   0: 3 0x800004b8 (0x02730e33) x28 0x00000005
core   0: 0x800004bc (0x01de0e33) add     x28, x28, x29
core   0: 3 0x800004bc (0x01de0e33) x28 0x00000006
core   0: 0x800004c0 (0x020e4057) vadd.vx v0, v0, x28
core   0: 3 0x800004c0 (0x020e4057) c8_vstart 0x00000000 e32 m1 l32 v0  ffffffff 0x00000006 00000006 00000006 00000006 00000006 00000006 00000006 00000006 00000006 00000006 00000006 00000006 00000006 00000006 00000006 00000006 00000006 00000006 00000006 00000006 00000006 00000006 00000006 00000006 00000006 00000006 00000006 00000006 00000006 00000006 00000006 00000006 
core   0: 0x800004c4 (0xffc12083) lw      x1, -4(x2)
core   0: 3 0x800004c4 (0xffc12083) x1  0x800002e0 mem 0x70000038
core   0: 0x800004c8 (0xffc10113) addi    x2, x2, -4
core   0: 3 0x800004c8 (0xffc10113) x2  0x70000038
core   0: 0x800004cc (0x00008067) ret
core   0: 3 0x800004cc (0x00008067)
core   0: 0x800002e0 (0x0080006f) j       pc + 0x8
core   0: 3 0x800002e0 (0x0080006f)
core   0: 0x800002e8 (0x0000205b) join    v0, v0, pc + 0
core   0: 3 0x800002e8 (0x0000205b) current mask:	ffffffff current npc:	80000408 stack size: 0
core   0: 0x800002ec (0xffc12083) lw      x1, -4(x2)
core   0: 3 0x800002ec (0xffc12083) x1  0x80000150 mem 0x70000034
core   0: 0x800002f0 (0xffc10113) addi    x2, x2, -4
core   0: 3 0x800002f0 (0xffc10113) x2  0x70000034
core   0: 0x800002f4 (0x00008067) ret
core   0: 3 0x800002f4 (0x00008067)
core   0: 0x80000150 (0xfd012283) lw      x5, -48(x2)
core   0: 3 0x80000150 (0xfd012283) x5  0x00000010 mem 0x70000004
core   0: 0x80000154 (0x5e02c0d7) vmv.v.x v1, x5
core   0: 3 0x80000154 (0x5e02c0d7) c8_vstart 0x00000000 e32 m1 l32 v1  ffffffff 0x00000010 00000010 00000010 00000010 00000010 00000010 00000010 00000010 00000010 00000010 00000010 00000010 00000010 00000010 00000010 00000010 00000010 00000010 00000010 00000010 00000010 00000010 00000010 00000010 00000010 00000010 00000010 00000010 00000010 00000010 00000010 00000010 
core   0: 0x80000158 (0x0400200b) regext  x0, x0,  0 1 0 0 
core   0: 3 0x80000158 (0x0400200b)
core   0: 0x8000015c (0xa612e057) vmadd.vx v0, v1, x5
core   0: 3 0x8000015c (0xa612e057) c8_vstart 0x00000000 e32 m1 l32 v0  ffffffff 0x00000064 00000063 00000062 00000061 0000006e 0000006d 0000006c 0000006b 0000006a 00000069 00000068 00000067 00000066 00000065 00000064 00000063 00000062 00000061 0000006e 0000006d 0000006c 0000006b 0000006a 00000069 00000068 00000067 00000066 00000065 00000064 00000063 00000062 00000061 
core   0: 0x80000160 (0x0010110b) vsub12.vi v2, v0, 1
core   0: 3 0x80000160 (0x0010110b) c8_vstart 0x00000000 e32 m1 l32 v2  ffffffff 0x00000063 00000062 00000061 00000060 0000006d 0000006c 0000006b 0000006a 00000069 00000068 00000067 00000066 00000065 00000064 00000063 00000062 00000061 00000060 0000006d 0000006c 0000006b 0000006a 00000069 00000068 00000067 00000066 00000065 00000064 00000063 00000062 00000061 00000060 
core   0: 0x80000164 (0x0a2081d7) vsub.vv v3, v2, v1
core   0: 3 0x80000164 (0x0a2081d7) c8_vstart 0x00000000 e32 m1 l32 v3  ffffffff 0x00000053 00000052 00000051 00000050 0000005d 0000005c 0000005b 0000005a 00000059 00000058 00000057 00000056 00000055 00000054 00000053 00000052 00000051 00000050 0000005d 0000005c 0000005b 0000005a 00000059 00000058 00000057 00000056 00000055 00000054 00000053 00000052 00000051 00000050 
core   0: 0x80000168 (0x963131d7) vsll.vi v3, v3, 2
core   0: 3 0x80000168 (0x963131d7) c8_vstart 0x00000000 e32 m1 l32 v3  ffffffff 0x0000014c 00000148 00000144 00000140 00000174 00000170 0000016c 00000168 00000164 00000160 0000015c 00000158 00000154 00000150 0000014c 00000148 00000144 00000140 00000174 00000170 0000016c 00000168 00000164 00000160 0000015c 00000158 00000154 00000150 0000014c 00000148 00000144 00000140 
core   0: 0x8000016c (0xfd412283) lw      x5, -44(x2)
core   0: 3 0x8000016c (0xfd412283) x5  0x90000000 mem 0x70000008
core   0: 0x80000170 (0x5e02c257) vmv.v.x v4, x5
core   0: 3 0x80000170 (0x5e02c257) c8_vstart 0x00000000 e32 m1 l32 v4  ffffffff 0x90000000 90000000 90000000 90000000 90000000 90000000 90000000 90000000 90000000 90000000 90000000 90000000 90000000 90000000 90000000 90000000 90000000 90000000 90000000 90000000 90000000 90000000 90000000 90000000 90000000 90000000 90000000 90000000 90000000 90000000 90000000 90000000 
core   0: 0x80000174 (0x0232c1d7) vadd.vx v3, v3, x5
core   0: 3 0x80000174 (0x0232c1d7) c8_vstart 0x00000000 e32 m1 l32 v3  ffffffff 0x9000014c 90000148 90000144 90000140 90000174 90000170 9000016c 90000168 90000164 90000160 9000015c 90000158 90000154 90000150 9000014c 90000148 90000144 90000140 90000174 90000170 9000016c 90000168 90000164 90000160 9000015c 90000158 90000154 90000150 9000014c 90000148 90000144 90000140 
core   0: 0x80000178 (0x0a0082d7) vsub.vv v5, v0, v1
core   0: 3 0x80000178 (0x0a0082d7) c8_vstart 0x00000000 e32 m1 l32 v5  ffffffff 0x00000054 00000053 00000052 00000051 0000005e 0000005d 0000005c 0000005b 0000005a 00000059 00000058 00000057 00000056 00000055 00000054 00000053 00000052 00000051 0000005e 0000005d 0000005c 0000005b 0000005a 00000059 00000058 00000057 00000056 00000055 00000054 00000053 00000052 00000051 
core   0: 0x8000017c (0x965132d7) vsll.vi v5, v5, 2
core   0: 3 0x8000017c (0x965132d7) c8_vstart 0x00000000 e32 m1 l32 v5  ffffffff 0x00000150 0000014c 00000148 00000144 00000178 00000174 00000170 0000016c 00000168 00000164 00000160 0000015c 00000158 00000154 00000150 0000014c 00000148 00000144 00000178 00000174 00000170 0000016c 00000168 00000164 00000160 0000015c 00000158 00000154 00000150 0000014c 00000148 00000144 
core   0: 0x80000180 (0x024282d7) vadd.vv v5, v4, v5
core   0: 3 0x80000180 (0x024282d7) c8_vstart 0x00000000 e32 m1 l32 v5  ffffffff 0x90000150 9000014c 90000148 90000144 90000178 90000174 90000170 9000016c 90000168 90000164 90000160 9000015c 90000158 90000154 90000150 9000014c 90000148 90000144 90000178 90000174 90000170 9000016c 90000168 90000164 90000160 9000015c 90000158 90000154 90000150 9000014c 90000148 90000144 
core   0: 0x80000184 (0x0002a2fb) vlw12.v v5, v5, 0
core   0: 3 0x80000184 (0x0002a2fb) e32 m1 l32 v5  ffffffff 0x40a7c9d2 42398c52 4214effe 427ba51b 424617cd 41f8ebda 4289a7b1 420f11c3 41dcada4 42c591b8 426fce25 42c5f9d0 42b556c3 40f2ad82 40a7c9d2 42398c52 4214effe 427ba51b 424617cd 41f8ebda 4289a7b1 420f11c3 41dcada4 42c591b8 426fce25 42c5f9d0 42b556c3 40f2ad82 40a7c9d2 42398c52 4214effe 427ba51b  c8_vstart 0x00000000 mem 0x90000144 mem 0x90000148 mem 0x9000014c mem 0x90000150 mem 0x90000154 mem 0x90000158 mem 0x9000015c mem 0x90000160 mem 0x90000164 mem 0x90000168 mem 0x9000016c mem 0x90000170 mem 0x90000174 mem 0x90000178 mem 0x90000144 mem 0x90000148 mem 0x9000014c mem 0x90000150 mem 0x90000154 mem 0x90000158 mem 0x9000015c mem 0x90000160 mem 0x90000164 mem 0x90000168 mem 0x9000016c mem 0x90000170 mem 0x90000174 mem 0x90000178 mem 0x90000144 mem 0x90000148 mem 0x9000014c mem 0x90000150
core   0: 0x80000188 (0x0001a1fb) vlw12.v v3, v3, 0
core   0: 3 0x80000188 (0x0001a1fb) e32 m1 l32 v3  ffffffff 0x42398c52 4214effe 427ba51b 41aa73b7 41f8ebda 4289a7b1 420f11c3 41dcada4 42c591b8 426fce25 42c5f9d0 42b556c3 40f2ad82 40a7c9d2 42398c52 4214effe 427ba51b 41aa73b7 41f8ebda 4289a7b1 420f11c3 41dcada4 42c591b8 426fce25 42c5f9d0 42b556c3 40f2ad82 40a7c9d2 42398c52 4214effe 427ba51b 41aa73b7  c8_vstart 0x00000000 mem 0x90000140 mem 0x90000144 mem 0x90000148 mem 0x9000014c mem 0x90000150 mem 0x90000154 mem 0x90000158 mem 0x9000015c mem 0x90000160 mem 0x90000164 mem 0x90000168 mem 0x9000016c mem 0x90000170 mem 0x90000174 mem 0x90000140 mem 0x90000144 mem 0x90000148 mem 0x9000014c mem 0x90000150 mem 0x90000154 mem 0x90000158 mem 0x9000015c mem 0x90000160 mem 0x90000164 mem 0x90000168 mem 0x9000016c mem 0x90000170 mem 0x90000174 mem 0x90000140 mem 0x90000144 mem 0x90000148 mem 0x9000014c
core   0: 0x8000018c (0xfd812283) lw      x5, -40(x2)
core   0: 3 0x8000018c (0xfd812283) x5  0x3f800000 mem 0x7000000c
core   0: 0x80000190 (0x5e02c357) vmv.v.x v6, x5
core   0: 3 0x80000190 (0x5e02c357) c8_vstart 0x00000000 e32 m1 l32 v6  ffffffff 0x3f800000 3f800000 3f800000 3f800000 3f800000 3f800000 3f800000 3f800000 3f800000 3f800000 3f800000 3f800000 3f800000 3f800000 3f800000 3f800000 3f800000 3f800000 3f800000 3f800000 3f800000 3f800000 3f800000 3f800000 3f800000 3f800000 3f800000 3f800000 3f800000 3f800000 3f800000 3f800000 
core   0: 0x80000194 (0x925312d7) vfmul.vv v5, v5, v6
core   0: 3 0x80000194 (0x925312d7) c8_vstart 0x00000000 e32 m1 l32 v5  ffffffff 0x40a7c9d2 42398c52 4214effe 427ba51b 424617cd 41f8ebda 4289a7b1 420f11c3 41dcada4 42c591b8 426fce25 42c5f9d0 42b556c3 40f2ad82 40a7c9d2 42398c52 4214effe 427ba51b 424617cd 41f8ebda 4289a7b1 420f11c3 41dcada4 42c591b8 426fce25 42c5f9d0 42b556c3 40f2ad82 40a7c9d2 42398c52 4214effe 427ba51b 
core   0: 0x80000198 (0x0200b357) vadd.vi v6, v0, 1
core   0: 3 0x80000198 (0x0200b357) c8_vstart 0x00000000 e32 m1 l32 v6  ffffffff 0x00000065 00000064 00000063 00000062 0000006f 0000006e 0000006d 0000006c 0000006b 0000006a 00000069 00000068 00000067 00000066 00000065 00000064 00000063 00000062 0000006f 0000006e 0000006d 0000006c 0000006b 0000006a 00000069 00000068 00000067 00000066 00000065 00000064 00000063 00000062 
core   0: 0x8000019c (0x0a6083d7) vsub.vv v7, v6, v1
core   0: 3 0x8000019c (0x0a6083d7) c8_vstart 0x00000000 e32 m1 l32 v7  ffffffff 0x00000055 00000054 00000053 00000052 0000005f 0000005e 0000005d 0000005c 0000005b 0000005a 00000059 00000058 00000057 00000056 00000055 00000054 00000053 00000052 0000005f 0000005e 0000005d 0000005c 0000005b 0000005a 00000059 00000058 00000057 00000056 00000055 00000054 00000053 00000052 
core   0: 0x800001a0 (0x967133d7) vsll.vi v7, v7, 2
core   0: 3 0x800001a0 (0x967133d7) c8_vstart 0x00000000 e32 m1 l32 v7  ffffffff 0x00000154 00000150 0000014c 00000148 0000017c 00000178 00000174 00000170 0000016c 00000168 00000164 00000160 0000015c 00000158 00000154 00000150 0000014c 00000148 0000017c 00000178 00000174 00000170 0000016c 00000168 00000164 00000160 0000015c 00000158 00000154 00000150 0000014c 00000148 
core   0: 0x800001a4 (0x024383d7) vadd.vv v7, v4, v7
core   0: 3 0x800001a4 (0x024383d7) c8_vstart 0x00000000 e32 m1 l32 v7  ffffffff 0x90000154 90000150 9000014c 90000148 9000017c 90000178 90000174 90000170 9000016c 90000168 90000164 90000160 9000015c 90000158 90000154 90000150 9000014c 90000148 9000017c 90000178 90000174 90000170 9000016c 90000168 90000164 90000160 9000015c 90000158 90000154 90000150 9000014c 90000148 
core   0: 0x800001a8 (0x0003a3fb) vlw12.v v7, v7, 0
core   0: 3 0x800001a8 (0x0003a3fb) e32 m1 l32 v7  ffffffff 0x40f2ad82 40a7c9d2 42398c52 4214effe 41c68f1e 424617cd 41f8ebda 4289a7b1 420f11c3 41dcada4 42c591b8 426fce25 42c5f9d0 42b556c3 40f2ad82 40a7c9d2 42398c52 4214effe 41c68f1e 424617cd 41f8ebda 4289a7b1 420f11c3 41dcada4 42c591b8 426fce25 42c5f9d0 42b556c3 40f2ad82 40a7c9d2 42398c52 4214effe  c8_vstart 0x00000000 mem 0x90000148 mem 0x9000014c mem 0x90000150 mem 0x90000154 mem 0x90000158 mem 0x9000015c mem 0x90000160 mem 0x90000164 mem 0x90000168 mem 0x9000016c mem 0x90000170 mem 0x90000174 mem 0x90000178 mem 0x9000017c mem 0x90000148 mem 0x9000014c mem 0x90000150 mem 0x90000154 mem 0x90000158 mem 0x9000015c mem 0x90000160 mem 0x90000164 mem 0x90000168 mem 0x9000016c mem 0x90000170 mem 0x90000174 mem 0x90000178 mem 0x9000017c mem 0x90000148 mem 0x9000014c mem 0x90000150 mem 0x90000154
core   0: 0x800001ac (0x96213457) vsll.vi v8, v2, 2
core   0: 3 0x800001ac (0x96213457) c8_vstart 0x00000000 e32 m1 l32 v8  ffffffff 0x0000018c 00000188 00000184 00000180 000001b4 000001b0 000001ac 000001a8 000001a4 000001a0 0000019c 00000198 00000194 00000190 0000018c 00000188 00000184 00000180 000001b4 000001b0 000001ac 000001a8 000001a4 000001a0 0000019c 00000198 00000194 00000190 0000018c 00000188 00000184 00000180 
core   0: 0x800001b0 (0x02440457) vadd.vv v8, v4, v8
core   0: 3 0x800001b0 (0x02440457) c8_vstart 0x00000000 e32 m1 l32 v8  ffffffff 0x9000018c 90000188 90000184 90000180 900001b4 900001b0 900001ac 900001a8 900001a4 900001a0 9000019c 90000198 90000194 90000190 9000018c 90000188 90000184 90000180 900001b4 900001b0 900001ac 900001a8 900001a4 900001a0 9000019c 90000198 90000194 90000190 9000018c 90000188 90000184 90000180 
core   0: 0x800001b4 (0x0004247b) vlw12.v v8, v8, 0
core   0: 3 0x800001b4 (0x0004247b) e32 m1 l32 v8  ffffffff 0x420aaeb5 409ffe93 4284fc97 4128c582 4100a093 427129e9 428c641c 4125a38d 40b06f18 41f0f30b 4103fc00 415cf733 42bbd2ad 41f36df8 420aaeb5 409ffe93 4284fc97 4128c582 4100a093 427129e9 428c641c 4125a38d 40b06f18 41f0f30b 4103fc00 415cf733 42bbd2ad 41f36df8 420aaeb5 409ffe93 4284fc97 4128c582  c8_vstart 0x00000000 mem 0x90000180 mem 0x90000184 mem 0x90000188 mem 0x9000018c mem 0x90000190 mem 0x90000194 mem 0x90000198 mem 0x9000019c mem 0x900001a0 mem 0x900001a4 mem 0x900001a8 mem 0x900001ac mem 0x900001b0 mem 0x900001b4 mem 0x90000180 mem 0x90000184 mem 0x90000188 mem 0x9000018c mem 0x90000190 mem 0x90000194 mem 0x90000198 mem 0x9000019c mem 0x900001a0 mem 0x900001a4 mem 0x900001a8 mem 0x900001ac mem 0x900001b0 mem 0x900001b4 mem 0x90000180 mem 0x90000184 mem 0x90000188 mem 0x9000018c
core   0: 0x800001b8 (0x960134d7) vsll.vi v9, v0, 2
core   0: 3 0x800001b8 (0x960134d7) c8_vstart 0x00000000 e32 m1 l32 v9  ffffffff 0x00000190 0000018c 00000188 00000184 000001b8 000001b4 000001b0 000001ac 000001a8 000001a4 000001a0 0000019c 00000198 00000194 00000190 0000018c 00000188 00000184 000001b8 000001b4 000001b0 000001ac 000001a8 000001a4 000001a0 0000019c 00000198 00000194 00000190 0000018c 00000188 00000184 
core   0: 0x800001bc (0x02448557) vadd.vv v10, v4, v9
core   0: 3 0x800001bc (0x02448557) c8_vstart 0x00000000 e32 m1 l32 v10 ffffffff 0x90000190 9000018c 90000188 90000184 900001b8 900001b4 900001b0 900001ac 900001a8 900001a4 900001a0 9000019c 90000198 90000194 90000190 9000018c 90000188 90000184 900001b8 900001b4 900001b0 900001ac 900001a8 900001a4 900001a0 9000019c 90000198 90000194 90000190 9000018c 90000188 90000184 
core   0: 0x800001c0 (0x0005257b) vlw12.v v10, v10, 0
core   0: 3 0x800001c0 (0x0005257b) e32 m1 l32 v10 ffffffff 0x41f36df8 420aaeb5 409ffe93 4284fc97 4210ac6b 4100a093 427129e9 428c641c 4125a38d 40b06f18 41f0f30b 4103fc00 415cf733 42bbd2ad 41f36df8 420aaeb5 409ffe93 4284fc97 4210ac6b 4100a093 427129e9 428c641c 4125a38d 40b06f18 41f0f30b 4103fc00 415cf733 42bbd2ad 41f36df8 420aaeb5 409ffe93 4284fc97  c8_vstart 0x00000000 mem 0x90000184 mem 0x90000188 mem 0x9000018c mem 0x90000190 mem 0x90000194 mem 0x90000198 mem 0x9000019c mem 0x900001a0 mem 0x900001a4 mem 0x900001a8 mem 0x900001ac mem 0x900001b0 mem 0x900001b4 mem 0x900001b8 mem 0x90000184 mem 0x90000188 mem 0x9000018c mem 0x90000190 mem 0x90000194 mem 0x90000198 mem 0x9000019c mem 0x900001a0 mem 0x900001a4 mem 0x900001a8 mem 0x900001ac mem 0x900001b0 mem 0x900001b4 mem 0x900001b8 mem 0x90000184 mem 0x90000188 mem 0x9000018c mem 0x90000190
core   0: 0x800001c4 (0x966135d7) vsll.vi v11, v6, 2
core   0: 3 0x800001c4 (0x966135d7) c8_vstart 0x00000000 e32 m1 l32 v11 ffffffff 0x00000194 00000190 0000018c 00000188 000001bc 000001b8 000001b4 000001b0 000001ac 000001a8 000001a4 000001a0 0000019c 00000198 00000194 00000190 0000018c 00000188 000001bc 000001b8 000001b4 000001b0 000001ac 000001a8 000001a4 000001a0 0000019c 00000198 00000194 00000190 0000018c 00000188 
core   0: 0x800001c8 (0x024585d7) vadd.vv v11, v4, v11
core   0: 3 0x800001c8 (0x024585d7) c8_vstart 0x00000000 e32 m1 l32 v11 ffffffff 0x90000194 90000190 9000018c 90000188 900001bc 900001b8 900001b4 900001b0 900001ac 900001a8 900001a4 900001a0 9000019c 90000198 90000194 90000190 9000018c 90000188 900001bc 900001b8 900001b4 900001b0 900001ac 900001a8 900001a4 900001a0 9000019c 90000198 90000194 90000190 9000018c 90000188 
core   0: 0x800001cc (0x0005a5fb) vlw12.v v11, v11, 0
core   0: 3 0x800001cc (0x0005a5fb) e32 m1 l32 v11 ffffffff 0x42bbd2ad 41f36df8 420aaeb5 409ffe93 42a331e2 4210ac6b 4100a093 427129e9 428c641c 4125a38d 40b06f18 41f0f30b 4103fc00 415cf733 42bbd2ad 41f36df8 420aaeb5 409ffe93 42a331e2 4210ac6b 4100a093 427129e9 428c641c 4125a38d 40b06f18 41f0f30b 4103fc00 415cf733 42bbd2ad 41f36df8 420aaeb5 409ffe93  c8_vstart 0x00000000 mem 0x90000188 mem 0x9000018c mem 0x90000190 mem 0x90000194 mem 0x90000198 mem 0x9000019c mem 0x900001a0 mem 0x900001a4 mem 0x900001a8 mem 0x900001ac mem 0x900001b0 mem 0x900001b4 mem 0x900001b8 mem 0x900001bc mem 0x90000188 mem 0x9000018c mem 0x90000190 mem 0x90000194 mem 0x90000198 mem 0x9000019c mem 0x900001a0 mem 0x900001a4 mem 0x900001a8 mem 0x900001ac mem 0x900001b0 mem 0x900001b4 mem 0x900001b8 mem 0x900001bc mem 0x90000188 mem 0x9000018c mem 0x90000190 mem 0x90000194
core   0: 0x800001d0 (0x02208157) vadd.vv v2, v2, v1
core   0: 3 0x800001d0 (0x02208157) c8_vstart 0x00000000 e32 m1 l32 v2  ffffffff 0x00000073 00000072 00000071 00000070 0000007d 0000007c 0000007b 0000007a 00000079 00000078 00000077 00000076 00000075 00000074 00000073 00000072 00000071 00000070 0000007d 0000007c 0000007b 0000007a 00000079 00000078 00000077 00000076 00000075 00000074 00000073 00000072 00000071 00000070 
core   0: 0x800001d4 (0x96213157) vsll.vi v2, v2, 2
core   0: 3 0x800001d4 (0x96213157) c8_vstart 0x00000000 e32 m1 l32 v2  ffffffff 0x000001cc 000001c8 000001c4 000001c0 000001f4 000001f0 000001ec 000001e8 000001e4 000001e0 000001dc 000001d8 000001d4 000001d0 000001cc 000001c8 000001c4 000001c0 000001f4 000001f0 000001ec 000001e8 000001e4 000001e0 000001dc 000001d8 000001d4 000001d0 000001cc 000001c8 000001c4 000001c0 
core   0: 0x800001d8 (0x02410157) vadd.vv v2, v4, v2
core   0: 3 0x800001d8 (0x02410157) c8_vstart 0x00000000 e32 m1 l32 v2  ffffffff 0x900001cc 900001c8 900001c4 900001c0 900001f4 900001f0 900001ec 900001e8 900001e4 900001e0 900001dc 900001d8 900001d4 900001d0 900001cc 900001c8 900001c4 900001c0 900001f4 900001f0 900001ec 900001e8 900001e4 900001e0 900001dc 900001d8 900001d4 900001d0 900001cc 900001c8 900001c4 900001c0 
core   0: 0x800001dc (0x0001217b) vlw12.v v2, v2, 0
core   0: 3 0x800001dc (0x0001217b) e32 m1 l32 v2  ffffffff 0x4298633d 41dfe02d 4292ce35 428de6a0 41d1d39b 420786d9 42ac8837 42996900 40310ec2 418b821a 4223c03e 42965d0d 41953b39 42a1f90c 4298633d 41dfe02d 4292ce35 428de6a0 41d1d39b 420786d9 42ac8837 42996900 40310ec2 418b821a 4223c03e 42965d0d 41953b39 42a1f90c 4298633d 41dfe02d 4292ce35 428de6a0  c8_vstart 0x00000000 mem 0x900001c0 mem 0x900001c4 mem 0x900001c8 mem 0x900001cc mem 0x900001d0 mem 0x900001d4 mem 0x900001d8 mem 0x900001dc mem 0x900001e0 mem 0x900001e4 mem 0x900001e8 mem 0x900001ec mem 0x900001f0 mem 0x900001f4 mem 0x900001c0 mem 0x900001c4 mem 0x900001c8 mem 0x900001cc mem 0x900001d0 mem 0x900001d4 mem 0x900001d8 mem 0x900001dc mem 0x900001e0 mem 0x900001e4 mem 0x900001e8 mem 0x900001ec mem 0x900001f0 mem 0x900001f4 mem 0x900001c0 mem 0x900001c4 mem 0x900001c8 mem 0x900001cc
core   0: 0x800001e0 (0x02008057) vadd.vv v0, v0, v1
core   0: 3 0x800001e0 (0x02008057) c8_vstart 0x00000000 e32 m1 l32 v0  ffffffff 0x00000074 00000073 00000072 00000071 0000007e 0000007d 0000007c 0000007b 0000007a 00000079 00000078 00000077 00000076 00000075 00000074 00000073 00000072 00000071 0000007e 0000007d 0000007c 0000007b 0000007a 00000079 00000078 00000077 00000076 00000075 00000074 00000073 00000072 00000071 
core   0: 0x800001e4 (0x96013057) vsll.vi v0, v0, 2
core   0: 3 0x800001e4 (0x96013057) c8_vstart 0x00000000 e32 m1 l32 v0  ffffffff 0x000001d0 000001cc 000001c8 000001c4 000001f8 000001f4 000001f0 000001ec 000001e8 000001e4 000001e0 000001dc 000001d8 000001d4 000001d0 000001cc 000001c8 000001c4 000001f8 000001f4 000001f0 000001ec 000001e8 000001e4 000001e0 000001dc 000001d8 000001d4 000001d0 000001cc 000001c8 000001c4 
core   0: 0x800001e8 (0x02400057) vadd.vv v0, v4, v0
core   0: 3 0x800001e8 (0x02400057) c8_vstart 0x00000000 e32 m1 l32 v0  ffffffff 0x900001d0 900001cc 900001c8 900001c4 900001f8 900001f4 900001f0 900001ec 900001e8 900001e4 900001e0 900001dc 900001d8 900001d4 900001d0 900001cc 900001c8 900001c4 900001f8 900001f4 900001f0 900001ec 900001e8 900001e4 900001e0 900001dc 900001d8 900001d4 900001d0 900001cc 900001c8 900001c4 
core   0: 0x800001ec (0x0000207b) vlw12.v v0, v0, 0
core   0: 3 0x800001ec (0x0000207b) e32 m1 l32 v0  ffffffff 0x42a1f90c 4298633d 41dfe02d 4292ce35 41315ff9 41d1d39b 420786d9 42ac8837 42996900 40310ec2 418b821a 4223c03e 42965d0d 41953b39 42a1f90c 4298633d 41dfe02d 4292ce35 41315ff9 41d1d39b 420786d9 42ac8837 42996900 40310ec2 418b821a 4223c03e 42965d0d 41953b39 42a1f90c 4298633d 41dfe02d 4292ce35  c8_vstart 0x00000000 mem 0x900001c4 mem 0x900001c8 mem 0x900001cc mem 0x900001d0 mem 0x900001d4 mem 0x900001d8 mem 0x900001dc mem 0x900001e0 mem 0x900001e4 mem 0x900001e8 mem 0x900001ec mem 0x900001f0 mem 0x900001f4 mem 0x900001f8 mem 0x900001c4 mem 0x900001c8 mem 0x900001cc mem 0x900001d0 mem 0x900001d4 mem 0x900001d8 mem 0x900001dc mem 0x900001e0 mem 0x900001e4 mem 0x900001e8 mem 0x900001ec mem 0x900001f0 mem 0x900001f4 mem 0x900001f8 mem 0x900001c4 mem 0x900001c8 mem 0x900001cc mem 0x900001d0
core   0: 0x800001f0 (0x026080d7) vadd.vv v1, v6, v1
core   0: 3 0x800001f0 (0x026080d7) c8_vstart 0x00000000 e32 m1 l32 v1  ffffffff 0x00000075 00000074 00000073 00000072 0000007f 0000007e 0000007d 0000007c 0000007b 0000007a 00000079 00000078 00000077 00000076 00000075 00000074 00000073 00000072 0000007f 0000007e 0000007d 0000007c 0000007b 0000007a 00000079 00000078 00000077 00000076 00000075 00000074 00000073 00000072 
core   0: 0x800001f4 (0x961130d7) vsll.vi v1, v1, 2
core   0: 3 0x800001f4 (0x961130d7) c8_vstart 0x00000000 e32 m1 l32 v1  ffffffff 0x000001d4 000001d0 000001cc 000001c8 000001fc 000001f8 000001f4 000001f0 000001ec 000001e8 000001e4 000001e0 000001dc 000001d8 000001d4 000001d0 000001cc 000001c8 000001fc 000001f8 000001f4 000001f0 000001ec 000001e8 000001e4 000001e0 000001dc 000001d8 000001d4 000001d0 000001cc 000001c8 
core   0: 0x800001f8 (0x024080d7) vadd.vv v1, v4, v1
core   0: 3 0x800001f8 (0x024080d7) c8_vstart 0x00000000 e32 m1 l32 v1  ffffffff 0x900001d4 900001d0 900001cc 900001c8 900001fc 900001f8 900001f4 900001f0 900001ec 900001e8 900001e4 900001e0 900001dc 900001d8 900001d4 900001d0 900001cc 900001c8 900001fc 900001f8 900001f4 900001f0 900001ec 900001e8 900001e4 900001e0 900001dc 900001d8 900001d4 900001d0 900001cc 900001c8 
core   0: 0x800001fc (0x0000a0fb) vlw12.v v1, v1, 0
core   0: 3 0x800001fc (0x0000a0fb) e32 m1 l32 v1  ffffffff 0x41953b39 42a1f90c 4298633d 41dfe02d 4231b83a 41315ff9 41d1d39b 420786d9 42ac8837 42996900 40310ec2 418b821a 4223c03e 42965d0d 41953b39 42a1f90c 4298633d 41dfe02d 4231b83a 41315ff9 41d1d39b 420786d9 42ac8837 42996900 40310ec2 418b821a 4223c03e 42965d0d 41953b39 42a1f90c 4298633d 41dfe02d  c8_vstart 0x00000000 mem 0x900001c8 mem 0x900001cc mem 0x900001d0 mem 0x900001d4 mem 0x900001d8 mem 0x900001dc mem 0x900001e0 mem 0x900001e4 mem 0x900001e8 mem 0x900001ec mem 0x900001f0 mem 0x900001f4 mem 0x900001f8 mem 0x900001fc mem 0x900001c8 mem 0x900001cc mem 0x900001d0 mem 0x900001d4 mem 0x900001d8 mem 0x900001dc mem 0x900001e0 mem 0x900001e4 mem 0x900001e8 mem 0x900001ec mem 0x900001f0 mem 0x900001f4 mem 0x900001f8 mem 0x900001fc mem 0x900001c8 mem 0x900001cc mem 0x900001d0 mem 0x900001d4
core   0: 0x80000200 (0xfdc12283) lw      x5, -36(x2)
core   0: 3 0x80000200 (0xfdc12283) x5  0x3f800000 mem 0x70000010
core   0: 0x80000204 (0x5e02c257) vmv.v.x v4, x5
core   0: 3 0x80000204 (0x5e02c257) c8_vstart 0x00000000 e32 m1 l32 v4  ffffffff 0x3f800000 3f800000 3f800000 3f800000 3f800000 3f800000 3f800000 3f800000 3f800000 3f800000 3f800000 3f800000 3f800000 3f800000 3f800000 3f800000 3f800000 3f800000 3f800000 3f800000 3f800000 3f800000 3f800000 3f800000 3f800000 3f800000 3f800000 3f800000 3f800000 3f800000 3f800000 3f800000 
core   0: 0x80000208 (0xa25211d7) vfmadd.vv v3, v5, v4
core   0: 3 0x80000208 (0xa25211d7) c8_vstart 0x00000000 c1_fflags 0x00000001 e32 m1 l32 v3  ffffffff 0x424e858c 42a73e28 42c84a8c 42a86f7b 42a146dd 42c7e2a8 42d13092 427d6895 42fcbd21 431ebc65 431ef071 433da84a 42c4819b 414d3baa 424e858c 42a73e28 42c84a8c 42a86f7b 42a146dd 42c7e2a8 42d13092 427d6895 42fcbd21 431ebc65 431ef071 433da84a 42c4819b 414d3baa 424e858c 42a73e28 42c84a8c 42a86f7b 
core   0: 0x8000020c (0xfe012283) lw      x5, -32(x2)
core   0: 3 0x8000020c (0xfe012283) x5  0x3f800000 mem 0x70000014
core   0: 0x80000210 (0x5e02c257) vmv.v.x v4, x5
core   0: 3 0x80000210 (0x5e02c257) c8_vstart 0x00000000 e32 m1 l32 v4  ffffffff 0x3f800000 3f800000 3f800000 3f800000 3f800000 3f800000 3f800000 3f800000 3f800000 3f800000 3f800000 3f800000 3f800000 3f800000 3f800000 3f800000 3f800000 3f800000 3f800000 3f800000 3f800000 3f800000 3f800000 3f800000 3f800000 3f800000 3f800000 3f800000 3f800000 3f800000 3f800000 3f800000 
core   0: 0x80000214 (0xa23213d7) vfmadd.vv v7, v3, v4
core   0: 3 0x80000214 (0xa23213d7) c8_vstart 0x00000000 c1_fflags 0x00000001 e32 m1 l32 v7  ffffffff 0x426cdb3c 42b1bac5 4312885a 42f2e77a 42d2eaa4 43157747 4307b5c4 43042dfe 43222301 433a521a 4380dca6 43799bd3 43453db6 42cefe38 426cdb3c 42b1bac5 4312885a 42f2e77a 42d2eaa4 43157747 4307b5c4 43042dfe 43222301 433a521a 4380dca6 43799bd3 43453db6 42cefe38 426cdb3c 42b1bac5 4312885a 42f2e77a 
core   0: 0x80000218 (0xfe412283) lw      x5, -28(x2)
core   0: 3 0x80000218 (0xfe412283) x5  0x3f800000 mem 0x70000018
core   0: 0x8000021c (0x5e02c1d7) vmv.v.x v3, x5
core   0: 3 0x8000021c (0x5e02c1d7) c8_vstart 0x00000000 e32 m1 l32 v3  ffffffff 0x3f800000 3f800000 3f800000 3f800000 3f800000 3f800000 3f800000 3f800000 3f800000 3f800000 3f800000 3f800000 3f800000 3f800000 3f800000 3f800000 3f800000 3f800000 3f800000 3f800000 3f800000 3f800000 3f800000 3f800000 3f800000 3f800000 3f800000 3f800000 3f800000 3f800000 3f800000 3f800000 
core   0: 0x80000220 (0xa2719457) vfmadd.vv v8, v7, v3
core   0: 3 0x80000220 (0xa2719457) c8_vstart 0x00000000 c1_fflags 0x00000001 e32 m1 l32 v8  ffffffff 0x42bbc4f8 42bbbaae 435506a6 43040015 42e2feb6 4351c1c1 434de7d2 430e8837 4327a67a 4358707b 4384fc86 4383b5a3 43919386 4305ecdb 42bbc4f8 42bbbaae 435506a6 43040015 42e2feb6 4351c1c1 434de7d2 430e8837 4327a67a 4358707b 4384fc86 4383b5a3 43919386 4305ecdb 42bbc4f8 42bbbaae 435506a6 43040015 
core   0: 0x80000224 (0xfe812283) lw      x5, -24(x2)
core   0: 3 0x80000224 (0xfe812283) x5  0x3f800000 mem 0x7000001c
core   0: 0x80000228 (0x5e02c1d7) vmv.v.x v3, x5
core   0: 3 0x80000228 (0x5e02c1d7) c8_vstart 0x00000000 e32 m1 l32 v3  ffffffff 0x3f800000 3f800000 3f800000 3f800000 3f800000 3f800000 3f800000 3f800000 3f800000 3f800000 3f800000 3f800000 3f800000 3f800000 3f800000 3f800000 3f800000 3f800000 3f800000 3f800000 3f800000 3f800000 3f800000 3f800000 3f800000 3f800000 3f800000 3f800000 3f800000 3f800000 3f800000 3f800000 
core   0: 0x8000022c (0xa2819557) vfmadd.vv v10, v8, v3
core   0: 3 0x8000022c (0xa2819557) c8_vstart 0x00000000 c1_fflags 0x00000001 e32 m1 l32 v10 ffffffff 0x42f8a076 43008904 435a069b 43467e60 4315aa76 4359cbca 43851926 4354ba45 433200b3 435df3f4 43940bb7 4387d583 43987b40 4363d632 42f8a076 43008904 435a069b 43467e60 4315aa76 4359cbca 43851926 4354ba45 433200b3 435df3f4 43940bb7 4387d583 43987b40 4363d632 42f8a076 43008904 435a069b 43467e60 
core   0: 0x80000230 (0xfec12283) lw      x5, -20(x2)
core   0: 3 0x80000230 (0xfec12283) x5  0x3f800000 mem 0x70000020
core   0: 0x80000234 (0x5e02c1d7) vmv.v.x v3, x5
core   0: 3 0x80000234 (0x5e02c1d7) c8_vstart 0x00000000 e32 m1 l32 v3  ffffffff 0x3f800000 3f800000 3f800000 3f800000 3f800000 3f800000 3f800000 3f800000 3f800000 3f800000 3f800000 3f800000 3f800000 3f800000 3f800000 3f800000 3f800000 3f800000 3f800000 3f800000 3f800000 3f800000 3f800000 3f800000 3f800000 3f800000 3f800000 3f800000 3f800000 3f800000 3f800000 3f800000 
core   0: 0x80000238 (0xa2a195d7) vfmadd.vv v11, v10, v3
core   0: 3 0x80000238 (0xa2a195d7) c8_vstart 0x00000000 c1_fflags 0x00000001 e32 m1 l32 v11 ffffffff 0x435a3992 431ef6c3 437cb248 434b7e55 43674367 437df6e5 43891e2b 43888260 437832c1 43684e2d 4396cd73 4396e4b4 439c9b20 4371a5a5 435a3992 431ef6c3 437cb248 434b7e55 43674367 437df6e5 43891e2b 43888260 437832c1 43684e2d 4396cd73 4396e4b4 439c9b20 4371a5a5 435a3992 431ef6c3 437cb248 434b7e55 
core   0: 0x8000023c (0xff012283) lw      x5, -16(x2)
core   0: 3 0x8000023c (0xff012283) x5  0x3f800000 mem 0x70000024
core   0: 0x80000240 (0x5e02c1d7) vmv.v.x v3, x5
core   0: 3 0x80000240 (0x5e02c1d7) c8_vstart 0x00000000 e32 m1 l32 v3  ffffffff 0x3f800000 3f800000 3f800000 3f800000 3f800000 3f800000 3f800000 3f800000 3f800000 3f800000 3f800000 3f800000 3f800000 3f800000 3f800000 3f800000 3f800000 3f800000 3f800000 3f800000 3f800000 3f800000 3f800000 3f800000 3f800000 3f800000 3f800000 3f800000 3f800000 3f800000 3f800000 3f800000 
core   0: 0x80000244 (0xa2b19157) vfmadd.vv v2, v11, v3
core   0: 3 0x80000244 (0xa2b19157) c8_vstart 0x00000000 c1_fflags 0x00000001 e32 m1 l32 v2  ffffffff 0x43933598 433af2c9 43a30cb1 438938d2 4380beed 438fec4e 43b44039 43aedca0 437af6fc 4379be70 43ab457b 43bc7bf7 43a5eed4 43a15116 43933598 433af2c9 43a30cb1 438938d2 4380beed 438fec4e 43b44039 43aedca0 437af6fc 4379be70 43ab457b 43bc7bf7 43a5eed4 43a15116 43933598 433af2c9 43a30cb1 438938d2 
core   0: 0x80000248 (0xff412283) lw      x5, -12(x2)
core   0: 3 0x80000248 (0xff412283) x5  0x3f800000 mem 0x70000028
core   0: 0x8000024c (0x5e02c1d7) vmv.v.x v3, x5
core   0: 3 0x8000024c (0x5e02c1d7) c8_vstart 0x00000000 e32 m1 l32 v3  ffffffff 0x3f800000 3f800000 3f800000 3f800000 3f800000 3f800000 3f800000 3f800000 3f800000 3f800000 3f800000 3f800000 3f800000 3f800000 3f800000 3f800000 3f800000 3f800000 3f800000 3f800000 3f800000 3f800000 3f800000 3f800000 3f800000 3f800000 3f800000 3f800000 3f800000 3f800000 3f800000 3f800000 
core   0: 0x80000250 (0xa2219057) vfmadd.vv v0, v2, v3
core   0: 3 0x80000250 (0xa2219057) c8_vstart 0x00000000 c1_fflags 0x00000001 e32 m1 l32 v0  ffffffff 0x43bbb3db 43839234 43b10ab4 43adec5f 438649ed 439d0988 43c53114 43d9feae 43a3d5be 437c82ab 43b3fd9d 43d0f3ff 43cb8617 43aaa4ca 43bbb3db 43839234 43b10ab4 43adec5f 438649ed 439d0988 43c53114 43d9feae 43a3d5be 437c82ab 43b3fd9d 43d0f3ff 43cb8617 43aaa4ca 43bbb3db 43839234 43b10ab4 43adec5f 
core   0: 0x80000254 (0xff812283) lw      x5, -8(x2)
core   0: 3 0x80000254 (0xff812283) x5  0x3f800000 mem 0x7000002c
core   0: 0x80000258 (0x5e02c157) vmv.v.x v2, x5
core   0: 3 0x80000258 (0x5e02c157) c8_vstart 0x00000000 e32 m1 l32 v2  ffffffff 0x3f800000 3f800000 3f800000 3f800000 3f800000 3f800000 3f800000 3f800000 3f800000 3f800000 3f800000 3f800000 3f800000 3f800000 3f800000 3f800000 3f800000 3f800000 3f800000 3f800000 3f800000 3f800000 3f800000 3f800000 3f800000 3f800000 3f800000 3f800000 3f800000 3f800000 3f800000 3f800000 
core   0: 0x8000025c (0xa20110d7) vfmadd.vv v1, v0, v2
core   0: 3 0x8000025c (0xa20110d7) c8_vstart 0x00000000 c1_fflags 0x00000001 e32 m1 l32 v1  ffffffff 0x43c5078f 43ac1077 43d72383 43bbea62 439c80f4 43a29488 43d24e4e 43eaef89 43cef7cc 43a49b96 43b55fbb 43d9ac21 43dffe1f 43d03c0d 43c5078f 43ac1077 43d72383 43bbea62 439c80f4 43a29488 43d24e4e 43eaef89 43cef7cc 43a49b96 43b55fbb 43d9ac21 43dffe1f 43d03c0d 43c5078f 43ac1077 43d72383 43bbea62 
core   0: 0x80000260 (0xffc12283) lw      x5, -4(x2)
core   0: 3 0x80000260 (0xffc12283) x5  0x90001000 mem 0x70000030
core   0: 0x80000264 (0x0292c057) vadd.vx v0, v9, x5
core   0: 3 0x80000264 (0x0292c057) c8_vstart 0x00000000 e32 m1 l32 v0  ffffffff 0x90001190 9000118c 90001188 90001184 900011b8 900011b4 900011b0 900011ac 900011a8 900011a4 900011a0 9000119c 90001198 90001194 90001190 9000118c 90001188 90001184 900011b8 900011b4 900011b0 900011ac 900011a8 900011a4 900011a0 9000119c 90001198 90001194 90001190 9000118c 90001188 90001184 
core   0: 0x80000268 (0x0010607b) vsw12.v v1, v0, 0
core   0: 3 0x80000268 (0x0010607b) c8_vstart 0x00000000 e32 m1 l32 mem 0x90001184 0x43bbea62 mem 0x90001188 0x43d72383 mem 0x9000118c 0x43ac1077 mem 0x90001190 0x43c5078f mem 0x90001194 0x43d03c0d mem 0x90001198 0x43dffe1f mem 0x9000119c 0x43d9ac21 mem 0x900011a0 0x43b55fbb mem 0x900011a4 0x43a49b96 mem 0x900011a8 0x43cef7cc mem 0x900011ac 0x43eaef89 mem 0x900011b0 0x43d24e4e mem 0x900011b4 0x43a29488 mem 0x900011b8 0x439c80f4 mem 0x90001184 0x43bbea62 mem 0x90001188 0x43d72383 mem 0x9000118c 0x43ac1077 mem 0x90001190 0x43c5078f mem 0x90001194 0x43d03c0d mem 0x90001198 0x43dffe1f mem 0x9000119c 0x43d9ac21 mem 0x900011a0 0x43b55fbb mem 0x900011a4 0x43a49b96 mem 0x900011a8 0x43cef7cc mem 0x900011ac 0x43eaef89 mem 0x900011b0 0x43d24e4e mem 0x900011b4 0x43a29488 mem 0x900011b8 0x439c80f4 mem 0x90001184 0x43bbea62 mem 0x90001188 0x43d72383 mem 0x9000118c 0x43ac1077 mem 0x90001190 0x43c5078f
core   0: 0x8000026c (0xfcc12083) lw      x1, -52(x2)
core   0: 3 0x8000026c (0xfcc12083) x1  0x800000a0 mem 0x70000000
core   0: 0x80000270 (0x0090200b) regext  x0, x0,  0 0 1 1 
core   0: 3 0x80000270 (0x0090200b)
core   0: 0x80000274 (0x7fc020ab) vlw.v   v1, x0, -4
core   0: 3 0x80000274 (0x7fc020ab) e32 m1 l32 v33 ffffffff 0x00000000 00000000 00000000 00000000 00000000 00000000 00000000 00000000 00000000 00000000 00000000 00000000 00000000 00000000 00000000 00000000 00000000 00000000 00000000 00000000 00000000 00000000 00000000 00000000 00000000 00000000 00000000 00000000 00000000 00000000 00000000 00000000  c8_vstart 0x00000000 mem 0x90003000 mem 0x90003004 mem 0x90003008 mem 0x9000300c mem 0x90003010 mem 0x90003014 mem 0x90003018 mem 0x9000301c mem 0x90003020 mem 0x90003024 mem 0x90003028 mem 0x9000302c mem 0x90003030 mem 0x90003034 mem 0x90003038 mem 0x9000303c mem 0x90003040 mem 0x90003044 mem 0x90003048 mem 0x9000304c mem 0x90003050 mem 0x90003054 mem 0x90003058 mem 0x9000305c mem 0x90003060 mem 0x90003064 mem 0x90003068 mem 0x9000306c mem 0x90003070 mem 0x90003074 mem 0x90003078 mem 0x9000307c
core   0: 0x80000278 (0xfcc10113) addi    x2, x2, -52
core   0: 3 0x80000278 (0xfcc10113) x2  0x70000000
core   0: 0x8000027c (0xffc20213) addi    x4, x4, -4
core   0: 3 0x8000027c (0xffc20213) x4  0x00000000
core   0: 0x80000280 (0x0010200b) regext  x0, x0,  0 0 0 1 
core   0: 3 0x80000280 (0x0010200b)
core   0: 0x80000284 (0x5e024057) vmv.v.x v0, x4
core   0: 3 0x80000284 (0x5e024057) c8_vstart 0x00000000 e32 m1 l32 v32 ffffffff 0x00000000 00000000 00000000 00000000 00000000 00000000 00000000 00000000 00000000 00000000 00000000 00000000 00000000 00000000 00000000 00000000 00000000 00000000 00000000 00000000 00000000 00000000 00000000 00000000 00000000 00000000 00000000 00000000 00000000 00000000 00000000 00000000 
core   0: 0x80000288 (0x00008067) ret
core   0: 3 0x80000288 (0x00008067)
core   0: 0x800000a0 (0x0000400b) endprg  x0, x0, x0
core   0: 3 0x800000a0 (0x0000400b)
core   0: 0x800000a4 (0x0040006f) j       pc + 0x4
core   0: 3 0x800000a4 (0x0040006f)
core   0: 0x800000a8 (0x00100313) li      x6, 1
core   0: 3 0x800000a8 (0x00100313) x6  0x00000001
core   0: 0x800000ac (0x00001297) auipc   x5, 0x1
core   0: 3 0x800000ac (0x00001297) x5  0x800010ac
core   0: 0x800000b0 (0xf5428293) addi    x5, x5, -172
core   0: 3 0x800000b0 (0xf5428293) x5  0x80001000
core   0: 0x800000b4 (0x0062a023) sw      x6, 0(x5)
core   0: 3 0x800000b4 (0x0062a023) mem 0x80001000 0x00000001
core   0: 0x00001000 (0x00000297) auipc   x5, 0x0
core   0: 3 0x00001000 (0x00000297) x5  0x00001000
core   0: 0x00001004 (0x02028593) addi    x11, x5, 32
core   0: 3 0x00001004 (0x02028593) x11 0x00001020
core   0: 0x00001008 (0xf1402573) csrr    x10, mhartid
core   0: 3 0x00001008 (0xf1402573) x10 0x00000000
core   0: 0x0000100c (0x0182a283) lw      x5, 24(x5)
core   0: 3 0x0000100c (0x0182a283) x5  0x80000000 mem 0x00001018
core   0: 0x00001010 (0x00028067) jr      x5
core   0: 3 0x00001010 (0x00028067)
core   0: 0x80000000 (0x00004197) auipc   x3, 0x4
core   0: 3 0x80000000 (0x00004197) x3  0x80004000
core   0: 0x80000004 (0x80818193) addi    x3, x3, -2040
core   0: 3 0x80000004 (0x80818193) x3  0x80003808
core   0: 0x80000008 (0x02000e93) li      x29, 32
core   0: 3 0x80000008 (0x02000e93) x29 0x00000020
core   0: 0x8000000c (0x0d0efed7) vsetvli x29, x29, e32, m1, ta, ma
core   0: 3 0x8000000c (0x0d0efed7) x29 0x00000020 c8_vstart 0x00000000 c3104_vl 0x00000020 c3105_vtype 0x000000d0 c768_mstatus 0x80000600
core   0: 0x80000010 (0x00002eb7) lui     x29, 0x2
core   0: 3 0x80000010 (0x00002eb7) x29 0x00002000
core   0: 0x80000014 (0x300eaef3) csrrs   x29, mstatus, x29
core   0: 3 0x80000014 (0x300eaef3) x29 0x80000600 c768_mstatus 0x80006600
core   0: 0x80000018 (0x00000e93) li      x29, 0
core   0: 3 0x80000018 (0x00000e93) x29 0x00000000
core   0: 0x8000001c (0x80502373) csrr    x6, wid
core   0: 3 0x8000001c (0x80502373) x6  0x00000000
core   0: 0x80000020 (0x806023f3) csrr    x7, lds
core   0: 3 0x80000020 (0x806023f3) x7  0x70000000
core   0: 0x80000024 (0x40000e13) li      x28, 1024
core   0: 3 0x80000024 (0x40000e13) x28 0x00000400
core   0: 0x80000028 (0x03c30333) mul     x6, x6, x28
core   0: 3 0x80000028 (0x03c30333) x6  0x00000000
core   0: 0x8000002c (0x00730133) add     x2, x6, x7
core   0: 3 0x8000002c (0x00730133) x2  0x70000000
core   0: 0x80000030 (0x00000213) li      x4, 0
core   0: 3 0x80000030 (0x00000213) x4  0x00000000
core   0: 0x80000034 (0x80102f73) csrr    x30, numw
core   0: 3 0x80000034 (0x80102f73) x30 0x00000001
core   0: 0x80000038 (0x40000e13) li      x28, 1024
core   0: 3 0x80000038 (0x40000e13) x28 0x00000400
core   0: 0x8000003c (0x03cf0f33) mul     x30, x30, x28
core   0: 3 0x8000003c (0x03cf0f33) x30 0x00000400
core   0: 0x80000040 (0x01e38433) add     x8, x7, x30
core   0: 3 0x80000040 (0x01e38433) x8  0x70000400
core   0: 0x80000044 (0x00003517) auipc   x10, 0x3
core   0: 3 0x80000044 (0x00003517) x10 0x80003044
core   0: 0x80000048 (0xfc450513) addi    x10, x10, -60
core   0: 3 0x80000048 (0xfc450513) x10 0x80003008
core   0: 0x8000004c (0x00003617) auipc   x12, 0x3
core   0: 3 0x8000004c (0x00003617) x12 0x8000304c
core   0: 0x80000050 (0xfbc60613) addi    x12, x12, -68
core   0: 3 0x80000050 (0xfbc60613) x12 0x80003008
core   0: 0x80000054 (0x00c50863) beq     x10, x12, pc + 16
core   0: 3 0x80000054 (0x00c50863)
core   0: 0x80000064 (0x803022f3) csrr    x5, knl
core   0: 3 0x80000064 (0x803022f3) x5  0x901c3000
core   0: 0x80000068 (0x0002a303) lw      x6, 0(x5)
core   0: 3 0x80000068 (0x0002a303) x6  0x800000b8 mem 0x901c3000
core   0: 0x8000006c (0x0042a503) lw      x10, 4(x5)
core   0: 3 0x8000006c (0x0042a503) x10 0x90002000 mem 0x901c3004
core   0: 0x80000070 (0x0302a383) lw      x7, 48(x5)
core   0: 3 0x80000070 (0x0302a383) x7  0x00000000 mem 0x901c3030
core   0: 0x80000074 (0x0342ae03) lw      x28, 52(x5)
core   0: 3 0x80000074 (0x0342ae03) x28 0x00000000 mem 0x901c3034
core   0: 0x80000078 (0x00003e97) auipc   x29, 0x3
core   0: 3 0x80000078 (0x00003e97) x29 0x80003078
core   0: 0x8000007c (0xf88e8e93) addi    x29, x29, -120
core   0: 3 0x8000007c (0xf88e8e93) x29 0x80003000
core   0: 0x80000080 (0x00003f17) auipc   x30, 0x3
core   0: 3 0x80000080 (0x00003f17) x30 0x80003080
core   0: 0x80000084 (0xf84f0f13) addi    x30, x30, -124
core   0: 3 0x80000084 (0xf84f0f13) x30 0x80003004
core   0: 0x80000088 (0x007ea023) sw      x7, 0(x29)
core   0: 3 0x80000088 (0x007ea023) mem 0x80003000 0x00000000
core   0: 0x8000008c (0x01cf2023) sw      x28, 0(x30)
core   0: 3 0x8000008c (0x01cf2023) mem 0x80003004 0x00000000
core   0: 0x80000090 (0x00000f97) auipc   x31, 0x0
core   0: 3 0x80000090 (0x00000f97) x31 0x80000090
core   0: 0x80000094 (0x018f8f93) addi    x31, x31, 24
core   0: 3 0x80000094 (0x018f8f93) x31 0x800000a8
core   0: 0x80000098 (0x305f9073) csrw    mtvec, x31
core   0: 3 0x80000098 (0x305f9073) c773_mtvec 0x800000a8
core   0: 0x8000009c (0x000300e7) jalr    x6
core   0: 3 0x8000009c (0x000300e7) x1  0x800000a0
core   0: 0x800000b8 (0x03410113) addi    x2, x2, 52
core   0: 3 0x800000b8 (0x03410113) x2  0x70000034
core   0: 0x800000bc (0x00420213) addi    x4, x4, 4
core   0: 3 0x800000bc (0x00420213) x4  0x00000004
core   0: 0x800000c0 (0x0010200b) regext  x0, x0,  0 0 0 1 
core   0: 3 0x800000c0 (0x0010200b)
core   0: 0x800000c4 (0x5e024057) vmv.v.x v0, x4
core   0: 3 0x800000c4 (0x5e024057) c8_vstart 0x00000000 e32 m1 l32 v32 ffffffff 0x00000004 00000004 00000004 00000004 00000004 00000004 00000004 00000004 00000004 00000004 00000004 00000004 00000004 00000004 00000004 00000004 00000004 00000004 00000004 00000004 00000004 00000004 00000004 00000004 00000004 00000004 00000004 00000004 00000004 00000004 00000004 00000004 
core   0: 0x800000c8 (0xfc112623) sw      x1, -52(x2)
core   0: 3 0x800000c8 (0xfc112623) mem 0x70000000 0x800000a0
core   0: 0x800000cc (0x0480200b) regext  x0, x0,  0 1 1 0 
core   0: 3 0x800000cc (0x0480200b)
core   0: 0x800000d0 (0xfe102e2b) vsw.v   v1, x0, -4
core   0: 3 0x800000d0 (0xfe102e2b) c8_vstart 0x00000000 mem 0x90003000 0x00000000 mem 0x90003004 0x00000000 mem 0x90003008 0x00000000 mem 0x9000300c 0x00000000 mem 0x90003010 0x00000000 mem 0x90003014 0x00000000 mem 0x90003018 0x00000000 mem 0x9000301c 0x00000000 mem 0x90003020 0x00000000 mem 0x90003024 0x00000000 mem 0x90003028 0x00000000 mem 0x9000302c 0x00000000 mem 0x90003030 0x00000000 mem 0x90003034 0x00000000 mem 0x90003038 0x00000000 mem 0x9000303c 0x00000000 mem 0x90003040 0x00000000 mem 0x90003044 0x00000000 mem 0x90003048 0x00000000 mem 0x9000304c 0x00000000 mem 0x90003050 0x00000000 mem 0x90003054 0x00000000 mem 0x90003058 0x00000000 mem 0x9000305c 0x00000000 mem 0x90003060 0x00000000 mem 0x90003064 0x00000000 mem 0x90003068 0x00000000 mem 0x9000306c 0x00000000 mem 0x90003070 0x00000000 mem 0x90003074 0x00000000 mem 0x90003078 0x00000000 mem 0x9000307c 0x00000000
core   0: 0x800000d4 (0x00452283) lw      x5, 4(x10)
core   0: 3 0x800000d4 (0x00452283) x5  0x90001000 mem 0x90002004
core   0: 0x800000d8 (0xfe512e23) sw      x5, -4(x2)
core   0: 3 0x800000d8 (0xfe512e23) mem 0x70000030 0x90001000
core   0: 0x800000dc (0x03052283) lw      x5, 48(x10)
core   0: 3 0x800000dc (0x03052283) x5  0x3f800000 mem 0x90002030
core   0: 0x800000e0 (0xfe512c23) sw      x5, -8(x2)
core   0: 3 0x800000e0 (0xfe512c23) mem 0x7000002c 0x3f800000
core   0: 0x800000e4 (0x02c52283) lw      x5, 44(x10)
core   0: 3 0x800000e4 (0x02c52283) x5  0x3f800000 mem 0x9000202c
core   0: 0x800000e8 (0xfe512a23) sw      x5, -12(x2)
core   0: 3 0x800000e8 (0xfe512a23) mem 0x70000028 0x3f800000
core   0: 0x800000ec (0x02852283) lw      x5, 40(x10)
core   0: 3 0x800000ec (0x02852283) x5  0x3f800000 mem 0x90002028
core   0: 0x800000f0 (0xfe512823) sw      x5, -16(x2)
core   0: 3 0x800000f0 (0xfe512823) mem 0x70000024 0x3f800000
core   0: 0x800000f4 (0x02452283) lw      x5, 36(x10)
core   0: 3 0x800000f4 (0x02452283) x5  0x3f800000 mem 0x90002024
core   0: 0x800000f8 (0xfe512623) sw      x5, -20(x2)
core   0: 3 0x800000f8 (0xfe512623) mem 0x70000020 0x3f800000
core   0: 0x800000fc (0x02052283) lw      x5, 32(x10)
core   0: 3 0x800000fc (0x02052283) x5  0x3f800000 mem 0x90002020
core   0: 0x80000100 (0xfe512423) sw      x5, -24(x2)
core   0: 3 0x80000100 (0xfe512423) mem 0x7000001c 0x3f800000
core   0: 0x80000104 (0x01c52283) lw      x5, 28(x10)
core   0: 3 0x80000104 (0x01c52283) x5  0x3f800000 mem 0x9000201c
core   0: 0x80000108 (0xfe512223) sw      x5, -28(x2)
core   0: 3 0x80000108 (0xfe512223) mem 0x70000018 0x3f800000
core   0: 0x8000010c (0x01852283) lw      x5, 24(x10)
core   0: 3 0x8000010c (0x01852283) x5  0x3f800000 mem 0x90002018
core   0: 0x80000110 (0xfe512023) sw      x5, -32(x2)
core   0: 3 0x80000110 (0xfe512023) mem 0x70000014 0x3f800000
core   0: 0x80000114 (0x01052283) lw      x5, 16(x10)
core   0: 3 0x80000114 (0x01052283) x5  0x3f800000 mem 0x90002010
core   0: 0x80000118 (0xfc512e23) sw      x5, -36(x2)
core   0: 3 0x80000118 (0xfc512e23) mem 0x70000010 0x3f800000
core   0: 0x8000011c (0x01452283) lw      x5, 20(x10)
core   0: 3 0x8000011c (0x01452283) x5  0x3f800000 mem 0x90002014
core   0: 0x80000120 (0xfc512c23) sw      x5, -40(x2)
core   0: 3 0x80000120 (0xfc512c23) mem 0x7000000c 0x3f800000
core   0: 0x80000124 (0x00052283) lw      x5, 0(x10)
core   0: 3 0x80000124 (0x00052283) x5  0x90000000 mem 0x90002000
core   0: 0x80000128 (0xfc512a23) sw      x5, -44(x2)
core   0: 3 0x80000128 (0xfc512a23) mem 0x70000008 0x90000000
core   0: 0x8000012c (0x00852283) lw      x5, 8(x10)
core   0: 3 0x8000012c (0x00852283) x5  0x00000010 mem 0x90002008
core   0: 0x80000130 (0xfc512823) sw      x5, -48(x2)
core   0: 3 0x80000130 (0xfc512823) mem 0x70000004 0x00000010
core   0: 0x80000134 (0x5e004057) vmv.v.x v0, x0
core   0: 3 0x80000134 (0x5e004057) c8_vstart 0x00000000 e32 m1 l32 v0  ffffffff 0x00000000 00000000 00000000 00000000 00000000 00000000 00000000 00000000 00000000 00000000 00000000 00000000 00000000 00000000 00000000 00000000 00000000 00000000 00000000 00000000 00000000 00000000 00000000 00000000 00000000 00000000 00000000 00000000 00000000 00000000 00000000 00000000 
core   0: 0x80000138 (0x154000ef) jal     pc + 0x154
core   0: 3 0x80000138 (0x154000ef) x1  0x8000013c
core   0: 0x8000028c (0x00410113) addi    x2, x2, 4
core   0: 3 0x8000028c (0x00410113) x2  0x70000038
core   0: 0x80000290 (0xfe112e23) sw      x1, -4(x2)
core   0: 3 0x80000290 (0xfe112e23) mem 0x70000034 0x8000013c
core   0: 0x80000294 (0x00200293) li      x5, 2
core   0: 3 0x80000294 (0x00200293) x5  0x00000002
core   0: 0x80000298 (0x5e02c0d7) vmv.v.x v1, x5
core   0: 3 0x80000298 (0x5e02c0d7) c8_vstart 0x00000000 e32 m1 l32 v1  ffffffff 0x00000002 00000002 00000002 00000002 00000002 00000002 00000002 00000002 00000002 00000002 00000002 00000002 00000002 00000002 00000002 00000002 00000002 00000002 00000002 00000002 00000002 00000002 00000002 00000002 00000002 00000002 00000002 00000002 00000002 00000002 00000002 00000002 
core   0: 0x8000029c (0x00000317) auipc   x6, 0x0
core   0: 3 0x8000029c (0x00000317) x6  0x8000029c
core   0: 0x800002a0 (0x04c3305b) setrpc  x0, x6, 76
core   0: 3 0x800002a0 (0x04c3305b) c2060_rpc 0x800002e8 current mask:	ffffffff current npc:	00000000 stack size: 0
core   0: 0x800002a4 (0x0200885b) vbeq    v0, v1, pc + 48
core   0: 3 0x800002a4 (0x0200885b) c8_vstart 0x00000000 e32 m1 l32 current mask:	ffffffff current npc:	800002a8 stack size: 0
core   0: 0x800002a8 (0x00100293) li      x5, 1
core   0: 3 0x800002a8 (0x00100293) x5  0x00000001
core   0: 0x800002ac (0x5e02c0d7) vmv.v.x v1, x5
core   0: 3 0x800002ac (0x5e02c0d7) c8_vstart 0x00000000 e32 m1 l32 v1  ffffffff 0x00000001 00000001 00000001 00000001 00000001 00000001 00000001 00000001 00000001 00000001 00000001 00000001 00000001 00000001 00000001 00000001 00000001 00000001 00000001 00000001 00000001 00000001 00000001 00000001 00000001 00000001 00000001 00000001 00000001 00000001 00000001 00000001 
core   0: 0x800002b0 (0x00000317) auipc   x6, 0x0
core   0: 3 0x800002b0 (0x00000317) x6  0x800002b0
core   0: 0x800002b4 (0x0383305b) setrpc  x0, x6, 56
core   0: 3 0x800002b4 (0x0383305b) c2060_rpc 0x800002e8 current mask:	ffffffff current npc:	800002a8 stack size: 0
core   0: 0x800002b8 (0x0200825b) vbeq    v0, v1, pc + 36
core   0: 3 0x800002b8 (0x0200825b) c8_vstart 0x00000000 e32 m1 l32 current mask:	ffffffff current npc:	800002bc stack size: 0
core   0: 0x800002bc (0x5e0040d7) vmv.v.x v1, x0
core   0: 3 0x800002bc (0x5e0040d7) c8_vstart 0x00000000 e32 m1 l32 v1  ffffffff 0x00000000 00000000 00000000 00000000 00000000 00000000 00000000 00000000 00000000 00000000 00000000 00000000 00000000 00000000 00000000 00000000 00000000 00000000 00000000 00000000 00000000 00000000 00000000 00000000 00000000 00000000 00000000 00000000 00000000 00000000 00000000 00000000 
core   0: 0x800002c0 (0x00000317) auipc   x6, 0x0
core   0: 3 0x800002c0 (0x00000317) x6  0x800002c0
core   0: 0x800002c4 (0x0283305b) setrpc  x0, x6, 40
core   0: 3 0x800002c4 (0x0283305b) c2060_rpc 0x800002e8 current mask:	ffffffff current npc:	800002bc stack size: 0
core   0: 0x800002c8 (0x00009e5b) vbne    v0, v1, pc + 28
core   0: 3 0x800002c8 (0x00009e5b) c8_vstart 0x00000000 e32 m1 l32 current mask:	ffffffff current npc:	800002cc stack size: 0
core   0: 0x800002cc (0x1a0000ef) jal     pc + 0x1a0
core   0: 3 0x800002cc (0x1a0000ef) x1  0x800002d0
core   0: 0x8000046c (0x00410113) addi    x2, x2, 4
core   0: 3 0x8000046c (0x00410113) x2  0x7000003c
core   0: 0x80000470 (0xfe112e23) sw      x1, -4(x2)
core   0: 3 0x80000470 (0xfe112e23) mem 0x70000038 0x800002d0
core   0: 0x80000474 (0xf1dff0ef) jal     pc - 0xe4
core   0: 3 0x80000474 (0xf1dff0ef) x1  0x80000478
core   0: 0x80000390 (0x00410113) addi    x2, x2, 4
core   0: 3 0x80000390 (0x00410113) x2  0x70000040
core   0: 0x80000394 (0xfe112e23) sw      x1, -4(x2)
core   0: 3 0x80000394 (0xfe112e23) mem 0x7000003c 0x80000478
core   0: 0x80000398 (0x80302573) csrr    x10, knl
core   0: 3 0x80000398 (0x80302573) x10 0x901c3000
core   0: 0x8000039c (0x00852283) lw      x5, 8(x10)
core   0: 3 0x8000039c (0x00852283) x5  0x00000002 mem 0x901c3008
core   0: 0x800003a0 (0x80002373) csrr    x6, tid
core   0: 3 0x800003a0 (0x80002373) x6  0x00000000
core   0: 0x800003a4 (0x5208a157) vid.v   v2
core   0: 3 0x800003a4 (0x5208a157) c8_vstart 0x00000000 e32 m1 l32 v2  ffffffff 0x0000001f 0000001e 0000001d 0000001c 0000001b 0000001a 00000019 00000018 00000017 00000016 00000015 00000014 00000013 00000012 00000011 00000010 0000000f 0000000e 0000000d 0000000c 0000000b 0000000a 00000009 00000008 00000007 00000006 00000005 00000004 00000003 00000002 00000001 00000000 
core   0: 0x800003a8 (0x02234057) vadd.vx v0, v2, x6
core   0: 3 0x800003a8 (0x02234057) c8_vstart 0x00000000 e32 m1 l32 v0  ffffffff 0x0000001f 0000001e 0000001d 0000001c 0000001b 0000001a 00000019 00000018 00000017 00000016 00000015 00000014 00000013 00000012 00000011 00000010 0000000f 0000000e 0000000d 0000000c 0000000b 0000000a 00000009 00000008 00000007 00000006 00000005 00000004 00000003 00000002 00000001 00000000 
core   0: 0x800003ac (0x01852e03) lw      x28, 24(x10)
core   0: 3 0x800003ac (0x01852e03) x28 0x0000000e mem 0x901c3018
core   0: 0x800003b0 (0x8a0e6057) vremu.vx v0, v0, x28
core   0: 3 0x800003b0 (0x8a0e6057) c8_vstart 0x00000000 e32 m1 l32 v0  ffffffff 0x00000003 00000002 00000001 00000000 0000000d 0000000c 0000000b 0000000a 00000009 00000008 00000007 00000006 00000005 00000004 00000003 00000002 00000001 00000000 0000000d 0000000c 0000000b 0000000a 00000009 00000008 00000007 00000006 00000005 00000004 00000003 00000002 00000001 00000000 
core   0: 0x800003b4 (0xffc12083) lw      x1, -4(x2)
core   0: 3 0x800003b4 (0xffc12083) x1  0x80000478 mem 0x7000003c
core   0: 0x800003b8 (0xffc10113) addi    x2, x2, -4
core   0: 3 0x800003b8 (0xffc10113) x2  0x7000003c
core   0: 0x800003bc (0x00008067) ret
core   0: 3 0x800003bc (0x00008067)
core   0: 0x80000478 (0x80302573) csrr    x10, knl
core   0: 3 0x80000478 (0x80302573) x10 0x901c3000
core   0: 0x8000047c (0x80802373) csrr    x6, gidx
core   0: 3 0x8000047c (0x80802373) x6  0x00000000
core   0: 0x80000480 (0x01852e03) lw      x28, 24(x10)
core   0: 3 0x80000480 (0x01852e03) x28 0x0000000e mem 0x901c3018
core   0: 0x80000484 (0x02452e83) lw      x29, 36(x10)
core   0: 3 0x80000484 (0x02452e83) x29 0x00000001 mem 0x901c3024
core   0: 0x80000488 (0x03c30fb3) mul     x31, x6, x28
core   0: 3 0x80000488 (0x03c30fb3) x31 0x00000000
core   0: 0x8000048c (0x01df8fb3) add     x31, x31, x29
core   0: 3 0x8000048c (0x01df8fb3) x31 0x00000001
core   0: 0x80000490 (0x020fc057) vadd.vx v0, v0, x31
core   0: 3 0x80000490 (0x020fc057) c8_vstart 0x00000000 e32 m1 l32 v0  ffffffff 0x00000004 00000003 00000002 00000001 0000000e 0000000d 0000000c 0000000b 0000000a 00000009 00000008 00000007 00000006 00000005 00000004 00000003 00000002 00000001 0000000e 0000000d 0000000c 0000000b 0000000a 00000009 00000008 00000007 00000006 00000005 00000004 00000003 00000002 00000001 
core   0: 0x80000494 (0xffc12083) lw      x1, -4(x2)
core   0: 3 0x80000494 (0xffc12083) x1  0x800002d0 mem 0x70000038
core   0: 0x80000498 (0xffc10113) addi    x2, x2, -4
core   0: 3 0x80000498 (0xffc10113) x2  0x70000038
core   0: 0x8000049c (0x00008067) ret
core   0: 3 0x8000049c (0x00008067)
core   0: 0x800002d0 (0x0180006f) j       pc + 0x18
core   0: 3 0x800002d0 (0x0180006f)
core   0: 0x800002e8 (0x0000205b) join    v0, v0, pc + 0
core   0: 3 0x800002e8 (0x0000205b) current mask:	ffffffff current npc:	800002cc stack size: 0
core   0: 0x800002ec (0xffc12083) lw      x1, -4(x2)
core   0: 3 0x800002ec (0xffc12083) x1  0x8000013c mem 0x70000034
core   0: 0x800002f0 (0xffc10113) addi    x2, x2, -4
core   0: 3 0x800002f0 (0xffc10113) x2  0x70000034
core   0: 0x800002f4 (0x00008067) ret
core   0: 3 0x800002f4 (0x00008067)
core   0: 0x8000013c (0x0010200b) regext  x0, x0,  0 0 0 1 
core   0: 3 0x8000013c (0x0010200b)
core   0: 0x80000140 (0x020040d7) vadd.vx v1, v0, x0
core   0: 3 0x80000140 (0x020040d7) c8_vstart 0x00000000 e32 m1 l32 v33 ffffffff 0x00000004 00000003 00000002 00000001 0000000e 0000000d 0000000c 0000000b 0000000a 00000009 00000008 00000007 00000006 00000005 00000004 00000003 00000002 00000001 0000000e 0000000d 0000000c 0000000b 0000000a 00000009 00000008 00000007 00000006 00000005 00000004 00000003 00000002 00000001 
core   0: 0x80000144 (0x00100293) li      x5, 1
core   0: 3 0x80000144 (0x00100293) x5  0x00000001
core   0: 0x80000148 (0x5e02c057) vmv.v.x v0, x5
core   0: 3 0x80000148 (0x5e02c057) c8_vstart 0x00000000 e32 m1 l32 v0  ffffffff 0x00000001 00000001 00000001 00000001 00000001 00000001 00000001 00000001 00000001 00000001 00000001 00000001 00000001 00000001 00000001 00000001 00000001 00000001 00000001 00000001 00000001 00000001 00000001 00000001 00000001 00000001 00000001 00000001 00000001 00000001 00000001 00000001 
core   0: 0x8000014c (0x140000ef) jal     pc + 0x140
core   0: 3 0x8000014c (0x140000ef) x1  0x80000150
core   0: 0x8000028c (0x00410113) addi    x2, x2, 4
core   0: 3 0x8000028c (0x00410113) x2  0x70000038
core   0: 0x80000290 (0xfe112e23) sw      x1, -4(x2)
core   0: 3 0x80000290 (0xfe112e23) mem 0x70000034 0x80000150
core   0: 0x80000294 (0x00200293) li      x5, 2
core   0: 3 0x80000294 (0x00200293) x5  0x00000002
core   0: 0x80000298 (0x5e02c0d7) vmv.v.x v1, x5
core   0: 3 0x80000298 (0x5e02c0d7) c8_vstart 0x00000000 e32 m1 l32 v1  ffffffff 0x00000002 00000002 00000002 00000002 00000002 00000002 00000002 00000002 00000002 00000002 00000002 00000002 00000002 00000002 00000002 00000002 00000002 00000002 00000002 00000002 00000002 00000002 00000002 00000002 00000002 00000002 00000002 00000002 00000002 00000002 00000002 00000002 
core   0: 0x8000029c (0x00000317) auipc   x6, 0x0
core   0: 3 0x8000029c (0x00000317) x6  0x8000029c
core   0: 0x800002a0 (0x04c3305b) setrpc  x0, x6, 76
core   0: 3 0x800002a0 (0x04c3305b) c2060_rpc 0x800002e8 current mask:	ffffffff current npc:	800002cc stack size: 0
core   0: 0x800002a4 (0x0200885b) vbeq    v0, v1, pc + 48
core   0: 3 0x800002a4 (0x0200885b) c8_vstart 0x00000000 e32 m1 l32 current mask:	ffffffff current npc:	800002a8 stack size: 0
core   0: 0x800002a8 (0x00100293) li      x5, 1
core   0: 3 0x800002a8 (0x00100293) x5  0x00000001
core   0: 0x800002ac (0x5e02c0d7) vmv.v.x v1, x5
core   0: 3 0x800002ac (0x5e02c0d7) c8_vstart 0x00000000 e32 m1 l32 v1  ffffffff 0x00000001 00000001 00000001 00000001 00000001 00000001 00000001 00000001 00000001 00000001 00000001 00000001 00000001 00000001 00000001 00000001 00000001 00000001 00000001 00000001 00000001 00000001 00000001 00000001 00000001 00000001 00000001 00000001 00000001 00000001 00000001 00000001 
core   0: 0x800002b0 (0x00000317) auipc   x6, 0x0
core   0: 3 0x800002b0 (0x00000317) x6  0x800002b0
core   0: 0x800002b4 (0x0383305b) setrpc  x0, x6, 56
core   0: 3 0x800002b4 (0x0383305b) c2060_rpc 0x800002e8 current mask:	ffffffff current npc:	800002a8 stack size: 0
core   0: 0x800002b8 (0x0200825b) vbeq    v0, v1, pc + 36
core   0: 3 0x800002b8 (0x0200825b) c8_vstart 0x00000000 e32 m1 l32 current mask:	ffffffff current npc:	800002dc stack size: 0
core   0: 0x800002dc (0x1c4000ef) jal     pc + 0x1c4
core   0: 3 0x800002dc (0x1c4000ef) x1  0x800002e0
core   0: 0x800004a0 (0x00410113) addi    x2, x2, 4
core   0: 3 0x800004a0 (0x00410113) x2  0x7000003c
core   0: 0x800004a4 (0xfe112e23) sw      x1, -4(x2)
core   0: 3 0x800004a4 (0xfe112e23) mem 0x70000038 0x800002e0
core   0: 0x800004a8 (0xf19ff0ef) jal     pc - 0xe8
core   0: 3 0x800004a8 (0xf19ff0ef) x1  0x800004ac
core   0: 0x800003c0 (0x00410113) addi    x2, x2, 4
core   0: 3 0x800003c0 (0x00410113) x2  0x70000040
core   0: 0x800003c4 (0xfe112e23) sw      x1, -4(x2)
core   0: 3 0x800003c4 (0xfe112e23) mem 0x7000003c 0x800004ac
core   0: 0x800003c8 (0x80302573) csrr    x10, knl
core   0: 3 0x800003c8 (0x80302573) x10 0x901c3000
core   0: 0x800003cc (0x00852283) lw      x5, 8(x10)
core   0: 3 0x800003cc (0x00852283) x5  0x00000002 mem 0x901c3008
core   0: 0x800003d0 (0x80002373) csrr    x6, tid
core   0: 3 0x800003d0 (0x80002373) x6  0x00000000
core   0: 0x800003d4 (0x5208a157) vid.v   v2
core   0: 3 0x800003d4 (0x5208a157) c8_vstart 0x00000000 e32 m1 l32 v2  ffffffff 0x0000001f 0000001e 0000001d 0000001c 0000001b 0000001a 00000019 00000018 00000017 00000016 00000015 00000014 00000013 00000012 00000011 00000010 0000000f 0000000e 0000000d 0000000c 0000000b 0000000a 00000009 00000008 00000007 00000006 00000005 00000004 00000003 00000002 00000001 00000000 
core   0: 0x800003d8 (0x02234057) vadd.vx v0, v2, x6
core   0: 3 0x800003d8 (0x02234057) c8_vstart 0x00000000 e32 m1 l32 v0  ffffffff 0x0000001f 0000001e 0000001d 0000001c 0000001b 0000001a 00000019 00000018 00000017 00000016 00000015 00000014 00000013 00000012 00000011 00000010 0000000f 0000000e 0000000d 0000000c 0000000b 0000000a 00000009 00000008 00000007 00000006 00000005 00000004 00000003 00000002 00000001 00000000 
core   0: 0x800003dc (0x01852e03) lw      x28, 24(x10)
core   0: 3 0x800003dc (0x01852e03) x28 0x0000000e mem 0x901c3018
core   0: 0x800003e0 (0x01c52e83) lw      x29, 28(x10)
core   0: 3 0x800003e0 (0x01c52e83) x29 0x00000001 mem 0x901c301c
core   0: 0x800003e4 (0x03ce8f33) mul     x30, x29, x28
core   0: 3 0x800003e4 (0x03ce8f33) x30 0x0000000e
core   0: 0x800003e8 (0x8a0f6057) vremu.vx v0, v0, x30
core   0: 3 0x800003e8 (0x8a0f6057) c8_vstart 0x00000000 e32 m1 l32 v0  ffffffff 0x00000003 00000002 00000001 00000000 0000000d 0000000c 0000000b 0000000a 00000009 00000008 00000007 00000006 00000005 00000004 00000003 00000002 00000001 00000000 0000000d 0000000c 0000000b 0000000a 00000009 00000008 00000007 00000006 00000005 00000004 00000003 00000002 00000001 00000000 
core   0: 0x800003ec (0x820e6057) vdivu.vx v0, v0, x28
core   0: 3 0x800003ec (0x820e6057) c8_vstart 0x00000000 e32 m1 l32 v0  ffffffff 0x00000000 00000000 00000000 00000000 00000000 00000000 00000000 00000000 00000000 00000000 00000000 00000000 00000000 00000000 00000000 00000000 00000000 00000000 00000000 00000000 00000000 00000000 00000000 00000000 00000000 00000000 00000000 00000000 00000000 00000000 00000000 00000000 
core   0: 0x800003f0 (0x5e0ec0d7) vmv.v.x v1, x29
core   0: 3 0x800003f0 (0x5e0ec0d7) c8_vstart 0x00000000 e32 m1 l32 v1  ffffffff 0x00000001 00000001 00000001 00000001 00000001 00000001 00000001 00000001 00000001 00000001 00000001 00000001 00000001 00000001 00000001 00000001 00000001 00000001 00000001 00000001 00000001 00000001 00000001 00000001 00000001 00000001 00000001 00000001 00000001 00000001 00000001 00000001 
core   0: 0x800003f4 (0x00000317) auipc   x6, 0x0
core   0: 3 0x800003f4 (0x00000317) x6  0x800003f4
core   0: 0x800003f8 (0x0143305b) setrpc  x0, x6, 20
core   0: 3 0x800003f8 (0x0143305b) c2060_rpc 0x80000408 current mask:	ffffffff current npc:	800002dc stack size: 0
core   0: 0x800003fc (0x0000c65b) vblt    v0, v1, pc + 12
core   0: 3 0x800003fc (0x0000c65b) c8_vstart 0x00000000 e32 m1 l32 current mask:	ffffffff current npc:	80000408 stack size: 0
core   0: 0x80000408 (0x0000205b) join    v0, v0, pc + 0
core   0: 3 0x80000408 (0x0000205b) current mask:	ffffffff current npc:	80000408 stack size: 0
core   0: 0x8000040c (0xffc12083) lw      x1, -4(x2)
core   0: 3 0x8000040c (0xffc12083) x1  0x800004ac mem 0x7000003c
core   0: 0x80000410 (0xffc10113) addi    x2, x2, -4
core   0: 3 0x80000410 (0xffc10113) x2  0x7000003c
core   0: 0x80000414 (0x00008067) ret
core   0: 3 0x80000414 (0x00008067)
core   0: 0x800004ac (0x80902373) csrr    x6, gidy
core   0: 3 0x800004ac (0x80902373) x6  0x00000006
core   0: 0x800004b0 (0x01c52383) lw      x7, 28(x10)
core   0: 3 0x800004b0 (0x01c52383) x7  0x00000001 mem 0x901c301c
core   0: 0x800004b4 (0x02852e83) lw      x29, 40(x10)
core   0: 3 0x800004b4 (0x02852e83) x29 0x00000001 mem 0x901c3028
core   0: 0x800004b8 (0x02730e33) mul     x28, x6, x7
core   0: 3 0x800004b8 (0x02730e33) x28 0x00000006
core   0: 0x800004bc (0x01de0e33) add     x28, x28, x29
core   0: 3 0x800004bc (0x01de0e33) x28 0x00000007
core   0: 0x800004c0 (0x020e4057) vadd.vx v0, v0, x28
core   0: 3 0x800004c0 (0x020e4057) c8_vstart 0x00000000 e32 m1 l32 v0  ffffffff 0x00000007 00000007 00000007 00000007 00000007 00000007 00000007 00000007 00000007 00000007 00000007 00000007 00000007 00000007 00000007 00000007 00000007 00000007 00000007 00000007 00000007 00000007 00000007 00000007 00000007 00000007 00000007 00000007 00000007 00000007 00000007 00000007 
core   0: 0x800004c4 (0xffc12083) lw      x1, -4(x2)
core   0: 3 0x800004c4 (0xffc12083) x1  0x800002e0 mem 0x70000038
core   0: 0x800004c8 (0xffc10113) addi    x2, x2, -4
core   0: 3 0x800004c8 (0xffc10113) x2  0x70000038
core   0: 0x800004cc (0x00008067) ret
core   0: 3 0x800004cc (0x00008067)
core   0: 0x800002e0 (0x0080006f) j       pc + 0x8
core   0: 3 0x800002e0 (0x0080006f)
core   0: 0x800002e8 (0x0000205b) join    v0, v0, pc + 0
core   0: 3 0x800002e8 (0x0000205b) current mask:	ffffffff current npc:	80000408 stack size: 0
core   0: 0x800002ec (0xffc12083) lw      x1, -4(x2)
core   0: 3 0x800002ec (0xffc12083) x1  0x80000150 mem 0x70000034
core   0: 0x800002f0 (0xffc10113) addi    x2, x2, -4
core   0: 3 0x800002f0 (0xffc10113) x2  0x70000034
core   0: 0x800002f4 (0x00008067) ret
core   0: 3 0x800002f4 (0x00008067)
core   0: 0x80000150 (0xfd012283) lw      x5, -48(x2)
core   0: 3 0x80000150 (0xfd012283) x5  0x00000010 mem 0x70000004
core   0: 0x80000154 (0x5e02c0d7) vmv.v.x v1, x5
core   0: 3 0x80000154 (0x5e02c0d7) c8_vstart 0x00000000 e32 m1 l32 v1  ffffffff 0x00000010 00000010 00000010 00000010 00000010 00000010 00000010 00000010 00000010 00000010 00000010 00000010 00000010 00000010 00000010 00000010 00000010 00000010 00000010 00000010 00000010 00000010 00000010 00000010 00000010 00000010 00000010 00000010 00000010 00000010 00000010 00000010 
core   0: 0x80000158 (0x0400200b) regext  x0, x0,  0 1 0 0 
core   0: 3 0x80000158 (0x0400200b)
core   0: 0x8000015c (0xa612e057) vmadd.vx v0, v1, x5
core   0: 3 0x8000015c (0xa612e057) c8_vstart 0x00000000 e32 m1 l32 v0  ffffffff 0x00000074 00000073 00000072 00000071 0000007e 0000007d 0000007c 0000007b 0000007a 00000079 00000078 00000077 00000076 00000075 00000074 00000073 00000072 00000071 0000007e 0000007d 0000007c 0000007b 0000007a 00000079 00000078 00000077 00000076 00000075 00000074 00000073 00000072 00000071 
core   0: 0x80000160 (0x0010110b) vsub12.vi v2, v0, 1
core   0: 3 0x80000160 (0x0010110b) c8_vstart 0x00000000 e32 m1 l32 v2  ffffffff 0x00000073 00000072 00000071 00000070 0000007d 0000007c 0000007b 0000007a 00000079 00000078 00000077 00000076 00000075 00000074 00000073 00000072 00000071 00000070 0000007d 0000007c 0000007b 0000007a 00000079 00000078 00000077 00000076 00000075 00000074 00000073 00000072 00000071 00000070 
core   0: 0x80000164 (0x0a2081d7) vsub.vv v3, v2, v1
core   0: 3 0x80000164 (0x0a2081d7) c8_vstart 0x00000000 e32 m1 l32 v3  ffffffff 0x00000063 00000062 00000061 00000060 0000006d 0000006c 0000006b 0000006a 00000069 00000068 00000067 00000066 00000065 00000064 00000063 00000062 00000061 00000060 0000006d 0000006c 0000006b 0000006a 00000069 00000068 00000067 00000066 00000065 00000064 00000063 00000062 00000061 00000060 
core   0: 0x80000168 (0x963131d7) vsll.vi v3, v3, 2
core   0: 3 0x80000168 (0x963131d7) c8_vstart 0x00000000 e32 m1 l32 v3  ffffffff 0x0000018c 00000188 00000184 00000180 000001b4 000001b0 000001ac 000001a8 000001a4 000001a0 0000019c 00000198 00000194 00000190 0000018c 00000188 00000184 00000180 000001b4 000001b0 000001ac 000001a8 000001a4 000001a0 0000019c 00000198 00000194 00000190 0000018c 00000188 00000184 00000180 
core   0: 0x8000016c (0xfd412283) lw      x5, -44(x2)
core   0: 3 0x8000016c (0xfd412283) x5  0x90000000 mem 0x70000008
core   0: 0x80000170 (0x5e02c257) vmv.v.x v4, x5
core   0: 3 0x80000170 (0x5e02c257) c8_vstart 0x00000000 e32 m1 l32 v4  ffffffff 0x90000000 90000000 90000000 90000000 90000000 90000000 90000000 90000000 90000000 90000000 90000000 90000000 90000000 90000000 90000000 90000000 90000000 90000000 90000000 90000000 90000000 90000000 90000000 90000000 90000000 90000000 90000000 90000000 90000000 90000000 90000000 90000000 
core   0: 0x80000174 (0x0232c1d7) vadd.vx v3, v3, x5
core   0: 3 0x80000174 (0x0232c1d7) c8_vstart 0x00000000 e32 m1 l32 v3  ffffffff 0x9000018c 90000188 90000184 90000180 900001b4 900001b0 900001ac 900001a8 900001a4 900001a0 9000019c 90000198 90000194 90000190 9000018c 90000188 90000184 90000180 900001b4 900001b0 900001ac 900001a8 900001a4 900001a0 9000019c 90000198 90000194 90000190 9000018c 90000188 90000184 90000180 
core   0: 0x80000178 (0x0a0082d7) vsub.vv v5, v0, v1
core   0: 3 0x80000178 (0x0a0082d7) c8_vstart 0x00000000 e32 m1 l32 v5  ffffffff 0x00000064 00000063 00000062 00000061 0000006e 0000006d 0000006c 0000006b 0000006a 00000069 00000068 00000067 00000066 00000065 00000064 00000063 00000062 00000061 0000006e 0000006d 0000006c 0000006b 0000006a 00000069 00000068 00000067 00000066 00000065 00000064 00000063 00000062 00000061 
core   0: 0x8000017c (0x965132d7) vsll.vi v5, v5, 2
core   0: 3 0x8000017c (0x965132d7) c8_vstart 0x00000000 e32 m1 l32 v5  ffffffff 0x00000190 0000018c 00000188 00000184 000001b8 000001b4 000001b0 000001ac 000001a8 000001a4 000001a0 0000019c 00000198 00000194 00000190 0000018c 00000188 00000184 000001b8 000001b4 000001b0 000001ac 000001a8 000001a4 000001a0 0000019c 00000198 00000194 00000190 0000018c 00000188 00000184 
core   0: 0x80000180 (0x024282d7) vadd.vv v5, v4, v5
core   0: 3 0x80000180 (0x024282d7) c8_vstart 0x00000000 e32 m1 l32 v5  ffffffff 0x90000190 9000018c 90000188 90000184 900001b8 900001b4 900001b0 900001ac 900001a8 900001a4 900001a0 9000019c 90000198 90000194 90000190 9000018c 90000188 90000184 900001b8 900001b4 900001b0 900001ac 900001a8 900001a4 900001a0 9000019c 90000198 90000194 90000190 9000018c 90000188 90000184 
core   0: 0x80000184 (0x0002a2fb) vlw12.v v5, v5, 0
core   0: 3 0x80000184 (0x0002a2fb) e32 m1 l32 v5  ffffffff 0x41f36df8 420aaeb5 409ffe93 4284fc97 4210ac6b 4100a093 427129e9 428c641c 4125a38d 40b06f18 41f0f30b 4103fc00 415cf733 42bbd2ad 41f36df8 420aaeb5 409ffe93 4284fc97 4210ac6b 4100a093 427129e9 428c641c 4125a38d 40b06f18 41f0f30b 4103fc00 415cf733 42bbd2ad 41f36df8 420aaeb5 409ffe93 4284fc97  c8_vstart 0x00000000 mem 0x90000184 mem 0x90000188 mem 0x9000018c mem 0x90000190 mem 0x90000194 mem 0x90000198 mem 0x9000019c mem 0x900001a0 mem 0x900001a4 mem 0x900001a8 mem 0x900001ac mem 0x900001b0 mem 0x900001b4 mem 0x900001b8 mem 0x90000184 mem 0x90000188 mem 0x9000018c mem 0x90000190 mem 0x90000194 mem 0x90000198 mem 0x9000019c mem 0x900001a0 mem 0x900001a4 mem 0x900001a8 mem 0x900001ac mem 0x900001b0 mem 0x900001b4 mem 0x900001b8 mem 0x90000184 mem 0x90000188 mem 0x9000018c mem 0x90000190
core   0: 0x80000188 (0x0001a1fb) vlw12.v v3, v3, 0
core   0: 3 0x80000188 (0x0001a1fb) e32 m1 l32 v3  ffffffff 0x420aaeb5 409ffe93 4284fc97 4128c582 4100a093 427129e9 428c641c 4125a38d 40b06f18 41f0f30b 4103fc00 415cf733 42bbd2ad 41f36df8 420aaeb5 409ffe93 4284fc97 4128c582 4100a093 427129e9 428c641c 4125a38d 40b06f18 41f0f30b 4103fc00 415cf733 42bbd2ad 41f36df8 420aaeb5 409ffe93 4284fc97 4128c582  c8_vstart 0x00000000 mem 0x90000180 mem 0x90000184 mem 0x90000188 mem 0x9000018c mem 0x90000190 mem 0x90000194 mem 0x90000198 mem 0x9000019c mem 0x900001a0 mem 0x900001a4 mem 0x900001a8 mem 0x900001ac mem 0x900001b0 mem 0x900001b4 mem 0x90000180 mem 0x90000184 mem 0x90000188 mem 0x9000018c mem 0x90000190 mem 0x90000194 mem 0x90000198 mem 0x9000019c mem 0x900001a0 mem 0x900001a4 mem 0x900001a8 mem 0x900001ac mem 0x900001b0 mem 0x900001b4 mem 0x90000180 mem 0x90000184 mem 0x90000188 mem 0x9000018c
core   0: 0x8000018c (0xfd812283) lw      x5, -40(x2)
core   0: 3 0x8000018c (0xfd812283) x5  0x3f800000 mem 0x7000000c
core   0: 0x80000190 (0x5e02c357) vmv.v.x v6, x5
core   0: 3 0x80000190 (0x5e02c357) c8_vstart 0x00000000 e32 m1 l32 v6  ffffffff 0x3f800000 3f800000 3f800000 3f800000 3f800000 3f800000 3f800000 3f800000 3f800000 3f800000 3f800000 3f800000 3f800000 3f800000 3f800000 3f800000 3f800000 3f800000 3f800000 3f800000 3f800000 3f800000 3f800000 3f800000 3f800000 3f800000 3f800000 3f800000 3f800000 3f800000 3f800000 3f800000 
core   0: 0x80000194 (0x925312d7) vfmul.vv v5, v5, v6
core   0: 3 0x80000194 (0x925312d7) c8_vstart 0x00000000 e32 m1 l32 v5  ffffffff 0x41f36df8 420aaeb5 409ffe93 4284fc97 4210ac6b 4100a093 427129e9 428c641c 4125a38d 40b06f18 41f0f30b 4103fc00 415cf733 42bbd2ad 41f36df8 420aaeb5 409ffe93 4284fc97 4210ac6b 4100a093 427129e9 428c641c 4125a38d 40b06f18 41f0f30b 4103fc00 415cf733 42bbd2ad 41f36df8 420aaeb5 409ffe93 4284fc97 
core   0: 0x80000198 (0x0200b357) vadd.vi v6, v0, 1
core   0: 3 0x80000198 (0x0200b357) c8_vstart 0x00000000 e32 m1 l32 v6  ffffffff 0x00000075 00000074 00000073 00000072 0000007f 0000007e 0000007d 0000007c 0000007b 0000007a 00000079 00000078 00000077 00000076 00000075 00000074 00000073 00000072 0000007f 0000007e 0000007d 0000007c 0000007b 0000007a 00000079 00000078 00000077 00000076 00000075 00000074 00000073 00000072 
core   0: 0x8000019c (0x0a6083d7) vsub.vv v7, v6, v1
core   0: 3 0x8000019c (0x0a6083d7) c8_vstart 0x00000000 e32 m1 l32 v7  ffffffff 0x00000065 00000064 00000063 00000062 0000006f 0000006e 0000006d 0000006c 0000006b 0000006a 00000069 00000068 00000067 00000066 00000065 00000064 00000063 00000062 0000006f 0000006e 0000006d 0000006c 0000006b 0000006a 00000069 00000068 00000067 00000066 00000065 00000064 00000063 00000062 
core   0: 0x800001a0 (0x967133d7) vsll.vi v7, v7, 2
core   0: 3 0x800001a0 (0x967133d7) c8_vstart 0x00000000 e32 m1 l32 v7  ffffffff 0x00000194 00000190 0000018c 00000188 000001bc 000001b8 000001b4 000001b0 000001ac 000001a8 000001a4 000001a0 0000019c 00000198 00000194 00000190 0000018c 00000188 000001bc 000001b8 000001b4 000001b0 000001ac 000001a8 000001a4 000001a0 0000019c 00000198 00000194 00000190 0000018c 00000188 
core   0: 0x800001a4 (0x024383d7) vadd.vv v7, v4, v7
core   0: 3 0x800001a4 (0x024383d7) c8_vstart 0x00000000 e32 m1 l32 v7  ffffffff 0x90000194 90000190 9000018c 90000188 900001bc 900001b8 900001b4 900001b0 900001ac 900001a8 900001a4 900001a0 9000019c 90000198 90000194 90000190 9000018c 90000188 900001bc 900001b8 900001b4 900001b0 900001ac 900001a8 900001a4 900001a0 9000019c 90000198 90000194 90000190 9000018c 90000188 
core   0: 0x800001a8 (0x0003a3fb) vlw12.v v7, v7, 0
core   0: 3 0x800001a8 (0x0003a3fb) e32 m1 l32 v7  ffffffff 0x42bbd2ad 41f36df8 420aaeb5 409ffe93 42a331e2 4210ac6b 4100a093 427129e9 428c641c 4125a38d 40b06f18 41f0f30b 4103fc00 415cf733 42bbd2ad 41f36df8 420aaeb5 409ffe93 42a331e2 4210ac6b 4100a093 427129e9 428c641c 4125a38d 40b06f18 41f0f30b 4103fc00 415cf733 42bbd2ad 41f36df8 420aaeb5 409ffe93  c8_vstart 0x00000000 mem 0x90000188 mem 0x9000018c mem 0x90000190 mem 0x90000194 mem 0x90000198 mem 0x9000019c mem 0x900001a0 mem 0x900001a4 mem 0x900001a8 mem 0x900001ac mem 0x900001b0 mem 0x900001b4 mem 0x900001b8 mem 0x900001bc mem 0x90000188 mem 0x9000018c mem 0x90000190 mem 0x90000194 mem 0x90000198 mem 0x9000019c mem 0x900001a0 mem 0x900001a4 mem 0x900001a8 mem 0x900001ac mem 0x900001b0 mem 0x900001b4 mem 0x900001b8 mem 0x900001bc mem 0x90000188 mem 0x9000018c mem 0x90000190 mem 0x90000194
core   0: 0x800001ac (0x96213457) vsll.vi v8, v2, 2
core   0: 3 0x800001ac (0x96213457) c8_vstart 0x00000000 e32 m1 l32 v8  ffffffff 0x000001cc 000001c8 000001c4 000001c0 000001f4 000001f0 000001ec 000001e8 000001e4 000001e0 000001dc 000001d8 000001d4 000001d0 000001cc 000001c8 000001c4 000001c0 000001f4 000001f0 000001ec 000001e8 000001e4 000001e0 000001dc 000001d8 000001d4 000001d0 000001cc 000001c8 000001c4 000001c0 
core   0: 0x800001b0 (0x02440457) vadd.vv v8, v4, v8
core   0: 3 0x800001b0 (0x02440457) c8_vstart 0x00000000 e32 m1 l32 v8  ffffffff 0x900001cc 900001c8 900001c4 900001c0 900001f4 900001f0 900001ec 900001e8 900001e4 900001e0 900001dc 900001d8 900001d4 900001d0 900001cc 900001c8 900001c4 900001c0 900001f4 900001f0 900001ec 900001e8 900001e4 900001e0 900001dc 900001d8 900001d4 900001d0 900001cc 900001c8 900001c4 900001c0 
core   0: 0x800001b4 (0x0004247b) vlw12.v v8, v8, 0
core   0: 3 0x800001b4 (0x0004247b) e32 m1 l32 v8  ffffffff 0x4298633d 41dfe02d 4292ce35 428de6a0 41d1d39b 420786d9 42ac8837 42996900 40310ec2 418b821a 4223c03e 42965d0d 41953b39 42a1f90c 4298633d 41dfe02d 4292ce35 428de6a0 41d1d39b 420786d9 42ac8837 42996900 40310ec2 418b821a 4223c03e 42965d0d 41953b39 42a1f90c 4298633d 41dfe02d 4292ce35 428de6a0  c8_vstart 0x00000000 mem 0x900001c0 mem 0x900001c4 mem 0x900001c8 mem 0x900001cc mem 0x900001d0 mem 0x900001d4 mem 0x900001d8 mem 0x900001dc mem 0x900001e0 mem 0x900001e4 mem 0x900001e8 mem 0x900001ec mem 0x900001f0 mem 0x900001f4 mem 0x900001c0 mem 0x900001c4 mem 0x900001c8 mem 0x900001cc mem 0x900001d0 mem 0x900001d4 mem 0x900001d8 mem 0x900001dc mem 0x900001e0 mem 0x900001e4 mem 0x900001e8 mem 0x900001ec mem 0x900001f0 mem 0x900001f4 mem 0x900001c0 mem 0x900001c4 mem 0x900001c8 mem 0x900001cc
core   0: 0x800001b8 (0x960134d7) vsll.vi v9, v0, 2
core   0: 3 0x800001b8 (0x960134d7) c8_vstart 0x00000000 e32 m1 l32 v9  ffffffff 0x000001d0 000001cc 000001c8 000001c4 000001f8 000001f4 000001f0 000001ec 000001e8 000001e4 000001e0 000001dc 000001d8 000001d4 000001d0 000001cc 000001c8 000001c4 000001f8 000001f4 000001f0 000001ec 000001e8 000001e4 000001e0 000001dc 000001d8 000001d4 000001d0 000001cc 000001c8 000001c4 
core   0: 0x800001bc (0x02448557) vadd.vv v10, v4, v9
core   0: 3 0x800001bc (0x02448557) c8_vstart 0x00000000 e32 m1 l32 v10 ffffffff 0x900001d0 900001cc 900001c8 900001c4 900001f8 900001f4 900001f0 900001ec 900001e8 900001e4 900001e0 900001dc 900001d8 900001d4 900001d0 900001cc 900001c8 900001c4 900001f8 900001f4 900001f0 900001ec 900001e8 900001e4 900001e0 900001dc 900001d8 900001d4 900001d0 900001cc 900001c8 900001c4 
core   0: 0x800001c0 (0x0005257b) vlw12.v v10, v10, 0
core   0: 3 0x800001c0 (0x0005257b) e32 m1 l32 v10 ffffffff 0x42a1f90c 4298633d 41dfe02d 4292ce35 41315ff9 41d1d39b 420786d9 42ac8837 42996900 40310ec2 418b821a 4223c03e 42965d0d 41953b39 42a1f90c 4298633d 41dfe02d 4292ce35 41315ff9 41d1d39b 420786d9 42ac8837 42996900 40310ec2 418b821a 4223c03e 42965d0d 41953b39 42a1f90c 4298633d 41dfe02d 4292ce35  c8_vstart 0x00000000 mem 0x900001c4 mem 0x900001c8 mem 0x900001cc mem 0x900001d0 mem 0x900001d4 mem 0x900001d8 mem 0x900001dc mem 0x900001e0 mem 0x900001e4 mem 0x900001e8 mem 0x900001ec mem 0x900001f0 mem 0x900001f4 mem 0x900001f8 mem 0x900001c4 mem 0x900001c8 mem 0x900001cc mem 0x900001d0 mem 0x900001d4 mem 0x900001d8 mem 0x900001dc mem 0x900001e0 mem 0x900001e4 mem 0x900001e8 mem 0x900001ec mem 0x900001f0 mem 0x900001f4 mem 0x900001f8 mem 0x900001c4 mem 0x900001c8 mem 0x900001cc mem 0x900001d0
core   0: 0x800001c4 (0x966135d7) vsll.vi v11, v6, 2
core   0: 3 0x800001c4 (0x966135d7) c8_vstart 0x00000000 e32 m1 l32 v11 ffffffff 0x000001d4 000001d0 000001cc 000001c8 000001fc 000001f8 000001f4 000001f0 000001ec 000001e8 000001e4 000001e0 000001dc 000001d8 000001d4 000001d0 000001cc 000001c8 000001fc 000001f8 000001f4 000001f0 000001ec 000001e8 000001e4 000001e0 000001dc 000001d8 000001d4 000001d0 000001cc 000001c8 
core   0: 0x800001c8 (0x024585d7) vadd.vv v11, v4, v11
core   0: 3 0x800001c8 (0x024585d7) c8_vstart 0x00000000 e32 m1 l32 v11 ffffffff 0x900001d4 900001d0 900001cc 900001c8 900001fc 900001f8 900001f4 900001f0 900001ec 900001e8 900001e4 900001e0 900001dc 900001d8 900001d4 900001d0 900001cc 900001c8 900001fc 900001f8 900001f4 900001f0 900001ec 900001e8 900001e4 900001e0 900001dc 900001d8 900001d4 900001d0 900001cc 900001c8 
core   0: 0x800001cc (0x0005a5fb) vlw12.v v11, v11, 0
core   0: 3 0x800001cc (0x0005a5fb) e32 m1 l32 v11 ffffffff 0x41953b39 42a1f90c 4298633d 41dfe02d 4231b83a 41315ff9 41d1d39b 420786d9 42ac8837 42996900 40310ec2 418b821a 4223c03e 42965d0d 41953b39 42a1f90c 4298633d 41dfe02d 4231b83a 41315ff9 41d1d39b 420786d9 42ac8837 42996900 40310ec2 418b821a 4223c03e 42965d0d 41953b39 42a1f90c 4298633d 41dfe02d  c8_vstart 0x00000000 mem 0x900001c8 mem 0x900001cc mem 0x900001d0 mem 0x900001d4 mem 0x900001d8 mem 0x900001dc mem 0x900001e0 mem 0x900001e4 mem 0x900001e8 mem 0x900001ec mem 0x900001f0 mem 0x900001f4 mem 0x900001f8 mem 0x900001fc mem 0x900001c8 mem 0x900001cc mem 0x900001d0 mem 0x900001d4 mem 0x900001d8 mem 0x900001dc mem 0x900001e0 mem 0x900001e4 mem 0x900001e8 mem 0x900001ec mem 0x900001f0 mem 0x900001f4 mem 0x900001f8 mem 0x900001fc mem 0x900001c8 mem 0x900001cc mem 0x900001d0 mem 0x900001d4
core   0: 0x800001d0 (0x02208157) vadd.vv v2, v2, v1
core   0: 3 0x800001d0 (0x02208157) c8_vstart 0x00000000 e32 m1 l32 v2  ffffffff 0x00000083 00000082 00000081 00000080 0000008d 0000008c 0000008b 0000008a 00000089 00000088 00000087 00000086 00000085 00000084 00000083 00000082 00000081 00000080 0000008d 0000008c 0000008b 0000008a 00000089 00000088 00000087 00000086 00000085 00000084 00000083 00000082 00000081 00000080 
core   0: 0x800001d4 (0x96213157) vsll.vi v2, v2, 2
core   0: 3 0x800001d4 (0x96213157) c8_vstart 0x00000000 e32 m1 l32 v2  ffffffff 0x0000020c 00000208 00000204 00000200 00000234 00000230 0000022c 00000228 00000224 00000220 0000021c 00000218 00000214 00000210 0000020c 00000208 00000204 00000200 00000234 00000230 0000022c 00000228 00000224 00000220 0000021c 00000218 00000214 00000210 0000020c 00000208 00000204 00000200 
core   0: 0x800001d8 (0x02410157) vadd.vv v2, v4, v2
core   0: 3 0x800001d8 (0x02410157) c8_vstart 0x00000000 e32 m1 l32 v2  ffffffff 0x9000020c 90000208 90000204 90000200 90000234 90000230 9000022c 90000228 90000224 90000220 9000021c 90000218 90000214 90000210 9000020c 90000208 90000204 90000200 90000234 90000230 9000022c 90000228 90000224 90000220 9000021c 90000218 90000214 90000210 9000020c 90000208 90000204 90000200 
core   0: 0x800001dc (0x0001217b) vlw12.v v2, v2, 0
core   0: 3 0x800001dc (0x0001217b) e32 m1 l32 v2  ffffffff 0x41b933f0 429e3377 4180afa1 42b9717e 4239eb52 42472a00 426adc88 4124fb9d 422701dc 42c4d950 422076b0 41fb31f0 42b9d25e 411ff4a8 41b933f0 429e3377 4180afa1 42b9717e 4239eb52 42472a00 426adc88 4124fb9d 422701dc 42c4d950 422076b0 41fb31f0 42b9d25e 411ff4a8 41b933f0 429e3377 4180afa1 42b9717e  c8_vstart 0x00000000 mem 0x90000200 mem 0x90000204 mem 0x90000208 mem 0x9000020c mem 0x90000210 mem 0x90000214 mem 0x90000218 mem 0x9000021c mem 0x90000220 mem 0x90000224 mem 0x90000228 mem 0x9000022c mem 0x90000230 mem 0x90000234 mem 0x90000200 mem 0x90000204 mem 0x90000208 mem 0x9000020c mem 0x90000210 mem 0x90000214 mem 0x90000218 mem 0x9000021c mem 0x90000220 mem 0x90000224 mem 0x90000228 mem 0x9000022c mem 0x90000230 mem 0x90000234 mem 0x90000200 mem 0x90000204 mem 0x90000208 mem 0x9000020c
core   0: 0x800001e0 (0x02008057) vadd.vv v0, v0, v1
core   0: 3 0x800001e0 (0x02008057) c8_vstart 0x00000000 e32 m1 l32 v0  ffffffff 0x00000084 00000083 00000082 00000081 0000008e 0000008d 0000008c 0000008b 0000008a 00000089 00000088 00000087 00000086 00000085 00000084 00000083 00000082 00000081 0000008e 0000008d 0000008c 0000008b 0000008a 00000089 00000088 00000087 00000086 00000085 00000084 00000083 00000082 00000081 
core   0: 0x800001e4 (0x96013057) vsll.vi v0, v0, 2
core   0: 3 0x800001e4 (0x96013057) c8_vstart 0x00000000 e32 m1 l32 v0  ffffffff 0x00000210 0000020c 00000208 00000204 00000238 00000234 00000230 0000022c 00000228 00000224 00000220 0000021c 00000218 00000214 00000210 0000020c 00000208 00000204 00000238 00000234 00000230 0000022c 00000228 00000224 00000220 0000021c 00000218 00000214 00000210 0000020c 00000208 00000204 
core   0: 0x800001e8 (0x02400057) vadd.vv v0, v4, v0
core   0: 3 0x800001e8 (0x02400057) c8_vstart 0x00000000 e32 m1 l32 v0  ffffffff 0x90000210 9000020c 90000208 90000204 90000238 90000234 90000230 9000022c 90000228 90000224 90000220 9000021c 90000218 90000214 90000210 9000020c 90000208 90000204 90000238 90000234 90000230 9000022c 90000228 90000224 90000220 9000021c 90000218 90000214 90000210 9000020c 90000208 90000204 
core   0: 0x800001ec (0x0000207b) vlw12.v v0, v0, 0
core   0: 3 0x800001ec (0x0000207b) e32 m1 l32 v0  ffffffff 0x411ff4a8 41b933f0 429e3377 4180afa1 4221404c 4239eb52 42472a00 426adc88 4124fb9d 422701dc 42c4d950 422076b0 41fb31f0 42b9d25e 411ff4a8 41b933f0 429e3377 4180afa1 4221404c 4239eb52 42472a00 426adc88 4124fb9d 422701dc 42c4d950 422076b0 41fb31f0 42b9d25e 411ff4a8 41b933f0 429e3377 4180afa1  c8_vstart 0x00000000 mem 0x90000204 mem 0x90000208 mem 0x9000020c mem 0x90000210 mem 0x90000214 mem 0x90000218 mem 0x9000021c mem 0x90000220 mem 0x90000224 mem 0x90000228 mem 0x9000022c mem 0x90000230 mem 0x90000234 mem 0x90000238 mem 0x90000204 mem 0x90000208 mem 0x9000020c mem 0x90000210 mem 0x90000214 mem 0x90000218 mem 0x9000021c mem 0x90000220 mem 0x90000224 mem 0x90000228 mem 0x9000022c mem 0x90000230 mem 0x90000234 mem 0x90000238 mem 0x90000204 mem 0x90000208 mem 0x9000020c mem 0x90000210
core   0: 0x800001f0 (0x026080d7) vadd.vv v1, v6, v1
core   0: 3 0x800001f0 (0x026080d7) c8_vstart 0x00000000 e32 m1 l32 v1  ffffffff 0x00000085 00000084 00000083 00000082 0000008f 0000008e 0000008d 0000008c 0000008b 0000008a 00000089 00000088 00000087 00000086 00000085 00000084 00000083 00000082 0000008f 0000008e 0000008d 0000008c 0000008b 0000008a 00000089 00000088 00000087 00000086 00000085 00000084 00000083 00000082 
core   0: 0x800001f4 (0x961130d7) vsll.vi v1, v1, 2
core   0: 3 0x800001f4 (0x961130d7) c8_vstart 0x00000000 e32 m1 l32 v1  ffffffff 0x00000214 00000210 0000020c 00000208 0000023c 00000238 00000234 00000230 0000022c 00000228 00000224 00000220 0000021c 00000218 00000214 00000210 0000020c 00000208 0000023c 00000238 00000234 00000230 0000022c 00000228 00000224 00000220 0000021c 00000218 00000214 00000210 0000020c 00000208 
core   0: 0x800001f8 (0x024080d7) vadd.vv v1, v4, v1
core   0: 3 0x800001f8 (0x024080d7) c8_vstart 0x00000000 e32 m1 l32 v1  ffffffff 0x90000214 90000210 9000020c 90000208 9000023c 90000238 90000234 90000230 9000022c 90000228 90000224 90000220 9000021c 90000218 90000214 90000210 9000020c 90000208 9000023c 90000238 90000234 90000230 9000022c 90000228 90000224 90000220 9000021c 90000218 90000214 90000210 9000020c 90000208 
core   0: 0x800001fc (0x0000a0fb) vlw12.v v1, v1, 0
core   0: 3 0x800001fc (0x0000a0fb) e32 m1 l32 v1  ffffffff 0x42b9d25e 411ff4a8 41b933f0 429e3377 41a5ee82 4221404c 4239eb52 42472a00 426adc88 4124fb9d 422701dc 42c4d950 422076b0 41fb31f0 42b9d25e 411ff4a8 41b933f0 429e3377 41a5ee82 4221404c 4239eb52 42472a00 426adc88 4124fb9d 422701dc 42c4d950 422076b0 41fb31f0 42b9d25e 411ff4a8 41b933f0 429e3377  c8_vstart 0x00000000 mem 0x90000208 mem 0x9000020c mem 0x90000210 mem 0x90000214 mem 0x90000218 mem 0x9000021c mem 0x90000220 mem 0x90000224 mem 0x90000228 mem 0x9000022c mem 0x90000230 mem 0x90000234 mem 0x90000238 mem 0x9000023c mem 0x90000208 mem 0x9000020c mem 0x90000210 mem 0x90000214 mem 0x90000218 mem 0x9000021c mem 0x90000220 mem 0x90000224 mem 0x90000228 mem 0x9000022c mem 0x90000230 mem 0x90000234 mem 0x90000238 mem 0x9000023c mem 0x90000208 mem 0x9000020c mem 0x90000210 mem 0x90000214
core   0: 0x80000200 (0xfdc12283) lw      x5, -36(x2)
core   0: 3 0x80000200 (0xfdc12283) x5  0x3f800000 mem 0x70000010
core   0: 0x80000204 (0x5e02c257) vmv.v.x v4, x5
core   0: 3 0x80000204 (0x5e02c257) c8_vstart 0x00000000 e32 m1 l32 v4  ffffffff 0x3f800000 3f800000 3f800000 3f800000 3f800000 3f800000 3f800000 3f800000 3f800000 3f800000 3f800000 3f800000 3f800000 3f800000 3f800000 3f800000 3f800000 3f800000 3f800000 3f800000 3f800000 3f800000 3f800000 3f800000 3f800000 3f800000 3f800000 3f800000 3f800000 3f800000 3f800000 3f800000 
core   0: 0x80000208 (0xa25211d7) vfmadd.vv v3, v5, v4
core   0: 3 0x80000208 (0xa25211d7) c8_vstart 0x00000000 c1_fflags 0x00000001 e32 m1 l32 v3  ffffffff 0x428232d8 421eae87 428efc80 429a1547 4230d490 4288a907 43027c88 42a1188e 417ddb19 420e8768 42197886 41b0799a 42d77193 42f8ae2b 428232d8 421eae87 428efc80 429a1547 4230d490 4288a907 43027c88 42a1188e 417ddb19 420e8768 42197886 41b0799a 42d77193 42f8ae2b 428232d8 421eae87 428efc80 429a1547 
core   0: 0x8000020c (0xfe012283) lw      x5, -32(x2)
core   0: 3 0x8000020c (0xfe012283) x5  0x3f800000 mem 0x70000014
core   0: 0x80000210 (0x5e02c257) vmv.v.x v4, x5
core   0: 3 0x80000210 (0x5e02c257) c8_vstart 0x00000000 e32 m1 l32 v4  ffffffff 0x3f800000 3f800000 3f800000 3f800000 3f800000 3f800000 3f800000 3f800000 3f800000 3f800000 3f800000 3f800000 3f800000 3f800000 3f800000 3f800000 3f800000 3f800000 3f800000 3f800000 3f800000 3f800000 3f800000 3f800000 3f800000 3f800000 3f800000 3f800000 3f800000 3f800000 3f800000 3f800000 
core   0: 0x80000214 (0xa23213d7) vfmadd.vv v7, v3, v4
core   0: 3 0x80000214 (0xa23213d7) c8_vstart 0x00000000 c1_fflags 0x00000001 e32 m1 l32 v7  ffffffff 0x431f02c2 428c32c2 42d453da 42a41530 42fb9c2a 42d0ff3c 430a8691 430cd6c1 42ac1f7f 4237f04b 422f8669 4250b652 42e7f113 430a2689 431f02c2 428c32c2 42d453da 42a41530 42fb9c2a 42d0ff3c 430a8691 430cd6c1 42ac1f7f 4237f04b 422f8669 4250b652 42e7f113 430a2689 431f02c2 428c32c2 42d453da 42a41530 
core   0: 0x80000218 (0xfe412283) lw      x5, -28(x2)
core   0: 3 0x80000218 (0xfe412283) x5  0x3f800000 mem 0x70000018
core   0: 0x8000021c (0x5e02c1d7) vmv.v.x v3, x5
core   0: 3 0x8000021c (0x5e02c1d7) c8_vstart 0x00000000 e32 m1 l32 v3  ffffffff 0x3f800000 3f800000 3f800000 3f800000 3f800000 3f800000 3f800000 3f800000 3f800000 3f800000 3f800000 3f800000 3f800000 3f800000 3f800000 3f800000 3f800000 3f800000 3f800000 3f800000 3f800000 3f800000 3f800000 3f800000 3f800000 3f800000 3f800000 3f800000 3f800000 3f800000 3f800000 3f800000 
core   0: 0x80000220 (0xa2719457) vfmadd.vv v8, v7, v3
core   0: 3 0x80000220 (0xa2719457) c8_vstart 0x00000000 c1_fflags 0x00000001 e32 m1 l32 v8  ffffffff 0x436b3460 42c42acd 43339108 4318fde8 43180888 430a6154 4360caac 43598b41 42b1a7f5 427db158 42a9a354 42feb836 43069ff1 435b230f 436b3460 42c42acd 43339108 4318fde8 43180888 430a6154 4360caac 43598b41 42b1a7f5 427db158 42a9a354 42feb836 43069ff1 435b230f 436b3460 42c42acd 43339108 4318fde8 
core   0: 0x80000224 (0xfe812283) lw      x5, -24(x2)
core   0: 3 0x80000224 (0xfe812283) x5  0x3f800000 mem 0x7000001c
core   0: 0x80000228 (0x5e02c1d7) vmv.v.x v3, x5
core   0: 3 0x80000228 (0x5e02c1d7) c8_vstart 0x00000000 e32 m1 l32 v3  ffffffff 0x3f800000 3f800000 3f800000 3f800000 3f800000 3f800000 3f800000 3f800000 3f800000 3f800000 3f800000 3f800000 3f800000 3f800000 3f800000 3f800000 3f800000 3f800000 3f800000 3f800000 3f800000 3f800000 3f800000 3f800000 3f800000 3f800000 3f800000 3f800000 3f800000 3f800000 3f800000 3f800000 
core   0: 0x8000022c (0xa2819557) vfmadd.vv v10, v8, v3
core   0: 3 0x8000022c (0xa2819557) c8_vstart 0x00000000 c1_fflags 0x00000001 e32 m1 l32 v10 ffffffff 0x439e1873 432e4705 434f8d0e 43626502 43231e88 43249bc7 43815631 4397e7ae 4325887a 42846122 42cc83da 43284c2a 4351ce78 436dca76 439e1873 432e4705 434f8d0e 43626502 43231e88 43249bc7 43815631 4397e7ae 4325887a 42846122 42cc83da 43284c2a 4351ce78 436dca76 439e1873 432e4705 434f8d0e 43626502 
core   0: 0x80000230 (0xfec12283) lw      x5, -20(x2)
core   0: 3 0x80000230 (0xfec12283) x5  0x3f800000 mem 0x70000020
core   0: 0x80000234 (0x5e02c1d7) vmv.v.x v3, x5
core   0: 3 0x80000234 (0x5e02c1d7) c8_vstart 0x00000000 e32 m1 l32 v3  ffffffff 0x3f800000 3f800000 3f800000 3f800000 3f800000 3f800000 3f800000 3f800000 3f800000 3f800000 3f800000 3f800000 3f800000 3f800000 3f800000 3f800000 3f800000 3f800000 3f800000 3f800000 3f800000 3f800000 3f800000 3f800000 3f800000 3f800000 3f800000 3f800000 3f800000 3f800000 3f800000 3f800000 
core   0: 0x80000238 (0xa2a195d7) vfmadd.vv v11, v10, v3
core   0: 3 0x80000238 (0xa2a195d7) c8_vstart 0x00000000 c1_fflags 0x00000001 e32 m1 l32 v11 ffffffff 0x43a76c27 437f438b 438ddf56 437e6108 434f8c96 432fb1c7 438e736b 43a8d889 437bcc96 430ee511 42d20c50 4339bc6d 437abe88 439c7c7e 43a76c27 437f438b 438ddf56 437e6108 434f8c96 432fb1c7 438e736b 43a8d889 437bcc96 430ee511 42d20c50 4339bc6d 437abe88 439c7c7e 43a76c27 437f438b 438ddf56 437e6108 
core   0: 0x8000023c (0xff012283) lw      x5, -16(x2)
core   0: 3 0x8000023c (0xff012283) x5  0x3f800000 mem 0x70000024
core   0: 0x80000240 (0x5e02c1d7) vmv.v.x v3, x5
core   0: 3 0x80000240 (0x5e02c1d7) c8_vstart 0x00000000 e32 m1 l32 v3  ffffffff 0x3f800000 3f800000 3f800000 3f800000 3f800000 3f800000 3f800000 3f800000 3f800000 3f800000 3f800000 3f800000 3f800000 3f800000 3f800000 3f800000 3f800000 3f800000 3f800000 3f800000 3f800000 3f800000 3f800000 3f800000 3f800000 3f800000 3f800000 3f800000 3f800000 3f800000 3f800000 3f800000 
core   0: 0x80000244 (0xa2b19157) vfmadd.vv v2, v11, v3
core   0: 3 0x80000244 (0xa2b19157) c8_vstart 0x00000000 c1_fflags 0x00000001 e32 m1 l32 v2  ffffffff 0x43b2ff66 43a72ea3 4395ea50 43ad8ce4 437e076a 43617c47 43abcefc 43ae0066 4392c686 437151b9 431123d4 435922ab 43abd3dc 43a17c23 43b2ff66 43a72ea3 4395ea50 43ad8ce4 437e076a 43617c47 43abcefc 43ae0066 4392c686 437151b9 431123d4 435922ab 43abd3dc 43a17c23 43b2ff66 43a72ea3 4395ea50 43ad8ce4 
core   0: 0x80000248 (0xff412283) lw      x5, -12(x2)
core   0: 3 0x80000248 (0xff412283) x5  0x3f800000 mem 0x70000028
core   0: 0x8000024c (0x5e02c1d7) vmv.v.x v3, x5
core   0: 3 0x8000024c (0x5e02c1d7) c8_vstart 0x00000000 e32 m1 l32 v3  ffffffff 0x3f800000 3f800000 3f800000 3f800000 3f800000 3f800000 3f800000 3f800000 3f800000 3f800000 3f800000 3f800000 3f800000 3f800000 3f800000 3f800000 3f800000 3f800000 3f800000 3f800000 3f800000 3f800000 3f800000 3f800000 3f800000 3f800000 3f800000 3f800000 3f800000 3f800000 3f800000 3f800000 
core   0: 0x80000250 (0xa2219057) vfmadd.vv v0, v2, v3
core   0: 3 0x80000250 (0xa2219057) c8_vstart 0x00000000 c1_fflags 0x00000001 e32 m1 l32 v0  ffffffff 0x43b7ff0b 43b2c1e2 43bd772e 43b597de 43932bbe 4387fb8e 43c4b43c 43cb5bf7 4397ee63 438d8918 4373907c 4380a02c 43bb86fb 43cff0ba 43b7ff0b 43b2c1e2 43bd772e 43b597de 43932bbe 4387fb8e 43c4b43c 43cb5bf7 4397ee63 438d8918 4373907c 4380a02c 43bb86fb 43cff0ba 43b7ff0b 43b2c1e2 43bd772e 43b597de 
core   0: 0x80000254 (0xff812283) lw      x5, -8(x2)
core   0: 3 0x80000254 (0xff812283) x5  0x3f800000 mem 0x7000002c
core   0: 0x80000258 (0x5e02c157) vmv.v.x v2, x5
core   0: 3 0x80000258 (0x5e02c157) c8_vstart 0x00000000 e32 m1 l32 v2  ffffffff 0x3f800000 3f800000 3f800000 3f800000 3f800000 3f800000 3f800000 3f800000 3f800000 3f800000 3f800000 3f800000 3f800000 3f800000 3f800000 3f800000 3f800000 3f800000 3f800000 3f800000 3f800000 3f800000 3f800000 3f800000 3f800000 3f800000 3f800000 3f800000 3f800000 3f800000 3f800000 3f800000 
core   0: 0x8000025c (0xa20110d7) vfmadd.vv v1, v0, v2
core   0: 3 0x8000025c (0xa20110d7) c8_vstart 0x00000000 c1_fflags 0x00000001 e32 m1 l32 v1  ffffffff 0x43e673a2 43b7c187 43c90a6d 43dd24bc 439d8aa6 439c2398 43dbf1a6 43e44137 43b549f4 4392b0f5 438ea87a 43b1d680 43cf95d1 43dfa3d9 43e673a2 43b7c187 43c90a6d 43dd24bc 439d8aa6 439c2398 43dbf1a6 43e44137 43b549f4 4392b0f5 438ea87a 43b1d680 43cf95d1 43dfa3d9 43e673a2 43b7c187 43c90a6d 43dd24bc 
core   0: 0x80000260 (0xffc12283) lw      x5, -4(x2)
core   0: 3 0x80000260 (0xffc12283) x5  0x90001000 mem 0x70000030
core   0: 0x80000264 (0x0292c057) vadd.vx v0, v9, x5
core   0: 3 0x80000264 (0x0292c057) c8_vstart 0x00000000 e32 m1 l32 v0  ffffffff 0x900011d0 900011cc 900011c8 900011c4 900011f8 900011f4 900011f0 900011ec 900011e8 900011e4 900011e0 900011dc 900011d8 900011d4 900011d0 900011cc 900011c8 900011c4 900011f8 900011f4 900011f0 900011ec 900011e8 900011e4 900011e0 900011dc 900011d8 900011d4 900011d0 900011cc 900011c8 900011c4 
core   0: 0x80000268 (0x0010607b) vsw12.v v1, v0, 0
core   0: 3 0x80000268 (0x0010607b) c8_vstart 0x00000000 e32 m1 l32 mem 0x900011c4 0x43dd24bc mem 0x900011c8 0x43c90a6d mem 0x900011cc 0x43b7c187 mem 0x900011d0 0x43e673a2 mem 0x900011d4 0x43dfa3d9 mem 0x900011d8 0x43cf95d1 mem 0x900011dc 0x43b1d680 mem 0x900011e0 0x438ea87a mem 0x900011e4 0x4392b0f5 mem 0x900011e8 0x43b549f4 mem 0x900011ec 0x43e44137 mem 0x900011f0 0x43dbf1a6 mem 0x900011f4 0x439c2398 mem 0x900011f8 0x439d8aa6 mem 0x900011c4 0x43dd24bc mem 0x900011c8 0x43c90a6d mem 0x900011cc 0x43b7c187 mem 0x900011d0 0x43e673a2 mem 0x900011d4 0x43dfa3d9 mem 0x900011d8 0x43cf95d1 mem 0x900011dc 0x43b1d680 mem 0x900011e0 0x438ea87a mem 0x900011e4 0x4392b0f5 mem 0x900011e8 0x43b549f4 mem 0x900011ec 0x43e44137 mem 0x900011f0 0x43dbf1a6 mem 0x900011f4 0x439c2398 mem 0x900011f8 0x439d8aa6 mem 0x900011c4 0x43dd24bc mem 0x900011c8 0x43c90a6d mem 0x900011cc 0x43b7c187 mem 0x900011d0 0x43e673a2
core   0: 0x8000026c (0xfcc12083) lw      x1, -52(x2)
core   0: 3 0x8000026c (0xfcc12083) x1  0x800000a0 mem 0x70000000
core   0: 0x80000270 (0x0090200b) regext  x0, x0,  0 0 1 1 
core   0: 3 0x80000270 (0x0090200b)
core   0: 0x80000274 (0x7fc020ab) vlw.v   v1, x0, -4
core   0: 3 0x80000274 (0x7fc020ab) e32 m1 l32 v33 ffffffff 0x00000000 00000000 00000000 00000000 00000000 00000000 00000000 00000000 00000000 00000000 00000000 00000000 00000000 00000000 00000000 00000000 00000000 00000000 00000000 00000000 00000000 00000000 00000000 00000000 00000000 00000000 00000000 00000000 00000000 00000000 00000000 00000000  c8_vstart 0x00000000 mem 0x90003000 mem 0x90003004 mem 0x90003008 mem 0x9000300c mem 0x90003010 mem 0x90003014 mem 0x90003018 mem 0x9000301c mem 0x90003020 mem 0x90003024 mem 0x90003028 mem 0x9000302c mem 0x90003030 mem 0x90003034 mem 0x90003038 mem 0x9000303c mem 0x90003040 mem 0x90003044 mem 0x90003048 mem 0x9000304c mem 0x90003050 mem 0x90003054 mem 0x90003058 mem 0x9000305c mem 0x90003060 mem 0x90003064 mem 0x90003068 mem 0x9000306c mem 0x90003070 mem 0x90003074 mem 0x90003078 mem 0x9000307c
core   0: 0x80000278 (0xfcc10113) addi    x2, x2, -52
core   0: 3 0x80000278 (0xfcc10113) x2  0x70000000
core   0: 0x8000027c (0xffc20213) addi    x4, x4, -4
core   0: 3 0x8000027c (0xffc20213) x4  0x00000000
core   0: 0x80000280 (0x0010200b) regext  x0, x0,  0 0 0 1 
core   0: 3 0x80000280 (0x0010200b)
core   0: 0x80000284 (0x5e024057) vmv.v.x v0, x4
core   0: 3 0x80000284 (0x5e024057) c8_vstart 0x00000000 e32 m1 l32 v32 ffffffff 0x00000000 00000000 00000000 00000000 00000000 00000000 00000000 00000000 00000000 00000000 00000000 00000000 00000000 00000000 00000000 00000000 00000000 00000000 00000000 00000000 00000000 00000000 00000000 00000000 00000000 00000000 00000000 00000000 00000000 00000000 00000000 00000000 
core   0: 0x80000288 (0x00008067) ret
core   0: 3 0x80000288 (0x00008067)
core   0: 0x800000a0 (0x0000400b) endprg  x0, x0, x0
core   0: 3 0x800000a0 (0x0000400b)
core   0: 0x800000a4 (0x0040006f) j       pc + 0x4
core   0: 3 0x800000a4 (0x0040006f)
core   0: 0x800000a8 (0x00100313) li      x6, 1
core   0: 3 0x800000a8 (0x00100313) x6  0x00000001
core   0: 0x800000ac (0x00001297) auipc   x5, 0x1
core   0: 3 0x800000ac (0x00001297) x5  0x800010ac
core   0: 0x800000b0 (0xf5428293) addi    x5, x5, -172
core   0: 3 0x800000b0 (0xf5428293) x5  0x80001000
core   0: 0x800000b4 (0x0062a023) sw      x6, 0(x5)
core   0: 3 0x800000b4 (0x0062a023) mem 0x80001000 0x00000001
core   0: 0x00001000 (0x00000297) auipc   x5, 0x0
core   0: 3 0x00001000 (0x00000297) x5  0x00001000
core   0: 0x00001004 (0x02028593) addi    x11, x5, 32
core   0: 3 0x00001004 (0x02028593) x11 0x00001020
core   0: 0x00001008 (0xf1402573) csrr    x10, mhartid
core   0: 3 0x00001008 (0xf1402573) x10 0x00000000
core   0: 0x0000100c (0x0182a283) lw      x5, 24(x5)
core   0: 3 0x0000100c (0x0182a283) x5  0x80000000 mem 0x00001018
core   0: 0x00001010 (0x00028067) jr      x5
core   0: 3 0x00001010 (0x00028067)
core   0: 0x80000000 (0x00004197) auipc   x3, 0x4
core   0: 3 0x80000000 (0x00004197) x3  0x80004000
core   0: 0x80000004 (0x80818193) addi    x3, x3, -2040
core   0: 3 0x80000004 (0x80818193) x3  0x80003808
core   0: 0x80000008 (0x02000e93) li      x29, 32
core   0: 3 0x80000008 (0x02000e93) x29 0x00000020
core   0: 0x8000000c (0x0d0efed7) vsetvli x29, x29, e32, m1, ta, ma
core   0: 3 0x8000000c (0x0d0efed7) x29 0x00000020 c8_vstart 0x00000000 c3104_vl 0x00000020 c3105_vtype 0x000000d0 c768_mstatus 0x80000600
core   0: 0x80000010 (0x00002eb7) lui     x29, 0x2
core   0: 3 0x80000010 (0x00002eb7) x29 0x00002000
core   0: 0x80000014 (0x300eaef3) csrrs   x29, mstatus, x29
core   0: 3 0x80000014 (0x300eaef3) x29 0x80000600 c768_mstatus 0x80006600
core   0: 0x80000018 (0x00000e93) li      x29, 0
core   0: 3 0x80000018 (0x00000e93) x29 0x00000000
core   0: 0x8000001c (0x80502373) csrr    x6, wid
core   0: 3 0x8000001c (0x80502373) x6  0x00000000
core   0: 0x80000020 (0x806023f3) csrr    x7, lds
core   0: 3 0x80000020 (0x806023f3) x7  0x70000000
core   0: 0x80000024 (0x40000e13) li      x28, 1024
core   0: 3 0x80000024 (0x40000e13) x28 0x00000400
core   0: 0x80000028 (0x03c30333) mul     x6, x6, x28
core   0: 3 0x80000028 (0x03c30333) x6  0x00000000
core   0: 0x8000002c (0x00730133) add     x2, x6, x7
core   0: 3 0x8000002c (0x00730133) x2  0x70000000
core   0: 0x80000030 (0x00000213) li      x4, 0
core   0: 3 0x80000030 (0x00000213) x4  0x00000000
core   0: 0x80000034 (0x80102f73) csrr    x30, numw
core   0: 3 0x80000034 (0x80102f73) x30 0x00000001
core   0: 0x80000038 (0x40000e13) li      x28, 1024
core   0: 3 0x80000038 (0x40000e13) x28 0x00000400
core   0: 0x8000003c (0x03cf0f33) mul     x30, x30, x28
core   0: 3 0x8000003c (0x03cf0f33) x30 0x00000400
core   0: 0x80000040 (0x01e38433) add     x8, x7, x30
core   0: 3 0x80000040 (0x01e38433) x8  0x70000400
core   0: 0x80000044 (0x00003517) auipc   x10, 0x3
core   0: 3 0x80000044 (0x00003517) x10 0x80003044
core   0: 0x80000048 (0xfc450513) addi    x10, x10, -60
core   0: 3 0x80000048 (0xfc450513) x10 0x80003008
core   0: 0x8000004c (0x00003617) auipc   x12, 0x3
core   0: 3 0x8000004c (0x00003617) x12 0x8000304c
core   0: 0x80000050 (0xfbc60613) addi    x12, x12, -68
core   0: 3 0x80000050 (0xfbc60613) x12 0x80003008
core   0: 0x80000054 (0x00c50863) beq     x10, x12, pc + 16
core   0: 3 0x80000054 (0x00c50863)
core   0: 0x80000064 (0x803022f3) csrr    x5, knl
core   0: 3 0x80000064 (0x803022f3) x5  0x901c3000
core   0: 0x80000068 (0x0002a303) lw      x6, 0(x5)
core   0: 3 0x80000068 (0x0002a303) x6  0x800000b8 mem 0x901c3000
core   0: 0x8000006c (0x0042a503) lw      x10, 4(x5)
core   0: 3 0x8000006c (0x0042a503) x10 0x90002000 mem 0x901c3004
core   0: 0x80000070 (0x0302a383) lw      x7, 48(x5)
core   0: 3 0x80000070 (0x0302a383) x7  0x00000000 mem 0x901c3030
core   0: 0x80000074 (0x0342ae03) lw      x28, 52(x5)
core   0: 3 0x80000074 (0x0342ae03) x28 0x00000000 mem 0x901c3034
core   0: 0x80000078 (0x00003e97) auipc   x29, 0x3
core   0: 3 0x80000078 (0x00003e97) x29 0x80003078
core   0: 0x8000007c (0xf88e8e93) addi    x29, x29, -120
core   0: 3 0x8000007c (0xf88e8e93) x29 0x80003000
core   0: 0x80000080 (0x00003f17) auipc   x30, 0x3
core   0: 3 0x80000080 (0x00003f17) x30 0x80003080
core   0: 0x80000084 (0xf84f0f13) addi    x30, x30, -124
core   0: 3 0x80000084 (0xf84f0f13) x30 0x80003004
core   0: 0x80000088 (0x007ea023) sw      x7, 0(x29)
core   0: 3 0x80000088 (0x007ea023) mem 0x80003000 0x00000000
core   0: 0x8000008c (0x01cf2023) sw      x28, 0(x30)
core   0: 3 0x8000008c (0x01cf2023) mem 0x80003004 0x00000000
core   0: 0x80000090 (0x00000f97) auipc   x31, 0x0
core   0: 3 0x80000090 (0x00000f97) x31 0x80000090
core   0: 0x80000094 (0x018f8f93) addi    x31, x31, 24
core   0: 3 0x80000094 (0x018f8f93) x31 0x800000a8
core   0: 0x80000098 (0x305f9073) csrw    mtvec, x31
core   0: 3 0x80000098 (0x305f9073) c773_mtvec 0x800000a8
core   0: 0x8000009c (0x000300e7) jalr    x6
core   0: 3 0x8000009c (0x000300e7) x1  0x800000a0
core   0: 0x800000b8 (0x03410113) addi    x2, x2, 52
core   0: 3 0x800000b8 (0x03410113) x2  0x70000034
core   0: 0x800000bc (0x00420213) addi    x4, x4, 4
core   0: 3 0x800000bc (0x00420213) x4  0x00000004
core   0: 0x800000c0 (0x0010200b) regext  x0, x0,  0 0 0 1 
core   0: 3 0x800000c0 (0x0010200b)
core   0: 0x800000c4 (0x5e024057) vmv.v.x v0, x4
core   0: 3 0x800000c4 (0x5e024057) c8_vstart 0x00000000 e32 m1 l32 v32 ffffffff 0x00000004 00000004 00000004 00000004 00000004 00000004 00000004 00000004 00000004 00000004 00000004 00000004 00000004 00000004 00000004 00000004 00000004 00000004 00000004 00000004 00000004 00000004 00000004 00000004 00000004 00000004 00000004 00000004 00000004 00000004 00000004 00000004 
core   0: 0x800000c8 (0xfc112623) sw      x1, -52(x2)
core   0: 3 0x800000c8 (0xfc112623) mem 0x70000000 0x800000a0
core   0: 0x800000cc (0x0480200b) regext  x0, x0,  0 1 1 0 
core   0: 3 0x800000cc (0x0480200b)
core   0: 0x800000d0 (0xfe102e2b) vsw.v   v1, x0, -4
core   0: 3 0x800000d0 (0xfe102e2b) c8_vstart 0x00000000 mem 0x90003000 0x00000000 mem 0x90003004 0x00000000 mem 0x90003008 0x00000000 mem 0x9000300c 0x00000000 mem 0x90003010 0x00000000 mem 0x90003014 0x00000000 mem 0x90003018 0x00000000 mem 0x9000301c 0x00000000 mem 0x90003020 0x00000000 mem 0x90003024 0x00000000 mem 0x90003028 0x00000000 mem 0x9000302c 0x00000000 mem 0x90003030 0x00000000 mem 0x90003034 0x00000000 mem 0x90003038 0x00000000 mem 0x9000303c 0x00000000 mem 0x90003040 0x00000000 mem 0x90003044 0x00000000 mem 0x90003048 0x00000000 mem 0x9000304c 0x00000000 mem 0x90003050 0x00000000 mem 0x90003054 0x00000000 mem 0x90003058 0x00000000 mem 0x9000305c 0x00000000 mem 0x90003060 0x00000000 mem 0x90003064 0x00000000 mem 0x90003068 0x00000000 mem 0x9000306c 0x00000000 mem 0x90003070 0x00000000 mem 0x90003074 0x00000000 mem 0x90003078 0x00000000 mem 0x9000307c 0x00000000
core   0: 0x800000d4 (0x00452283) lw      x5, 4(x10)
core   0: 3 0x800000d4 (0x00452283) x5  0x90001000 mem 0x90002004
core   0: 0x800000d8 (0xfe512e23) sw      x5, -4(x2)
core   0: 3 0x800000d8 (0xfe512e23) mem 0x70000030 0x90001000
core   0: 0x800000dc (0x03052283) lw      x5, 48(x10)
core   0: 3 0x800000dc (0x03052283) x5  0x3f800000 mem 0x90002030
core   0: 0x800000e0 (0xfe512c23) sw      x5, -8(x2)
core   0: 3 0x800000e0 (0xfe512c23) mem 0x7000002c 0x3f800000
core   0: 0x800000e4 (0x02c52283) lw      x5, 44(x10)
core   0: 3 0x800000e4 (0x02c52283) x5  0x3f800000 mem 0x9000202c
core   0: 0x800000e8 (0xfe512a23) sw      x5, -12(x2)
core   0: 3 0x800000e8 (0xfe512a23) mem 0x70000028 0x3f800000
core   0: 0x800000ec (0x02852283) lw      x5, 40(x10)
core   0: 3 0x800000ec (0x02852283) x5  0x3f800000 mem 0x90002028
core   0: 0x800000f0 (0xfe512823) sw      x5, -16(x2)
core   0: 3 0x800000f0 (0xfe512823) mem 0x70000024 0x3f800000
core   0: 0x800000f4 (0x02452283) lw      x5, 36(x10)
core   0: 3 0x800000f4 (0x02452283) x5  0x3f800000 mem 0x90002024
core   0: 0x800000f8 (0xfe512623) sw      x5, -20(x2)
core   0: 3 0x800000f8 (0xfe512623) mem 0x70000020 0x3f800000
core   0: 0x800000fc (0x02052283) lw      x5, 32(x10)
core   0: 3 0x800000fc (0x02052283) x5  0x3f800000 mem 0x90002020
core   0: 0x80000100 (0xfe512423) sw      x5, -24(x2)
core   0: 3 0x80000100 (0xfe512423) mem 0x7000001c 0x3f800000
core   0: 0x80000104 (0x01c52283) lw      x5, 28(x10)
core   0: 3 0x80000104 (0x01c52283) x5  0x3f800000 mem 0x9000201c
core   0: 0x80000108 (0xfe512223) sw      x5, -28(x2)
core   0: 3 0x80000108 (0xfe512223) mem 0x70000018 0x3f800000
core   0: 0x8000010c (0x01852283) lw      x5, 24(x10)
core   0: 3 0x8000010c (0x01852283) x5  0x3f800000 mem 0x90002018
core   0: 0x80000110 (0xfe512023) sw      x5, -32(x2)
core   0: 3 0x80000110 (0xfe512023) mem 0x70000014 0x3f800000
core   0: 0x80000114 (0x01052283) lw      x5, 16(x10)
core   0: 3 0x80000114 (0x01052283) x5  0x3f800000 mem 0x90002010
core   0: 0x80000118 (0xfc512e23) sw      x5, -36(x2)
core   0: 3 0x80000118 (0xfc512e23) mem 0x70000010 0x3f800000
core   0: 0x8000011c (0x01452283) lw      x5, 20(x10)
core   0: 3 0x8000011c (0x01452283) x5  0x3f800000 mem 0x90002014
core   0: 0x80000120 (0xfc512c23) sw      x5, -40(x2)
core   0: 3 0x80000120 (0xfc512c23) mem 0x7000000c 0x3f800000
core   0: 0x80000124 (0x00052283) lw      x5, 0(x10)
core   0: 3 0x80000124 (0x00052283) x5  0x90000000 mem 0x90002000
core   0: 0x80000128 (0xfc512a23) sw      x5, -44(x2)
core   0: 3 0x80000128 (0xfc512a23) mem 0x70000008 0x90000000
core   0: 0x8000012c (0x00852283) lw      x5, 8(x10)
core   0: 3 0x8000012c (0x00852283) x5  0x00000010 mem 0x90002008
core   0: 0x80000130 (0xfc512823) sw      x5, -48(x2)
core   0: 3 0x80000130 (0xfc512823) mem 0x70000004 0x00000010
core   0: 0x80000134 (0x5e004057) vmv.v.x v0, x0
core   0: 3 0x80000134 (0x5e004057) c8_vstart 0x00000000 e32 m1 l32 v0  ffffffff 0x00000000 00000000 00000000 00000000 00000000 00000000 00000000 00000000 00000000 00000000 00000000 00000000 00000000 00000000 00000000 00000000 00000000 00000000 00000000 00000000 00000000 00000000 00000000 00000000 00000000 00000000 00000000 00000000 00000000 00000000 00000000 00000000 
core   0: 0x80000138 (0x154000ef) jal     pc + 0x154
core   0: 3 0x80000138 (0x154000ef) x1  0x8000013c
core   0: 0x8000028c (0x00410113) addi    x2, x2, 4
core   0: 3 0x8000028c (0x00410113) x2  0x70000038
core   0: 0x80000290 (0xfe112e23) sw      x1, -4(x2)
core   0: 3 0x80000290 (0xfe112e23) mem 0x70000034 0x8000013c
core   0: 0x80000294 (0x00200293) li      x5, 2
core   0: 3 0x80000294 (0x00200293) x5  0x00000002
core   0: 0x80000298 (0x5e02c0d7) vmv.v.x v1, x5
core   0: 3 0x80000298 (0x5e02c0d7) c8_vstart 0x00000000 e32 m1 l32 v1  ffffffff 0x00000002 00000002 00000002 00000002 00000002 00000002 00000002 00000002 00000002 00000002 00000002 00000002 00000002 00000002 00000002 00000002 00000002 00000002 00000002 00000002 00000002 00000002 00000002 00000002 00000002 00000002 00000002 00000002 00000002 00000002 00000002 00000002 
core   0: 0x8000029c (0x00000317) auipc   x6, 0x0
core   0: 3 0x8000029c (0x00000317) x6  0x8000029c
core   0: 0x800002a0 (0x04c3305b) setrpc  x0, x6, 76
core   0: 3 0x800002a0 (0x04c3305b) c2060_rpc 0x800002e8 current mask:	ffffffff current npc:	00000000 stack size: 0
core   0: 0x800002a4 (0x0200885b) vbeq    v0, v1, pc + 48
core   0: 3 0x800002a4 (0x0200885b) c8_vstart 0x00000000 e32 m1 l32 current mask:	ffffffff current npc:	800002a8 stack size: 0
core   0: 0x800002a8 (0x00100293) li      x5, 1
core   0: 3 0x800002a8 (0x00100293) x5  0x00000001
core   0: 0x800002ac (0x5e02c0d7) vmv.v.x v1, x5
core   0: 3 0x800002ac (0x5e02c0d7) c8_vstart 0x00000000 e32 m1 l32 v1  ffffffff 0x00000001 00000001 00000001 00000001 00000001 00000001 00000001 00000001 00000001 00000001 00000001 00000001 00000001 00000001 00000001 00000001 00000001 00000001 00000001 00000001 00000001 00000001 00000001 00000001 00000001 00000001 00000001 00000001 00000001 00000001 00000001 00000001 
core   0: 0x800002b0 (0x00000317) auipc   x6, 0x0
core   0: 3 0x800002b0 (0x00000317) x6  0x800002b0
core   0: 0x800002b4 (0x0383305b) setrpc  x0, x6, 56
core   0: 3 0x800002b4 (0x0383305b) c2060_rpc 0x800002e8 current mask:	ffffffff current npc:	800002a8 stack size: 0
core   0: 0x800002b8 (0x0200825b) vbeq    v0, v1, pc + 36
core   0: 3 0x800002b8 (0x0200825b) c8_vstart 0x00000000 e32 m1 l32 current mask:	ffffffff current npc:	800002bc stack size: 0
core   0: 0x800002bc (0x5e0040d7) vmv.v.x v1, x0
core   0: 3 0x800002bc (0x5e0040d7) c8_vstart 0x00000000 e32 m1 l32 v1  ffffffff 0x00000000 00000000 00000000 00000000 00000000 00000000 00000000 00000000 00000000 00000000 00000000 00000000 00000000 00000000 00000000 00000000 00000000 00000000 00000000 00000000 00000000 00000000 00000000 00000000 00000000 00000000 00000000 00000000 00000000 00000000 00000000 00000000 
core   0: 0x800002c0 (0x00000317) auipc   x6, 0x0
core   0: 3 0x800002c0 (0x00000317) x6  0x800002c0
core   0: 0x800002c4 (0x0283305b) setrpc  x0, x6, 40
core   0: 3 0x800002c4 (0x0283305b) c2060_rpc 0x800002e8 current mask:	ffffffff current npc:	800002bc stack size: 0
core   0: 0x800002c8 (0x00009e5b) vbne    v0, v1, pc + 28
core   0: 3 0x800002c8 (0x00009e5b) c8_vstart 0x00000000 e32 m1 l32 current mask:	ffffffff current npc:	800002cc stack size: 0
core   0: 0x800002cc (0x1a0000ef) jal     pc + 0x1a0
core   0: 3 0x800002cc (0x1a0000ef) x1  0x800002d0
core   0: 0x8000046c (0x00410113) addi    x2, x2, 4
core   0: 3 0x8000046c (0x00410113) x2  0x7000003c
core   0: 0x80000470 (0xfe112e23) sw      x1, -4(x2)
core   0: 3 0x80000470 (0xfe112e23) mem 0x70000038 0x800002d0
core   0: 0x80000474 (0xf1dff0ef) jal     pc - 0xe4
core   0: 3 0x80000474 (0xf1dff0ef) x1  0x80000478
core   0: 0x80000390 (0x00410113) addi    x2, x2, 4
core   0: 3 0x80000390 (0x00410113) x2  0x70000040
core   0: 0x80000394 (0xfe112e23) sw      x1, -4(x2)
core   0: 3 0x80000394 (0xfe112e23) mem 0x7000003c 0x80000478
core   0: 0x80000398 (0x80302573) csrr    x10, knl
core   0: 3 0x80000398 (0x80302573) x10 0x901c3000
core   0: 0x8000039c (0x00852283) lw      x5, 8(x10)
core   0: 3 0x8000039c (0x00852283) x5  0x00000002 mem 0x901c3008
core   0: 0x800003a0 (0x80002373) csrr    x6, tid
core   0: 3 0x800003a0 (0x80002373) x6  0x00000000
core   0: 0x800003a4 (0x5208a157) vid.v   v2
core   0: 3 0x800003a4 (0x5208a157) c8_vstart 0x00000000 e32 m1 l32 v2  ffffffff 0x0000001f 0000001e 0000001d 0000001c 0000001b 0000001a 00000019 00000018 00000017 00000016 00000015 00000014 00000013 00000012 00000011 00000010 0000000f 0000000e 0000000d 0000000c 0000000b 0000000a 00000009 00000008 00000007 00000006 00000005 00000004 00000003 00000002 00000001 00000000 
core   0: 0x800003a8 (0x02234057) vadd.vx v0, v2, x6
core   0: 3 0x800003a8 (0x02234057) c8_vstart 0x00000000 e32 m1 l32 v0  ffffffff 0x0000001f 0000001e 0000001d 0000001c 0000001b 0000001a 00000019 00000018 00000017 00000016 00000015 00000014 00000013 00000012 00000011 00000010 0000000f 0000000e 0000000d 0000000c 0000000b 0000000a 00000009 00000008 00000007 00000006 00000005 00000004 00000003 00000002 00000001 00000000 
core   0: 0x800003ac (0x01852e03) lw      x28, 24(x10)
core   0: 3 0x800003ac (0x01852e03) x28 0x0000000e mem 0x901c3018
core   0: 0x800003b0 (0x8a0e6057) vremu.vx v0, v0, x28
core   0: 3 0x800003b0 (0x8a0e6057) c8_vstart 0x00000000 e32 m1 l32 v0  ffffffff 0x00000003 00000002 00000001 00000000 0000000d 0000000c 0000000b 0000000a 00000009 00000008 00000007 00000006 00000005 00000004 00000003 00000002 00000001 00000000 0000000d 0000000c 0000000b 0000000a 00000009 00000008 00000007 00000006 00000005 00000004 00000003 00000002 00000001 00000000 
core   0: 0x800003b4 (0xffc12083) lw      x1, -4(x2)
core   0: 3 0x800003b4 (0xffc12083) x1  0x80000478 mem 0x7000003c
core   0: 0x800003b8 (0xffc10113) addi    x2, x2, -4
core   0: 3 0x800003b8 (0xffc10113) x2  0x7000003c
core   0: 0x800003bc (0x00008067) ret
core   0: 3 0x800003bc (0x00008067)
core   0: 0x80000478 (0x80302573) csrr    x10, knl
core   0: 3 0x80000478 (0x80302573) x10 0x901c3000
core   0: 0x8000047c (0x80802373) csrr    x6, gidx
core   0: 3 0x8000047c (0x80802373) x6  0x00000000
core   0: 0x80000480 (0x01852e03) lw      x28, 24(x10)
core   0: 3 0x80000480 (0x01852e03) x28 0x0000000e mem 0x901c3018
core   0: 0x80000484 (0x02452e83) lw      x29, 36(x10)
core   0: 3 0x80000484 (0x02452e83) x29 0x00000001 mem 0x901c3024
core   0: 0x80000488 (0x03c30fb3) mul     x31, x6, x28
core   0: 3 0x80000488 (0x03c30fb3) x31 0x00000000
core   0: 0x8000048c (0x01df8fb3) add     x31, x31, x29
core   0: 3 0x8000048c (0x01df8fb3) x31 0x00000001
core   0: 0x80000490 (0x020fc057) vadd.vx v0, v0, x31
core   0: 3 0x80000490 (0x020fc057) c8_vstart 0x00000000 e32 m1 l32 v0  ffffffff 0x00000004 00000003 00000002 00000001 0000000e 0000000d 0000000c 0000000b 0000000a 00000009 00000008 00000007 00000006 00000005 00000004 00000003 00000002 00000001 0000000e 0000000d 0000000c 0000000b 0000000a 00000009 00000008 00000007 00000006 00000005 00000004 00000003 00000002 00000001 
core   0: 0x80000494 (0xffc12083) lw      x1, -4(x2)
core   0: 3 0x80000494 (0xffc12083) x1  0x800002d0 mem 0x70000038
core   0: 0x80000498 (0xffc10113) addi    x2, x2, -4
core   0: 3 0x80000498 (0xffc10113) x2  0x70000038
core   0: 0x8000049c (0x00008067) ret
core   0: 3 0x8000049c (0x00008067)
core   0: 0x800002d0 (0x0180006f) j       pc + 0x18
core   0: 3 0x800002d0 (0x0180006f)
core   0: 0x800002e8 (0x0000205b) join    v0, v0, pc + 0
core   0: 3 0x800002e8 (0x0000205b) current mask:	ffffffff current npc:	800002cc stack size: 0
core   0: 0x800002ec (0xffc12083) lw      x1, -4(x2)
core   0: 3 0x800002ec (0xffc12083) x1  0x8000013c mem 0x70000034
core   0: 0x800002f0 (0xffc10113) addi    x2, x2, -4
core   0: 3 0x800002f0 (0xffc10113) x2  0x70000034
core   0: 0x800002f4 (0x00008067) ret
core   0: 3 0x800002f4 (0x00008067)
core   0: 0x8000013c (0x0010200b) regext  x0, x0,  0 0 0 1 
core   0: 3 0x8000013c (0x0010200b)
core   0: 0x80000140 (0x020040d7) vadd.vx v1, v0, x0
core   0: 3 0x80000140 (0x020040d7) c8_vstart 0x00000000 e32 m1 l32 v33 ffffffff 0x00000004 00000003 00000002 00000001 0000000e 0000000d 0000000c 0000000b 0000000a 00000009 00000008 00000007 00000006 00000005 00000004 00000003 00000002 00000001 0000000e 0000000d 0000000c 0000000b 0000000a 00000009 00000008 00000007 00000006 00000005 00000004 00000003 00000002 00000001 
core   0: 0x80000144 (0x00100293) li      x5, 1
core   0: 3 0x80000144 (0x00100293) x5  0x00000001
core   0: 0x80000148 (0x5e02c057) vmv.v.x v0, x5
core   0: 3 0x80000148 (0x5e02c057) c8_vstart 0x00000000 e32 m1 l32 v0  ffffffff 0x00000001 00000001 00000001 00000001 00000001 00000001 00000001 00000001 00000001 00000001 00000001 00000001 00000001 00000001 00000001 00000001 00000001 00000001 00000001 00000001 00000001 00000001 00000001 00000001 00000001 00000001 00000001 00000001 00000001 00000001 00000001 00000001 
core   0: 0x8000014c (0x140000ef) jal     pc + 0x140
core   0: 3 0x8000014c (0x140000ef) x1  0x80000150
core   0: 0x8000028c (0x00410113) addi    x2, x2, 4
core   0: 3 0x8000028c (0x00410113) x2  0x70000038
core   0: 0x80000290 (0xfe112e23) sw      x1, -4(x2)
core   0: 3 0x80000290 (0xfe112e23) mem 0x70000034 0x80000150
core   0: 0x80000294 (0x00200293) li      x5, 2
core   0: 3 0x80000294 (0x00200293) x5  0x00000002
core   0: 0x80000298 (0x5e02c0d7) vmv.v.x v1, x5
core   0: 3 0x80000298 (0x5e02c0d7) c8_vstart 0x00000000 e32 m1 l32 v1  ffffffff 0x00000002 00000002 00000002 00000002 00000002 00000002 00000002 00000002 00000002 00000002 00000002 00000002 00000002 00000002 00000002 00000002 00000002 00000002 00000002 00000002 00000002 00000002 00000002 00000002 00000002 00000002 00000002 00000002 00000002 00000002 00000002 00000002 
core   0: 0x8000029c (0x00000317) auipc   x6, 0x0
core   0: 3 0x8000029c (0x00000317) x6  0x8000029c
core   0: 0x800002a0 (0x04c3305b) setrpc  x0, x6, 76
core   0: 3 0x800002a0 (0x04c3305b) c2060_rpc 0x800002e8 current mask:	ffffffff current npc:	800002cc stack size: 0
core   0: 0x800002a4 (0x0200885b) vbeq    v0, v1, pc + 48
core   0: 3 0x800002a4 (0x0200885b) c8_vstart 0x00000000 e32 m1 l32 current mask:	ffffffff current npc:	800002a8 stack size: 0
core   0: 0x800002a8 (0x00100293) li      x5, 1
core   0: 3 0x800002a8 (0x00100293) x5  0x00000001
core   0: 0x800002ac (0x5e02c0d7) vmv.v.x v1, x5
core   0: 3 0x800002ac (0x5e02c0d7) c8_vstart 0x00000000 e32 m1 l32 v1  ffffffff 0x00000001 00000001 00000001 00000001 00000001 00000001 00000001 00000001 00000001 00000001 00000001 00000001 00000001 00000001 00000001 00000001 00000001 00000001 00000001 00000001 00000001 00000001 00000001 00000001 00000001 00000001 00000001 00000001 00000001 00000001 00000001 00000001 
core   0: 0x800002b0 (0x00000317) auipc   x6, 0x0
core   0: 3 0x800002b0 (0x00000317) x6  0x800002b0
core   0: 0x800002b4 (0x0383305b) setrpc  x0, x6, 56
core   0: 3 0x800002b4 (0x0383305b) c2060_rpc 0x800002e8 current mask:	ffffffff current npc:	800002a8 stack size: 0
core   0: 0x800002b8 (0x0200825b) vbeq    v0, v1, pc + 36
core   0: 3 0x800002b8 (0x0200825b) c8_vstart 0x00000000 e32 m1 l32 current mask:	ffffffff current npc:	800002dc stack size: 0
core   0: 0x800002dc (0x1c4000ef) jal     pc + 0x1c4
core   0: 3 0x800002dc (0x1c4000ef) x1  0x800002e0
core   0: 0x800004a0 (0x00410113) addi    x2, x2, 4
core   0: 3 0x800004a0 (0x00410113) x2  0x7000003c
core   0: 0x800004a4 (0xfe112e23) sw      x1, -4(x2)
core   0: 3 0x800004a4 (0xfe112e23) mem 0x70000038 0x800002e0
core   0: 0x800004a8 (0xf19ff0ef) jal     pc - 0xe8
core   0: 3 0x800004a8 (0xf19ff0ef) x1  0x800004ac
core   0: 0x800003c0 (0x00410113) addi    x2, x2, 4
core   0: 3 0x800003c0 (0x00410113) x2  0x70000040
core   0: 0x800003c4 (0xfe112e23) sw      x1, -4(x2)
core   0: 3 0x800003c4 (0xfe112e23) mem 0x7000003c 0x800004ac
core   0: 0x800003c8 (0x80302573) csrr    x10, knl
core   0: 3 0x800003c8 (0x80302573) x10 0x901c3000
core   0: 0x800003cc (0x00852283) lw      x5, 8(x10)
core   0: 3 0x800003cc (0x00852283) x5  0x00000002 mem 0x901c3008
core   0: 0x800003d0 (0x80002373) csrr    x6, tid
core   0: 3 0x800003d0 (0x80002373) x6  0x00000000
core   0: 0x800003d4 (0x5208a157) vid.v   v2
core   0: 3 0x800003d4 (0x5208a157) c8_vstart 0x00000000 e32 m1 l32 v2  ffffffff 0x0000001f 0000001e 0000001d 0000001c 0000001b 0000001a 00000019 00000018 00000017 00000016 00000015 00000014 00000013 00000012 00000011 00000010 0000000f 0000000e 0000000d 0000000c 0000000b 0000000a 00000009 00000008 00000007 00000006 00000005 00000004 00000003 00000002 00000001 00000000 
core   0: 0x800003d8 (0x02234057) vadd.vx v0, v2, x6
core   0: 3 0x800003d8 (0x02234057) c8_vstart 0x00000000 e32 m1 l32 v0  ffffffff 0x0000001f 0000001e 0000001d 0000001c 0000001b 0000001a 00000019 00000018 00000017 00000016 00000015 00000014 00000013 00000012 00000011 00000010 0000000f 0000000e 0000000d 0000000c 0000000b 0000000a 00000009 00000008 00000007 00000006 00000005 00000004 00000003 00000002 00000001 00000000 
core   0: 0x800003dc (0x01852e03) lw      x28, 24(x10)
core   0: 3 0x800003dc (0x01852e03) x28 0x0000000e mem 0x901c3018
core   0: 0x800003e0 (0x01c52e83) lw      x29, 28(x10)
core   0: 3 0x800003e0 (0x01c52e83) x29 0x00000001 mem 0x901c301c
core   0: 0x800003e4 (0x03ce8f33) mul     x30, x29, x28
core   0: 3 0x800003e4 (0x03ce8f33) x30 0x0000000e
core   0: 0x800003e8 (0x8a0f6057) vremu.vx v0, v0, x30
core   0: 3 0x800003e8 (0x8a0f6057) c8_vstart 0x00000000 e32 m1 l32 v0  ffffffff 0x00000003 00000002 00000001 00000000 0000000d 0000000c 0000000b 0000000a 00000009 00000008 00000007 00000006 00000005 00000004 00000003 00000002 00000001 00000000 0000000d 0000000c 0000000b 0000000a 00000009 00000008 00000007 00000006 00000005 00000004 00000003 00000002 00000001 00000000 
core   0: 0x800003ec (0x820e6057) vdivu.vx v0, v0, x28
core   0: 3 0x800003ec (0x820e6057) c8_vstart 0x00000000 e32 m1 l32 v0  ffffffff 0x00000000 00000000 00000000 00000000 00000000 00000000 00000000 00000000 00000000 00000000 00000000 00000000 00000000 00000000 00000000 00000000 00000000 00000000 00000000 00000000 00000000 00000000 00000000 00000000 00000000 00000000 00000000 00000000 00000000 00000000 00000000 00000000 
core   0: 0x800003f0 (0x5e0ec0d7) vmv.v.x v1, x29
core   0: 3 0x800003f0 (0x5e0ec0d7) c8_vstart 0x00000000 e32 m1 l32 v1  ffffffff 0x00000001 00000001 00000001 00000001 00000001 00000001 00000001 00000001 00000001 00000001 00000001 00000001 00000001 00000001 00000001 00000001 00000001 00000001 00000001 00000001 00000001 00000001 00000001 00000001 00000001 00000001 00000001 00000001 00000001 00000001 00000001 00000001 
core   0: 0x800003f4 (0x00000317) auipc   x6, 0x0
core   0: 3 0x800003f4 (0x00000317) x6  0x800003f4
core   0: 0x800003f8 (0x0143305b) setrpc  x0, x6, 20
core   0: 3 0x800003f8 (0x0143305b) c2060_rpc 0x80000408 current mask:	ffffffff current npc:	800002dc stack size: 0
core   0: 0x800003fc (0x0000c65b) vblt    v0, v1, pc + 12
core   0: 3 0x800003fc (0x0000c65b) c8_vstart 0x00000000 e32 m1 l32 current mask:	ffffffff current npc:	80000408 stack size: 0
core   0: 0x80000408 (0x0000205b) join    v0, v0, pc + 0
core   0: 3 0x80000408 (0x0000205b) current mask:	ffffffff current npc:	80000408 stack size: 0
core   0: 0x8000040c (0xffc12083) lw      x1, -4(x2)
core   0: 3 0x8000040c (0xffc12083) x1  0x800004ac mem 0x7000003c
core   0: 0x80000410 (0xffc10113) addi    x2, x2, -4
core   0: 3 0x80000410 (0xffc10113) x2  0x7000003c
core   0: 0x80000414 (0x00008067) ret
core   0: 3 0x80000414 (0x00008067)
core   0: 0x800004ac (0x80902373) csrr    x6, gidy
core   0: 3 0x800004ac (0x80902373) x6  0x00000007
core   0: 0x800004b0 (0x01c52383) lw      x7, 28(x10)
core   0: 3 0x800004b0 (0x01c52383) x7  0x00000001 mem 0x901c301c
core   0: 0x800004b4 (0x02852e83) lw      x29, 40(x10)
core   0: 3 0x800004b4 (0x02852e83) x29 0x00000001 mem 0x901c3028
core   0: 0x800004b8 (0x02730e33) mul     x28, x6, x7
core   0: 3 0x800004b8 (0x02730e33) x28 0x00000007
core   0: 0x800004bc (0x01de0e33) add     x28, x28, x29
core   0: 3 0x800004bc (0x01de0e33) x28 0x00000008
core   0: 0x800004c0 (0x020e4057) vadd.vx v0, v0, x28
core   0: 3 0x800004c0 (0x020e4057) c8_vstart 0x00000000 e32 m1 l32 v0  ffffffff 0x00000008 00000008 00000008 00000008 00000008 00000008 00000008 00000008 00000008 00000008 00000008 00000008 00000008 00000008 00000008 00000008 00000008 00000008 00000008 00000008 00000008 00000008 00000008 00000008 00000008 00000008 00000008 00000008 00000008 00000008 00000008 00000008 
core   0: 0x800004c4 (0xffc12083) lw      x1, -4(x2)
core   0: 3 0x800004c4 (0xffc12083) x1  0x800002e0 mem 0x70000038
core   0: 0x800004c8 (0xffc10113) addi    x2, x2, -4
core   0: 3 0x800004c8 (0xffc10113) x2  0x70000038
core   0: 0x800004cc (0x00008067) ret
core   0: 3 0x800004cc (0x00008067)
core   0: 0x800002e0 (0x0080006f) j       pc + 0x8
core   0: 3 0x800002e0 (0x0080006f)
core   0: 0x800002e8 (0x0000205b) join    v0, v0, pc + 0
core   0: 3 0x800002e8 (0x0000205b) current mask:	ffffffff current npc:	80000408 stack size: 0
core   0: 0x800002ec (0xffc12083) lw      x1, -4(x2)
core   0: 3 0x800002ec (0xffc12083) x1  0x80000150 mem 0x70000034
core   0: 0x800002f0 (0xffc10113) addi    x2, x2, -4
core   0: 3 0x800002f0 (0xffc10113) x2  0x70000034
core   0: 0x800002f4 (0x00008067) ret
core   0: 3 0x800002f4 (0x00008067)
core   0: 0x80000150 (0xfd012283) lw      x5, -48(x2)
core   0: 3 0x80000150 (0xfd012283) x5  0x00000010 mem 0x70000004
core   0: 0x80000154 (0x5e02c0d7) vmv.v.x v1, x5
core   0: 3 0x80000154 (0x5e02c0d7) c8_vstart 0x00000000 e32 m1 l32 v1  ffffffff 0x00000010 00000010 00000010 00000010 00000010 00000010 00000010 00000010 00000010 00000010 00000010 00000010 00000010 00000010 00000010 00000010 00000010 00000010 00000010 00000010 00000010 00000010 00000010 00000010 00000010 00000010 00000010 00000010 00000010 00000010 00000010 00000010 
core   0: 0x80000158 (0x0400200b) regext  x0, x0,  0 1 0 0 
core   0: 3 0x80000158 (0x0400200b)
core   0: 0x8000015c (0xa612e057) vmadd.vx v0, v1, x5
core   0: 3 0x8000015c (0xa612e057) c8_vstart 0x00000000 e32 m1 l32 v0  ffffffff 0x00000084 00000083 00000082 00000081 0000008e 0000008d 0000008c 0000008b 0000008a 00000089 00000088 00000087 00000086 00000085 00000084 00000083 00000082 00000081 0000008e 0000008d 0000008c 0000008b 0000008a 00000089 00000088 00000087 00000086 00000085 00000084 00000083 00000082 00000081 
core   0: 0x80000160 (0x0010110b) vsub12.vi v2, v0, 1
core   0: 3 0x80000160 (0x0010110b) c8_vstart 0x00000000 e32 m1 l32 v2  ffffffff 0x00000083 00000082 00000081 00000080 0000008d 0000008c 0000008b 0000008a 00000089 00000088 00000087 00000086 00000085 00000084 00000083 00000082 00000081 00000080 0000008d 0000008c 0000008b 0000008a 00000089 00000088 00000087 00000086 00000085 00000084 00000083 00000082 00000081 00000080 
core   0: 0x80000164 (0x0a2081d7) vsub.vv v3, v2, v1
core   0: 3 0x80000164 (0x0a2081d7) c8_vstart 0x00000000 e32 m1 l32 v3  ffffffff 0x00000073 00000072 00000071 00000070 0000007d 0000007c 0000007b 0000007a 00000079 00000078 00000077 00000076 00000075 00000074 00000073 00000072 00000071 00000070 0000007d 0000007c 0000007b 0000007a 00000079 00000078 00000077 00000076 00000075 00000074 00000073 00000072 00000071 00000070 
core   0: 0x80000168 (0x963131d7) vsll.vi v3, v3, 2
core   0: 3 0x80000168 (0x963131d7) c8_vstart 0x00000000 e32 m1 l32 v3  ffffffff 0x000001cc 000001c8 000001c4 000001c0 000001f4 000001f0 000001ec 000001e8 000001e4 000001e0 000001dc 000001d8 000001d4 000001d0 000001cc 000001c8 000001c4 000001c0 000001f4 000001f0 000001ec 000001e8 000001e4 000001e0 000001dc 000001d8 000001d4 000001d0 000001cc 000001c8 000001c4 000001c0 
core   0: 0x8000016c (0xfd412283) lw      x5, -44(x2)
core   0: 3 0x8000016c (0xfd412283) x5  0x90000000 mem 0x70000008
core   0: 0x80000170 (0x5e02c257) vmv.v.x v4, x5
core   0: 3 0x80000170 (0x5e02c257) c8_vstart 0x00000000 e32 m1 l32 v4  ffffffff 0x90000000 90000000 90000000 90000000 90000000 90000000 90000000 90000000 90000000 90000000 90000000 90000000 90000000 90000000 90000000 90000000 90000000 90000000 90000000 90000000 90000000 90000000 90000000 90000000 90000000 90000000 90000000 90000000 90000000 90000000 90000000 90000000 
core   0: 0x80000174 (0x0232c1d7) vadd.vx v3, v3, x5
core   0: 3 0x80000174 (0x0232c1d7) c8_vstart 0x00000000 e32 m1 l32 v3  ffffffff 0x900001cc 900001c8 900001c4 900001c0 900001f4 900001f0 900001ec 900001e8 900001e4 900001e0 900001dc 900001d8 900001d4 900001d0 900001cc 900001c8 900001c4 900001c0 900001f4 900001f0 900001ec 900001e8 900001e4 900001e0 900001dc 900001d8 900001d4 900001d0 900001cc 900001c8 900001c4 900001c0 
core   0: 0x80000178 (0x0a0082d7) vsub.vv v5, v0, v1
core   0: 3 0x80000178 (0x0a0082d7) c8_vstart 0x00000000 e32 m1 l32 v5  ffffffff 0x00000074 00000073 00000072 00000071 0000007e 0000007d 0000007c 0000007b 0000007a 00000079 00000078 00000077 00000076 00000075 00000074 00000073 00000072 00000071 0000007e 0000007d 0000007c 0000007b 0000007a 00000079 00000078 00000077 00000076 00000075 00000074 00000073 00000072 00000071 
core   0: 0x8000017c (0x965132d7) vsll.vi v5, v5, 2
core   0: 3 0x8000017c (0x965132d7) c8_vstart 0x00000000 e32 m1 l32 v5  ffffffff 0x000001d0 000001cc 000001c8 000001c4 000001f8 000001f4 000001f0 000001ec 000001e8 000001e4 000001e0 000001dc 000001d8 000001d4 000001d0 000001cc 000001c8 000001c4 000001f8 000001f4 000001f0 000001ec 000001e8 000001e4 000001e0 000001dc 000001d8 000001d4 000001d0 000001cc 000001c8 000001c4 
core   0: 0x80000180 (0x024282d7) vadd.vv v5, v4, v5
core   0: 3 0x80000180 (0x024282d7) c8_vstart 0x00000000 e32 m1 l32 v5  ffffffff 0x900001d0 900001cc 900001c8 900001c4 900001f8 900001f4 900001f0 900001ec 900001e8 900001e4 900001e0 900001dc 900001d8 900001d4 900001d0 900001cc 900001c8 900001c4 900001f8 900001f4 900001f0 900001ec 900001e8 900001e4 900001e0 900001dc 900001d8 900001d4 900001d0 900001cc 900001c8 900001c4 
core   0: 0x80000184 (0x0002a2fb) vlw12.v v5, v5, 0
core   0: 3 0x80000184 (0x0002a2fb) e32 m1 l32 v5  ffffffff 0x42a1f90c 4298633d 41dfe02d 4292ce35 41315ff9 41d1d39b 420786d9 42ac8837 42996900 40310ec2 418b821a 4223c03e 42965d0d 41953b39 42a1f90c 4298633d 41dfe02d 4292ce35 41315ff9 41d1d39b 420786d9 42ac8837 42996900 40310ec2 418b821a 4223c03e 42965d0d 41953b39 42a1f90c 4298633d 41dfe02d 4292ce35  c8_vstart 0x00000000 mem 0x900001c4 mem 0x900001c8 mem 0x900001cc mem 0x900001d0 mem 0x900001d4 mem 0x900001d8 mem 0x900001dc mem 0x900001e0 mem 0x900001e4 mem 0x900001e8 mem 0x900001ec mem 0x900001f0 mem 0x900001f4 mem 0x900001f8 mem 0x900001c4 mem 0x900001c8 mem 0x900001cc mem 0x900001d0 mem 0x900001d4 mem 0x900001d8 mem 0x900001dc mem 0x900001e0 mem 0x900001e4 mem 0x900001e8 mem 0x900001ec mem 0x900001f0 mem 0x900001f4 mem 0x900001f8 mem 0x900001c4 mem 0x900001c8 mem 0x900001cc mem 0x900001d0
core   0: 0x80000188 (0x0001a1fb) vlw12.v v3, v3, 0
core   0: 3 0x80000188 (0x0001a1fb) e32 m1 l32 v3  ffffffff 0x4298633d 41dfe02d 4292ce35 428de6a0 41d1d39b 420786d9 42ac8837 42996900 40310ec2 418b821a 4223c03e 42965d0d 41953b39 42a1f90c 4298633d 41dfe02d 4292ce35 428de6a0 41d1d39b 420786d9 42ac8837 42996900 40310ec2 418b821a 4223c03e 42965d0d 41953b39 42a1f90c 4298633d 41dfe02d 4292ce35 428de6a0  c8_vstart 0x00000000 mem 0x900001c0 mem 0x900001c4 mem 0x900001c8 mem 0x900001cc mem 0x900001d0 mem 0x900001d4 mem 0x900001d8 mem 0x900001dc mem 0x900001e0 mem 0x900001e4 mem 0x900001e8 mem 0x900001ec mem 0x900001f0 mem 0x900001f4 mem 0x900001c0 mem 0x900001c4 mem 0x900001c8 mem 0x900001cc mem 0x900001d0 mem 0x900001d4 mem 0x900001d8 mem 0x900001dc mem 0x900001e0 mem 0x900001e4 mem 0x900001e8 mem 0x900001ec mem 0x900001f0 mem 0x900001f4 mem 0x900001c0 mem 0x900001c4 mem 0x900001c8 mem 0x900001cc
core   0: 0x8000018c (0xfd812283) lw      x5, -40(x2)
core   0: 3 0x8000018c (0xfd812283) x5  0x3f800000 mem 0x7000000c
core   0: 0x80000190 (0x5e02c357) vmv.v.x v6, x5
core   0: 3 0x80000190 (0x5e02c357) c8_vstart 0x00000000 e32 m1 l32 v6  ffffffff 0x3f800000 3f800000 3f800000 3f800000 3f800000 3f800000 3f800000 3f800000 3f800000 3f800000 3f800000 3f800000 3f800000 3f800000 3f800000 3f800000 3f800000 3f800000 3f800000 3f800000 3f800000 3f800000 3f800000 3f800000 3f800000 3f800000 3f800000 3f800000 3f800000 3f800000 3f800000 3f800000 
core   0: 0x80000194 (0x925312d7) vfmul.vv v5, v5, v6
core   0: 3 0x80000194 (0x925312d7) c8_vstart 0x00000000 e32 m1 l32 v5  ffffffff 0x42a1f90c 4298633d 41dfe02d 4292ce35 41315ff9 41d1d39b 420786d9 42ac8837 42996900 40310ec2 418b821a 4223c03e 42965d0d 41953b39 42a1f90c 4298633d 41dfe02d 4292ce35 41315ff9 41d1d39b 420786d9 42ac8837 42996900 40310ec2 418b821a 4223c03e 42965d0d 41953b39 42a1f90c 4298633d 41dfe02d 4292ce35 
core   0: 0x80000198 (0x0200b357) vadd.vi v6, v0, 1
core   0: 3 0x80000198 (0x0200b357) c8_vstart 0x00000000 e32 m1 l32 v6  ffffffff 0x00000085 00000084 00000083 00000082 0000008f 0000008e 0000008d 0000008c 0000008b 0000008a 00000089 00000088 00000087 00000086 00000085 00000084 00000083 00000082 0000008f 0000008e 0000008d 0000008c 0000008b 0000008a 00000089 00000088 00000087 00000086 00000085 00000084 00000083 00000082 
core   0: 0x8000019c (0x0a6083d7) vsub.vv v7, v6, v1
core   0: 3 0x8000019c (0x0a6083d7) c8_vstart 0x00000000 e32 m1 l32 v7  ffffffff 0x00000075 00000074 00000073 00000072 0000007f 0000007e 0000007d 0000007c 0000007b 0000007a 00000079 00000078 00000077 00000076 00000075 00000074 00000073 00000072 0000007f 0000007e 0000007d 0000007c 0000007b 0000007a 00000079 00000078 00000077 00000076 00000075 00000074 00000073 00000072 
core   0: 0x800001a0 (0x967133d7) vsll.vi v7, v7, 2
core   0: 3 0x800001a0 (0x967133d7) c8_vstart 0x00000000 e32 m1 l32 v7  ffffffff 0x000001d4 000001d0 000001cc 000001c8 000001fc 000001f8 000001f4 000001f0 000001ec 000001e8 000001e4 000001e0 000001dc 000001d8 000001d4 000001d0 000001cc 000001c8 000001fc 000001f8 000001f4 000001f0 000001ec 000001e8 000001e4 000001e0 000001dc 000001d8 000001d4 000001d0 000001cc 000001c8 
core   0: 0x800001a4 (0x024383d7) vadd.vv v7, v4, v7
core   0: 3 0x800001a4 (0x024383d7) c8_vstart 0x00000000 e32 m1 l32 v7  ffffffff 0x900001d4 900001d0 900001cc 900001c8 900001fc 900001f8 900001f4 900001f0 900001ec 900001e8 900001e4 900001e0 900001dc 900001d8 900001d4 900001d0 900001cc 900001c8 900001fc 900001f8 900001f4 900001f0 900001ec 900001e8 900001e4 900001e0 900001dc 900001d8 900001d4 900001d0 900001cc 900001c8 
core   0: 0x800001a8 (0x0003a3fb) vlw12.v v7, v7, 0
core   0: 3 0x800001a8 (0x0003a3fb) e32 m1 l32 v7  ffffffff 0x41953b39 42a1f90c 4298633d 41dfe02d 4231b83a 41315ff9 41d1d39b 420786d9 42ac8837 42996900 40310ec2 418b821a 4223c03e 42965d0d 41953b39 42a1f90c 4298633d 41dfe02d 4231b83a 41315ff9 41d1d39b 420786d9 42ac8837 42996900 40310ec2 418b821a 4223c03e 42965d0d 41953b39 42a1f90c 4298633d 41dfe02d  c8_vstart 0x00000000 mem 0x900001c8 mem 0x900001cc mem 0x900001d0 mem 0x900001d4 mem 0x900001d8 mem 0x900001dc mem 0x900001e0 mem 0x900001e4 mem 0x900001e8 mem 0x900001ec mem 0x900001f0 mem 0x900001f4 mem 0x900001f8 mem 0x900001fc mem 0x900001c8 mem 0x900001cc mem 0x900001d0 mem 0x900001d4 mem 0x900001d8 mem 0x900001dc mem 0x900001e0 mem 0x900001e4 mem 0x900001e8 mem 0x900001ec mem 0x900001f0 mem 0x900001f4 mem 0x900001f8 mem 0x900001fc mem 0x900001c8 mem 0x900001cc mem 0x900001d0 mem 0x900001d4
core   0: 0x800001ac (0x96213457) vsll.vi v8, v2, 2
core   0: 3 0x800001ac (0x96213457) c8_vstart 0x00000000 e32 m1 l32 v8  ffffffff 0x0000020c 00000208 00000204 00000200 00000234 00000230 0000022c 00000228 00000224 00000220 0000021c 00000218 00000214 00000210 0000020c 00000208 00000204 00000200 00000234 00000230 0000022c 00000228 00000224 00000220 0000021c 00000218 00000214 00000210 0000020c 00000208 00000204 00000200 
core   0: 0x800001b0 (0x02440457) vadd.vv v8, v4, v8
core   0: 3 0x800001b0 (0x02440457) c8_vstart 0x00000000 e32 m1 l32 v8  ffffffff 0x9000020c 90000208 90000204 90000200 90000234 90000230 9000022c 90000228 90000224 90000220 9000021c 90000218 90000214 90000210 9000020c 90000208 90000204 90000200 90000234 90000230 9000022c 90000228 90000224 90000220 9000021c 90000218 90000214 90000210 9000020c 90000208 90000204 90000200 
core   0: 0x800001b4 (0x0004247b) vlw12.v v8, v8, 0
core   0: 3 0x800001b4 (0x0004247b) e32 m1 l32 v8  ffffffff 0x41b933f0 429e3377 4180afa1 42b9717e 4239eb52 42472a00 426adc88 4124fb9d 422701dc 42c4d950 422076b0 41fb31f0 42b9d25e 411ff4a8 41b933f0 429e3377 4180afa1 42b9717e 4239eb52 42472a00 426adc88 4124fb9d 422701dc 42c4d950 422076b0 41fb31f0 42b9d25e 411ff4a8 41b933f0 429e3377 4180afa1 42b9717e  c8_vstart 0x00000000 mem 0x90000200 mem 0x90000204 mem 0x90000208 mem 0x9000020c mem 0x90000210 mem 0x90000214 mem 0x90000218 mem 0x9000021c mem 0x90000220 mem 0x90000224 mem 0x90000228 mem 0x9000022c mem 0x90000230 mem 0x90000234 mem 0x90000200 mem 0x90000204 mem 0x90000208 mem 0x9000020c mem 0x90000210 mem 0x90000214 mem 0x90000218 mem 0x9000021c mem 0x90000220 mem 0x90000224 mem 0x90000228 mem 0x9000022c mem 0x90000230 mem 0x90000234 mem 0x90000200 mem 0x90000204 mem 0x90000208 mem 0x9000020c
core   0: 0x800001b8 (0x960134d7) vsll.vi v9, v0, 2
core   0: 3 0x800001b8 (0x960134d7) c8_vstart 0x00000000 e32 m1 l32 v9  ffffffff 0x00000210 0000020c 00000208 00000204 00000238 00000234 00000230 0000022c 00000228 00000224 00000220 0000021c 00000218 00000214 00000210 0000020c 00000208 00000204 00000238 00000234 00000230 0000022c 00000228 00000224 00000220 0000021c 00000218 00000214 00000210 0000020c 00000208 00000204 
core   0: 0x800001bc (0x02448557) vadd.vv v10, v4, v9
core   0: 3 0x800001bc (0x02448557) c8_vstart 0x00000000 e32 m1 l32 v10 ffffffff 0x90000210 9000020c 90000208 90000204 90000238 90000234 90000230 9000022c 90000228 90000224 90000220 9000021c 90000218 90000214 90000210 9000020c 90000208 90000204 90000238 90000234 90000230 9000022c 90000228 90000224 90000220 9000021c 90000218 90000214 90000210 9000020c 90000208 90000204 
core   0: 0x800001c0 (0x0005257b) vlw12.v v10, v10, 0
core   0: 3 0x800001c0 (0x0005257b) e32 m1 l32 v10 ffffffff 0x411ff4a8 41b933f0 429e3377 4180afa1 4221404c 4239eb52 42472a00 426adc88 4124fb9d 422701dc 42c4d950 422076b0 41fb31f0 42b9d25e 411ff4a8 41b933f0 429e3377 4180afa1 4221404c 4239eb52 42472a00 426adc88 4124fb9d 422701dc 42c4d950 422076b0 41fb31f0 42b9d25e 411ff4a8 41b933f0 429e3377 4180afa1  c8_vstart 0x00000000 mem 0x90000204 mem 0x90000208 mem 0x9000020c mem 0x90000210 mem 0x90000214 mem 0x90000218 mem 0x9000021c mem 0x90000220 mem 0x90000224 mem 0x90000228 mem 0x9000022c mem 0x90000230 mem 0x90000234 mem 0x90000238 mem 0x90000204 mem 0x90000208 mem 0x9000020c mem 0x90000210 mem 0x90000214 mem 0x90000218 mem 0x9000021c mem 0x90000220 mem 0x90000224 mem 0x90000228 mem 0x9000022c mem 0x90000230 mem 0x90000234 mem 0x90000238 mem 0x90000204 mem 0x90000208 mem 0x9000020c mem 0x90000210
core   0: 0x800001c4 (0x966135d7) vsll.vi v11, v6, 2
core   0: 3 0x800001c4 (0x966135d7) c8_vstart 0x00000000 e32 m1 l32 v11 ffffffff 0x00000214 00000210 0000020c 00000208 0000023c 00000238 00000234 00000230 0000022c 00000228 00000224 00000220 0000021c 00000218 00000214 00000210 0000020c 00000208 0000023c 00000238 00000234 00000230 0000022c 00000228 00000224 00000220 0000021c 00000218 00000214 00000210 0000020c 00000208 
core   0: 0x800001c8 (0x024585d7) vadd.vv v11, v4, v11
core   0: 3 0x800001c8 (0x024585d7) c8_vstart 0x00000000 e32 m1 l32 v11 ffffffff 0x90000214 90000210 9000020c 90000208 9000023c 90000238 90000234 90000230 9000022c 90000228 90000224 90000220 9000021c 90000218 90000214 90000210 9000020c 90000208 9000023c 90000238 90000234 90000230 9000022c 90000228 90000224 90000220 9000021c 90000218 90000214 90000210 9000020c 90000208 
core   0: 0x800001cc (0x0005a5fb) vlw12.v v11, v11, 0
core   0: 3 0x800001cc (0x0005a5fb) e32 m1 l32 v11 ffffffff 0x42b9d25e 411ff4a8 41b933f0 429e3377 41a5ee82 4221404c 4239eb52 42472a00 426adc88 4124fb9d 422701dc 42c4d950 422076b0 41fb31f0 42b9d25e 411ff4a8 41b933f0 429e3377 41a5ee82 4221404c 4239eb52 42472a00 426adc88 4124fb9d 422701dc 42c4d950 422076b0 41fb31f0 42b9d25e 411ff4a8 41b933f0 429e3377  c8_vstart 0x00000000 mem 0x90000208 mem 0x9000020c mem 0x90000210 mem 0x90000214 mem 0x90000218 mem 0x9000021c mem 0x90000220 mem 0x90000224 mem 0x90000228 mem 0x9000022c mem 0x90000230 mem 0x90000234 mem 0x90000238 mem 0x9000023c mem 0x90000208 mem 0x9000020c mem 0x90000210 mem 0x90000214 mem 0x90000218 mem 0x9000021c mem 0x90000220 mem 0x90000224 mem 0x90000228 mem 0x9000022c mem 0x90000230 mem 0x90000234 mem 0x90000238 mem 0x9000023c mem 0x90000208 mem 0x9000020c mem 0x90000210 mem 0x90000214
core   0: 0x800001d0 (0x02208157) vadd.vv v2, v2, v1
core   0: 3 0x800001d0 (0x02208157) c8_vstart 0x00000000 e32 m1 l32 v2  ffffffff 0x00000093 00000092 00000091 00000090 0000009d 0000009c 0000009b 0000009a 00000099 00000098 00000097 00000096 00000095 00000094 00000093 00000092 00000091 00000090 0000009d 0000009c 0000009b 0000009a 00000099 00000098 00000097 00000096 00000095 00000094 00000093 00000092 00000091 00000090 
core   0: 0x800001d4 (0x96213157) vsll.vi v2, v2, 2
core   0: 3 0x800001d4 (0x96213157) c8_vstart 0x00000000 e32 m1 l32 v2  ffffffff 0x0000024c 00000248 00000244 00000240 00000274 00000270 0000026c 00000268 00000264 00000260 0000025c 00000258 00000254 00000250 0000024c 00000248 00000244 00000240 00000274 00000270 0000026c 00000268 00000264 00000260 0000025c 00000258 00000254 00000250 0000024c 00000248 00000244 00000240 
core   0: 0x800001d8 (0x02410157) vadd.vv v2, v4, v2
core   0: 3 0x800001d8 (0x02410157) c8_vstart 0x00000000 e32 m1 l32 v2  ffffffff 0x9000024c 90000248 90000244 90000240 90000274 90000270 9000026c 90000268 90000264 90000260 9000025c 90000258 90000254 90000250 9000024c 90000248 90000244 90000240 90000274 90000270 9000026c 90000268 90000264 90000260 9000025c 90000258 90000254 90000250 9000024c 90000248 90000244 90000240 
core   0: 0x800001dc (0x0001217b) vlw12.v v2, v2, 0
core   0: 3 0x800001dc (0x0001217b) e32 m1 l32 v2  ffffffff 0x3f5e7506 42c1dede 42889831 419f0f77 3fdeef26 4232f5e0 410c3e6c 42b54fbe 41941825 4295c461 408c7861 42273a12 42903beb 42ade6ff 3f5e7506 42c1dede 42889831 419f0f77 3fdeef26 4232f5e0 410c3e6c 42b54fbe 41941825 4295c461 408c7861 42273a12 42903beb 42ade6ff 3f5e7506 42c1dede 42889831 419f0f77  c8_vstart 0x00000000 mem 0x90000240 mem 0x90000244 mem 0x90000248 mem 0x9000024c mem 0x90000250 mem 0x90000254 mem 0x90000258 mem 0x9000025c mem 0x90000260 mem 0x90000264 mem 0x90000268 mem 0x9000026c mem 0x90000270 mem 0x90000274 mem 0x90000240 mem 0x90000244 mem 0x90000248 mem 0x9000024c mem 0x90000250 mem 0x90000254 mem 0x90000258 mem 0x9000025c mem 0x90000260 mem 0x90000264 mem 0x90000268 mem 0x9000026c mem 0x90000270 mem 0x90000274 mem 0x90000240 mem 0x90000244 mem 0x90000248 mem 0x9000024c
core   0: 0x800001e0 (0x02008057) vadd.vv v0, v0, v1
core   0: 3 0x800001e0 (0x02008057) c8_vstart 0x00000000 e32 m1 l32 v0  ffffffff 0x00000094 00000093 00000092 00000091 0000009e 0000009d 0000009c 0000009b 0000009a 00000099 00000098 00000097 00000096 00000095 00000094 00000093 00000092 00000091 0000009e 0000009d 0000009c 0000009b 0000009a 00000099 00000098 00000097 00000096 00000095 00000094 00000093 00000092 00000091 
core   0: 0x800001e4 (0x96013057) vsll.vi v0, v0, 2
core   0: 3 0x800001e4 (0x96013057) c8_vstart 0x00000000 e32 m1 l32 v0  ffffffff 0x00000250 0000024c 00000248 00000244 00000278 00000274 00000270 0000026c 00000268 00000264 00000260 0000025c 00000258 00000254 00000250 0000024c 00000248 00000244 00000278 00000274 00000270 0000026c 00000268 00000264 00000260 0000025c 00000258 00000254 00000250 0000024c 00000248 00000244 
core   0: 0x800001e8 (0x02400057) vadd.vv v0, v4, v0
core   0: 3 0x800001e8 (0x02400057) c8_vstart 0x00000000 e32 m1 l32 v0  ffffffff 0x90000250 9000024c 90000248 90000244 90000278 90000274 90000270 9000026c 90000268 90000264 90000260 9000025c 90000258 90000254 90000250 9000024c 90000248 90000244 90000278 90000274 90000270 9000026c 90000268 90000264 90000260 9000025c 90000258 90000254 90000250 9000024c 90000248 90000244 
core   0: 0x800001ec (0x0000207b) vlw12.v v0, v0, 0
core   0: 3 0x800001ec (0x0000207b) e32 m1 l32 v0  ffffffff 0x42ade6ff 3f5e7506 42c1dede 42889831 4254c7d5 3fdeef26 4232f5e0 410c3e6c 42b54fbe 41941825 4295c461 408c7861 42273a12 42903beb 42ade6ff 3f5e7506 42c1dede 42889831 4254c7d5 3fdeef26 4232f5e0 410c3e6c 42b54fbe 41941825 4295c461 408c7861 42273a12 42903beb 42ade6ff 3f5e7506 42c1dede 42889831  c8_vstart 0x00000000 mem 0x90000244 mem 0x90000248 mem 0x9000024c mem 0x90000250 mem 0x90000254 mem 0x90000258 mem 0x9000025c mem 0x90000260 mem 0x90000264 mem 0x90000268 mem 0x9000026c mem 0x90000270 mem 0x90000274 mem 0x90000278 mem 0x90000244 mem 0x90000248 mem 0x9000024c mem 0x90000250 mem 0x90000254 mem 0x90000258 mem 0x9000025c mem 0x90000260 mem 0x90000264 mem 0x90000268 mem 0x9000026c mem 0x90000270 mem 0x90000274 mem 0x90000278 mem 0x90000244 mem 0x90000248 mem 0x9000024c mem 0x90000250
core   0: 0x800001f0 (0x026080d7) vadd.vv v1, v6, v1
core   0: 3 0x800001f0 (0x026080d7) c8_vstart 0x00000000 e32 m1 l32 v1  ffffffff 0x00000095 00000094 00000093 00000092 0000009f 0000009e 0000009d 0000009c 0000009b 0000009a 00000099 00000098 00000097 00000096 00000095 00000094 00000093 00000092 0000009f 0000009e 0000009d 0000009c 0000009b 0000009a 00000099 00000098 00000097 00000096 00000095 00000094 00000093 00000092 
core   0: 0x800001f4 (0x961130d7) vsll.vi v1, v1, 2
core   0: 3 0x800001f4 (0x961130d7) c8_vstart 0x00000000 e32 m1 l32 v1  ffffffff 0x00000254 00000250 0000024c 00000248 0000027c 00000278 00000274 00000270 0000026c 00000268 00000264 00000260 0000025c 00000258 00000254 00000250 0000024c 00000248 0000027c 00000278 00000274 00000270 0000026c 00000268 00000264 00000260 0000025c 00000258 00000254 00000250 0000024c 00000248 
core   0: 0x800001f8 (0x024080d7) vadd.vv v1, v4, v1
core   0: 3 0x800001f8 (0x024080d7) c8_vstart 0x00000000 e32 m1 l32 v1  ffffffff 0x90000254 90000250 9000024c 90000248 9000027c 90000278 90000274 90000270 9000026c 90000268 90000264 90000260 9000025c 90000258 90000254 90000250 9000024c 90000248 9000027c 90000278 90000274 90000270 9000026c 90000268 90000264 90000260 9000025c 90000258 90000254 90000250 9000024c 90000248 
core   0: 0x800001fc (0x0000a0fb) vlw12.v v1, v1, 0
core   0: 3 0x800001fc (0x0000a0fb) e32 m1 l32 v1  ffffffff 0x42903beb 42ade6ff 3f5e7506 42c1dede 4215d8dc 4254c7d5 3fdeef26 4232f5e0 410c3e6c 42b54fbe 41941825 4295c461 408c7861 42273a12 42903beb 42ade6ff 3f5e7506 42c1dede 4215d8dc 4254c7d5 3fdeef26 4232f5e0 410c3e6c 42b54fbe 41941825 4295c461 408c7861 42273a12 42903beb 42ade6ff 3f5e7506 42c1dede  c8_vstart 0x00000000 mem 0x90000248 mem 0x9000024c mem 0x90000250 mem 0x90000254 mem 0x90000258 mem 0x9000025c mem 0x90000260 mem 0x90000264 mem 0x90000268 mem 0x9000026c mem 0x90000270 mem 0x90000274 mem 0x90000278 mem 0x9000027c mem 0x90000248 mem 0x9000024c mem 0x90000250 mem 0x90000254 mem 0x90000258 mem 0x9000025c mem 0x90000260 mem 0x90000264 mem 0x90000268 mem 0x9000026c mem 0x90000270 mem 0x90000274 mem 0x90000278 mem 0x9000027c mem 0x90000248 mem 0x9000024c mem 0x90000250 mem 0x90000254
core   0: 0x80000200 (0xfdc12283) lw      x5, -36(x2)
core   0: 3 0x80000200 (0xfdc12283) x5  0x3f800000 mem 0x70000010
core   0: 0x80000204 (0x5e02c257) vmv.v.x v4, x5
core   0: 3 0x80000204 (0x5e02c257) c8_vstart 0x00000000 e32 m1 l32 v4  ffffffff 0x3f800000 3f800000 3f800000 3f800000 3f800000 3f800000 3f800000 3f800000 3f800000 3f800000 3f800000 3f800000 3f800000 3f800000 3f800000 3f800000 3f800000 3f800000 3f800000 3f800000 3f800000 3f800000 3f800000 3f800000 3f800000 3f800000 3f800000 3f800000 3f800000 3f800000 3f800000 3f800000 
core   0: 0x80000208 (0xa25211d7) vfmadd.vv v3, v5, v4
core   0: 3 0x80000208 (0xa25211d7) c8_vstart 0x00000000 c1_fflags 0x00000001 e32 m1 l32 v3  ffffffff 0x431d2e24 42d05b48 42cac640 43105a6a 421541cc 427070a6 42f04ba4 4322f89c 429ef176 41a1a3f2 4269814b 42e83d2c 42bbabdb 42c747da 431d2e24 42d05b48 42cac640 43105a6a 421541cc 427070a6 42f04ba4 4322f89c 429ef176 41a1a3f2 4269814b 42e83d2c 42bbabdb 42c747da 431d2e24 42d05b48 42cac640 43105a6a 
core   0: 0x8000020c (0xfe012283) lw      x5, -32(x2)
core   0: 3 0x8000020c (0xfe012283) x5  0x3f800000 mem 0x70000014
core   0: 0x80000210 (0x5e02c257) vmv.v.x v4, x5
core   0: 3 0x80000210 (0x5e02c257) c8_vstart 0x00000000 e32 m1 l32 v4  ffffffff 0x3f800000 3f800000 3f800000 3f800000 3f800000 3f800000 3f800000 3f800000 3f800000 3f800000 3f800000 3f800000 3f800000 3f800000 3f800000 3f800000 3f800000 3f800000 3f800000 3f800000 3f800000 3f800000 3f800000 3f800000 3f800000 3f800000 3f800000 3f800000 3f800000 3f800000 3f800000 3f800000 
core   0: 0x80000214 (0xa23213d7) vfmadd.vv v7, v3, v4
core   0: 3 0x80000214 (0xa23213d7) c8_vstart 0x00000000 c1_fflags 0x00000001 e32 m1 l32 v7  ffffffff 0x432fd58b 43392a2a 433194be 432c5670 42a37d03 428e6452 43126045 4344da52 4325bcd6 42c1d1fc 42749237 43058ed9 4306c5fd 432ed274 432fd58b 43392a2a 433194be 432c5670 42a37d03 428e6452 43126045 4344da52 4325bcd6 42c1d1fc 42749237 43058ed9 4306c5fd 432ed274 432fd58b 43392a2a 433194be 432c5670 
core   0: 0x80000218 (0xfe412283) lw      x5, -28(x2)
core   0: 3 0x80000218 (0xfe412283) x5  0x3f800000 mem 0x70000018
core   0: 0x8000021c (0x5e02c1d7) vmv.v.x v3, x5
core   0: 3 0x8000021c (0x5e02c1d7) c8_vstart 0x00000000 e32 m1 l32 v3  ffffffff 0x3f800000 3f800000 3f800000 3f800000 3f800000 3f800000 3f800000 3f800000 3f800000 3f800000 3f800000 3f800000 3f800000 3f800000 3f800000 3f800000 3f800000 3f800000 3f800000 3f800000 3f800000 3f800000 3f800000 3f800000 3f800000 3f800000 3f800000 3f800000 3f800000 3f800000 3f800000 3f800000 
core   0: 0x80000220 (0xa2719457) vfmadd.vv v8, v7, v3
core   0: 3 0x80000220 (0xa2719457) c8_vstart 0x00000000 c1_fflags 0x00000001 e32 m1 l32 v8  ffffffff 0x4346fc09 438421f3 4341aab2 43848798 43003956 42f1f952 434d1767 434f2a0c 434f7d4d 434355a6 42ca8474 4324f517 4363af2c 4338d1be 4346fc09 438421f3 4341aab2 43848798 43003956 42f1f952 434d1767 434f2a0c 434f7d4d 434355a6 42ca8474 4324f517 4363af2c 4338d1be 4346fc09 438421f3 4341aab2 43848798 
core   0: 0x80000224 (0xfe812283) lw      x5, -24(x2)
core   0: 3 0x80000224 (0xfe812283) x5  0x3f800000 mem 0x7000001c
core   0: 0x80000228 (0x5e02c1d7) vmv.v.x v3, x5
core   0: 3 0x80000228 (0x5e02c1d7) c8_vstart 0x00000000 e32 m1 l32 v3  ffffffff 0x3f800000 3f800000 3f800000 3f800000 3f800000 3f800000 3f800000 3f800000 3f800000 3f800000 3f800000 3f800000 3f800000 3f800000 3f800000 3f800000 3f800000 3f800000 3f800000 3f800000 3f800000 3f800000 3f800000 3f800000 3f800000 3f800000 3f800000 3f800000 3f800000 3f800000 3f800000 3f800000 
core   0: 0x8000022c (0xa2819557) vfmadd.vv v10, v8, v3
core   0: 3 0x8000022c (0xa2819557) c8_vstart 0x00000000 c1_fflags 0x00000001 e32 m1 l32 v10 ffffffff 0x4350fb54 438fb532 43886237 438c9292 43288969 4327777e 437ee1e7 4384f097 4359cd07 436d161d 4347aee2 434d12c3 43818ab5 438add76 4350fb54 438fb532 43886237 438c9292 43288969 4327777e 437ee1e7 4384f097 4359cd07 436d161d 4347aee2 434d12c3 43818ab5 438add76 4350fb54 438fb532 43886237 438c9292 
core   0: 0x80000230 (0xfec12283) lw      x5, -20(x2)
core   0: 3 0x80000230 (0xfec12283) x5  0x3f800000 mem 0x70000020
core   0: 0x80000234 (0x5e02c1d7) vmv.v.x v3, x5
core   0: 3 0x80000234 (0x5e02c1d7) c8_vstart 0x00000000 e32 m1 l32 v3  ffffffff 0x3f800000 3f800000 3f800000 3f800000 3f800000 3f800000 3f800000 3f800000 3f800000 3f800000 3f800000 3f800000 3f800000 3f800000 3f800000 3f800000 3f800000 3f800000 3f800000 3f800000 3f800000 3f800000 3f800000 3f800000 3f800000 3f800000 3f800000 3f800000 3f800000 3f800000 3f800000 3f800000 
core   0: 0x80000238 (0xa2a195d7) vfmadd.vv v11, v10, v3
core   0: 3 0x80000238 (0xa2a195d7) c8_vstart 0x00000000 c1_fflags 0x00000001 e32 m1 l32 v11 ffffffff 0x4396f242 4394b4d7 4393f576 43b41f70 433d4739 434fc791 4396ae5e 439dd5d7 438a4214 437765d7 43716f59 4397bfb6 4395998b 439a9095 4396f242 4394b4d7 4393f576 43b41f70 433d4739 434fc791 4396ae5e 439dd5d7 438a4214 437765d7 43716f59 4397bfb6 4395998b 439a9095 4396f242 4394b4d7 4393f576 43b41f70 
core   0: 0x8000023c (0xff012283) lw      x5, -16(x2)
core   0: 3 0x8000023c (0xff012283) x5  0x3f800000 mem 0x70000024
core   0: 0x80000240 (0x5e02c1d7) vmv.v.x v3, x5
core   0: 3 0x80000240 (0x5e02c1d7) c8_vstart 0x00000000 e32 m1 l32 v3  ffffffff 0x3f800000 3f800000 3f800000 3f800000 3f800000 3f800000 3f800000 3f800000 3f800000 3f800000 3f800000 3f800000 3f800000 3f800000 3f800000 3f800000 3f800000 3f800000 3f800000 3f800000 3f800000 3f800000 3f800000 3f800000 3f800000 3f800000 3f800000 3f800000 3f800000 3f800000 3f800000 3f800000 
core   0: 0x80000244 (0xa2b19157) vfmadd.vv v2, v11, v3
core   0: 3 0x80000244 (0xa2b19157) c8_vstart 0x00000000 c1_fflags 0x00000001 e32 m1 l32 v2  ffffffff 0x4397617d 43c52c8e 43b61b82 43be1067 433f0517 437c8509 439b1051 43cb29c6 43938396 43a12404 4375d31c 43aca6f8 43b9a886 43c60a55 4397617d 43c52c8e 43b61b82 43be1067 433f0517 437c8509 439b1051 43cb29c6 43938396 43a12404 4375d31c 43aca6f8 43b9a886 43c60a55 4397617d 43c52c8e 43b61b82 43be1067 
core   0: 0x80000248 (0xff412283) lw      x5, -12(x2)
core   0: 3 0x80000248 (0xff412283) x5  0x3f800000 mem 0x70000028
core   0: 0x8000024c (0x5e02c1d7) vmv.v.x v3, x5
core   0: 3 0x8000024c (0x5e02c1d7) c8_vstart 0x00000000 e32 m1 l32 v3  ffffffff 0x3f800000 3f800000 3f800000 3f800000 3f800000 3f800000 3f800000 3f800000 3f800000 3f800000 3f800000 3f800000 3f800000 3f800000 3f800000 3f800000 3f800000 3f800000 3f800000 3f800000 3f800000 3f800000 3f800000 3f800000 3f800000 3f800000 3f800000 3f800000 3f800000 3f800000 3f800000 3f800000 
core   0: 0x80000250 (0xa2219057) vfmadd.vv v0, v2, v3
core   0: 3 0x80000250 (0xa2219057) c8_vstart 0x00000000 c1_fflags 0x00000001 e32 m1 l32 v0  ffffffff 0x43c2db3d 43c59bc9 43e6933a 43e03673 4374370c 437e42e7 43b16f0d 43cf8bb9 43c0d786 43aa6586 43a05aa6 43aed8da 43ce8fc8 43ea1950 43c2db3d 43c59bc9 43e6933a 43e03673 4374370c 437e42e7 43b16f0d 43cf8bb9 43c0d786 43aa6586 43a05aa6 43aed8da 43ce8fc8 43ea1950 43c2db3d 43c59bc9 43e6933a 43e03673 
core   0: 0x80000254 (0xff812283) lw      x5, -8(x2)
core   0: 3 0x80000254 (0xff812283) x5  0x3f800000 mem 0x7000002c
core   0: 0x80000258 (0x5e02c157) vmv.v.x v2, x5
core   0: 3 0x80000258 (0x5e02c157) c8_vstart 0x00000000 e32 m1 l32 v2  ffffffff 0x3f800000 3f800000 3f800000 3f800000 3f800000 3f800000 3f800000 3f800000 3f800000 3f800000 3f800000 3f800000 3f800000 3f800000 3f800000 3f800000 3f800000 3f800000 3f800000 3f800000 3f800000 3f800000 3f800000 3f800000 3f800000 3f800000 3f800000 3f800000 3f800000 3f800000 3f800000 3f800000 
core   0: 0x8000025c (0xa20110d7) vfmadd.vv v1, v0, v2
core   0: 3 0x8000025c (0xa20110d7) c8_vstart 0x00000000 c1_fflags 0x00000001 e32 m1 l32 v1  ffffffff 0x43e6ea38 43f11589 43e70275 44085715 438cd6a2 4399ba6e 43b24dfc 43e5ea75 43c53979 43d7b976 43a99c28 43d449f2 43d0c1aa 43ff0092 43e6ea38 43f11589 43e70275 44085715 438cd6a2 4399ba6e 43b24dfc 43e5ea75 43c53979 43d7b976 43a99c28 43d449f2 43d0c1aa 43ff0092 43e6ea38 43f11589 43e70275 44085715 
core   0: 0x80000260 (0xffc12283) lw      x5, -4(x2)
core   0: 3 0x80000260 (0xffc12283) x5  0x90001000 mem 0x70000030
core   0: 0x80000264 (0x0292c057) vadd.vx v0, v9, x5
core   0: 3 0x80000264 (0x0292c057) c8_vstart 0x00000000 e32 m1 l32 v0  ffffffff 0x90001210 9000120c 90001208 90001204 90001238 90001234 90001230 9000122c 90001228 90001224 90001220 9000121c 90001218 90001214 90001210 9000120c 90001208 90001204 90001238 90001234 90001230 9000122c 90001228 90001224 90001220 9000121c 90001218 90001214 90001210 9000120c 90001208 90001204 
core   0: 0x80000268 (0x0010607b) vsw12.v v1, v0, 0
core   0: 3 0x80000268 (0x0010607b) c8_vstart 0x00000000 e32 m1 l32 mem 0x90001204 0x44085715 mem 0x90001208 0x43e70275 mem 0x9000120c 0x43f11589 mem 0x90001210 0x43e6ea38 mem 0x90001214 0x43ff0092 mem 0x90001218 0x43d0c1aa mem 0x9000121c 0x43d449f2 mem 0x90001220 0x43a99c28 mem 0x90001224 0x43d7b976 mem 0x90001228 0x43c53979 mem 0x9000122c 0x43e5ea75 mem 0x90001230 0x43b24dfc mem 0x90001234 0x4399ba6e mem 0x90001238 0x438cd6a2 mem 0x90001204 0x44085715 mem 0x90001208 0x43e70275 mem 0x9000120c 0x43f11589 mem 0x90001210 0x43e6ea38 mem 0x90001214 0x43ff0092 mem 0x90001218 0x43d0c1aa mem 0x9000121c 0x43d449f2 mem 0x90001220 0x43a99c28 mem 0x90001224 0x43d7b976 mem 0x90001228 0x43c53979 mem 0x9000122c 0x43e5ea75 mem 0x90001230 0x43b24dfc mem 0x90001234 0x4399ba6e mem 0x90001238 0x438cd6a2 mem 0x90001204 0x44085715 mem 0x90001208 0x43e70275 mem 0x9000120c 0x43f11589 mem 0x90001210 0x43e6ea38
core   0: 0x8000026c (0xfcc12083) lw      x1, -52(x2)
core   0: 3 0x8000026c (0xfcc12083) x1  0x800000a0 mem 0x70000000
core   0: 0x80000270 (0x0090200b) regext  x0, x0,  0 0 1 1 
core   0: 3 0x80000270 (0x0090200b)
core   0: 0x80000274 (0x7fc020ab) vlw.v   v1, x0, -4
core   0: 3 0x80000274 (0x7fc020ab) e32 m1 l32 v33 ffffffff 0x00000000 00000000 00000000 00000000 00000000 00000000 00000000 00000000 00000000 00000000 00000000 00000000 00000000 00000000 00000000 00000000 00000000 00000000 00000000 00000000 00000000 00000000 00000000 00000000 00000000 00000000 00000000 00000000 00000000 00000000 00000000 00000000  c8_vstart 0x00000000 mem 0x90003000 mem 0x90003004 mem 0x90003008 mem 0x9000300c mem 0x90003010 mem 0x90003014 mem 0x90003018 mem 0x9000301c mem 0x90003020 mem 0x90003024 mem 0x90003028 mem 0x9000302c mem 0x90003030 mem 0x90003034 mem 0x90003038 mem 0x9000303c mem 0x90003040 mem 0x90003044 mem 0x90003048 mem 0x9000304c mem 0x90003050 mem 0x90003054 mem 0x90003058 mem 0x9000305c mem 0x90003060 mem 0x90003064 mem 0x90003068 mem 0x9000306c mem 0x90003070 mem 0x90003074 mem 0x90003078 mem 0x9000307c
core   0: 0x80000278 (0xfcc10113) addi    x2, x2, -52
core   0: 3 0x80000278 (0xfcc10113) x2  0x70000000
core   0: 0x8000027c (0xffc20213) addi    x4, x4, -4
core   0: 3 0x8000027c (0xffc20213) x4  0x00000000
core   0: 0x80000280 (0x0010200b) regext  x0, x0,  0 0 0 1 
core   0: 3 0x80000280 (0x0010200b)
core   0: 0x80000284 (0x5e024057) vmv.v.x v0, x4
core   0: 3 0x80000284 (0x5e024057) c8_vstart 0x00000000 e32 m1 l32 v32 ffffffff 0x00000000 00000000 00000000 00000000 00000000 00000000 00000000 00000000 00000000 00000000 00000000 00000000 00000000 00000000 00000000 00000000 00000000 00000000 00000000 00000000 00000000 00000000 00000000 00000000 00000000 00000000 00000000 00000000 00000000 00000000 00000000 00000000 
core   0: 0x80000288 (0x00008067) ret
core   0: 3 0x80000288 (0x00008067)
core   0: 0x800000a0 (0x0000400b) endprg  x0, x0, x0
core   0: 3 0x800000a0 (0x0000400b)
core   0: 0x800000a4 (0x0040006f) j       pc + 0x4
core   0: 3 0x800000a4 (0x0040006f)
core   0: 0x800000a8 (0x00100313) li      x6, 1
core   0: 3 0x800000a8 (0x00100313) x6  0x00000001
core   0: 0x800000ac (0x00001297) auipc   x5, 0x1
core   0: 3 0x800000ac (0x00001297) x5  0x800010ac
core   0: 0x800000b0 (0xf5428293) addi    x5, x5, -172
core   0: 3 0x800000b0 (0xf5428293) x5  0x80001000
core   0: 0x800000b4 (0x0062a023) sw      x6, 0(x5)
core   0: 3 0x800000b4 (0x0062a023) mem 0x80001000 0x00000001
core   0: 0x00001000 (0x00000297) auipc   x5, 0x0
core   0: 3 0x00001000 (0x00000297) x5  0x00001000
core   0: 0x00001004 (0x02028593) addi    x11, x5, 32
core   0: 3 0x00001004 (0x02028593) x11 0x00001020
core   0: 0x00001008 (0xf1402573) csrr    x10, mhartid
core   0: 3 0x00001008 (0xf1402573) x10 0x00000000
core   0: 0x0000100c (0x0182a283) lw      x5, 24(x5)
core   0: 3 0x0000100c (0x0182a283) x5  0x80000000 mem 0x00001018
core   0: 0x00001010 (0x00028067) jr      x5
core   0: 3 0x00001010 (0x00028067)
core   0: 0x80000000 (0x00004197) auipc   x3, 0x4
core   0: 3 0x80000000 (0x00004197) x3  0x80004000
core   0: 0x80000004 (0x80818193) addi    x3, x3, -2040
core   0: 3 0x80000004 (0x80818193) x3  0x80003808
core   0: 0x80000008 (0x02000e93) li      x29, 32
core   0: 3 0x80000008 (0x02000e93) x29 0x00000020
core   0: 0x8000000c (0x0d0efed7) vsetvli x29, x29, e32, m1, ta, ma
core   0: 3 0x8000000c (0x0d0efed7) x29 0x00000020 c8_vstart 0x00000000 c3104_vl 0x00000020 c3105_vtype 0x000000d0 c768_mstatus 0x80000600
core   0: 0x80000010 (0x00002eb7) lui     x29, 0x2
core   0: 3 0x80000010 (0x00002eb7) x29 0x00002000
core   0: 0x80000014 (0x300eaef3) csrrs   x29, mstatus, x29
core   0: 3 0x80000014 (0x300eaef3) x29 0x80000600 c768_mstatus 0x80006600
core   0: 0x80000018 (0x00000e93) li      x29, 0
core   0: 3 0x80000018 (0x00000e93) x29 0x00000000
core   0: 0x8000001c (0x80502373) csrr    x6, wid
core   0: 3 0x8000001c (0x80502373) x6  0x00000000
core   0: 0x80000020 (0x806023f3) csrr    x7, lds
core   0: 3 0x80000020 (0x806023f3) x7  0x70000000
core   0: 0x80000024 (0x40000e13) li      x28, 1024
core   0: 3 0x80000024 (0x40000e13) x28 0x00000400
core   0: 0x80000028 (0x03c30333) mul     x6, x6, x28
core   0: 3 0x80000028 (0x03c30333) x6  0x00000000
core   0: 0x8000002c (0x00730133) add     x2, x6, x7
core   0: 3 0x8000002c (0x00730133) x2  0x70000000
core   0: 0x80000030 (0x00000213) li      x4, 0
core   0: 3 0x80000030 (0x00000213) x4  0x00000000
core   0: 0x80000034 (0x80102f73) csrr    x30, numw
core   0: 3 0x80000034 (0x80102f73) x30 0x00000001
core   0: 0x80000038 (0x40000e13) li      x28, 1024
core   0: 3 0x80000038 (0x40000e13) x28 0x00000400
core   0: 0x8000003c (0x03cf0f33) mul     x30, x30, x28
core   0: 3 0x8000003c (0x03cf0f33) x30 0x00000400
core   0: 0x80000040 (0x01e38433) add     x8, x7, x30
core   0: 3 0x80000040 (0x01e38433) x8  0x70000400
core   0: 0x80000044 (0x00003517) auipc   x10, 0x3
core   0: 3 0x80000044 (0x00003517) x10 0x80003044
core   0: 0x80000048 (0xfc450513) addi    x10, x10, -60
core   0: 3 0x80000048 (0xfc450513) x10 0x80003008
core   0: 0x8000004c (0x00003617) auipc   x12, 0x3
core   0: 3 0x8000004c (0x00003617) x12 0x8000304c
core   0: 0x80000050 (0xfbc60613) addi    x12, x12, -68
core   0: 3 0x80000050 (0xfbc60613) x12 0x80003008
core   0: 0x80000054 (0x00c50863) beq     x10, x12, pc + 16
core   0: 3 0x80000054 (0x00c50863)
core   0: 0x80000064 (0x803022f3) csrr    x5, knl
core   0: 3 0x80000064 (0x803022f3) x5  0x901c3000
core   0: 0x80000068 (0x0002a303) lw      x6, 0(x5)
core   0: 3 0x80000068 (0x0002a303) x6  0x800000b8 mem 0x901c3000
core   0: 0x8000006c (0x0042a503) lw      x10, 4(x5)
core   0: 3 0x8000006c (0x0042a503) x10 0x90002000 mem 0x901c3004
core   0: 0x80000070 (0x0302a383) lw      x7, 48(x5)
core   0: 3 0x80000070 (0x0302a383) x7  0x00000000 mem 0x901c3030
core   0: 0x80000074 (0x0342ae03) lw      x28, 52(x5)
core   0: 3 0x80000074 (0x0342ae03) x28 0x00000000 mem 0x901c3034
core   0: 0x80000078 (0x00003e97) auipc   x29, 0x3
core   0: 3 0x80000078 (0x00003e97) x29 0x80003078
core   0: 0x8000007c (0xf88e8e93) addi    x29, x29, -120
core   0: 3 0x8000007c (0xf88e8e93) x29 0x80003000
core   0: 0x80000080 (0x00003f17) auipc   x30, 0x3
core   0: 3 0x80000080 (0x00003f17) x30 0x80003080
core   0: 0x80000084 (0xf84f0f13) addi    x30, x30, -124
core   0: 3 0x80000084 (0xf84f0f13) x30 0x80003004
core   0: 0x80000088 (0x007ea023) sw      x7, 0(x29)
core   0: 3 0x80000088 (0x007ea023) mem 0x80003000 0x00000000
core   0: 0x8000008c (0x01cf2023) sw      x28, 0(x30)
core   0: 3 0x8000008c (0x01cf2023) mem 0x80003004 0x00000000
core   0: 0x80000090 (0x00000f97) auipc   x31, 0x0
core   0: 3 0x80000090 (0x00000f97) x31 0x80000090
core   0: 0x80000094 (0x018f8f93) addi    x31, x31, 24
core   0: 3 0x80000094 (0x018f8f93) x31 0x800000a8
core   0: 0x80000098 (0x305f9073) csrw    mtvec, x31
core   0: 3 0x80000098 (0x305f9073) c773_mtvec 0x800000a8
core   0: 0x8000009c (0x000300e7) jalr    x6
core   0: 3 0x8000009c (0x000300e7) x1  0x800000a0
core   0: 0x800000b8 (0x03410113) addi    x2, x2, 52
core   0: 3 0x800000b8 (0x03410113) x2  0x70000034
core   0: 0x800000bc (0x00420213) addi    x4, x4, 4
core   0: 3 0x800000bc (0x00420213) x4  0x00000004
core   0: 0x800000c0 (0x0010200b) regext  x0, x0,  0 0 0 1 
core   0: 3 0x800000c0 (0x0010200b)
core   0: 0x800000c4 (0x5e024057) vmv.v.x v0, x4
core   0: 3 0x800000c4 (0x5e024057) c8_vstart 0x00000000 e32 m1 l32 v32 ffffffff 0x00000004 00000004 00000004 00000004 00000004 00000004 00000004 00000004 00000004 00000004 00000004 00000004 00000004 00000004 00000004 00000004 00000004 00000004 00000004 00000004 00000004 00000004 00000004 00000004 00000004 00000004 00000004 00000004 00000004 00000004 00000004 00000004 
core   0: 0x800000c8 (0xfc112623) sw      x1, -52(x2)
core   0: 3 0x800000c8 (0xfc112623) mem 0x70000000 0x800000a0
core   0: 0x800000cc (0x0480200b) regext  x0, x0,  0 1 1 0 
core   0: 3 0x800000cc (0x0480200b)
core   0: 0x800000d0 (0xfe102e2b) vsw.v   v1, x0, -4
core   0: 3 0x800000d0 (0xfe102e2b) c8_vstart 0x00000000 mem 0x90003000 0x00000000 mem 0x90003004 0x00000000 mem 0x90003008 0x00000000 mem 0x9000300c 0x00000000 mem 0x90003010 0x00000000 mem 0x90003014 0x00000000 mem 0x90003018 0x00000000 mem 0x9000301c 0x00000000 mem 0x90003020 0x00000000 mem 0x90003024 0x00000000 mem 0x90003028 0x00000000 mem 0x9000302c 0x00000000 mem 0x90003030 0x00000000 mem 0x90003034 0x00000000 mem 0x90003038 0x00000000 mem 0x9000303c 0x00000000 mem 0x90003040 0x00000000 mem 0x90003044 0x00000000 mem 0x90003048 0x00000000 mem 0x9000304c 0x00000000 mem 0x90003050 0x00000000 mem 0x90003054 0x00000000 mem 0x90003058 0x00000000 mem 0x9000305c 0x00000000 mem 0x90003060 0x00000000 mem 0x90003064 0x00000000 mem 0x90003068 0x00000000 mem 0x9000306c 0x00000000 mem 0x90003070 0x00000000 mem 0x90003074 0x00000000 mem 0x90003078 0x00000000 mem 0x9000307c 0x00000000
core   0: 0x800000d4 (0x00452283) lw      x5, 4(x10)
core   0: 3 0x800000d4 (0x00452283) x5  0x90001000 mem 0x90002004
core   0: 0x800000d8 (0xfe512e23) sw      x5, -4(x2)
core   0: 3 0x800000d8 (0xfe512e23) mem 0x70000030 0x90001000
core   0: 0x800000dc (0x03052283) lw      x5, 48(x10)
core   0: 3 0x800000dc (0x03052283) x5  0x3f800000 mem 0x90002030
core   0: 0x800000e0 (0xfe512c23) sw      x5, -8(x2)
core   0: 3 0x800000e0 (0xfe512c23) mem 0x7000002c 0x3f800000
core   0: 0x800000e4 (0x02c52283) lw      x5, 44(x10)
core   0: 3 0x800000e4 (0x02c52283) x5  0x3f800000 mem 0x9000202c
core   0: 0x800000e8 (0xfe512a23) sw      x5, -12(x2)
core   0: 3 0x800000e8 (0xfe512a23) mem 0x70000028 0x3f800000
core   0: 0x800000ec (0x02852283) lw      x5, 40(x10)
core   0: 3 0x800000ec (0x02852283) x5  0x3f800000 mem 0x90002028
core   0: 0x800000f0 (0xfe512823) sw      x5, -16(x2)
core   0: 3 0x800000f0 (0xfe512823) mem 0x70000024 0x3f800000
core   0: 0x800000f4 (0x02452283) lw      x5, 36(x10)
core   0: 3 0x800000f4 (0x02452283) x5  0x3f800000 mem 0x90002024
core   0: 0x800000f8 (0xfe512623) sw      x5, -20(x2)
core   0: 3 0x800000f8 (0xfe512623) mem 0x70000020 0x3f800000
core   0: 0x800000fc (0x02052283) lw      x5, 32(x10)
core   0: 3 0x800000fc (0x02052283) x5  0x3f800000 mem 0x90002020
core   0: 0x80000100 (0xfe512423) sw      x5, -24(x2)
core   0: 3 0x80000100 (0xfe512423) mem 0x7000001c 0x3f800000
core   0: 0x80000104 (0x01c52283) lw      x5, 28(x10)
core   0: 3 0x80000104 (0x01c52283) x5  0x3f800000 mem 0x9000201c
core   0: 0x80000108 (0xfe512223) sw      x5, -28(x2)
core   0: 3 0x80000108 (0xfe512223) mem 0x70000018 0x3f800000
core   0: 0x8000010c (0x01852283) lw      x5, 24(x10)
core   0: 3 0x8000010c (0x01852283) x5  0x3f800000 mem 0x90002018
core   0: 0x80000110 (0xfe512023) sw      x5, -32(x2)
core   0: 3 0x80000110 (0xfe512023) mem 0x70000014 0x3f800000
core   0: 0x80000114 (0x01052283) lw      x5, 16(x10)
core   0: 3 0x80000114 (0x01052283) x5  0x3f800000 mem 0x90002010
core   0: 0x80000118 (0xfc512e23) sw      x5, -36(x2)
core   0: 3 0x80000118 (0xfc512e23) mem 0x70000010 0x3f800000
core   0: 0x8000011c (0x01452283) lw      x5, 20(x10)
core   0: 3 0x8000011c (0x01452283) x5  0x3f800000 mem 0x90002014
core   0: 0x80000120 (0xfc512c23) sw      x5, -40(x2)
core   0: 3 0x80000120 (0xfc512c23) mem 0x7000000c 0x3f800000
core   0: 0x80000124 (0x00052283) lw      x5, 0(x10)
core   0: 3 0x80000124 (0x00052283) x5  0x90000000 mem 0x90002000
core   0: 0x80000128 (0xfc512a23) sw      x5, -44(x2)
core   0: 3 0x80000128 (0xfc512a23) mem 0x70000008 0x90000000
core   0: 0x8000012c (0x00852283) lw      x5, 8(x10)
core   0: 3 0x8000012c (0x00852283) x5  0x00000010 mem 0x90002008
core   0: 0x80000130 (0xfc512823) sw      x5, -48(x2)
core   0: 3 0x80000130 (0xfc512823) mem 0x70000004 0x00000010
core   0: 0x80000134 (0x5e004057) vmv.v.x v0, x0
core   0: 3 0x80000134 (0x5e004057) c8_vstart 0x00000000 e32 m1 l32 v0  ffffffff 0x00000000 00000000 00000000 00000000 00000000 00000000 00000000 00000000 00000000 00000000 00000000 00000000 00000000 00000000 00000000 00000000 00000000 00000000 00000000 00000000 00000000 00000000 00000000 00000000 00000000 00000000 00000000 00000000 00000000 00000000 00000000 00000000 
core   0: 0x80000138 (0x154000ef) jal     pc + 0x154
core   0: 3 0x80000138 (0x154000ef) x1  0x8000013c
core   0: 0x8000028c (0x00410113) addi    x2, x2, 4
core   0: 3 0x8000028c (0x00410113) x2  0x70000038
core   0: 0x80000290 (0xfe112e23) sw      x1, -4(x2)
core   0: 3 0x80000290 (0xfe112e23) mem 0x70000034 0x8000013c
core   0: 0x80000294 (0x00200293) li      x5, 2
core   0: 3 0x80000294 (0x00200293) x5  0x00000002
core   0: 0x80000298 (0x5e02c0d7) vmv.v.x v1, x5
core   0: 3 0x80000298 (0x5e02c0d7) c8_vstart 0x00000000 e32 m1 l32 v1  ffffffff 0x00000002 00000002 00000002 00000002 00000002 00000002 00000002 00000002 00000002 00000002 00000002 00000002 00000002 00000002 00000002 00000002 00000002 00000002 00000002 00000002 00000002 00000002 00000002 00000002 00000002 00000002 00000002 00000002 00000002 00000002 00000002 00000002 
core   0: 0x8000029c (0x00000317) auipc   x6, 0x0
core   0: 3 0x8000029c (0x00000317) x6  0x8000029c
core   0: 0x800002a0 (0x04c3305b) setrpc  x0, x6, 76
core   0: 3 0x800002a0 (0x04c3305b) c2060_rpc 0x800002e8 current mask:	ffffffff current npc:	00000000 stack size: 0
core   0: 0x800002a4 (0x0200885b) vbeq    v0, v1, pc + 48
core   0: 3 0x800002a4 (0x0200885b) c8_vstart 0x00000000 e32 m1 l32 current mask:	ffffffff current npc:	800002a8 stack size: 0
core   0: 0x800002a8 (0x00100293) li      x5, 1
core   0: 3 0x800002a8 (0x00100293) x5  0x00000001
core   0: 0x800002ac (0x5e02c0d7) vmv.v.x v1, x5
core   0: 3 0x800002ac (0x5e02c0d7) c8_vstart 0x00000000 e32 m1 l32 v1  ffffffff 0x00000001 00000001 00000001 00000001 00000001 00000001 00000001 00000001 00000001 00000001 00000001 00000001 00000001 00000001 00000001 00000001 00000001 00000001 00000001 00000001 00000001 00000001 00000001 00000001 00000001 00000001 00000001 00000001 00000001 00000001 00000001 00000001 
core   0: 0x800002b0 (0x00000317) auipc   x6, 0x0
core   0: 3 0x800002b0 (0x00000317) x6  0x800002b0
core   0: 0x800002b4 (0x0383305b) setrpc  x0, x6, 56
core   0: 3 0x800002b4 (0x0383305b) c2060_rpc 0x800002e8 current mask:	ffffffff current npc:	800002a8 stack size: 0
core   0: 0x800002b8 (0x0200825b) vbeq    v0, v1, pc + 36
core   0: 3 0x800002b8 (0x0200825b) c8_vstart 0x00000000 e32 m1 l32 current mask:	ffffffff current npc:	800002bc stack size: 0
core   0: 0x800002bc (0x5e0040d7) vmv.v.x v1, x0
core   0: 3 0x800002bc (0x5e0040d7) c8_vstart 0x00000000 e32 m1 l32 v1  ffffffff 0x00000000 00000000 00000000 00000000 00000000 00000000 00000000 00000000 00000000 00000000 00000000 00000000 00000000 00000000 00000000 00000000 00000000 00000000 00000000 00000000 00000000 00000000 00000000 00000000 00000000 00000000 00000000 00000000 00000000 00000000 00000000 00000000 
core   0: 0x800002c0 (0x00000317) auipc   x6, 0x0
core   0: 3 0x800002c0 (0x00000317) x6  0x800002c0
core   0: 0x800002c4 (0x0283305b) setrpc  x0, x6, 40
core   0: 3 0x800002c4 (0x0283305b) c2060_rpc 0x800002e8 current mask:	ffffffff current npc:	800002bc stack size: 0
core   0: 0x800002c8 (0x00009e5b) vbne    v0, v1, pc + 28
core   0: 3 0x800002c8 (0x00009e5b) c8_vstart 0x00000000 e32 m1 l32 current mask:	ffffffff current npc:	800002cc stack size: 0
core   0: 0x800002cc (0x1a0000ef) jal     pc + 0x1a0
core   0: 3 0x800002cc (0x1a0000ef) x1  0x800002d0
core   0: 0x8000046c (0x00410113) addi    x2, x2, 4
core   0: 3 0x8000046c (0x00410113) x2  0x7000003c
core   0: 0x80000470 (0xfe112e23) sw      x1, -4(x2)
core   0: 3 0x80000470 (0xfe112e23) mem 0x70000038 0x800002d0
core   0: 0x80000474 (0xf1dff0ef) jal     pc - 0xe4
core   0: 3 0x80000474 (0xf1dff0ef) x1  0x80000478
core   0: 0x80000390 (0x00410113) addi    x2, x2, 4
core   0: 3 0x80000390 (0x00410113) x2  0x70000040
core   0: 0x80000394 (0xfe112e23) sw      x1, -4(x2)
core   0: 3 0x80000394 (0xfe112e23) mem 0x7000003c 0x80000478
core   0: 0x80000398 (0x80302573) csrr    x10, knl
core   0: 3 0x80000398 (0x80302573) x10 0x901c3000
core   0: 0x8000039c (0x00852283) lw      x5, 8(x10)
core   0: 3 0x8000039c (0x00852283) x5  0x00000002 mem 0x901c3008
core   0: 0x800003a0 (0x80002373) csrr    x6, tid
core   0: 3 0x800003a0 (0x80002373) x6  0x00000000
core   0: 0x800003a4 (0x5208a157) vid.v   v2
core   0: 3 0x800003a4 (0x5208a157) c8_vstart 0x00000000 e32 m1 l32 v2  ffffffff 0x0000001f 0000001e 0000001d 0000001c 0000001b 0000001a 00000019 00000018 00000017 00000016 00000015 00000014 00000013 00000012 00000011 00000010 0000000f 0000000e 0000000d 0000000c 0000000b 0000000a 00000009 00000008 00000007 00000006 00000005 00000004 00000003 00000002 00000001 00000000 
core   0: 0x800003a8 (0x02234057) vadd.vx v0, v2, x6
core   0: 3 0x800003a8 (0x02234057) c8_vstart 0x00000000 e32 m1 l32 v0  ffffffff 0x0000001f 0000001e 0000001d 0000001c 0000001b 0000001a 00000019 00000018 00000017 00000016 00000015 00000014 00000013 00000012 00000011 00000010 0000000f 0000000e 0000000d 0000000c 0000000b 0000000a 00000009 00000008 00000007 00000006 00000005 00000004 00000003 00000002 00000001 00000000 
core   0: 0x800003ac (0x01852e03) lw      x28, 24(x10)
core   0: 3 0x800003ac (0x01852e03) x28 0x0000000e mem 0x901c3018
core   0: 0x800003b0 (0x8a0e6057) vremu.vx v0, v0, x28
core   0: 3 0x800003b0 (0x8a0e6057) c8_vstart 0x00000000 e32 m1 l32 v0  ffffffff 0x00000003 00000002 00000001 00000000 0000000d 0000000c 0000000b 0000000a 00000009 00000008 00000007 00000006 00000005 00000004 00000003 00000002 00000001 00000000 0000000d 0000000c 0000000b 0000000a 00000009 00000008 00000007 00000006 00000005 00000004 00000003 00000002 00000001 00000000 
core   0: 0x800003b4 (0xffc12083) lw      x1, -4(x2)
core   0: 3 0x800003b4 (0xffc12083) x1  0x80000478 mem 0x7000003c
core   0: 0x800003b8 (0xffc10113) addi    x2, x2, -4
core   0: 3 0x800003b8 (0xffc10113) x2  0x7000003c
core   0: 0x800003bc (0x00008067) ret
core   0: 3 0x800003bc (0x00008067)
core   0: 0x80000478 (0x80302573) csrr    x10, knl
core   0: 3 0x80000478 (0x80302573) x10 0x901c3000
core   0: 0x8000047c (0x80802373) csrr    x6, gidx
core   0: 3 0x8000047c (0x80802373) x6  0x00000000
core   0: 0x80000480 (0x01852e03) lw      x28, 24(x10)
core   0: 3 0x80000480 (0x01852e03) x28 0x0000000e mem 0x901c3018
core   0: 0x80000484 (0x02452e83) lw      x29, 36(x10)
core   0: 3 0x80000484 (0x02452e83) x29 0x00000001 mem 0x901c3024
core   0: 0x80000488 (0x03c30fb3) mul     x31, x6, x28
core   0: 3 0x80000488 (0x03c30fb3) x31 0x00000000
core   0: 0x8000048c (0x01df8fb3) add     x31, x31, x29
core   0: 3 0x8000048c (0x01df8fb3) x31 0x00000001
core   0: 0x80000490 (0x020fc057) vadd.vx v0, v0, x31
core   0: 3 0x80000490 (0x020fc057) c8_vstart 0x00000000 e32 m1 l32 v0  ffffffff 0x00000004 00000003 00000002 00000001 0000000e 0000000d 0000000c 0000000b 0000000a 00000009 00000008 00000007 00000006 00000005 00000004 00000003 00000002 00000001 0000000e 0000000d 0000000c 0000000b 0000000a 00000009 00000008 00000007 00000006 00000005 00000004 00000003 00000002 00000001 
core   0: 0x80000494 (0xffc12083) lw      x1, -4(x2)
core   0: 3 0x80000494 (0xffc12083) x1  0x800002d0 mem 0x70000038
core   0: 0x80000498 (0xffc10113) addi    x2, x2, -4
core   0: 3 0x80000498 (0xffc10113) x2  0x70000038
core   0: 0x8000049c (0x00008067) ret
core   0: 3 0x8000049c (0x00008067)
core   0: 0x800002d0 (0x0180006f) j       pc + 0x18
core   0: 3 0x800002d0 (0x0180006f)
core   0: 0x800002e8 (0x0000205b) join    v0, v0, pc + 0
core   0: 3 0x800002e8 (0x0000205b) current mask:	ffffffff current npc:	800002cc stack size: 0
core   0: 0x800002ec (0xffc12083) lw      x1, -4(x2)
core   0: 3 0x800002ec (0xffc12083) x1  0x8000013c mem 0x70000034
core   0: 0x800002f0 (0xffc10113) addi    x2, x2, -4
core   0: 3 0x800002f0 (0xffc10113) x2  0x70000034
core   0: 0x800002f4 (0x00008067) ret
core   0: 3 0x800002f4 (0x00008067)
core   0: 0x8000013c (0x0010200b) regext  x0, x0,  0 0 0 1 
core   0: 3 0x8000013c (0x0010200b)
core   0: 0x80000140 (0x020040d7) vadd.vx v1, v0, x0
core   0: 3 0x80000140 (0x020040d7) c8_vstart 0x00000000 e32 m1 l32 v33 ffffffff 0x00000004 00000003 00000002 00000001 0000000e 0000000d 0000000c 0000000b 0000000a 00000009 00000008 00000007 00000006 00000005 00000004 00000003 00000002 00000001 0000000e 0000000d 0000000c 0000000b 0000000a 00000009 00000008 00000007 00000006 00000005 00000004 00000003 00000002 00000001 
core   0: 0x80000144 (0x00100293) li      x5, 1
core   0: 3 0x80000144 (0x00100293) x5  0x00000001
core   0: 0x80000148 (0x5e02c057) vmv.v.x v0, x5
core   0: 3 0x80000148 (0x5e02c057) c8_vstart 0x00000000 e32 m1 l32 v0  ffffffff 0x00000001 00000001 00000001 00000001 00000001 00000001 00000001 00000001 00000001 00000001 00000001 00000001 00000001 00000001 00000001 00000001 00000001 00000001 00000001 00000001 00000001 00000001 00000001 00000001 00000001 00000001 00000001 00000001 00000001 00000001 00000001 00000001 
core   0: 0x8000014c (0x140000ef) jal     pc + 0x140
core   0: 3 0x8000014c (0x140000ef) x1  0x80000150
core   0: 0x8000028c (0x00410113) addi    x2, x2, 4
core   0: 3 0x8000028c (0x00410113) x2  0x70000038
core   0: 0x80000290 (0xfe112e23) sw      x1, -4(x2)
core   0: 3 0x80000290 (0xfe112e23) mem 0x70000034 0x80000150
core   0: 0x80000294 (0x00200293) li      x5, 2
core   0: 3 0x80000294 (0x00200293) x5  0x00000002
core   0: 0x80000298 (0x5e02c0d7) vmv.v.x v1, x5
core   0: 3 0x80000298 (0x5e02c0d7) c8_vstart 0x00000000 e32 m1 l32 v1  ffffffff 0x00000002 00000002 00000002 00000002 00000002 00000002 00000002 00000002 00000002 00000002 00000002 00000002 00000002 00000002 00000002 00000002 00000002 00000002 00000002 00000002 00000002 00000002 00000002 00000002 00000002 00000002 00000002 00000002 00000002 00000002 00000002 00000002 
core   0: 0x8000029c (0x00000317) auipc   x6, 0x0
core   0: 3 0x8000029c (0x00000317) x6  0x8000029c
core   0: 0x800002a0 (0x04c3305b) setrpc  x0, x6, 76
core   0: 3 0x800002a0 (0x04c3305b) c2060_rpc 0x800002e8 current mask:	ffffffff current npc:	800002cc stack size: 0
core   0: 0x800002a4 (0x0200885b) vbeq    v0, v1, pc + 48
core   0: 3 0x800002a4 (0x0200885b) c8_vstart 0x00000000 e32 m1 l32 current mask:	ffffffff current npc:	800002a8 stack size: 0
core   0: 0x800002a8 (0x00100293) li      x5, 1
core   0: 3 0x800002a8 (0x00100293) x5  0x00000001
core   0: 0x800002ac (0x5e02c0d7) vmv.v.x v1, x5
core   0: 3 0x800002ac (0x5e02c0d7) c8_vstart 0x00000000 e32 m1 l32 v1  ffffffff 0x00000001 00000001 00000001 00000001 00000001 00000001 00000001 00000001 00000001 00000001 00000001 00000001 00000001 00000001 00000001 00000001 00000001 00000001 00000001 00000001 00000001 00000001 00000001 00000001 00000001 00000001 00000001 00000001 00000001 00000001 00000001 00000001 
core   0: 0x800002b0 (0x00000317) auipc   x6, 0x0
core   0: 3 0x800002b0 (0x00000317) x6  0x800002b0
core   0: 0x800002b4 (0x0383305b) setrpc  x0, x6, 56
core   0: 3 0x800002b4 (0x0383305b) c2060_rpc 0x800002e8 current mask:	ffffffff current npc:	800002a8 stack size: 0
core   0: 0x800002b8 (0x0200825b) vbeq    v0, v1, pc + 36
core   0: 3 0x800002b8 (0x0200825b) c8_vstart 0x00000000 e32 m1 l32 current mask:	ffffffff current npc:	800002dc stack size: 0
core   0: 0x800002dc (0x1c4000ef) jal     pc + 0x1c4
core   0: 3 0x800002dc (0x1c4000ef) x1  0x800002e0
core   0: 0x800004a0 (0x00410113) addi    x2, x2, 4
core   0: 3 0x800004a0 (0x00410113) x2  0x7000003c
core   0: 0x800004a4 (0xfe112e23) sw      x1, -4(x2)
core   0: 3 0x800004a4 (0xfe112e23) mem 0x70000038 0x800002e0
core   0: 0x800004a8 (0xf19ff0ef) jal     pc - 0xe8
core   0: 3 0x800004a8 (0xf19ff0ef) x1  0x800004ac
core   0: 0x800003c0 (0x00410113) addi    x2, x2, 4
core   0: 3 0x800003c0 (0x00410113) x2  0x70000040
core   0: 0x800003c4 (0xfe112e23) sw      x1, -4(x2)
core   0: 3 0x800003c4 (0xfe112e23) mem 0x7000003c 0x800004ac
core   0: 0x800003c8 (0x80302573) csrr    x10, knl
core   0: 3 0x800003c8 (0x80302573) x10 0x901c3000
core   0: 0x800003cc (0x00852283) lw      x5, 8(x10)
core   0: 3 0x800003cc (0x00852283) x5  0x00000002 mem 0x901c3008
core   0: 0x800003d0 (0x80002373) csrr    x6, tid
core   0: 3 0x800003d0 (0x80002373) x6  0x00000000
core   0: 0x800003d4 (0x5208a157) vid.v   v2
core   0: 3 0x800003d4 (0x5208a157) c8_vstart 0x00000000 e32 m1 l32 v2  ffffffff 0x0000001f 0000001e 0000001d 0000001c 0000001b 0000001a 00000019 00000018 00000017 00000016 00000015 00000014 00000013 00000012 00000011 00000010 0000000f 0000000e 0000000d 0000000c 0000000b 0000000a 00000009 00000008 00000007 00000006 00000005 00000004 00000003 00000002 00000001 00000000 
core   0: 0x800003d8 (0x02234057) vadd.vx v0, v2, x6
core   0: 3 0x800003d8 (0x02234057) c8_vstart 0x00000000 e32 m1 l32 v0  ffffffff 0x0000001f 0000001e 0000001d 0000001c 0000001b 0000001a 00000019 00000018 00000017 00000016 00000015 00000014 00000013 00000012 00000011 00000010 0000000f 0000000e 0000000d 0000000c 0000000b 0000000a 00000009 00000008 00000007 00000006 00000005 00000004 00000003 00000002 00000001 00000000 
core   0: 0x800003dc (0x01852e03) lw      x28, 24(x10)
core   0: 3 0x800003dc (0x01852e03) x28 0x0000000e mem 0x901c3018
core   0: 0x800003e0 (0x01c52e83) lw      x29, 28(x10)
core   0: 3 0x800003e0 (0x01c52e83) x29 0x00000001 mem 0x901c301c
core   0: 0x800003e4 (0x03ce8f33) mul     x30, x29, x28
core   0: 3 0x800003e4 (0x03ce8f33) x30 0x0000000e
core   0: 0x800003e8 (0x8a0f6057) vremu.vx v0, v0, x30
core   0: 3 0x800003e8 (0x8a0f6057) c8_vstart 0x00000000 e32 m1 l32 v0  ffffffff 0x00000003 00000002 00000001 00000000 0000000d 0000000c 0000000b 0000000a 00000009 00000008 00000007 00000006 00000005 00000004 00000003 00000002 00000001 00000000 0000000d 0000000c 0000000b 0000000a 00000009 00000008 00000007 00000006 00000005 00000004 00000003 00000002 00000001 00000000 
core   0: 0x800003ec (0x820e6057) vdivu.vx v0, v0, x28
core   0: 3 0x800003ec (0x820e6057) c8_vstart 0x00000000 e32 m1 l32 v0  ffffffff 0x00000000 00000000 00000000 00000000 00000000 00000000 00000000 00000000 00000000 00000000 00000000 00000000 00000000 00000000 00000000 00000000 00000000 00000000 00000000 00000000 00000000 00000000 00000000 00000000 00000000 00000000 00000000 00000000 00000000 00000000 00000000 00000000 
core   0: 0x800003f0 (0x5e0ec0d7) vmv.v.x v1, x29
core   0: 3 0x800003f0 (0x5e0ec0d7) c8_vstart 0x00000000 e32 m1 l32 v1  ffffffff 0x00000001 00000001 00000001 00000001 00000001 00000001 00000001 00000001 00000001 00000001 00000001 00000001 00000001 00000001 00000001 00000001 00000001 00000001 00000001 00000001 00000001 00000001 00000001 00000001 00000001 00000001 00000001 00000001 00000001 00000001 00000001 00000001 
core   0: 0x800003f4 (0x00000317) auipc   x6, 0x0
core   0: 3 0x800003f4 (0x00000317) x6  0x800003f4
core   0: 0x800003f8 (0x0143305b) setrpc  x0, x6, 20
core   0: 3 0x800003f8 (0x0143305b) c2060_rpc 0x80000408 current mask:	ffffffff current npc:	800002dc stack size: 0
core   0: 0x800003fc (0x0000c65b) vblt    v0, v1, pc + 12
core   0: 3 0x800003fc (0x0000c65b) c8_vstart 0x00000000 e32 m1 l32 current mask:	ffffffff current npc:	80000408 stack size: 0
core   0: 0x80000408 (0x0000205b) join    v0, v0, pc + 0
core   0: 3 0x80000408 (0x0000205b) current mask:	ffffffff current npc:	80000408 stack size: 0
core   0: 0x8000040c (0xffc12083) lw      x1, -4(x2)
core   0: 3 0x8000040c (0xffc12083) x1  0x800004ac mem 0x7000003c
core   0: 0x80000410 (0xffc10113) addi    x2, x2, -4
core   0: 3 0x80000410 (0xffc10113) x2  0x7000003c
core   0: 0x80000414 (0x00008067) ret
core   0: 3 0x80000414 (0x00008067)
core   0: 0x800004ac (0x80902373) csrr    x6, gidy
core   0: 3 0x800004ac (0x80902373) x6  0x00000008
core   0: 0x800004b0 (0x01c52383) lw      x7, 28(x10)
core   0: 3 0x800004b0 (0x01c52383) x7  0x00000001 mem 0x901c301c
core   0: 0x800004b4 (0x02852e83) lw      x29, 40(x10)
core   0: 3 0x800004b4 (0x02852e83) x29 0x00000001 mem 0x901c3028
core   0: 0x800004b8 (0x02730e33) mul     x28, x6, x7
core   0: 3 0x800004b8 (0x02730e33) x28 0x00000008
core   0: 0x800004bc (0x01de0e33) add     x28, x28, x29
core   0: 3 0x800004bc (0x01de0e33) x28 0x00000009
core   0: 0x800004c0 (0x020e4057) vadd.vx v0, v0, x28
core   0: 3 0x800004c0 (0x020e4057) c8_vstart 0x00000000 e32 m1 l32 v0  ffffffff 0x00000009 00000009 00000009 00000009 00000009 00000009 00000009 00000009 00000009 00000009 00000009 00000009 00000009 00000009 00000009 00000009 00000009 00000009 00000009 00000009 00000009 00000009 00000009 00000009 00000009 00000009 00000009 00000009 00000009 00000009 00000009 00000009 
core   0: 0x800004c4 (0xffc12083) lw      x1, -4(x2)
core   0: 3 0x800004c4 (0xffc12083) x1  0x800002e0 mem 0x70000038
core   0: 0x800004c8 (0xffc10113) addi    x2, x2, -4
core   0: 3 0x800004c8 (0xffc10113) x2  0x70000038
core   0: 0x800004cc (0x00008067) ret
core   0: 3 0x800004cc (0x00008067)
core   0: 0x800002e0 (0x0080006f) j       pc + 0x8
core   0: 3 0x800002e0 (0x0080006f)
core   0: 0x800002e8 (0x0000205b) join    v0, v0, pc + 0
core   0: 3 0x800002e8 (0x0000205b) current mask:	ffffffff current npc:	80000408 stack size: 0
core   0: 0x800002ec (0xffc12083) lw      x1, -4(x2)
core   0: 3 0x800002ec (0xffc12083) x1  0x80000150 mem 0x70000034
core   0: 0x800002f0 (0xffc10113) addi    x2, x2, -4
core   0: 3 0x800002f0 (0xffc10113) x2  0x70000034
core   0: 0x800002f4 (0x00008067) ret
core   0: 3 0x800002f4 (0x00008067)
core   0: 0x80000150 (0xfd012283) lw      x5, -48(x2)
core   0: 3 0x80000150 (0xfd012283) x5  0x00000010 mem 0x70000004
core   0: 0x80000154 (0x5e02c0d7) vmv.v.x v1, x5
core   0: 3 0x80000154 (0x5e02c0d7) c8_vstart 0x00000000 e32 m1 l32 v1  ffffffff 0x00000010 00000010 00000010 00000010 00000010 00000010 00000010 00000010 00000010 00000010 00000010 00000010 00000010 00000010 00000010 00000010 00000010 00000010 00000010 00000010 00000010 00000010 00000010 00000010 00000010 00000010 00000010 00000010 00000010 00000010 00000010 00000010 
core   0: 0x80000158 (0x0400200b) regext  x0, x0,  0 1 0 0 
core   0: 3 0x80000158 (0x0400200b)
core   0: 0x8000015c (0xa612e057) vmadd.vx v0, v1, x5
core   0: 3 0x8000015c (0xa612e057) c8_vstart 0x00000000 e32 m1 l32 v0  ffffffff 0x00000094 00000093 00000092 00000091 0000009e 0000009d 0000009c 0000009b 0000009a 00000099 00000098 00000097 00000096 00000095 00000094 00000093 00000092 00000091 0000009e 0000009d 0000009c 0000009b 0000009a 00000099 00000098 00000097 00000096 00000095 00000094 00000093 00000092 00000091 
core   0: 0x80000160 (0x0010110b) vsub12.vi v2, v0, 1
core   0: 3 0x80000160 (0x0010110b) c8_vstart 0x00000000 e32 m1 l32 v2  ffffffff 0x00000093 00000092 00000091 00000090 0000009d 0000009c 0000009b 0000009a 00000099 00000098 00000097 00000096 00000095 00000094 00000093 00000092 00000091 00000090 0000009d 0000009c 0000009b 0000009a 00000099 00000098 00000097 00000096 00000095 00000094 00000093 00000092 00000091 00000090 
core   0: 0x80000164 (0x0a2081d7) vsub.vv v3, v2, v1
core   0: 3 0x80000164 (0x0a2081d7) c8_vstart 0x00000000 e32 m1 l32 v3  ffffffff 0x00000083 00000082 00000081 00000080 0000008d 0000008c 0000008b 0000008a 00000089 00000088 00000087 00000086 00000085 00000084 00000083 00000082 00000081 00000080 0000008d 0000008c 0000008b 0000008a 00000089 00000088 00000087 00000086 00000085 00000084 00000083 00000082 00000081 00000080 
core   0: 0x80000168 (0x963131d7) vsll.vi v3, v3, 2
core   0: 3 0x80000168 (0x963131d7) c8_vstart 0x00000000 e32 m1 l32 v3  ffffffff 0x0000020c 00000208 00000204 00000200 00000234 00000230 0000022c 00000228 00000224 00000220 0000021c 00000218 00000214 00000210 0000020c 00000208 00000204 00000200 00000234 00000230 0000022c 00000228 00000224 00000220 0000021c 00000218 00000214 00000210 0000020c 00000208 00000204 00000200 
core   0: 0x8000016c (0xfd412283) lw      x5, -44(x2)
core   0: 3 0x8000016c (0xfd412283) x5  0x90000000 mem 0x70000008
core   0: 0x80000170 (0x5e02c257) vmv.v.x v4, x5
core   0: 3 0x80000170 (0x5e02c257) c8_vstart 0x00000000 e32 m1 l32 v4  ffffffff 0x90000000 90000000 90000000 90000000 90000000 90000000 90000000 90000000 90000000 90000000 90000000 90000000 90000000 90000000 90000000 90000000 90000000 90000000 90000000 90000000 90000000 90000000 90000000 90000000 90000000 90000000 90000000 90000000 90000000 90000000 90000000 90000000 
core   0: 0x80000174 (0x0232c1d7) vadd.vx v3, v3, x5
core   0: 3 0x80000174 (0x0232c1d7) c8_vstart 0x00000000 e32 m1 l32 v3  ffffffff 0x9000020c 90000208 90000204 90000200 90000234 90000230 9000022c 90000228 90000224 90000220 9000021c 90000218 90000214 90000210 9000020c 90000208 90000204 90000200 90000234 90000230 9000022c 90000228 90000224 90000220 9000021c 90000218 90000214 90000210 9000020c 90000208 90000204 90000200 
core   0: 0x80000178 (0x0a0082d7) vsub.vv v5, v0, v1
core   0: 3 0x80000178 (0x0a0082d7) c8_vstart 0x00000000 e32 m1 l32 v5  ffffffff 0x00000084 00000083 00000082 00000081 0000008e 0000008d 0000008c 0000008b 0000008a 00000089 00000088 00000087 00000086 00000085 00000084 00000083 00000082 00000081 0000008e 0000008d 0000008c 0000008b 0000008a 00000089 00000088 00000087 00000086 00000085 00000084 00000083 00000082 00000081 
core   0: 0x8000017c (0x965132d7) vsll.vi v5, v5, 2
core   0: 3 0x8000017c (0x965132d7) c8_vstart 0x00000000 e32 m1 l32 v5  ffffffff 0x00000210 0000020c 00000208 00000204 00000238 00000234 00000230 0000022c 00000228 00000224 00000220 0000021c 00000218 00000214 00000210 0000020c 00000208 00000204 00000238 00000234 00000230 0000022c 00000228 00000224 00000220 0000021c 00000218 00000214 00000210 0000020c 00000208 00000204 
core   0: 0x80000180 (0x024282d7) vadd.vv v5, v4, v5
core   0: 3 0x80000180 (0x024282d7) c8_vstart 0x00000000 e32 m1 l32 v5  ffffffff 0x90000210 9000020c 90000208 90000204 90000238 90000234 90000230 9000022c 90000228 90000224 90000220 9000021c 90000218 90000214 90000210 9000020c 90000208 90000204 90000238 90000234 90000230 9000022c 90000228 90000224 90000220 9000021c 90000218 90000214 90000210 9000020c 90000208 90000204 
core   0: 0x80000184 (0x0002a2fb) vlw12.v v5, v5, 0
core   0: 3 0x80000184 (0x0002a2fb) e32 m1 l32 v5  ffffffff 0x411ff4a8 41b933f0 429e3377 4180afa1 4221404c 4239eb52 42472a00 426adc88 4124fb9d 422701dc 42c4d950 422076b0 41fb31f0 42b9d25e 411ff4a8 41b933f0 429e3377 4180afa1 4221404c 4239eb52 42472a00 426adc88 4124fb9d 422701dc 42c4d950 422076b0 41fb31f0 42b9d25e 411ff4a8 41b933f0 429e3377 4180afa1  c8_vstart 0x00000000 mem 0x90000204 mem 0x90000208 mem 0x9000020c mem 0x90000210 mem 0x90000214 mem 0x90000218 mem 0x9000021c mem 0x90000220 mem 0x90000224 mem 0x90000228 mem 0x9000022c mem 0x90000230 mem 0x90000234 mem 0x90000238 mem 0x90000204 mem 0x90000208 mem 0x9000020c mem 0x90000210 mem 0x90000214 mem 0x90000218 mem 0x9000021c mem 0x90000220 mem 0x90000224 mem 0x90000228 mem 0x9000022c mem 0x90000230 mem 0x90000234 mem 0x90000238 mem 0x90000204 mem 0x90000208 mem 0x9000020c mem 0x90000210
core   0: 0x80000188 (0x0001a1fb) vlw12.v v3, v3, 0
core   0: 3 0x80000188 (0x0001a1fb) e32 m1 l32 v3  ffffffff 0x41b933f0 429e3377 4180afa1 42b9717e 4239eb52 42472a00 426adc88 4124fb9d 422701dc 42c4d950 422076b0 41fb31f0 42b9d25e 411ff4a8 41b933f0 429e3377 4180afa1 42b9717e 4239eb52 42472a00 426adc88 4124fb9d 422701dc 42c4d950 422076b0 41fb31f0 42b9d25e 411ff4a8 41b933f0 429e3377 4180afa1 42b9717e  c8_vstart 0x00000000 mem 0x90000200 mem 0x90000204 mem 0x90000208 mem 0x9000020c mem 0x90000210 mem 0x90000214 mem 0x90000218 mem 0x9000021c mem 0x90000220 mem 0x90000224 mem 0x90000228 mem 0x9000022c mem 0x90000230 mem 0x90000234 mem 0x90000200 mem 0x90000204 mem 0x90000208 mem 0x9000020c mem 0x90000210 mem 0x90000214 mem 0x90000218 mem 0x9000021c mem 0x90000220 mem 0x90000224 mem 0x90000228 mem 0x9000022c mem 0x90000230 mem 0x90000234 mem 0x90000200 mem 0x90000204 mem 0x90000208 mem 0x9000020c
core   0: 0x8000018c (0xfd812283) lw      x5, -40(x2)
core   0: 3 0x8000018c (0xfd812283) x5  0x3f800000 mem 0x7000000c
core   0: 0x80000190 (0x5e02c357) vmv.v.x v6, x5
core   0: 3 0x80000190 (0x5e02c357) c8_vstart 0x00000000 e32 m1 l32 v6  ffffffff 0x3f800000 3f800000 3f800000 3f800000 3f800000 3f800000 3f800000 3f800000 3f800000 3f800000 3f800000 3f800000 3f800000 3f800000 3f800000 3f800000 3f800000 3f800000 3f800000 3f800000 3f800000 3f800000 3f800000 3f800000 3f800000 3f800000 3f800000 3f800000 3f800000 3f800000 3f800000 3f800000 
core   0: 0x80000194 (0x925312d7) vfmul.vv v5, v5, v6
core   0: 3 0x80000194 (0x925312d7) c8_vstart 0x00000000 e32 m1 l32 v5  ffffffff 0x411ff4a8 41b933f0 429e3377 4180afa1 4221404c 4239eb52 42472a00 426adc88 4124fb9d 422701dc 42c4d950 422076b0 41fb31f0 42b9d25e 411ff4a8 41b933f0 429e3377 4180afa1 4221404c 4239eb52 42472a00 426adc88 4124fb9d 422701dc 42c4d950 422076b0 41fb31f0 42b9d25e 411ff4a8 41b933f0 429e3377 4180afa1 
core   0: 0x80000198 (0x0200b357) vadd.vi v6, v0, 1
core   0: 3 0x80000198 (0x0200b357) c8_vstart 0x00000000 e32 m1 l32 v6  ffffffff 0x00000095 00000094 00000093 00000092 0000009f 0000009e 0000009d 0000009c 0000009b 0000009a 00000099 00000098 00000097 00000096 00000095 00000094 00000093 00000092 0000009f 0000009e 0000009d 0000009c 0000009b 0000009a 00000099 00000098 00000097 00000096 00000095 00000094 00000093 00000092 
core   0: 0x8000019c (0x0a6083d7) vsub.vv v7, v6, v1
core   0: 3 0x8000019c (0x0a6083d7) c8_vstart 0x00000000 e32 m1 l32 v7  ffffffff 0x00000085 00000084 00000083 00000082 0000008f 0000008e 0000008d 0000008c 0000008b 0000008a 00000089 00000088 00000087 00000086 00000085 00000084 00000083 00000082 0000008f 0000008e 0000008d 0000008c 0000008b 0000008a 00000089 00000088 00000087 00000086 00000085 00000084 00000083 00000082 
core   0: 0x800001a0 (0x967133d7) vsll.vi v7, v7, 2
core   0: 3 0x800001a0 (0x967133d7) c8_vstart 0x00000000 e32 m1 l32 v7  ffffffff 0x00000214 00000210 0000020c 00000208 0000023c 00000238 00000234 00000230 0000022c 00000228 00000224 00000220 0000021c 00000218 00000214 00000210 0000020c 00000208 0000023c 00000238 00000234 00000230 0000022c 00000228 00000224 00000220 0000021c 00000218 00000214 00000210 0000020c 00000208 
core   0: 0x800001a4 (0x024383d7) vadd.vv v7, v4, v7
core   0: 3 0x800001a4 (0x024383d7) c8_vstart 0x00000000 e32 m1 l32 v7  ffffffff 0x90000214 90000210 9000020c 90000208 9000023c 90000238 90000234 90000230 9000022c 90000228 90000224 90000220 9000021c 90000218 90000214 90000210 9000020c 90000208 9000023c 90000238 90000234 90000230 9000022c 90000228 90000224 90000220 9000021c 90000218 90000214 90000210 9000020c 90000208 
core   0: 0x800001a8 (0x0003a3fb) vlw12.v v7, v7, 0
core   0: 3 0x800001a8 (0x0003a3fb) e32 m1 l32 v7  ffffffff 0x42b9d25e 411ff4a8 41b933f0 429e3377 41a5ee82 4221404c 4239eb52 42472a00 426adc88 4124fb9d 422701dc 42c4d950 422076b0 41fb31f0 42b9d25e 411ff4a8 41b933f0 429e3377 41a5ee82 4221404c 4239eb52 42472a00 426adc88 4124fb9d 422701dc 42c4d950 422076b0 41fb31f0 42b9d25e 411ff4a8 41b933f0 429e3377  c8_vstart 0x00000000 mem 0x90000208 mem 0x9000020c mem 0x90000210 mem 0x90000214 mem 0x90000218 mem 0x9000021c mem 0x90000220 mem 0x90000224 mem 0x90000228 mem 0x9000022c mem 0x90000230 mem 0x90000234 mem 0x90000238 mem 0x9000023c mem 0x90000208 mem 0x9000020c mem 0x90000210 mem 0x90000214 mem 0x90000218 mem 0x9000021c mem 0x90000220 mem 0x90000224 mem 0x90000228 mem 0x9000022c mem 0x90000230 mem 0x90000234 mem 0x90000238 mem 0x9000023c mem 0x90000208 mem 0x9000020c mem 0x90000210 mem 0x90000214
core   0: 0x800001ac (0x96213457) vsll.vi v8, v2, 2
core   0: 3 0x800001ac (0x96213457) c8_vstart 0x00000000 e32 m1 l32 v8  ffffffff 0x0000024c 00000248 00000244 00000240 00000274 00000270 0000026c 00000268 00000264 00000260 0000025c 00000258 00000254 00000250 0000024c 00000248 00000244 00000240 00000274 00000270 0000026c 00000268 00000264 00000260 0000025c 00000258 00000254 00000250 0000024c 00000248 00000244 00000240 
core   0: 0x800001b0 (0x02440457) vadd.vv v8, v4, v8
core   0: 3 0x800001b0 (0x02440457) c8_vstart 0x00000000 e32 m1 l32 v8  ffffffff 0x9000024c 90000248 90000244 90000240 90000274 90000270 9000026c 90000268 90000264 90000260 9000025c 90000258 90000254 90000250 9000024c 90000248 90000244 90000240 90000274 90000270 9000026c 90000268 90000264 90000260 9000025c 90000258 90000254 90000250 9000024c 90000248 90000244 90000240 
core   0: 0x800001b4 (0x0004247b) vlw12.v v8, v8, 0
core   0: 3 0x800001b4 (0x0004247b) e32 m1 l32 v8  ffffffff 0x3f5e7506 42c1dede 42889831 419f0f77 3fdeef26 4232f5e0 410c3e6c 42b54fbe 41941825 4295c461 408c7861 42273a12 42903beb 42ade6ff 3f5e7506 42c1dede 42889831 419f0f77 3fdeef26 4232f5e0 410c3e6c 42b54fbe 41941825 4295c461 408c7861 42273a12 42903beb 42ade6ff 3f5e7506 42c1dede 42889831 419f0f77  c8_vstart 0x00000000 mem 0x90000240 mem 0x90000244 mem 0x90000248 mem 0x9000024c mem 0x90000250 mem 0x90000254 mem 0x90000258 mem 0x9000025c mem 0x90000260 mem 0x90000264 mem 0x90000268 mem 0x9000026c mem 0x90000270 mem 0x90000274 mem 0x90000240 mem 0x90000244 mem 0x90000248 mem 0x9000024c mem 0x90000250 mem 0x90000254 mem 0x90000258 mem 0x9000025c mem 0x90000260 mem 0x90000264 mem 0x90000268 mem 0x9000026c mem 0x90000270 mem 0x90000274 mem 0x90000240 mem 0x90000244 mem 0x90000248 mem 0x9000024c
core   0: 0x800001b8 (0x960134d7) vsll.vi v9, v0, 2
core   0: 3 0x800001b8 (0x960134d7) c8_vstart 0x00000000 e32 m1 l32 v9  ffffffff 0x00000250 0000024c 00000248 00000244 00000278 00000274 00000270 0000026c 00000268 00000264 00000260 0000025c 00000258 00000254 00000250 0000024c 00000248 00000244 00000278 00000274 00000270 0000026c 00000268 00000264 00000260 0000025c 00000258 00000254 00000250 0000024c 00000248 00000244 
core   0: 0x800001bc (0x02448557) vadd.vv v10, v4, v9
core   0: 3 0x800001bc (0x02448557) c8_vstart 0x00000000 e32 m1 l32 v10 ffffffff 0x90000250 9000024c 90000248 90000244 90000278 90000274 90000270 9000026c 90000268 90000264 90000260 9000025c 90000258 90000254 90000250 9000024c 90000248 90000244 90000278 90000274 90000270 9000026c 90000268 90000264 90000260 9000025c 90000258 90000254 90000250 9000024c 90000248 90000244 
core   0: 0x800001c0 (0x0005257b) vlw12.v v10, v10, 0
core   0: 3 0x800001c0 (0x0005257b) e32 m1 l32 v10 ffffffff 0x42ade6ff 3f5e7506 42c1dede 42889831 4254c7d5 3fdeef26 4232f5e0 410c3e6c 42b54fbe 41941825 4295c461 408c7861 42273a12 42903beb 42ade6ff 3f5e7506 42c1dede 42889831 4254c7d5 3fdeef26 4232f5e0 410c3e6c 42b54fbe 41941825 4295c461 408c7861 42273a12 42903beb 42ade6ff 3f5e7506 42c1dede 42889831  c8_vstart 0x00000000 mem 0x90000244 mem 0x90000248 mem 0x9000024c mem 0x90000250 mem 0x90000254 mem 0x90000258 mem 0x9000025c mem 0x90000260 mem 0x90000264 mem 0x90000268 mem 0x9000026c mem 0x90000270 mem 0x90000274 mem 0x90000278 mem 0x90000244 mem 0x90000248 mem 0x9000024c mem 0x90000250 mem 0x90000254 mem 0x90000258 mem 0x9000025c mem 0x90000260 mem 0x90000264 mem 0x90000268 mem 0x9000026c mem 0x90000270 mem 0x90000274 mem 0x90000278 mem 0x90000244 mem 0x90000248 mem 0x9000024c mem 0x90000250
core   0: 0x800001c4 (0x966135d7) vsll.vi v11, v6, 2
core   0: 3 0x800001c4 (0x966135d7) c8_vstart 0x00000000 e32 m1 l32 v11 ffffffff 0x00000254 00000250 0000024c 00000248 0000027c 00000278 00000274 00000270 0000026c 00000268 00000264 00000260 0000025c 00000258 00000254 00000250 0000024c 00000248 0000027c 00000278 00000274 00000270 0000026c 00000268 00000264 00000260 0000025c 00000258 00000254 00000250 0000024c 00000248 
core   0: 0x800001c8 (0x024585d7) vadd.vv v11, v4, v11
core   0: 3 0x800001c8 (0x024585d7) c8_vstart 0x00000000 e32 m1 l32 v11 ffffffff 0x90000254 90000250 9000024c 90000248 9000027c 90000278 90000274 90000270 9000026c 90000268 90000264 90000260 9000025c 90000258 90000254 90000250 9000024c 90000248 9000027c 90000278 90000274 90000270 9000026c 90000268 90000264 90000260 9000025c 90000258 90000254 90000250 9000024c 90000248 
core   0: 0x800001cc (0x0005a5fb) vlw12.v v11, v11, 0
core   0: 3 0x800001cc (0x0005a5fb) e32 m1 l32 v11 ffffffff 0x42903beb 42ade6ff 3f5e7506 42c1dede 4215d8dc 4254c7d5 3fdeef26 4232f5e0 410c3e6c 42b54fbe 41941825 4295c461 408c7861 42273a12 42903beb 42ade6ff 3f5e7506 42c1dede 4215d8dc 4254c7d5 3fdeef26 4232f5e0 410c3e6c 42b54fbe 41941825 4295c461 408c7861 42273a12 42903beb 42ade6ff 3f5e7506 42c1dede  c8_vstart 0x00000000 mem 0x90000248 mem 0x9000024c mem 0x90000250 mem 0x90000254 mem 0x90000258 mem 0x9000025c mem 0x90000260 mem 0x90000264 mem 0x90000268 mem 0x9000026c mem 0x90000270 mem 0x90000274 mem 0x90000278 mem 0x9000027c mem 0x90000248 mem 0x9000024c mem 0x90000250 mem 0x90000254 mem 0x90000258 mem 0x9000025c mem 0x90000260 mem 0x90000264 mem 0x90000268 mem 0x9000026c mem 0x90000270 mem 0x90000274 mem 0x90000278 mem 0x9000027c mem 0x90000248 mem 0x9000024c mem 0x90000250 mem 0x90000254
core   0: 0x800001d0 (0x02208157) vadd.vv v2, v2, v1
core   0: 3 0x800001d0 (0x02208157) c8_vstart 0x00000000 e32 m1 l32 v2  ffffffff 0x000000a3 000000a2 000000a1 000000a0 000000ad 000000ac 000000ab 000000aa 000000a9 000000a8 000000a7 000000a6 000000a5 000000a4 000000a3 000000a2 000000a1 000000a0 000000ad 000000ac 000000ab 000000aa 000000a9 000000a8 000000a7 000000a6 000000a5 000000a4 000000a3 000000a2 000000a1 000000a0 
core   0: 0x800001d4 (0x96213157) vsll.vi v2, v2, 2
core   0: 3 0x800001d4 (0x96213157) c8_vstart 0x00000000 e32 m1 l32 v2  ffffffff 0x0000028c 00000288 00000284 00000280 000002b4 000002b0 000002ac 000002a8 000002a4 000002a0 0000029c 00000298 00000294 00000290 0000028c 00000288 00000284 00000280 000002b4 000002b0 000002ac 000002a8 000002a4 000002a0 0000029c 00000298 00000294 00000290 0000028c 00000288 00000284 00000280 
core   0: 0x800001d8 (0x02410157) vadd.vv v2, v4, v2
core   0: 3 0x800001d8 (0x02410157) c8_vstart 0x00000000 e32 m1 l32 v2  ffffffff 0x9000028c 90000288 90000284 90000280 900002b4 900002b0 900002ac 900002a8 900002a4 900002a0 9000029c 90000298 90000294 90000290 9000028c 90000288 90000284 90000280 900002b4 900002b0 900002ac 900002a8 900002a4 900002a0 9000029c 90000298 90000294 90000290 9000028c 90000288 90000284 90000280 
core   0: 0x800001dc (0x0001217b) vlw12.v v2, v2, 0
core   0: 3 0x800001dc (0x0001217b) e32 m1 l32 v2  ffffffff 0x41de98e8 427272d5 42012ec4 418e9e93 41b545e3 41c5dabb 42a71bd4 42a4b152 429c8105 42070da8 41bd0c3c 4287e191 42b805e6 41c9a6fe 41de98e8 427272d5 42012ec4 418e9e93 41b545e3 41c5dabb 42a71bd4 42a4b152 429c8105 42070da8 41bd0c3c 4287e191 42b805e6 41c9a6fe 41de98e8 427272d5 42012ec4 418e9e93  c8_vstart 0x00000000 mem 0x90000280 mem 0x90000284 mem 0x90000288 mem 0x9000028c mem 0x90000290 mem 0x90000294 mem 0x90000298 mem 0x9000029c mem 0x900002a0 mem 0x900002a4 mem 0x900002a8 mem 0x900002ac mem 0x900002b0 mem 0x900002b4 mem 0x90000280 mem 0x90000284 mem 0x90000288 mem 0x9000028c mem 0x90000290 mem 0x90000294 mem 0x90000298 mem 0x9000029c mem 0x900002a0 mem 0x900002a4 mem 0x900002a8 mem 0x900002ac mem 0x900002b0 mem 0x900002b4 mem 0x90000280 mem 0x90000284 mem 0x90000288 mem 0x9000028c
core   0: 0x800001e0 (0x02008057) vadd.vv v0, v0, v1
core   0: 3 0x800001e0 (0x02008057) c8_vstart 0x00000000 e32 m1 l32 v0  ffffffff 0x000000a4 000000a3 000000a2 000000a1 000000ae 000000ad 000000ac 000000ab 000000aa 000000a9 000000a8 000000a7 000000a6 000000a5 000000a4 000000a3 000000a2 000000a1 000000ae 000000ad 000000ac 000000ab 000000aa 000000a9 000000a8 000000a7 000000a6 000000a5 000000a4 000000a3 000000a2 000000a1 
core   0: 0x800001e4 (0x96013057) vsll.vi v0, v0, 2
core   0: 3 0x800001e4 (0x96013057) c8_vstart 0x00000000 e32 m1 l32 v0  ffffffff 0x00000290 0000028c 00000288 00000284 000002b8 000002b4 000002b0 000002ac 000002a8 000002a4 000002a0 0000029c 00000298 00000294 00000290 0000028c 00000288 00000284 000002b8 000002b4 000002b0 000002ac 000002a8 000002a4 000002a0 0000029c 00000298 00000294 00000290 0000028c 00000288 00000284 
core   0: 0x800001e8 (0x02400057) vadd.vv v0, v4, v0
core   0: 3 0x800001e8 (0x02400057) c8_vstart 0x00000000 e32 m1 l32 v0  ffffffff 0x90000290 9000028c 90000288 90000284 900002b8 900002b4 900002b0 900002ac 900002a8 900002a4 900002a0 9000029c 90000298 90000294 90000290 9000028c 90000288 90000284 900002b8 900002b4 900002b0 900002ac 900002a8 900002a4 900002a0 9000029c 90000298 90000294 90000290 9000028c 90000288 90000284 
core   0: 0x800001ec (0x0000207b) vlw12.v v0, v0, 0
core   0: 3 0x800001ec (0x0000207b) e32 m1 l32 v0  ffffffff 0x41c9a6fe 41de98e8 427272d5 42012ec4 4089774a 41b545e3 41c5dabb 42a71bd4 42a4b152 429c8105 42070da8 41bd0c3c 4287e191 42b805e6 41c9a6fe 41de98e8 427272d5 42012ec4 4089774a 41b545e3 41c5dabb 42a71bd4 42a4b152 429c8105 42070da8 41bd0c3c 4287e191 42b805e6 41c9a6fe 41de98e8 427272d5 42012ec4  c8_vstart 0x00000000 mem 0x90000284 mem 0x90000288 mem 0x9000028c mem 0x90000290 mem 0x90000294 mem 0x90000298 mem 0x9000029c mem 0x900002a0 mem 0x900002a4 mem 0x900002a8 mem 0x900002ac mem 0x900002b0 mem 0x900002b4 mem 0x900002b8 mem 0x90000284 mem 0x90000288 mem 0x9000028c mem 0x90000290 mem 0x90000294 mem 0x90000298 mem 0x9000029c mem 0x900002a0 mem 0x900002a4 mem 0x900002a8 mem 0x900002ac mem 0x900002b0 mem 0x900002b4 mem 0x900002b8 mem 0x90000284 mem 0x90000288 mem 0x9000028c mem 0x90000290
core   0: 0x800001f0 (0x026080d7) vadd.vv v1, v6, v1
core   0: 3 0x800001f0 (0x026080d7) c8_vstart 0x00000000 e32 m1 l32 v1  ffffffff 0x000000a5 000000a4 000000a3 000000a2 000000af 000000ae 000000ad 000000ac 000000ab 000000aa 000000a9 000000a8 000000a7 000000a6 000000a5 000000a4 000000a3 000000a2 000000af 000000ae 000000ad 000000ac 000000ab 000000aa 000000a9 000000a8 000000a7 000000a6 000000a5 000000a4 000000a3 000000a2 
core   0: 0x800001f4 (0x961130d7) vsll.vi v1, v1, 2
core   0: 3 0x800001f4 (0x961130d7) c8_vstart 0x00000000 e32 m1 l32 v1  ffffffff 0x00000294 00000290 0000028c 00000288 000002bc 000002b8 000002b4 000002b0 000002ac 000002a8 000002a4 000002a0 0000029c 00000298 00000294 00000290 0000028c 00000288 000002bc 000002b8 000002b4 000002b0 000002ac 000002a8 000002a4 000002a0 0000029c 00000298 00000294 00000290 0000028c 00000288 
core   0: 0x800001f8 (0x024080d7) vadd.vv v1, v4, v1
core   0: 3 0x800001f8 (0x024080d7) c8_vstart 0x00000000 e32 m1 l32 v1  ffffffff 0x90000294 90000290 9000028c 90000288 900002bc 900002b8 900002b4 900002b0 900002ac 900002a8 900002a4 900002a0 9000029c 90000298 90000294 90000290 9000028c 90000288 900002bc 900002b8 900002b4 900002b0 900002ac 900002a8 900002a4 900002a0 9000029c 90000298 90000294 90000290 9000028c 90000288 
core   0: 0x800001fc (0x0000a0fb) vlw12.v v1, v1, 0
core   0: 3 0x800001fc (0x0000a0fb) e32 m1 l32 v1  ffffffff 0x42b805e6 41c9a6fe 41de98e8 427272d5 42327518 4089774a 41b545e3 41c5dabb 42a71bd4 42a4b152 429c8105 42070da8 41bd0c3c 4287e191 42b805e6 41c9a6fe 41de98e8 427272d5 42327518 4089774a 41b545e3 41c5dabb 42a71bd4 42a4b152 429c8105 42070da8 41bd0c3c 4287e191 42b805e6 41c9a6fe 41de98e8 427272d5  c8_vstart 0x00000000 mem 0x90000288 mem 0x9000028c mem 0x90000290 mem 0x90000294 mem 0x90000298 mem 0x9000029c mem 0x900002a0 mem 0x900002a4 mem 0x900002a8 mem 0x900002ac mem 0x900002b0 mem 0x900002b4 mem 0x900002b8 mem 0x900002bc mem 0x90000288 mem 0x9000028c mem 0x90000290 mem 0x90000294 mem 0x90000298 mem 0x9000029c mem 0x900002a0 mem 0x900002a4 mem 0x900002a8 mem 0x900002ac mem 0x900002b0 mem 0x900002b4 mem 0x900002b8 mem 0x900002bc mem 0x90000288 mem 0x9000028c mem 0x90000290 mem 0x90000294
core   0: 0x80000200 (0xfdc12283) lw      x5, -36(x2)
core   0: 3 0x80000200 (0xfdc12283) x5  0x3f800000 mem 0x70000010
core   0: 0x80000204 (0x5e02c257) vmv.v.x v4, x5
core   0: 3 0x80000204 (0x5e02c257) c8_vstart 0x00000000 e32 m1 l32 v4  ffffffff 0x3f800000 3f800000 3f800000 3f800000 3f800000 3f800000 3f800000 3f800000 3f800000 3f800000 3f800000 3f800000 3f800000 3f800000 3f800000 3f800000 3f800000 3f800000 3f800000 3f800000 3f800000 3f800000 3f800000 3f800000 3f800000 3f800000 3f800000 3f800000 3f800000 3f800000 3f800000 3f800000 
core   0: 0x80000208 (0xa25211d7) vfmadd.vv v3, v5, v4
core   0: 3 0x80000208 (0xa25211d7) c8_vstart 0x00000000 c1_fflags 0x00000001 e32 m1 l32 v3  ffffffff 0x42049722 42cc8073 42be5f5f 42d99d66 42ad95cf 42c08aa9 42d90344 428a0db8 425040c3 430c2d1f 430a8a54 428f07d4 42f89eda 42cdd0f3 42049722 42cc8073 42be5f5f 42d99d66 42ad95cf 42c08aa9 42d90344 428a0db8 425040c3 430c2d1f 430a8a54 428f07d4 42f89eda 42cdd0f3 42049722 42cc8073 42be5f5f 42d99d66 
core   0: 0x8000020c (0xfe012283) lw      x5, -32(x2)
core   0: 3 0x8000020c (0xfe012283) x5  0x3f800000 mem 0x70000014
core   0: 0x80000210 (0x5e02c257) vmv.v.x v4, x5
core   0: 3 0x80000210 (0x5e02c257) c8_vstart 0x00000000 e32 m1 l32 v4  ffffffff 0x3f800000 3f800000 3f800000 3f800000 3f800000 3f800000 3f800000 3f800000 3f800000 3f800000 3f800000 3f800000 3f800000 3f800000 3f800000 3f800000 3f800000 3f800000 3f800000 3f800000 3f800000 3f800000 3f800000 3f800000 3f800000 3f800000 3f800000 3f800000 3f800000 3f800000 3f800000 3f800000 
core   0: 0x80000214 (0xa23213d7) vfmadd.vv v7, v3, v4
core   0: 3 0x80000214 (0xa23213d7) c8_vstart 0x00000000 c1_fflags 0x00000001 e32 m1 l32 v7  ffffffff 0x42fc1def 42e07f08 42ecac5b 433be86e 42d71170 43089568 431afc76 42eda2b8 42dd8ea6 43167cd9 43344acb 4329f092 43246d19 43064eb8 42fc1def 42e07f08 42ecac5b 433be86e 42d71170 43089568 431afc76 42eda2b8 42dd8ea6 43167cd9 43344acb 4329f092 43246d19 43064eb8 42fc1def 42e07f08 42ecac5b 433be86e 
core   0: 0x80000218 (0xfe412283) lw      x5, -28(x2)
core   0: 3 0x80000218 (0xfe412283) x5  0x3f800000 mem 0x70000018
core   0: 0x8000021c (0x5e02c1d7) vmv.v.x v3, x5
core   0: 3 0x8000021c (0x5e02c1d7) c8_vstart 0x00000000 e32 m1 l32 v3  ffffffff 0x3f800000 3f800000 3f800000 3f800000 3f800000 3f800000 3f800000 3f800000 3f800000 3f800000 3f800000 3f800000 3f800000 3f800000 3f800000 3f800000 3f800000 3f800000 3f800000 3f800000 3f800000 3f800000 3f800000 3f800000 3f800000 3f800000 3f800000 3f800000 3f800000 3f800000 3f800000 3f800000 
core   0: 0x80000220 (0xa2719457) vfmadd.vv v8, v7, v3
core   0: 3 0x80000220 (0xa2719457) c8_vstart 0x00000000 c1_fflags 0x00000001 e32 m1 l32 v8  ffffffff 0x42fddad9 43512ef3 433aa246 434fca5d 42da8d2d 433552e0 4323c05d 4351793b 43014a58 43615f0a 4338ae8e 4353bf16 436c8b0e 435d4238 42fddad9 43512ef3 433aa246 434fca5d 42da8d2d 433552e0 4323c05d 4351793b 43014a58 43615f0a 4338ae8e 4353bf16 436c8b0e 435d4238 42fddad9 43512ef3 433aa246 434fca5d 
core   0: 0x80000224 (0xfe812283) lw      x5, -24(x2)
core   0: 3 0x80000224 (0xfe812283) x5  0x3f800000 mem 0x7000001c
core   0: 0x80000228 (0x5e02c1d7) vmv.v.x v3, x5
core   0: 3 0x80000228 (0x5e02c1d7) c8_vstart 0x00000000 e32 m1 l32 v3  ffffffff 0x3f800000 3f800000 3f800000 3f800000 3f800000 3f800000 3f800000 3f800000 3f800000 3f800000 3f800000 3f800000 3f800000 3f800000 3f800000 3f800000 3f800000 3f800000 3f800000 3f800000 3f800000 3f800000 3f800000 3f800000 3f800000 3f800000 3f800000 3f800000 3f800000 3f800000 3f800000 3f800000 
core   0: 0x8000022c (0xa2819557) vfmadd.vv v10, v8, v3
core   0: 3 0x8000022c (0xa2819557) c8_vstart 0x00000000 c1_fflags 0x00000001 e32 m1 l32 v10 ffffffff 0x4355e0ec 43520d68 438dc8da 438a0b3b 4322788c 433710be 43507dd5 435a3d22 435bf237 4373e20f 4381c85f 435822d9 438b2cc9 4392b017 4355e0ec 43520d68 438dc8da 438a0b3b 4322788c 433710be 43507dd5 435a3d22 435bf237 4373e20f 4381c85f 435822d9 438b2cc9 4392b017 4355e0ec 43520d68 438dc8da 438a0b3b 
core   0: 0x80000230 (0xfec12283) lw      x5, -20(x2)
core   0: 3 0x80000230 (0xfec12283) x5  0x3f800000 mem 0x70000020
core   0: 0x80000234 (0x5e02c1d7) vmv.v.x v3, x5
core   0: 3 0x80000234 (0x5e02c1d7) c8_vstart 0x00000000 e32 m1 l32 v3  ffffffff 0x3f800000 3f800000 3f800000 3f800000 3f800000 3f800000 3f800000 3f800000 3f800000 3f800000 3f800000 3f800000 3f800000 3f800000 3f800000 3f800000 3f800000 3f800000 3f800000 3f800000 3f800000 3f800000 3f800000 3f800000 3f800000 3f800000 3f800000 3f800000 3f800000 3f800000 3f800000 3f800000 
core   0: 0x80000238 (0xa2a195d7) vfmadd.vv v11, v10, v3
core   0: 3 0x80000238 (0xa2a195d7) c8_vstart 0x00000000 c1_fflags 0x00000001 e32 m1 l32 v11 ffffffff 0x438eff71 43948074 438e3815 43ba82f2 4347eec3 436c42b3 43523bb3 43837d4d 4364b61e 43a744f7 438b09e1 43918285 438d5eab 43a79759 438eff71 43948074 438e3815 43ba82f2 4347eec3 436c42b3 43523bb3 43837d4d 4364b61e 43a744f7 438b09e1 43918285 438d5eab 43a79759 438eff71 43948074 438e3815 43ba82f2 
core   0: 0x8000023c (0xff012283) lw      x5, -16(x2)
core   0: 3 0x8000023c (0xff012283) x5  0x3f800000 mem 0x70000024
core   0: 0x80000240 (0x5e02c1d7) vmv.v.x v3, x5
core   0: 3 0x80000240 (0x5e02c1d7) c8_vstart 0x00000000 e32 m1 l32 v3  ffffffff 0x3f800000 3f800000 3f800000 3f800000 3f800000 3f800000 3f800000 3f800000 3f800000 3f800000 3f800000 3f800000 3f800000 3f800000 3f800000 3f800000 3f800000 3f800000 3f800000 3f800000 3f800000 3f800000 3f800000 3f800000 3f800000 3f800000 3f800000 3f800000 3f800000 3f800000 3f800000 3f800000 
core   0: 0x80000244 (0xa2b19157) vfmadd.vv v2, v11, v3
core   0: 3 0x80000244 (0xa2b19157) c8_vstart 0x00000000 c1_fflags 0x00000001 e32 m1 l32 v2  ffffffff 0x439ce900 43b2cecf 439e5dee 43c36cdb 435e977f 43827f05 4392e4ce 43aca9a2 43997b50 43b826ac 4396daa5 43b37ae9 43bb6024 43b431c9 439ce900 43b2cecf 439e5dee 43c36cdb 435e977f 43827f05 4392e4ce 43aca9a2 43997b50 43b826ac 4396daa5 43b37ae9 43bb6024 43b431c9 439ce900 43b2cecf 439e5dee 43c36cdb 
core   0: 0x80000248 (0xff412283) lw      x5, -12(x2)
core   0: 3 0x80000248 (0xff412283) x5  0x3f800000 mem 0x70000028
core   0: 0x8000024c (0x5e02c1d7) vmv.v.x v3, x5
core   0: 3 0x8000024c (0x5e02c1d7) c8_vstart 0x00000000 e32 m1 l32 v3  ffffffff 0x3f800000 3f800000 3f800000 3f800000 3f800000 3f800000 3f800000 3f800000 3f800000 3f800000 3f800000 3f800000 3f800000 3f800000 3f800000 3f800000 3f800000 3f800000 3f800000 3f800000 3f800000 3f800000 3f800000 3f800000 3f800000 3f800000 3f800000 3f800000 3f800000 3f800000 3f800000 3f800000 
core   0: 0x80000250 (0xa2219057) vfmadd.vv v0, v2, v3
core   0: 3 0x80000250 (0xa2219057) c8_vstart 0x00000000 c1_fflags 0x00000001 e32 m1 l32 v0  ffffffff 0x43a98370 43c0b85e 43bcac49 43d392b4 4362e339 438dd363 439f427a 43d67097 43c2a7a4 43df46ed 43a7bc5a 43bf4bad 43dd5888 43e23342 43a98370 43c0b85e 43bcac49 43d392b4 4362e339 438dd363 439f427a 43d67097 43c2a7a4 43df46ed 43a7bc5a 43bf4bad 43dd5888 43e23342 43a98370 43c0b85e 43bcac49 43d392b4 
core   0: 0x80000254 (0xff812283) lw      x5, -8(x2)
core   0: 3 0x80000254 (0xff812283) x5  0x3f800000 mem 0x7000002c
core   0: 0x80000258 (0x5e02c157) vmv.v.x v2, x5
core   0: 3 0x80000258 (0x5e02c157) c8_vstart 0x00000000 e32 m1 l32 v2  ffffffff 0x3f800000 3f800000 3f800000 3f800000 3f800000 3f800000 3f800000 3f800000 3f800000 3f800000 3f800000 3f800000 3f800000 3f800000 3f800000 3f800000 3f800000 3f800000 3f800000 3f800000 3f800000 3f800000 3f800000 3f800000 3f800000 3f800000 3f800000 3f800000 3f800000 3f800000 3f800000 3f800000 
core   0: 0x8000025c (0xa20110d7) vfmadd.vv v1, v0, v2
core   0: 3 0x8000025c (0xa20110d7) c8_vstart 0x00000000 c1_fflags 0x00000001 e32 m1 l32 v1  ffffffff 0x43d784ea 43cd52ce 43ca95d8 43f1e10f 4387c040 438ff940 43aa96d8 43e2ce43 43ec6e99 440439a1 43cedc9b 43d02d62 43e9294c 440215d3 43d784ea 43cd52ce 43ca95d8 43f1e10f 4387c040 438ff940 43aa96d8 43e2ce43 43ec6e99 440439a1 43cedc9b 43d02d62 43e9294c 440215d3 43d784ea 43cd52ce 43ca95d8 43f1e10f 
core   0: 0x80000260 (0xffc12283) lw      x5, -4(x2)
core   0: 3 0x80000260 (0xffc12283) x5  0x90001000 mem 0x70000030
core   0: 0x80000264 (0x0292c057) vadd.vx v0, v9, x5
core   0: 3 0x80000264 (0x0292c057) c8_vstart 0x00000000 e32 m1 l32 v0  ffffffff 0x90001250 9000124c 90001248 90001244 90001278 90001274 90001270 9000126c 90001268 90001264 90001260 9000125c 90001258 90001254 90001250 9000124c 90001248 90001244 90001278 90001274 90001270 9000126c 90001268 90001264 90001260 9000125c 90001258 90001254 90001250 9000124c 90001248 90001244 
core   0: 0x80000268 (0x0010607b) vsw12.v v1, v0, 0
core   0: 3 0x80000268 (0x0010607b) c8_vstart 0x00000000 e32 m1 l32 mem 0x90001244 0x43f1e10f mem 0x90001248 0x43ca95d8 mem 0x9000124c 0x43cd52ce mem 0x90001250 0x43d784ea mem 0x90001254 0x440215d3 mem 0x90001258 0x43e9294c mem 0x9000125c 0x43d02d62 mem 0x90001260 0x43cedc9b mem 0x90001264 0x440439a1 mem 0x90001268 0x43ec6e99 mem 0x9000126c 0x43e2ce43 mem 0x90001270 0x43aa96d8 mem 0x90001274 0x438ff940 mem 0x90001278 0x4387c040 mem 0x90001244 0x43f1e10f mem 0x90001248 0x43ca95d8 mem 0x9000124c 0x43cd52ce mem 0x90001250 0x43d784ea mem 0x90001254 0x440215d3 mem 0x90001258 0x43e9294c mem 0x9000125c 0x43d02d62 mem 0x90001260 0x43cedc9b mem 0x90001264 0x440439a1 mem 0x90001268 0x43ec6e99 mem 0x9000126c 0x43e2ce43 mem 0x90001270 0x43aa96d8 mem 0x90001274 0x438ff940 mem 0x90001278 0x4387c040 mem 0x90001244 0x43f1e10f mem 0x90001248 0x43ca95d8 mem 0x9000124c 0x43cd52ce mem 0x90001250 0x43d784ea
core   0: 0x8000026c (0xfcc12083) lw      x1, -52(x2)
core   0: 3 0x8000026c (0xfcc12083) x1  0x800000a0 mem 0x70000000
core   0: 0x80000270 (0x0090200b) regext  x0, x0,  0 0 1 1 
core   0: 3 0x80000270 (0x0090200b)
core   0: 0x80000274 (0x7fc020ab) vlw.v   v1, x0, -4
core   0: 3 0x80000274 (0x7fc020ab) e32 m1 l32 v33 ffffffff 0x00000000 00000000 00000000 00000000 00000000 00000000 00000000 00000000 00000000 00000000 00000000 00000000 00000000 00000000 00000000 00000000 00000000 00000000 00000000 00000000 00000000 00000000 00000000 00000000 00000000 00000000 00000000 00000000 00000000 00000000 00000000 00000000  c8_vstart 0x00000000 mem 0x90003000 mem 0x90003004 mem 0x90003008 mem 0x9000300c mem 0x90003010 mem 0x90003014 mem 0x90003018 mem 0x9000301c mem 0x90003020 mem 0x90003024 mem 0x90003028 mem 0x9000302c mem 0x90003030 mem 0x90003034 mem 0x90003038 mem 0x9000303c mem 0x90003040 mem 0x90003044 mem 0x90003048 mem 0x9000304c mem 0x90003050 mem 0x90003054 mem 0x90003058 mem 0x9000305c mem 0x90003060 mem 0x90003064 mem 0x90003068 mem 0x9000306c mem 0x90003070 mem 0x90003074 mem 0x90003078 mem 0x9000307c
core   0: 0x80000278 (0xfcc10113) addi    x2, x2, -52
core   0: 3 0x80000278 (0xfcc10113) x2  0x70000000
core   0: 0x8000027c (0xffc20213) addi    x4, x4, -4
core   0: 3 0x8000027c (0xffc20213) x4  0x00000000
core   0: 0x80000280 (0x0010200b) regext  x0, x0,  0 0 0 1 
core   0: 3 0x80000280 (0x0010200b)
core   0: 0x80000284 (0x5e024057) vmv.v.x v0, x4
core   0: 3 0x80000284 (0x5e024057) c8_vstart 0x00000000 e32 m1 l32 v32 ffffffff 0x00000000 00000000 00000000 00000000 00000000 00000000 00000000 00000000 00000000 00000000 00000000 00000000 00000000 00000000 00000000 00000000 00000000 00000000 00000000 00000000 00000000 00000000 00000000 00000000 00000000 00000000 00000000 00000000 00000000 00000000 00000000 00000000 
core   0: 0x80000288 (0x00008067) ret
core   0: 3 0x80000288 (0x00008067)
core   0: 0x800000a0 (0x0000400b) endprg  x0, x0, x0
core   0: 3 0x800000a0 (0x0000400b)
core   0: 0x800000a4 (0x0040006f) j       pc + 0x4
core   0: 3 0x800000a4 (0x0040006f)
core   0: 0x800000a8 (0x00100313) li      x6, 1
core   0: 3 0x800000a8 (0x00100313) x6  0x00000001
core   0: 0x800000ac (0x00001297) auipc   x5, 0x1
core   0: 3 0x800000ac (0x00001297) x5  0x800010ac
core   0: 0x800000b0 (0xf5428293) addi    x5, x5, -172
core   0: 3 0x800000b0 (0xf5428293) x5  0x80001000
core   0: 0x800000b4 (0x0062a023) sw      x6, 0(x5)
core   0: 3 0x800000b4 (0x0062a023) mem 0x80001000 0x00000001
core   0: 0x00001000 (0x00000297) auipc   x5, 0x0
core   0: 3 0x00001000 (0x00000297) x5  0x00001000
core   0: 0x00001004 (0x02028593) addi    x11, x5, 32
core   0: 3 0x00001004 (0x02028593) x11 0x00001020
core   0: 0x00001008 (0xf1402573) csrr    x10, mhartid
core   0: 3 0x00001008 (0xf1402573) x10 0x00000000
core   0: 0x0000100c (0x0182a283) lw      x5, 24(x5)
core   0: 3 0x0000100c (0x0182a283) x5  0x80000000 mem 0x00001018
core   0: 0x00001010 (0x00028067) jr      x5
core   0: 3 0x00001010 (0x00028067)
core   0: 0x80000000 (0x00004197) auipc   x3, 0x4
core   0: 3 0x80000000 (0x00004197) x3  0x80004000
core   0: 0x80000004 (0x80818193) addi    x3, x3, -2040
core   0: 3 0x80000004 (0x80818193) x3  0x80003808
core   0: 0x80000008 (0x02000e93) li      x29, 32
core   0: 3 0x80000008 (0x02000e93) x29 0x00000020
core   0: 0x8000000c (0x0d0efed7) vsetvli x29, x29, e32, m1, ta, ma
core   0: 3 0x8000000c (0x0d0efed7) x29 0x00000020 c8_vstart 0x00000000 c3104_vl 0x00000020 c3105_vtype 0x000000d0 c768_mstatus 0x80000600
core   0: 0x80000010 (0x00002eb7) lui     x29, 0x2
core   0: 3 0x80000010 (0x00002eb7) x29 0x00002000
core   0: 0x80000014 (0x300eaef3) csrrs   x29, mstatus, x29
core   0: 3 0x80000014 (0x300eaef3) x29 0x80000600 c768_mstatus 0x80006600
core   0: 0x80000018 (0x00000e93) li      x29, 0
core   0: 3 0x80000018 (0x00000e93) x29 0x00000000
core   0: 0x8000001c (0x80502373) csrr    x6, wid
core   0: 3 0x8000001c (0x80502373) x6  0x00000000
core   0: 0x80000020 (0x806023f3) csrr    x7, lds
core   0: 3 0x80000020 (0x806023f3) x7  0x70000000
core   0: 0x80000024 (0x40000e13) li      x28, 1024
core   0: 3 0x80000024 (0x40000e13) x28 0x00000400
core   0: 0x80000028 (0x03c30333) mul     x6, x6, x28
core   0: 3 0x80000028 (0x03c30333) x6  0x00000000
core   0: 0x8000002c (0x00730133) add     x2, x6, x7
core   0: 3 0x8000002c (0x00730133) x2  0x70000000
core   0: 0x80000030 (0x00000213) li      x4, 0
core   0: 3 0x80000030 (0x00000213) x4  0x00000000
core   0: 0x80000034 (0x80102f73) csrr    x30, numw
core   0: 3 0x80000034 (0x80102f73) x30 0x00000001
core   0: 0x80000038 (0x40000e13) li      x28, 1024
core   0: 3 0x80000038 (0x40000e13) x28 0x00000400
core   0: 0x8000003c (0x03cf0f33) mul     x30, x30, x28
core   0: 3 0x8000003c (0x03cf0f33) x30 0x00000400
core   0: 0x80000040 (0x01e38433) add     x8, x7, x30
core   0: 3 0x80000040 (0x01e38433) x8  0x70000400
core   0: 0x80000044 (0x00003517) auipc   x10, 0x3
core   0: 3 0x80000044 (0x00003517) x10 0x80003044
core   0: 0x80000048 (0xfc450513) addi    x10, x10, -60
core   0: 3 0x80000048 (0xfc450513) x10 0x80003008
core   0: 0x8000004c (0x00003617) auipc   x12, 0x3
core   0: 3 0x8000004c (0x00003617) x12 0x8000304c
core   0: 0x80000050 (0xfbc60613) addi    x12, x12, -68
core   0: 3 0x80000050 (0xfbc60613) x12 0x80003008
core   0: 0x80000054 (0x00c50863) beq     x10, x12, pc + 16
core   0: 3 0x80000054 (0x00c50863)
core   0: 0x80000064 (0x803022f3) csrr    x5, knl
core   0: 3 0x80000064 (0x803022f3) x5  0x901c3000
core   0: 0x80000068 (0x0002a303) lw      x6, 0(x5)
core   0: 3 0x80000068 (0x0002a303) x6  0x800000b8 mem 0x901c3000
core   0: 0x8000006c (0x0042a503) lw      x10, 4(x5)
core   0: 3 0x8000006c (0x0042a503) x10 0x90002000 mem 0x901c3004
core   0: 0x80000070 (0x0302a383) lw      x7, 48(x5)
core   0: 3 0x80000070 (0x0302a383) x7  0x00000000 mem 0x901c3030
core   0: 0x80000074 (0x0342ae03) lw      x28, 52(x5)
core   0: 3 0x80000074 (0x0342ae03) x28 0x00000000 mem 0x901c3034
core   0: 0x80000078 (0x00003e97) auipc   x29, 0x3
core   0: 3 0x80000078 (0x00003e97) x29 0x80003078
core   0: 0x8000007c (0xf88e8e93) addi    x29, x29, -120
core   0: 3 0x8000007c (0xf88e8e93) x29 0x80003000
core   0: 0x80000080 (0x00003f17) auipc   x30, 0x3
core   0: 3 0x80000080 (0x00003f17) x30 0x80003080
core   0: 0x80000084 (0xf84f0f13) addi    x30, x30, -124
core   0: 3 0x80000084 (0xf84f0f13) x30 0x80003004
core   0: 0x80000088 (0x007ea023) sw      x7, 0(x29)
core   0: 3 0x80000088 (0x007ea023) mem 0x80003000 0x00000000
core   0: 0x8000008c (0x01cf2023) sw      x28, 0(x30)
core   0: 3 0x8000008c (0x01cf2023) mem 0x80003004 0x00000000
core   0: 0x80000090 (0x00000f97) auipc   x31, 0x0
core   0: 3 0x80000090 (0x00000f97) x31 0x80000090
core   0: 0x80000094 (0x018f8f93) addi    x31, x31, 24
core   0: 3 0x80000094 (0x018f8f93) x31 0x800000a8
core   0: 0x80000098 (0x305f9073) csrw    mtvec, x31
core   0: 3 0x80000098 (0x305f9073) c773_mtvec 0x800000a8
core   0: 0x8000009c (0x000300e7) jalr    x6
core   0: 3 0x8000009c (0x000300e7) x1  0x800000a0
core   0: 0x800000b8 (0x03410113) addi    x2, x2, 52
core   0: 3 0x800000b8 (0x03410113) x2  0x70000034
core   0: 0x800000bc (0x00420213) addi    x4, x4, 4
core   0: 3 0x800000bc (0x00420213) x4  0x00000004
core   0: 0x800000c0 (0x0010200b) regext  x0, x0,  0 0 0 1 
core   0: 3 0x800000c0 (0x0010200b)
core   0: 0x800000c4 (0x5e024057) vmv.v.x v0, x4
core   0: 3 0x800000c4 (0x5e024057) c8_vstart 0x00000000 e32 m1 l32 v32 ffffffff 0x00000004 00000004 00000004 00000004 00000004 00000004 00000004 00000004 00000004 00000004 00000004 00000004 00000004 00000004 00000004 00000004 00000004 00000004 00000004 00000004 00000004 00000004 00000004 00000004 00000004 00000004 00000004 00000004 00000004 00000004 00000004 00000004 
core   0: 0x800000c8 (0xfc112623) sw      x1, -52(x2)
core   0: 3 0x800000c8 (0xfc112623) mem 0x70000000 0x800000a0
core   0: 0x800000cc (0x0480200b) regext  x0, x0,  0 1 1 0 
core   0: 3 0x800000cc (0x0480200b)
core   0: 0x800000d0 (0xfe102e2b) vsw.v   v1, x0, -4
core   0: 3 0x800000d0 (0xfe102e2b) c8_vstart 0x00000000 mem 0x90003000 0x00000000 mem 0x90003004 0x00000000 mem 0x90003008 0x00000000 mem 0x9000300c 0x00000000 mem 0x90003010 0x00000000 mem 0x90003014 0x00000000 mem 0x90003018 0x00000000 mem 0x9000301c 0x00000000 mem 0x90003020 0x00000000 mem 0x90003024 0x00000000 mem 0x90003028 0x00000000 mem 0x9000302c 0x00000000 mem 0x90003030 0x00000000 mem 0x90003034 0x00000000 mem 0x90003038 0x00000000 mem 0x9000303c 0x00000000 mem 0x90003040 0x00000000 mem 0x90003044 0x00000000 mem 0x90003048 0x00000000 mem 0x9000304c 0x00000000 mem 0x90003050 0x00000000 mem 0x90003054 0x00000000 mem 0x90003058 0x00000000 mem 0x9000305c 0x00000000 mem 0x90003060 0x00000000 mem 0x90003064 0x00000000 mem 0x90003068 0x00000000 mem 0x9000306c 0x00000000 mem 0x90003070 0x00000000 mem 0x90003074 0x00000000 mem 0x90003078 0x00000000 mem 0x9000307c 0x00000000
core   0: 0x800000d4 (0x00452283) lw      x5, 4(x10)
core   0: 3 0x800000d4 (0x00452283) x5  0x90001000 mem 0x90002004
core   0: 0x800000d8 (0xfe512e23) sw      x5, -4(x2)
core   0: 3 0x800000d8 (0xfe512e23) mem 0x70000030 0x90001000
core   0: 0x800000dc (0x03052283) lw      x5, 48(x10)
core   0: 3 0x800000dc (0x03052283) x5  0x3f800000 mem 0x90002030
core   0: 0x800000e0 (0xfe512c23) sw      x5, -8(x2)
core   0: 3 0x800000e0 (0xfe512c23) mem 0x7000002c 0x3f800000
core   0: 0x800000e4 (0x02c52283) lw      x5, 44(x10)
core   0: 3 0x800000e4 (0x02c52283) x5  0x3f800000 mem 0x9000202c
core   0: 0x800000e8 (0xfe512a23) sw      x5, -12(x2)
core   0: 3 0x800000e8 (0xfe512a23) mem 0x70000028 0x3f800000
core   0: 0x800000ec (0x02852283) lw      x5, 40(x10)
core   0: 3 0x800000ec (0x02852283) x5  0x3f800000 mem 0x90002028
core   0: 0x800000f0 (0xfe512823) sw      x5, -16(x2)
core   0: 3 0x800000f0 (0xfe512823) mem 0x70000024 0x3f800000
core   0: 0x800000f4 (0x02452283) lw      x5, 36(x10)
core   0: 3 0x800000f4 (0x02452283) x5  0x3f800000 mem 0x90002024
core   0: 0x800000f8 (0xfe512623) sw      x5, -20(x2)
core   0: 3 0x800000f8 (0xfe512623) mem 0x70000020 0x3f800000
core   0: 0x800000fc (0x02052283) lw      x5, 32(x10)
core   0: 3 0x800000fc (0x02052283) x5  0x3f800000 mem 0x90002020
core   0: 0x80000100 (0xfe512423) sw      x5, -24(x2)
core   0: 3 0x80000100 (0xfe512423) mem 0x7000001c 0x3f800000
core   0: 0x80000104 (0x01c52283) lw      x5, 28(x10)
core   0: 3 0x80000104 (0x01c52283) x5  0x3f800000 mem 0x9000201c
core   0: 0x80000108 (0xfe512223) sw      x5, -28(x2)
core   0: 3 0x80000108 (0xfe512223) mem 0x70000018 0x3f800000
core   0: 0x8000010c (0x01852283) lw      x5, 24(x10)
core   0: 3 0x8000010c (0x01852283) x5  0x3f800000 mem 0x90002018
core   0: 0x80000110 (0xfe512023) sw      x5, -32(x2)
core   0: 3 0x80000110 (0xfe512023) mem 0x70000014 0x3f800000
core   0: 0x80000114 (0x01052283) lw      x5, 16(x10)
core   0: 3 0x80000114 (0x01052283) x5  0x3f800000 mem 0x90002010
core   0: 0x80000118 (0xfc512e23) sw      x5, -36(x2)
core   0: 3 0x80000118 (0xfc512e23) mem 0x70000010 0x3f800000
core   0: 0x8000011c (0x01452283) lw      x5, 20(x10)
core   0: 3 0x8000011c (0x01452283) x5  0x3f800000 mem 0x90002014
core   0: 0x80000120 (0xfc512c23) sw      x5, -40(x2)
core   0: 3 0x80000120 (0xfc512c23) mem 0x7000000c 0x3f800000
core   0: 0x80000124 (0x00052283) lw      x5, 0(x10)
core   0: 3 0x80000124 (0x00052283) x5  0x90000000 mem 0x90002000
core   0: 0x80000128 (0xfc512a23) sw      x5, -44(x2)
core   0: 3 0x80000128 (0xfc512a23) mem 0x70000008 0x90000000
core   0: 0x8000012c (0x00852283) lw      x5, 8(x10)
core   0: 3 0x8000012c (0x00852283) x5  0x00000010 mem 0x90002008
core   0: 0x80000130 (0xfc512823) sw      x5, -48(x2)
core   0: 3 0x80000130 (0xfc512823) mem 0x70000004 0x00000010
core   0: 0x80000134 (0x5e004057) vmv.v.x v0, x0
core   0: 3 0x80000134 (0x5e004057) c8_vstart 0x00000000 e32 m1 l32 v0  ffffffff 0x00000000 00000000 00000000 00000000 00000000 00000000 00000000 00000000 00000000 00000000 00000000 00000000 00000000 00000000 00000000 00000000 00000000 00000000 00000000 00000000 00000000 00000000 00000000 00000000 00000000 00000000 00000000 00000000 00000000 00000000 00000000 00000000 
core   0: 0x80000138 (0x154000ef) jal     pc + 0x154
core   0: 3 0x80000138 (0x154000ef) x1  0x8000013c
core   0: 0x8000028c (0x00410113) addi    x2, x2, 4
core   0: 3 0x8000028c (0x00410113) x2  0x70000038
core   0: 0x80000290 (0xfe112e23) sw      x1, -4(x2)
core   0: 3 0x80000290 (0xfe112e23) mem 0x70000034 0x8000013c
core   0: 0x80000294 (0x00200293) li      x5, 2
core   0: 3 0x80000294 (0x00200293) x5  0x00000002
core   0: 0x80000298 (0x5e02c0d7) vmv.v.x v1, x5
core   0: 3 0x80000298 (0x5e02c0d7) c8_vstart 0x00000000 e32 m1 l32 v1  ffffffff 0x00000002 00000002 00000002 00000002 00000002 00000002 00000002 00000002 00000002 00000002 00000002 00000002 00000002 00000002 00000002 00000002 00000002 00000002 00000002 00000002 00000002 00000002 00000002 00000002 00000002 00000002 00000002 00000002 00000002 00000002 00000002 00000002 
core   0: 0x8000029c (0x00000317) auipc   x6, 0x0
core   0: 3 0x8000029c (0x00000317) x6  0x8000029c
core   0: 0x800002a0 (0x04c3305b) setrpc  x0, x6, 76
core   0: 3 0x800002a0 (0x04c3305b) c2060_rpc 0x800002e8 current mask:	ffffffff current npc:	00000000 stack size: 0
core   0: 0x800002a4 (0x0200885b) vbeq    v0, v1, pc + 48
core   0: 3 0x800002a4 (0x0200885b) c8_vstart 0x00000000 e32 m1 l32 current mask:	ffffffff current npc:	800002a8 stack size: 0
core   0: 0x800002a8 (0x00100293) li      x5, 1
core   0: 3 0x800002a8 (0x00100293) x5  0x00000001
core   0: 0x800002ac (0x5e02c0d7) vmv.v.x v1, x5
core   0: 3 0x800002ac (0x5e02c0d7) c8_vstart 0x00000000 e32 m1 l32 v1  ffffffff 0x00000001 00000001 00000001 00000001 00000001 00000001 00000001 00000001 00000001 00000001 00000001 00000001 00000001 00000001 00000001 00000001 00000001 00000001 00000001 00000001 00000001 00000001 00000001 00000001 00000001 00000001 00000001 00000001 00000001 00000001 00000001 00000001 
core   0: 0x800002b0 (0x00000317) auipc   x6, 0x0
core   0: 3 0x800002b0 (0x00000317) x6  0x800002b0
core   0: 0x800002b4 (0x0383305b) setrpc  x0, x6, 56
core   0: 3 0x800002b4 (0x0383305b) c2060_rpc 0x800002e8 current mask:	ffffffff current npc:	800002a8 stack size: 0
core   0: 0x800002b8 (0x0200825b) vbeq    v0, v1, pc + 36
core   0: 3 0x800002b8 (0x0200825b) c8_vstart 0x00000000 e32 m1 l32 current mask:	ffffffff current npc:	800002bc stack size: 0
core   0: 0x800002bc (0x5e0040d7) vmv.v.x v1, x0
core   0: 3 0x800002bc (0x5e0040d7) c8_vstart 0x00000000 e32 m1 l32 v1  ffffffff 0x00000000 00000000 00000000 00000000 00000000 00000000 00000000 00000000 00000000 00000000 00000000 00000000 00000000 00000000 00000000 00000000 00000000 00000000 00000000 00000000 00000000 00000000 00000000 00000000 00000000 00000000 00000000 00000000 00000000 00000000 00000000 00000000 
core   0: 0x800002c0 (0x00000317) auipc   x6, 0x0
core   0: 3 0x800002c0 (0x00000317) x6  0x800002c0
core   0: 0x800002c4 (0x0283305b) setrpc  x0, x6, 40
core   0: 3 0x800002c4 (0x0283305b) c2060_rpc 0x800002e8 current mask:	ffffffff current npc:	800002bc stack size: 0
core   0: 0x800002c8 (0x00009e5b) vbne    v0, v1, pc + 28
core   0: 3 0x800002c8 (0x00009e5b) c8_vstart 0x00000000 e32 m1 l32 current mask:	ffffffff current npc:	800002cc stack size: 0
core   0: 0x800002cc (0x1a0000ef) jal     pc + 0x1a0
core   0: 3 0x800002cc (0x1a0000ef) x1  0x800002d0
core   0: 0x8000046c (0x00410113) addi    x2, x2, 4
core   0: 3 0x8000046c (0x00410113) x2  0x7000003c
core   0: 0x80000470 (0xfe112e23) sw      x1, -4(x2)
core   0: 3 0x80000470 (0xfe112e23) mem 0x70000038 0x800002d0
core   0: 0x80000474 (0xf1dff0ef) jal     pc - 0xe4
core   0: 3 0x80000474 (0xf1dff0ef) x1  0x80000478
core   0: 0x80000390 (0x00410113) addi    x2, x2, 4
core   0: 3 0x80000390 (0x00410113) x2  0x70000040
core   0: 0x80000394 (0xfe112e23) sw      x1, -4(x2)
core   0: 3 0x80000394 (0xfe112e23) mem 0x7000003c 0x80000478
core   0: 0x80000398 (0x80302573) csrr    x10, knl
core   0: 3 0x80000398 (0x80302573) x10 0x901c3000
core   0: 0x8000039c (0x00852283) lw      x5, 8(x10)
core   0: 3 0x8000039c (0x00852283) x5  0x00000002 mem 0x901c3008
core   0: 0x800003a0 (0x80002373) csrr    x6, tid
core   0: 3 0x800003a0 (0x80002373) x6  0x00000000
core   0: 0x800003a4 (0x5208a157) vid.v   v2
core   0: 3 0x800003a4 (0x5208a157) c8_vstart 0x00000000 e32 m1 l32 v2  ffffffff 0x0000001f 0000001e 0000001d 0000001c 0000001b 0000001a 00000019 00000018 00000017 00000016 00000015 00000014 00000013 00000012 00000011 00000010 0000000f 0000000e 0000000d 0000000c 0000000b 0000000a 00000009 00000008 00000007 00000006 00000005 00000004 00000003 00000002 00000001 00000000 
core   0: 0x800003a8 (0x02234057) vadd.vx v0, v2, x6
core   0: 3 0x800003a8 (0x02234057) c8_vstart 0x00000000 e32 m1 l32 v0  ffffffff 0x0000001f 0000001e 0000001d 0000001c 0000001b 0000001a 00000019 00000018 00000017 00000016 00000015 00000014 00000013 00000012 00000011 00000010 0000000f 0000000e 0000000d 0000000c 0000000b 0000000a 00000009 00000008 00000007 00000006 00000005 00000004 00000003 00000002 00000001 00000000 
core   0: 0x800003ac (0x01852e03) lw      x28, 24(x10)
core   0: 3 0x800003ac (0x01852e03) x28 0x0000000e mem 0x901c3018
core   0: 0x800003b0 (0x8a0e6057) vremu.vx v0, v0, x28
core   0: 3 0x800003b0 (0x8a0e6057) c8_vstart 0x00000000 e32 m1 l32 v0  ffffffff 0x00000003 00000002 00000001 00000000 0000000d 0000000c 0000000b 0000000a 00000009 00000008 00000007 00000006 00000005 00000004 00000003 00000002 00000001 00000000 0000000d 0000000c 0000000b 0000000a 00000009 00000008 00000007 00000006 00000005 00000004 00000003 00000002 00000001 00000000 
core   0: 0x800003b4 (0xffc12083) lw      x1, -4(x2)
core   0: 3 0x800003b4 (0xffc12083) x1  0x80000478 mem 0x7000003c
core   0: 0x800003b8 (0xffc10113) addi    x2, x2, -4
core   0: 3 0x800003b8 (0xffc10113) x2  0x7000003c
core   0: 0x800003bc (0x00008067) ret
core   0: 3 0x800003bc (0x00008067)
core   0: 0x80000478 (0x80302573) csrr    x10, knl
core   0: 3 0x80000478 (0x80302573) x10 0x901c3000
core   0: 0x8000047c (0x80802373) csrr    x6, gidx
core   0: 3 0x8000047c (0x80802373) x6  0x00000000
core   0: 0x80000480 (0x01852e03) lw      x28, 24(x10)
core   0: 3 0x80000480 (0x01852e03) x28 0x0000000e mem 0x901c3018
core   0: 0x80000484 (0x02452e83) lw      x29, 36(x10)
core   0: 3 0x80000484 (0x02452e83) x29 0x00000001 mem 0x901c3024
core   0: 0x80000488 (0x03c30fb3) mul     x31, x6, x28
core   0: 3 0x80000488 (0x03c30fb3) x31 0x00000000
core   0: 0x8000048c (0x01df8fb3) add     x31, x31, x29
core   0: 3 0x8000048c (0x01df8fb3) x31 0x00000001
core   0: 0x80000490 (0x020fc057) vadd.vx v0, v0, x31
core   0: 3 0x80000490 (0x020fc057) c8_vstart 0x00000000 e32 m1 l32 v0  ffffffff 0x00000004 00000003 00000002 00000001 0000000e 0000000d 0000000c 0000000b 0000000a 00000009 00000008 00000007 00000006 00000005 00000004 00000003 00000002 00000001 0000000e 0000000d 0000000c 0000000b 0000000a 00000009 00000008 00000007 00000006 00000005 00000004 00000003 00000002 00000001 
core   0: 0x80000494 (0xffc12083) lw      x1, -4(x2)
core   0: 3 0x80000494 (0xffc12083) x1  0x800002d0 mem 0x70000038
core   0: 0x80000498 (0xffc10113) addi    x2, x2, -4
core   0: 3 0x80000498 (0xffc10113) x2  0x70000038
core   0: 0x8000049c (0x00008067) ret
core   0: 3 0x8000049c (0x00008067)
core   0: 0x800002d0 (0x0180006f) j       pc + 0x18
core   0: 3 0x800002d0 (0x0180006f)
core   0: 0x800002e8 (0x0000205b) join    v0, v0, pc + 0
core   0: 3 0x800002e8 (0x0000205b) current mask:	ffffffff current npc:	800002cc stack size: 0
core   0: 0x800002ec (0xffc12083) lw      x1, -4(x2)
core   0: 3 0x800002ec (0xffc12083) x1  0x8000013c mem 0x70000034
core   0: 0x800002f0 (0xffc10113) addi    x2, x2, -4
core   0: 3 0x800002f0 (0xffc10113) x2  0x70000034
core   0: 0x800002f4 (0x00008067) ret
core   0: 3 0x800002f4 (0x00008067)
core   0: 0x8000013c (0x0010200b) regext  x0, x0,  0 0 0 1 
core   0: 3 0x8000013c (0x0010200b)
core   0: 0x80000140 (0x020040d7) vadd.vx v1, v0, x0
core   0: 3 0x80000140 (0x020040d7) c8_vstart 0x00000000 e32 m1 l32 v33 ffffffff 0x00000004 00000003 00000002 00000001 0000000e 0000000d 0000000c 0000000b 0000000a 00000009 00000008 00000007 00000006 00000005 00000004 00000003 00000002 00000001 0000000e 0000000d 0000000c 0000000b 0000000a 00000009 00000008 00000007 00000006 00000005 00000004 00000003 00000002 00000001 
core   0: 0x80000144 (0x00100293) li      x5, 1
core   0: 3 0x80000144 (0x00100293) x5  0x00000001
core   0: 0x80000148 (0x5e02c057) vmv.v.x v0, x5
core   0: 3 0x80000148 (0x5e02c057) c8_vstart 0x00000000 e32 m1 l32 v0  ffffffff 0x00000001 00000001 00000001 00000001 00000001 00000001 00000001 00000001 00000001 00000001 00000001 00000001 00000001 00000001 00000001 00000001 00000001 00000001 00000001 00000001 00000001 00000001 00000001 00000001 00000001 00000001 00000001 00000001 00000001 00000001 00000001 00000001 
core   0: 0x8000014c (0x140000ef) jal     pc + 0x140
core   0: 3 0x8000014c (0x140000ef) x1  0x80000150
core   0: 0x8000028c (0x00410113) addi    x2, x2, 4
core   0: 3 0x8000028c (0x00410113) x2  0x70000038
core   0: 0x80000290 (0xfe112e23) sw      x1, -4(x2)
core   0: 3 0x80000290 (0xfe112e23) mem 0x70000034 0x80000150
core   0: 0x80000294 (0x00200293) li      x5, 2
core   0: 3 0x80000294 (0x00200293) x5  0x00000002
core   0: 0x80000298 (0x5e02c0d7) vmv.v.x v1, x5
core   0: 3 0x80000298 (0x5e02c0d7) c8_vstart 0x00000000 e32 m1 l32 v1  ffffffff 0x00000002 00000002 00000002 00000002 00000002 00000002 00000002 00000002 00000002 00000002 00000002 00000002 00000002 00000002 00000002 00000002 00000002 00000002 00000002 00000002 00000002 00000002 00000002 00000002 00000002 00000002 00000002 00000002 00000002 00000002 00000002 00000002 
core   0: 0x8000029c (0x00000317) auipc   x6, 0x0
core   0: 3 0x8000029c (0x00000317) x6  0x8000029c
core   0: 0x800002a0 (0x04c3305b) setrpc  x0, x6, 76
core   0: 3 0x800002a0 (0x04c3305b) c2060_rpc 0x800002e8 current mask:	ffffffff current npc:	800002cc stack size: 0
core   0: 0x800002a4 (0x0200885b) vbeq    v0, v1, pc + 48
core   0: 3 0x800002a4 (0x0200885b) c8_vstart 0x00000000 e32 m1 l32 current mask:	ffffffff current npc:	800002a8 stack size: 0
core   0: 0x800002a8 (0x00100293) li      x5, 1
core   0: 3 0x800002a8 (0x00100293) x5  0x00000001
core   0: 0x800002ac (0x5e02c0d7) vmv.v.x v1, x5
core   0: 3 0x800002ac (0x5e02c0d7) c8_vstart 0x00000000 e32 m1 l32 v1  ffffffff 0x00000001 00000001 00000001 00000001 00000001 00000001 00000001 00000001 00000001 00000001 00000001 00000001 00000001 00000001 00000001 00000001 00000001 00000001 00000001 00000001 00000001 00000001 00000001 00000001 00000001 00000001 00000001 00000001 00000001 00000001 00000001 00000001 
core   0: 0x800002b0 (0x00000317) auipc   x6, 0x0
core   0: 3 0x800002b0 (0x00000317) x6  0x800002b0
core   0: 0x800002b4 (0x0383305b) setrpc  x0, x6, 56
core   0: 3 0x800002b4 (0x0383305b) c2060_rpc 0x800002e8 current mask:	ffffffff current npc:	800002a8 stack size: 0
core   0: 0x800002b8 (0x0200825b) vbeq    v0, v1, pc + 36
core   0: 3 0x800002b8 (0x0200825b) c8_vstart 0x00000000 e32 m1 l32 current mask:	ffffffff current npc:	800002dc stack size: 0
core   0: 0x800002dc (0x1c4000ef) jal     pc + 0x1c4
core   0: 3 0x800002dc (0x1c4000ef) x1  0x800002e0
core   0: 0x800004a0 (0x00410113) addi    x2, x2, 4
core   0: 3 0x800004a0 (0x00410113) x2  0x7000003c
core   0: 0x800004a4 (0xfe112e23) sw      x1, -4(x2)
core   0: 3 0x800004a4 (0xfe112e23) mem 0x70000038 0x800002e0
core   0: 0x800004a8 (0xf19ff0ef) jal     pc - 0xe8
core   0: 3 0x800004a8 (0xf19ff0ef) x1  0x800004ac
core   0: 0x800003c0 (0x00410113) addi    x2, x2, 4
core   0: 3 0x800003c0 (0x00410113) x2  0x70000040
core   0: 0x800003c4 (0xfe112e23) sw      x1, -4(x2)
core   0: 3 0x800003c4 (0xfe112e23) mem 0x7000003c 0x800004ac
core   0: 0x800003c8 (0x80302573) csrr    x10, knl
core   0: 3 0x800003c8 (0x80302573) x10 0x901c3000
core   0: 0x800003cc (0x00852283) lw      x5, 8(x10)
core   0: 3 0x800003cc (0x00852283) x5  0x00000002 mem 0x901c3008
core   0: 0x800003d0 (0x80002373) csrr    x6, tid
core   0: 3 0x800003d0 (0x80002373) x6  0x00000000
core   0: 0x800003d4 (0x5208a157) vid.v   v2
core   0: 3 0x800003d4 (0x5208a157) c8_vstart 0x00000000 e32 m1 l32 v2  ffffffff 0x0000001f 0000001e 0000001d 0000001c 0000001b 0000001a 00000019 00000018 00000017 00000016 00000015 00000014 00000013 00000012 00000011 00000010 0000000f 0000000e 0000000d 0000000c 0000000b 0000000a 00000009 00000008 00000007 00000006 00000005 00000004 00000003 00000002 00000001 00000000 
core   0: 0x800003d8 (0x02234057) vadd.vx v0, v2, x6
core   0: 3 0x800003d8 (0x02234057) c8_vstart 0x00000000 e32 m1 l32 v0  ffffffff 0x0000001f 0000001e 0000001d 0000001c 0000001b 0000001a 00000019 00000018 00000017 00000016 00000015 00000014 00000013 00000012 00000011 00000010 0000000f 0000000e 0000000d 0000000c 0000000b 0000000a 00000009 00000008 00000007 00000006 00000005 00000004 00000003 00000002 00000001 00000000 
core   0: 0x800003dc (0x01852e03) lw      x28, 24(x10)
core   0: 3 0x800003dc (0x01852e03) x28 0x0000000e mem 0x901c3018
core   0: 0x800003e0 (0x01c52e83) lw      x29, 28(x10)
core   0: 3 0x800003e0 (0x01c52e83) x29 0x00000001 mem 0x901c301c
core   0: 0x800003e4 (0x03ce8f33) mul     x30, x29, x28
core   0: 3 0x800003e4 (0x03ce8f33) x30 0x0000000e
core   0: 0x800003e8 (0x8a0f6057) vremu.vx v0, v0, x30
core   0: 3 0x800003e8 (0x8a0f6057) c8_vstart 0x00000000 e32 m1 l32 v0  ffffffff 0x00000003 00000002 00000001 00000000 0000000d 0000000c 0000000b 0000000a 00000009 00000008 00000007 00000006 00000005 00000004 00000003 00000002 00000001 00000000 0000000d 0000000c 0000000b 0000000a 00000009 00000008 00000007 00000006 00000005 00000004 00000003 00000002 00000001 00000000 
core   0: 0x800003ec (0x820e6057) vdivu.vx v0, v0, x28
core   0: 3 0x800003ec (0x820e6057) c8_vstart 0x00000000 e32 m1 l32 v0  ffffffff 0x00000000 00000000 00000000 00000000 00000000 00000000 00000000 00000000 00000000 00000000 00000000 00000000 00000000 00000000 00000000 00000000 00000000 00000000 00000000 00000000 00000000 00000000 00000000 00000000 00000000 00000000 00000000 00000000 00000000 00000000 00000000 00000000 
core   0: 0x800003f0 (0x5e0ec0d7) vmv.v.x v1, x29
core   0: 3 0x800003f0 (0x5e0ec0d7) c8_vstart 0x00000000 e32 m1 l32 v1  ffffffff 0x00000001 00000001 00000001 00000001 00000001 00000001 00000001 00000001 00000001 00000001 00000001 00000001 00000001 00000001 00000001 00000001 00000001 00000001 00000001 00000001 00000001 00000001 00000001 00000001 00000001 00000001 00000001 00000001 00000001 00000001 00000001 00000001 
core   0: 0x800003f4 (0x00000317) auipc   x6, 0x0
core   0: 3 0x800003f4 (0x00000317) x6  0x800003f4
core   0: 0x800003f8 (0x0143305b) setrpc  x0, x6, 20
core   0: 3 0x800003f8 (0x0143305b) c2060_rpc 0x80000408 current mask:	ffffffff current npc:	800002dc stack size: 0
core   0: 0x800003fc (0x0000c65b) vblt    v0, v1, pc + 12
core   0: 3 0x800003fc (0x0000c65b) c8_vstart 0x00000000 e32 m1 l32 current mask:	ffffffff current npc:	80000408 stack size: 0
core   0: 0x80000408 (0x0000205b) join    v0, v0, pc + 0
core   0: 3 0x80000408 (0x0000205b) current mask:	ffffffff current npc:	80000408 stack size: 0
core   0: 0x8000040c (0xffc12083) lw      x1, -4(x2)
core   0: 3 0x8000040c (0xffc12083) x1  0x800004ac mem 0x7000003c
core   0: 0x80000410 (0xffc10113) addi    x2, x2, -4
core   0: 3 0x80000410 (0xffc10113) x2  0x7000003c
core   0: 0x80000414 (0x00008067) ret
core   0: 3 0x80000414 (0x00008067)
core   0: 0x800004ac (0x80902373) csrr    x6, gidy
core   0: 3 0x800004ac (0x80902373) x6  0x00000009
core   0: 0x800004b0 (0x01c52383) lw      x7, 28(x10)
core   0: 3 0x800004b0 (0x01c52383) x7  0x00000001 mem 0x901c301c
core   0: 0x800004b4 (0x02852e83) lw      x29, 40(x10)
core   0: 3 0x800004b4 (0x02852e83) x29 0x00000001 mem 0x901c3028
core   0: 0x800004b8 (0x02730e33) mul     x28, x6, x7
core   0: 3 0x800004b8 (0x02730e33) x28 0x00000009
core   0: 0x800004bc (0x01de0e33) add     x28, x28, x29
core   0: 3 0x800004bc (0x01de0e33) x28 0x0000000a
core   0: 0x800004c0 (0x020e4057) vadd.vx v0, v0, x28
core   0: 3 0x800004c0 (0x020e4057) c8_vstart 0x00000000 e32 m1 l32 v0  ffffffff 0x0000000a 0000000a 0000000a 0000000a 0000000a 0000000a 0000000a 0000000a 0000000a 0000000a 0000000a 0000000a 0000000a 0000000a 0000000a 0000000a 0000000a 0000000a 0000000a 0000000a 0000000a 0000000a 0000000a 0000000a 0000000a 0000000a 0000000a 0000000a 0000000a 0000000a 0000000a 0000000a 
core   0: 0x800004c4 (0xffc12083) lw      x1, -4(x2)
core   0: 3 0x800004c4 (0xffc12083) x1  0x800002e0 mem 0x70000038
core   0: 0x800004c8 (0xffc10113) addi    x2, x2, -4
core   0: 3 0x800004c8 (0xffc10113) x2  0x70000038
core   0: 0x800004cc (0x00008067) ret
core   0: 3 0x800004cc (0x00008067)
core   0: 0x800002e0 (0x0080006f) j       pc + 0x8
core   0: 3 0x800002e0 (0x0080006f)
core   0: 0x800002e8 (0x0000205b) join    v0, v0, pc + 0
core   0: 3 0x800002e8 (0x0000205b) current mask:	ffffffff current npc:	80000408 stack size: 0
core   0: 0x800002ec (0xffc12083) lw      x1, -4(x2)
core   0: 3 0x800002ec (0xffc12083) x1  0x80000150 mem 0x70000034
core   0: 0x800002f0 (0xffc10113) addi    x2, x2, -4
core   0: 3 0x800002f0 (0xffc10113) x2  0x70000034
core   0: 0x800002f4 (0x00008067) ret
core   0: 3 0x800002f4 (0x00008067)
core   0: 0x80000150 (0xfd012283) lw      x5, -48(x2)
core   0: 3 0x80000150 (0xfd012283) x5  0x00000010 mem 0x70000004
core   0: 0x80000154 (0x5e02c0d7) vmv.v.x v1, x5
core   0: 3 0x80000154 (0x5e02c0d7) c8_vstart 0x00000000 e32 m1 l32 v1  ffffffff 0x00000010 00000010 00000010 00000010 00000010 00000010 00000010 00000010 00000010 00000010 00000010 00000010 00000010 00000010 00000010 00000010 00000010 00000010 00000010 00000010 00000010 00000010 00000010 00000010 00000010 00000010 00000010 00000010 00000010 00000010 00000010 00000010 
core   0: 0x80000158 (0x0400200b) regext  x0, x0,  0 1 0 0 
core   0: 3 0x80000158 (0x0400200b)
core   0: 0x8000015c (0xa612e057) vmadd.vx v0, v1, x5
core   0: 3 0x8000015c (0xa612e057) c8_vstart 0x00000000 e32 m1 l32 v0  ffffffff 0x000000a4 000000a3 000000a2 000000a1 000000ae 000000ad 000000ac 000000ab 000000aa 000000a9 000000a8 000000a7 000000a6 000000a5 000000a4 000000a3 000000a2 000000a1 000000ae 000000ad 000000ac 000000ab 000000aa 000000a9 000000a8 000000a7 000000a6 000000a5 000000a4 000000a3 000000a2 000000a1 
core   0: 0x80000160 (0x0010110b) vsub12.vi v2, v0, 1
core   0: 3 0x80000160 (0x0010110b) c8_vstart 0x00000000 e32 m1 l32 v2  ffffffff 0x000000a3 000000a2 000000a1 000000a0 000000ad 000000ac 000000ab 000000aa 000000a9 000000a8 000000a7 000000a6 000000a5 000000a4 000000a3 000000a2 000000a1 000000a0 000000ad 000000ac 000000ab 000000aa 000000a9 000000a8 000000a7 000000a6 000000a5 000000a4 000000a3 000000a2 000000a1 000000a0 
core   0: 0x80000164 (0x0a2081d7) vsub.vv v3, v2, v1
core   0: 3 0x80000164 (0x0a2081d7) c8_vstart 0x00000000 e32 m1 l32 v3  ffffffff 0x00000093 00000092 00000091 00000090 0000009d 0000009c 0000009b 0000009a 00000099 00000098 00000097 00000096 00000095 00000094 00000093 00000092 00000091 00000090 0000009d 0000009c 0000009b 0000009a 00000099 00000098 00000097 00000096 00000095 00000094 00000093 00000092 00000091 00000090 
core   0: 0x80000168 (0x963131d7) vsll.vi v3, v3, 2
core   0: 3 0x80000168 (0x963131d7) c8_vstart 0x00000000 e32 m1 l32 v3  ffffffff 0x0000024c 00000248 00000244 00000240 00000274 00000270 0000026c 00000268 00000264 00000260 0000025c 00000258 00000254 00000250 0000024c 00000248 00000244 00000240 00000274 00000270 0000026c 00000268 00000264 00000260 0000025c 00000258 00000254 00000250 0000024c 00000248 00000244 00000240 
core   0: 0x8000016c (0xfd412283) lw      x5, -44(x2)
core   0: 3 0x8000016c (0xfd412283) x5  0x90000000 mem 0x70000008
core   0: 0x80000170 (0x5e02c257) vmv.v.x v4, x5
core   0: 3 0x80000170 (0x5e02c257) c8_vstart 0x00000000 e32 m1 l32 v4  ffffffff 0x90000000 90000000 90000000 90000000 90000000 90000000 90000000 90000000 90000000 90000000 90000000 90000000 90000000 90000000 90000000 90000000 90000000 90000000 90000000 90000000 90000000 90000000 90000000 90000000 90000000 90000000 90000000 90000000 90000000 90000000 90000000 90000000 
core   0: 0x80000174 (0x0232c1d7) vadd.vx v3, v3, x5
core   0: 3 0x80000174 (0x0232c1d7) c8_vstart 0x00000000 e32 m1 l32 v3  ffffffff 0x9000024c 90000248 90000244 90000240 90000274 90000270 9000026c 90000268 90000264 90000260 9000025c 90000258 90000254 90000250 9000024c 90000248 90000244 90000240 90000274 90000270 9000026c 90000268 90000264 90000260 9000025c 90000258 90000254 90000250 9000024c 90000248 90000244 90000240 
core   0: 0x80000178 (0x0a0082d7) vsub.vv v5, v0, v1
core   0: 3 0x80000178 (0x0a0082d7) c8_vstart 0x00000000 e32 m1 l32 v5  ffffffff 0x00000094 00000093 00000092 00000091 0000009e 0000009d 0000009c 0000009b 0000009a 00000099 00000098 00000097 00000096 00000095 00000094 00000093 00000092 00000091 0000009e 0000009d 0000009c 0000009b 0000009a 00000099 00000098 00000097 00000096 00000095 00000094 00000093 00000092 00000091 
core   0: 0x8000017c (0x965132d7) vsll.vi v5, v5, 2
core   0: 3 0x8000017c (0x965132d7) c8_vstart 0x00000000 e32 m1 l32 v5  ffffffff 0x00000250 0000024c 00000248 00000244 00000278 00000274 00000270 0000026c 00000268 00000264 00000260 0000025c 00000258 00000254 00000250 0000024c 00000248 00000244 00000278 00000274 00000270 0000026c 00000268 00000264 00000260 0000025c 00000258 00000254 00000250 0000024c 00000248 00000244 
core   0: 0x80000180 (0x024282d7) vadd.vv v5, v4, v5
core   0: 3 0x80000180 (0x024282d7) c8_vstart 0x00000000 e32 m1 l32 v5  ffffffff 0x90000250 9000024c 90000248 90000244 90000278 90000274 90000270 9000026c 90000268 90000264 90000260 9000025c 90000258 90000254 90000250 9000024c 90000248 90000244 90000278 90000274 90000270 9000026c 90000268 90000264 90000260 9000025c 90000258 90000254 90000250 9000024c 90000248 90000244 
core   0: 0x80000184 (0x0002a2fb) vlw12.v v5, v5, 0
core   0: 3 0x80000184 (0x0002a2fb) e32 m1 l32 v5  ffffffff 0x42ade6ff 3f5e7506 42c1dede 42889831 4254c7d5 3fdeef26 4232f5e0 410c3e6c 42b54fbe 41941825 4295c461 408c7861 42273a12 42903beb 42ade6ff 3f5e7506 42c1dede 42889831 4254c7d5 3fdeef26 4232f5e0 410c3e6c 42b54fbe 41941825 4295c461 408c7861 42273a12 42903beb 42ade6ff 3f5e7506 42c1dede 42889831  c8_vstart 0x00000000 mem 0x90000244 mem 0x90000248 mem 0x9000024c mem 0x90000250 mem 0x90000254 mem 0x90000258 mem 0x9000025c mem 0x90000260 mem 0x90000264 mem 0x90000268 mem 0x9000026c mem 0x90000270 mem 0x90000274 mem 0x90000278 mem 0x90000244 mem 0x90000248 mem 0x9000024c mem 0x90000250 mem 0x90000254 mem 0x90000258 mem 0x9000025c mem 0x90000260 mem 0x90000264 mem 0x90000268 mem 0x9000026c mem 0x90000270 mem 0x90000274 mem 0x90000278 mem 0x90000244 mem 0x90000248 mem 0x9000024c mem 0x90000250
core   0: 0x80000188 (0x0001a1fb) vlw12.v v3, v3, 0
core   0: 3 0x80000188 (0x0001a1fb) e32 m1 l32 v3  ffffffff 0x3f5e7506 42c1dede 42889831 419f0f77 3fdeef26 4232f5e0 410c3e6c 42b54fbe 41941825 4295c461 408c7861 42273a12 42903beb 42ade6ff 3f5e7506 42c1dede 42889831 419f0f77 3fdeef26 4232f5e0 410c3e6c 42b54fbe 41941825 4295c461 408c7861 42273a12 42903beb 42ade6ff 3f5e7506 42c1dede 42889831 419f0f77  c8_vstart 0x00000000 mem 0x90000240 mem 0x90000244 mem 0x90000248 mem 0x9000024c mem 0x90000250 mem 0x90000254 mem 0x90000258 mem 0x9000025c mem 0x90000260 mem 0x90000264 mem 0x90000268 mem 0x9000026c mem 0x90000270 mem 0x90000274 mem 0x90000240 mem 0x90000244 mem 0x90000248 mem 0x9000024c mem 0x90000250 mem 0x90000254 mem 0x90000258 mem 0x9000025c mem 0x90000260 mem 0x90000264 mem 0x90000268 mem 0x9000026c mem 0x90000270 mem 0x90000274 mem 0x90000240 mem 0x90000244 mem 0x90000248 mem 0x9000024c
core   0: 0x8000018c (0xfd812283) lw      x5, -40(x2)
core   0: 3 0x8000018c (0xfd812283) x5  0x3f800000 mem 0x7000000c
core   0: 0x80000190 (0x5e02c357) vmv.v.x v6, x5
core   0: 3 0x80000190 (0x5e02c357) c8_vstart 0x00000000 e32 m1 l32 v6  ffffffff 0x3f800000 3f800000 3f800000 3f800000 3f800000 3f800000 3f800000 3f800000 3f800000 3f800000 3f800000 3f800000 3f800000 3f800000 3f800000 3f800000 3f800000 3f800000 3f800000 3f800000 3f800000 3f800000 3f800000 3f800000 3f800000 3f800000 3f800000 3f800000 3f800000 3f800000 3f800000 3f800000 
core   0: 0x80000194 (0x925312d7) vfmul.vv v5, v5, v6
core   0: 3 0x80000194 (0x925312d7) c8_vstart 0x00000000 e32 m1 l32 v5  ffffffff 0x42ade6ff 3f5e7506 42c1dede 42889831 4254c7d5 3fdeef26 4232f5e0 410c3e6c 42b54fbe 41941825 4295c461 408c7861 42273a12 42903beb 42ade6ff 3f5e7506 42c1dede 42889831 4254c7d5 3fdeef26 4232f5e0 410c3e6c 42b54fbe 41941825 4295c461 408c7861 42273a12 42903beb 42ade6ff 3f5e7506 42c1dede 42889831 
core   0: 0x80000198 (0x0200b357) vadd.vi v6, v0, 1
core   0: 3 0x80000198 (0x0200b357) c8_vstart 0x00000000 e32 m1 l32 v6  ffffffff 0x000000a5 000000a4 000000a3 000000a2 000000af 000000ae 000000ad 000000ac 000000ab 000000aa 000000a9 000000a8 000000a7 000000a6 000000a5 000000a4 000000a3 000000a2 000000af 000000ae 000000ad 000000ac 000000ab 000000aa 000000a9 000000a8 000000a7 000000a6 000000a5 000000a4 000000a3 000000a2 
core   0: 0x8000019c (0x0a6083d7) vsub.vv v7, v6, v1
core   0: 3 0x8000019c (0x0a6083d7) c8_vstart 0x00000000 e32 m1 l32 v7  ffffffff 0x00000095 00000094 00000093 00000092 0000009f 0000009e 0000009d 0000009c 0000009b 0000009a 00000099 00000098 00000097 00000096 00000095 00000094 00000093 00000092 0000009f 0000009e 0000009d 0000009c 0000009b 0000009a 00000099 00000098 00000097 00000096 00000095 00000094 00000093 00000092 
core   0: 0x800001a0 (0x967133d7) vsll.vi v7, v7, 2
core   0: 3 0x800001a0 (0x967133d7) c8_vstart 0x00000000 e32 m1 l32 v7  ffffffff 0x00000254 00000250 0000024c 00000248 0000027c 00000278 00000274 00000270 0000026c 00000268 00000264 00000260 0000025c 00000258 00000254 00000250 0000024c 00000248 0000027c 00000278 00000274 00000270 0000026c 00000268 00000264 00000260 0000025c 00000258 00000254 00000250 0000024c 00000248 
core   0: 0x800001a4 (0x024383d7) vadd.vv v7, v4, v7
core   0: 3 0x800001a4 (0x024383d7) c8_vstart 0x00000000 e32 m1 l32 v7  ffffffff 0x90000254 90000250 9000024c 90000248 9000027c 90000278 90000274 90000270 9000026c 90000268 90000264 90000260 9000025c 90000258 90000254 90000250 9000024c 90000248 9000027c 90000278 90000274 90000270 9000026c 90000268 90000264 90000260 9000025c 90000258 90000254 90000250 9000024c 90000248 
core   0: 0x800001a8 (0x0003a3fb) vlw12.v v7, v7, 0
core   0: 3 0x800001a8 (0x0003a3fb) e32 m1 l32 v7  ffffffff 0x42903beb 42ade6ff 3f5e7506 42c1dede 4215d8dc 4254c7d5 3fdeef26 4232f5e0 410c3e6c 42b54fbe 41941825 4295c461 408c7861 42273a12 42903beb 42ade6ff 3f5e7506 42c1dede 4215d8dc 4254c7d5 3fdeef26 4232f5e0 410c3e6c 42b54fbe 41941825 4295c461 408c7861 42273a12 42903beb 42ade6ff 3f5e7506 42c1dede  c8_vstart 0x00000000 mem 0x90000248 mem 0x9000024c mem 0x90000250 mem 0x90000254 mem 0x90000258 mem 0x9000025c mem 0x90000260 mem 0x90000264 mem 0x90000268 mem 0x9000026c mem 0x90000270 mem 0x90000274 mem 0x90000278 mem 0x9000027c mem 0x90000248 mem 0x9000024c mem 0x90000250 mem 0x90000254 mem 0x90000258 mem 0x9000025c mem 0x90000260 mem 0x90000264 mem 0x90000268 mem 0x9000026c mem 0x90000270 mem 0x90000274 mem 0x90000278 mem 0x9000027c mem 0x90000248 mem 0x9000024c mem 0x90000250 mem 0x90000254
core   0: 0x800001ac (0x96213457) vsll.vi v8, v2, 2
core   0: 3 0x800001ac (0x96213457) c8_vstart 0x00000000 e32 m1 l32 v8  ffffffff 0x0000028c 00000288 00000284 00000280 000002b4 000002b0 000002ac 000002a8 000002a4 000002a0 0000029c 00000298 00000294 00000290 0000028c 00000288 00000284 00000280 000002b4 000002b0 000002ac 000002a8 000002a4 000002a0 0000029c 00000298 00000294 00000290 0000028c 00000288 00000284 00000280 
core   0: 0x800001b0 (0x02440457) vadd.vv v8, v4, v8
core   0: 3 0x800001b0 (0x02440457) c8_vstart 0x00000000 e32 m1 l32 v8  ffffffff 0x9000028c 90000288 90000284 90000280 900002b4 900002b0 900002ac 900002a8 900002a4 900002a0 9000029c 90000298 90000294 90000290 9000028c 90000288 90000284 90000280 900002b4 900002b0 900002ac 900002a8 900002a4 900002a0 9000029c 90000298 90000294 90000290 9000028c 90000288 90000284 90000280 
core   0: 0x800001b4 (0x0004247b) vlw12.v v8, v8, 0
core   0: 3 0x800001b4 (0x0004247b) e32 m1 l32 v8  ffffffff 0x41de98e8 427272d5 42012ec4 418e9e93 41b545e3 41c5dabb 42a71bd4 42a4b152 429c8105 42070da8 41bd0c3c 4287e191 42b805e6 41c9a6fe 41de98e8 427272d5 42012ec4 418e9e93 41b545e3 41c5dabb 42a71bd4 42a4b152 429c8105 42070da8 41bd0c3c 4287e191 42b805e6 41c9a6fe 41de98e8 427272d5 42012ec4 418e9e93  c8_vstart 0x00000000 mem 0x90000280 mem 0x90000284 mem 0x90000288 mem 0x9000028c mem 0x90000290 mem 0x90000294 mem 0x90000298 mem 0x9000029c mem 0x900002a0 mem 0x900002a4 mem 0x900002a8 mem 0x900002ac mem 0x900002b0 mem 0x900002b4 mem 0x90000280 mem 0x90000284 mem 0x90000288 mem 0x9000028c mem 0x90000290 mem 0x90000294 mem 0x90000298 mem 0x9000029c mem 0x900002a0 mem 0x900002a4 mem 0x900002a8 mem 0x900002ac mem 0x900002b0 mem 0x900002b4 mem 0x90000280 mem 0x90000284 mem 0x90000288 mem 0x9000028c
core   0: 0x800001b8 (0x960134d7) vsll.vi v9, v0, 2
core   0: 3 0x800001b8 (0x960134d7) c8_vstart 0x00000000 e32 m1 l32 v9  ffffffff 0x00000290 0000028c 00000288 00000284 000002b8 000002b4 000002b0 000002ac 000002a8 000002a4 000002a0 0000029c 00000298 00000294 00000290 0000028c 00000288 00000284 000002b8 000002b4 000002b0 000002ac 000002a8 000002a4 000002a0 0000029c 00000298 00000294 00000290 0000028c 00000288 00000284 
core   0: 0x800001bc (0x02448557) vadd.vv v10, v4, v9
core   0: 3 0x800001bc (0x02448557) c8_vstart 0x00000000 e32 m1 l32 v10 ffffffff 0x90000290 9000028c 90000288 90000284 900002b8 900002b4 900002b0 900002ac 900002a8 900002a4 900002a0 9000029c 90000298 90000294 90000290 9000028c 90000288 90000284 900002b8 900002b4 900002b0 900002ac 900002a8 900002a4 900002a0 9000029c 90000298 90000294 90000290 9000028c 90000288 90000284 
core   0: 0x800001c0 (0x0005257b) vlw12.v v10, v10, 0
core   0: 3 0x800001c0 (0x0005257b) e32 m1 l32 v10 ffffffff 0x41c9a6fe 41de98e8 427272d5 42012ec4 4089774a 41b545e3 41c5dabb 42a71bd4 42a4b152 429c8105 42070da8 41bd0c3c 4287e191 42b805e6 41c9a6fe 41de98e8 427272d5 42012ec4 4089774a 41b545e3 41c5dabb 42a71bd4 42a4b152 429c8105 42070da8 41bd0c3c 4287e191 42b805e6 41c9a6fe 41de98e8 427272d5 42012ec4  c8_vstart 0x00000000 mem 0x90000284 mem 0x90000288 mem 0x9000028c mem 0x90000290 mem 0x90000294 mem 0x90000298 mem 0x9000029c mem 0x900002a0 mem 0x900002a4 mem 0x900002a8 mem 0x900002ac mem 0x900002b0 mem 0x900002b4 mem 0x900002b8 mem 0x90000284 mem 0x90000288 mem 0x9000028c mem 0x90000290 mem 0x90000294 mem 0x90000298 mem 0x9000029c mem 0x900002a0 mem 0x900002a4 mem 0x900002a8 mem 0x900002ac mem 0x900002b0 mem 0x900002b4 mem 0x900002b8 mem 0x90000284 mem 0x90000288 mem 0x9000028c mem 0x90000290
core   0: 0x800001c4 (0x966135d7) vsll.vi v11, v6, 2
core   0: 3 0x800001c4 (0x966135d7) c8_vstart 0x00000000 e32 m1 l32 v11 ffffffff 0x00000294 00000290 0000028c 00000288 000002bc 000002b8 000002b4 000002b0 000002ac 000002a8 000002a4 000002a0 0000029c 00000298 00000294 00000290 0000028c 00000288 000002bc 000002b8 000002b4 000002b0 000002ac 000002a8 000002a4 000002a0 0000029c 00000298 00000294 00000290 0000028c 00000288 
core   0: 0x800001c8 (0x024585d7) vadd.vv v11, v4, v11
core   0: 3 0x800001c8 (0x024585d7) c8_vstart 0x00000000 e32 m1 l32 v11 ffffffff 0x90000294 90000290 9000028c 90000288 900002bc 900002b8 900002b4 900002b0 900002ac 900002a8 900002a4 900002a0 9000029c 90000298 90000294 90000290 9000028c 90000288 900002bc 900002b8 900002b4 900002b0 900002ac 900002a8 900002a4 900002a0 9000029c 90000298 90000294 90000290 9000028c 90000288 
core   0: 0x800001cc (0x0005a5fb) vlw12.v v11, v11, 0
core   0: 3 0x800001cc (0x0005a5fb) e32 m1 l32 v11 ffffffff 0x42b805e6 41c9a6fe 41de98e8 427272d5 42327518 4089774a 41b545e3 41c5dabb 42a71bd4 42a4b152 429c8105 42070da8 41bd0c3c 4287e191 42b805e6 41c9a6fe 41de98e8 427272d5 42327518 4089774a 41b545e3 41c5dabb 42a71bd4 42a4b152 429c8105 42070da8 41bd0c3c 4287e191 42b805e6 41c9a6fe 41de98e8 427272d5  c8_vstart 0x00000000 mem 0x90000288 mem 0x9000028c mem 0x90000290 mem 0x90000294 mem 0x90000298 mem 0x9000029c mem 0x900002a0 mem 0x900002a4 mem 0x900002a8 mem 0x900002ac mem 0x900002b0 mem 0x900002b4 mem 0x900002b8 mem 0x900002bc mem 0x90000288 mem 0x9000028c mem 0x90000290 mem 0x90000294 mem 0x90000298 mem 0x9000029c mem 0x900002a0 mem 0x900002a4 mem 0x900002a8 mem 0x900002ac mem 0x900002b0 mem 0x900002b4 mem 0x900002b8 mem 0x900002bc mem 0x90000288 mem 0x9000028c mem 0x90000290 mem 0x90000294
core   0: 0x800001d0 (0x02208157) vadd.vv v2, v2, v1
core   0: 3 0x800001d0 (0x02208157) c8_vstart 0x00000000 e32 m1 l32 v2  ffffffff 0x000000b3 000000b2 000000b1 000000b0 000000bd 000000bc 000000bb 000000ba 000000b9 000000b8 000000b7 000000b6 000000b5 000000b4 000000b3 000000b2 000000b1 000000b0 000000bd 000000bc 000000bb 000000ba 000000b9 000000b8 000000b7 000000b6 000000b5 000000b4 000000b3 000000b2 000000b1 000000b0 
core   0: 0x800001d4 (0x96213157) vsll.vi v2, v2, 2
core   0: 3 0x800001d4 (0x96213157) c8_vstart 0x00000000 e32 m1 l32 v2  ffffffff 0x000002cc 000002c8 000002c4 000002c0 000002f4 000002f0 000002ec 000002e8 000002e4 000002e0 000002dc 000002d8 000002d4 000002d0 000002cc 000002c8 000002c4 000002c0 000002f4 000002f0 000002ec 000002e8 000002e4 000002e0 000002dc 000002d8 000002d4 000002d0 000002cc 000002c8 000002c4 000002c0 
core   0: 0x800001d8 (0x02410157) vadd.vv v2, v4, v2
core   0: 3 0x800001d8 (0x02410157) c8_vstart 0x00000000 e32 m1 l32 v2  ffffffff 0x900002cc 900002c8 900002c4 900002c0 900002f4 900002f0 900002ec 900002e8 900002e4 900002e0 900002dc 900002d8 900002d4 900002d0 900002cc 900002c8 900002c4 900002c0 900002f4 900002f0 900002ec 900002e8 900002e4 900002e0 900002dc 900002d8 900002d4 900002d0 900002cc 900002c8 900002c4 900002c0 
core   0: 0x800001dc (0x0001217b) vlw12.v v2, v2, 0
core   0: 3 0x800001dc (0x0001217b) e32 m1 l32 v2  ffffffff 0x429bd0aa 4235eeec 3f9d94a2 42b5e9aa 412312b0 429563a9 424a2af2 4263fcd8 4291e7ed 40b9a889 4240ed3d 42a4982f 42ae947f 4292b23d 429bd0aa 4235eeec 3f9d94a2 42b5e9aa 412312b0 429563a9 424a2af2 4263fcd8 4291e7ed 40b9a889 4240ed3d 42a4982f 42ae947f 4292b23d 429bd0aa 4235eeec 3f9d94a2 42b5e9aa  c8_vstart 0x00000000 mem 0x900002c0 mem 0x900002c4 mem 0x900002c8 mem 0x900002cc mem 0x900002d0 mem 0x900002d4 mem 0x900002d8 mem 0x900002dc mem 0x900002e0 mem 0x900002e4 mem 0x900002e8 mem 0x900002ec mem 0x900002f0 mem 0x900002f4 mem 0x900002c0 mem 0x900002c4 mem 0x900002c8 mem 0x900002cc mem 0x900002d0 mem 0x900002d4 mem 0x900002d8 mem 0x900002dc mem 0x900002e0 mem 0x900002e4 mem 0x900002e8 mem 0x900002ec mem 0x900002f0 mem 0x900002f4 mem 0x900002c0 mem 0x900002c4 mem 0x900002c8 mem 0x900002cc
core   0: 0x800001e0 (0x02008057) vadd.vv v0, v0, v1
core   0: 3 0x800001e0 (0x02008057) c8_vstart 0x00000000 e32 m1 l32 v0  ffffffff 0x000000b4 000000b3 000000b2 000000b1 000000be 000000bd 000000bc 000000bb 000000ba 000000b9 000000b8 000000b7 000000b6 000000b5 000000b4 000000b3 000000b2 000000b1 000000be 000000bd 000000bc 000000bb 000000ba 000000b9 000000b8 000000b7 000000b6 000000b5 000000b4 000000b3 000000b2 000000b1 
core   0: 0x800001e4 (0x96013057) vsll.vi v0, v0, 2
core   0: 3 0x800001e4 (0x96013057) c8_vstart 0x00000000 e32 m1 l32 v0  ffffffff 0x000002d0 000002cc 000002c8 000002c4 000002f8 000002f4 000002f0 000002ec 000002e8 000002e4 000002e0 000002dc 000002d8 000002d4 000002d0 000002cc 000002c8 000002c4 000002f8 000002f4 000002f0 000002ec 000002e8 000002e4 000002e0 000002dc 000002d8 000002d4 000002d0 000002cc 000002c8 000002c4 
core   0: 0x800001e8 (0x02400057) vadd.vv v0, v4, v0
core   0: 3 0x800001e8 (0x02400057) c8_vstart 0x00000000 e32 m1 l32 v0  ffffffff 0x900002d0 900002cc 900002c8 900002c4 900002f8 900002f4 900002f0 900002ec 900002e8 900002e4 900002e0 900002dc 900002d8 900002d4 900002d0 900002cc 900002c8 900002c4 900002f8 900002f4 900002f0 900002ec 900002e8 900002e4 900002e0 900002dc 900002d8 900002d4 900002d0 900002cc 900002c8 900002c4 
core   0: 0x800001ec (0x0000207b) vlw12.v v0, v0, 0
core   0: 3 0x800001ec (0x0000207b) e32 m1 l32 v0  ffffffff 0x4292b23d 429bd0aa 4235eeec 3f9d94a2 42b001e7 412312b0 429563a9 424a2af2 4263fcd8 4291e7ed 40b9a889 4240ed3d 42a4982f 42ae947f 4292b23d 429bd0aa 4235eeec 3f9d94a2 42b001e7 412312b0 429563a9 424a2af2 4263fcd8 4291e7ed 40b9a889 4240ed3d 42a4982f 42ae947f 4292b23d 429bd0aa 4235eeec 3f9d94a2  c8_vstart 0x00000000 mem 0x900002c4 mem 0x900002c8 mem 0x900002cc mem 0x900002d0 mem 0x900002d4 mem 0x900002d8 mem 0x900002dc mem 0x900002e0 mem 0x900002e4 mem 0x900002e8 mem 0x900002ec mem 0x900002f0 mem 0x900002f4 mem 0x900002f8 mem 0x900002c4 mem 0x900002c8 mem 0x900002cc mem 0x900002d0 mem 0x900002d4 mem 0x900002d8 mem 0x900002dc mem 0x900002e0 mem 0x900002e4 mem 0x900002e8 mem 0x900002ec mem 0x900002f0 mem 0x900002f4 mem 0x900002f8 mem 0x900002c4 mem 0x900002c8 mem 0x900002cc mem 0x900002d0
core   0: 0x800001f0 (0x026080d7) vadd.vv v1, v6, v1
core   0: 3 0x800001f0 (0x026080d7) c8_vstart 0x00000000 e32 m1 l32 v1  ffffffff 0x000000b5 000000b4 000000b3 000000b2 000000bf 000000be 000000bd 000000bc 000000bb 000000ba 000000b9 000000b8 000000b7 000000b6 000000b5 000000b4 000000b3 000000b2 000000bf 000000be 000000bd 000000bc 000000bb 000000ba 000000b9 000000b8 000000b7 000000b6 000000b5 000000b4 000000b3 000000b2 
core   0: 0x800001f4 (0x961130d7) vsll.vi v1, v1, 2
core   0: 3 0x800001f4 (0x961130d7) c8_vstart 0x00000000 e32 m1 l32 v1  ffffffff 0x000002d4 000002d0 000002cc 000002c8 000002fc 000002f8 000002f4 000002f0 000002ec 000002e8 000002e4 000002e0 000002dc 000002d8 000002d4 000002d0 000002cc 000002c8 000002fc 000002f8 000002f4 000002f0 000002ec 000002e8 000002e4 000002e0 000002dc 000002d8 000002d4 000002d0 000002cc 000002c8 
core   0: 0x800001f8 (0x024080d7) vadd.vv v1, v4, v1
core   0: 3 0x800001f8 (0x024080d7) c8_vstart 0x00000000 e32 m1 l32 v1  ffffffff 0x900002d4 900002d0 900002cc 900002c8 900002fc 900002f8 900002f4 900002f0 900002ec 900002e8 900002e4 900002e0 900002dc 900002d8 900002d4 900002d0 900002cc 900002c8 900002fc 900002f8 900002f4 900002f0 900002ec 900002e8 900002e4 900002e0 900002dc 900002d8 900002d4 900002d0 900002cc 900002c8 
core   0: 0x800001fc (0x0000a0fb) vlw12.v v1, v1, 0
core   0: 3 0x800001fc (0x0000a0fb) e32 m1 l32 v1  ffffffff 0x42ae947f 4292b23d 429bd0aa 4235eeec 42b90b4f 42b001e7 412312b0 429563a9 424a2af2 4263fcd8 4291e7ed 40b9a889 4240ed3d 42a4982f 42ae947f 4292b23d 429bd0aa 4235eeec 42b90b4f 42b001e7 412312b0 429563a9 424a2af2 4263fcd8 4291e7ed 40b9a889 4240ed3d 42a4982f 42ae947f 4292b23d 429bd0aa 4235eeec  c8_vstart 0x00000000 mem 0x900002c8 mem 0x900002cc mem 0x900002d0 mem 0x900002d4 mem 0x900002d8 mem 0x900002dc mem 0x900002e0 mem 0x900002e4 mem 0x900002e8 mem 0x900002ec mem 0x900002f0 mem 0x900002f4 mem 0x900002f8 mem 0x900002fc mem 0x900002c8 mem 0x900002cc mem 0x900002d0 mem 0x900002d4 mem 0x900002d8 mem 0x900002dc mem 0x900002e0 mem 0x900002e4 mem 0x900002e8 mem 0x900002ec mem 0x900002f0 mem 0x900002f4 mem 0x900002f8 mem 0x900002fc mem 0x900002c8 mem 0x900002cc mem 0x900002d0 mem 0x900002d4
core   0: 0x80000200 (0xfdc12283) lw      x5, -36(x2)
core   0: 3 0x80000200 (0xfdc12283) x5  0x3f800000 mem 0x70000010
core   0: 0x80000204 (0x5e02c257) vmv.v.x v4, x5
core   0: 3 0x80000204 (0x5e02c257) c8_vstart 0x00000000 e32 m1 l32 v4  ffffffff 0x3f800000 3f800000 3f800000 3f800000 3f800000 3f800000 3f800000 3f800000 3f800000 3f800000 3f800000 3f800000 3f800000 3f800000 3f800000 3f800000 3f800000 3f800000 3f800000 3f800000 3f800000 3f800000 3f800000 3f800000 3f800000 3f800000 3f800000 3f800000 3f800000 3f800000 3f800000 3f800000 
core   0: 0x80000208 (0xa25211d7) vfmadd.vv v3, v5, v4
core   0: 3 0x80000208 (0xa25211d7) c8_vstart 0x00000000 c1_fflags 0x00000001 e32 m1 l32 v3  ffffffff 0x42afa3e9 42c39bc8 43253b88 42b05c0f 425bbf4e 4239ed59 4256057b 42c6d78c 42da55c7 42baca6a 429e8be7 4238c91e 42e3d8f4 431f1175 42afa3e9 42c39bc8 43253b88 42b05c0f 425bbf4e 4239ed59 4256057b 42c6d78c 42da55c7 42baca6a 429e8be7 4238c91e 42e3d8f4 431f1175 42afa3e9 42c39bc8 43253b88 42b05c0f 
core   0: 0x8000020c (0xfe012283) lw      x5, -32(x2)
core   0: 3 0x8000020c (0xfe012283) x5  0x3f800000 mem 0x70000014
core   0: 0x80000210 (0x5e02c257) vmv.v.x v4, x5
core   0: 3 0x80000210 (0x5e02c257) c8_vstart 0x00000000 e32 m1 l32 v4  ffffffff 0x3f800000 3f800000 3f800000 3f800000 3f800000 3f800000 3f800000 3f800000 3f800000 3f800000 3f800000 3f800000 3f800000 3f800000 3f800000 3f800000 3f800000 3f800000 3f800000 3f800000 3f800000 3f800000 3f800000 3f800000 3f800000 3f800000 3f800000 3f800000 3f800000 3f800000 3f800000 3f800000 
core   0: 0x80000214 (0xa23213d7) vfmadd.vv v7, v3, v4
core   0: 3 0x80000214 (0xa23213d7) c8_vstart 0x00000000 c1_fflags 0x00000001 e32 m1 l32 v7  ffffffff 0x431fefea 4338c164 432619fd 43391d76 42b8cc15 42c75a97 425cfcf4 4310293e 42ebdd94 43380d14 42c391f0 42f228f0 42eca07a 4348dffa 431fefea 4338c164 432619fd 43391d76 42b8cc15 42c75a97 425cfcf4 4310293e 42ebdd94 43380d14 42c391f0 42f228f0 42eca07a 4348dffa 431fefea 4338c164 432619fd 43391d76 
core   0: 0x80000218 (0xfe412283) lw      x5, -28(x2)
core   0: 3 0x80000218 (0xfe412283) x5  0x3f800000 mem 0x70000018
core   0: 0x8000021c (0x5e02c1d7) vmv.v.x v3, x5
core   0: 3 0x8000021c (0x5e02c1d7) c8_vstart 0x00000000 e32 m1 l32 v3  ffffffff 0x3f800000 3f800000 3f800000 3f800000 3f800000 3f800000 3f800000 3f800000 3f800000 3f800000 3f800000 3f800000 3f800000 3f800000 3f800000 3f800000 3f800000 3f800000 3f800000 3f800000 3f800000 3f800000 3f800000 3f800000 3f800000 3f800000 3f800000 3f800000 3f800000 3f800000 3f800000 3f800000 
core   0: 0x80000220 (0xa2719457) vfmadd.vv v8, v7, v3
core   0: 3 0x80000220 (0xa2719457) c8_vstart 0x00000000 c1_fflags 0x00000001 e32 m1 l32 v8  ffffffff 0x433bc307 43755e19 434665ae 434af148 42e61d8e 42f8d146 430acd27 436281e7 43442f4c 4359d07e 42f2d4ff 433d0540 43525330 436214da 433bc307 43755e19 434665ae 434af148 42e61d8e 42f8d146 430acd27 436281e7 43442f4c 4359d07e 42f2d4ff 433d0540 43525330 436214da 433bc307 43755e19 434665ae 434af148 
core   0: 0x80000224 (0xfe812283) lw      x5, -24(x2)
core   0: 3 0x80000224 (0xfe812283) x5  0x3f800000 mem 0x7000001c
core   0: 0x80000228 (0x5e02c1d7) vmv.v.x v3, x5
core   0: 3 0x80000228 (0x5e02c1d7) c8_vstart 0x00000000 e32 m1 l32 v3  ffffffff 0x3f800000 3f800000 3f800000 3f800000 3f800000 3f800000 3f800000 3f800000 3f800000 3f800000 3f800000 3f800000 3f800000 3f800000 3f800000 3f800000 3f800000 3f800000 3f800000 3f800000 3f800000 3f800000 3f800000 3f800000 3f800000 3f800000 3f800000 3f800000 3f800000 3f800000 3f800000 3f800000 
core   0: 0x8000022c (0xa2819557) vfmadd.vv v10, v8, v3
core   0: 3 0x8000022c (0xa2819557) c8_vstart 0x00000000 c1_fflags 0x00000001 e32 m1 l32 v10 ffffffff 0x4354f7e7 4388989b 43818132 436b3cf9 42eeb503 4313115f 4323887e 439b07e8 438b43fa 43940880 431b2dea 4354a6c8 438b21fc 439f0be6 4354f7e7 4388989b 43818132 436b3cf9 42eeb503 4313115f 4323887e 439b07e8 438b43fa 43940880 431b2dea 4354a6c8 438b21fc 439f0be6 4354f7e7 4388989b 43818132 436b3cf9 
core   0: 0x80000230 (0xfec12283) lw      x5, -20(x2)
core   0: 3 0x80000230 (0xfec12283) x5  0x3f800000 mem 0x70000020
core   0: 0x80000234 (0x5e02c1d7) vmv.v.x v3, x5
core   0: 3 0x80000234 (0x5e02c1d7) c8_vstart 0x00000000 e32 m1 l32 v3  ffffffff 0x3f800000 3f800000 3f800000 3f800000 3f800000 3f800000 3f800000 3f800000 3f800000 3f800000 3f800000 3f800000 3f800000 3f800000 3f800000 3f800000 3f800000 3f800000 3f800000 3f800000 3f800000 3f800000 3f800000 3f800000 3f800000 3f800000 3f800000 3f800000 3f800000 3f800000 3f800000 3f800000 
core   0: 0x80000238 (0xa2a195d7) vfmadd.vv v11, v10, v3
core   0: 3 0x80000238 (0xa2a195d7) c8_vstart 0x00000000 c1_fflags 0x00000001 e32 m1 l32 v11 ffffffff 0x43987d6d 4395330b 438f6ac0 4393ecd7 4323f7c8 43175d19 433a313a 43a76594 43b50aef 43bd34d4 43696e6c 43766a32 4396f2c0 43c1044a 43987d6d 4395330b 438f6ac0 4393ecd7 4323f7c8 43175d19 433a313a 43a76594 43b50aef 43bd34d4 43696e6c 43766a32 4396f2c0 43c1044a 43987d6d 4395330b 438f6ac0 4393ecd7 
core   0: 0x8000023c (0xff012283) lw      x5, -16(x2)
core   0: 3 0x8000023c (0xff012283) x5  0x3f800000 mem 0x70000024
core   0: 0x80000240 (0x5e02c1d7) vmv.v.x v3, x5
core   0: 3 0x80000240 (0x5e02c1d7) c8_vstart 0x00000000 e32 m1 l32 v3  ffffffff 0x3f800000 3f800000 3f800000 3f800000 3f800000 3f800000 3f800000 3f800000 3f800000 3f800000 3f800000 3f800000 3f800000 3f800000 3f800000 3f800000 3f800000 3f800000 3f800000 3f800000 3f800000 3f800000 3f800000 3f800000 3f800000 3f800000 3f800000 3f800000 3f800000 3f800000 3f800000 3f800000 
core   0: 0x80000244 (0xa2b19157) vfmadd.vv v2, v11, v3
core   0: 3 0x80000244 (0xa2b19157) c8_vstart 0x00000000 c1_fflags 0x00000001 e32 m1 l32 v2  ffffffff 0x43bf7198 43abf0e8 43900855 43c16742 432e28f3 43620eee 436cbbf6 43c3e52f 43d984ea 43c01b76 438cd4de 43a45b25 43c297e0 43e5b0d9 43bf7198 43abf0e8 43900855 43c16742 432e28f3 43620eee 436cbbf6 43c3e52f 43d984ea 43c01b76 438cd4de 43a45b25 43c297e0 43e5b0d9 43bf7198 43abf0e8 43900855 43c16742 
core   0: 0x80000248 (0xff412283) lw      x5, -12(x2)
core   0: 3 0x80000248 (0xff412283) x5  0x3f800000 mem 0x70000028
core   0: 0x8000024c (0x5e02c1d7) vmv.v.x v3, x5
core   0: 3 0x8000024c (0x5e02c1d7) c8_vstart 0x00000000 e32 m1 l32 v3  ffffffff 0x3f800000 3f800000 3f800000 3f800000 3f800000 3f800000 3f800000 3f800000 3f800000 3f800000 3f800000 3f800000 3f800000 3f800000 3f800000 3f800000 3f800000 3f800000 3f800000 3f800000 3f800000 3f800000 3f800000 3f800000 3f800000 3f800000 3f800000 3f800000 3f800000 3f800000 3f800000 3f800000 
core   0: 0x80000250 (0xa2219057) vfmadd.vv v0, v2, v3
core   0: 3 0x80000250 (0xa2219057) c8_vstart 0x00000000 c1_fflags 0x00000001 e32 m1 l32 v0  ffffffff 0x43e41e27 43d2e512 43a6c632 43c204d7 438314f3 436c4019 439bb6e5 43dd2a8d 43f60485 43e49571 438fbb80 43bc78cd 43ebbdec 4408aafc 43e41e27 43d2e512 43a6c632 43c204d7 438314f3 436c4019 439bb6e5 43dd2a8d 43f60485 43e49571 438fbb80 43bc78cd 43ebbdec 4408aafc 43e41e27 43d2e512 43a6c632 43c204d7 
core   0: 0x80000254 (0xff812283) lw      x5, -8(x2)
core   0: 3 0x80000254 (0xff812283) x5  0x3f800000 mem 0x7000002c
core   0: 0x80000258 (0x5e02c157) vmv.v.x v2, x5
core   0: 3 0x80000258 (0x5e02c157) c8_vstart 0x00000000 e32 m1 l32 v2  ffffffff 0x3f800000 3f800000 3f800000 3f800000 3f800000 3f800000 3f800000 3f800000 3f800000 3f800000 3f800000 3f800000 3f800000 3f800000 3f800000 3f800000 3f800000 3f800000 3f800000 3f800000 3f800000 3f800000 3f800000 3f800000 3f800000 3f800000 3f800000 3f800000 3f800000 3f800000 3f800000 3f800000 
core   0: 0x8000025c (0xa20110d7) vfmadd.vv v1, v0, v2
core   0: 3 0x8000025c (0xa20110d7) c8_vstart 0x00000000 c1_fflags 0x00000001 e32 m1 l32 v1  ffffffff 0x4407e1a3 43f791a1 43cdba5c 43d8c2b4 43b157c7 43a22086 43a0cf7a 440141bc 4407a4f2 44008a86 43b4357b 43bf5f6f 4401edca 441d3e02 4407e1a3 43f791a1 43cdba5c 43d8c2b4 43b157c7 43a22086 43a0cf7a 440141bc 4407a4f2 44008a86 43b4357b 43bf5f6f 4401edca 441d3e02 4407e1a3 43f791a1 43cdba5c 43d8c2b4 
core   0: 0x80000260 (0xffc12283) lw      x5, -4(x2)
core   0: 3 0x80000260 (0xffc12283) x5  0x90001000 mem 0x70000030
core   0: 0x80000264 (0x0292c057) vadd.vx v0, v9, x5
core   0: 3 0x80000264 (0x0292c057) c8_vstart 0x00000000 e32 m1 l32 v0  ffffffff 0x90001290 9000128c 90001288 90001284 900012b8 900012b4 900012b0 900012ac 900012a8 900012a4 900012a0 9000129c 90001298 90001294 90001290 9000128c 90001288 90001284 900012b8 900012b4 900012b0 900012ac 900012a8 900012a4 900012a0 9000129c 90001298 90001294 90001290 9000128c 90001288 90001284 
core   0: 0x80000268 (0x0010607b) vsw12.v v1, v0, 0
core   0: 3 0x80000268 (0x0010607b) c8_vstart 0x00000000 e32 m1 l32 mem 0x90001284 0x43d8c2b4 mem 0x90001288 0x43cdba5c mem 0x9000128c 0x43f791a1 mem 0x90001290 0x4407e1a3 mem 0x90001294 0x441d3e02 mem 0x90001298 0x4401edca mem 0x9000129c 0x43bf5f6f mem 0x900012a0 0x43b4357b mem 0x900012a4 0x44008a86 mem 0x900012a8 0x4407a4f2 mem 0x900012ac 0x440141bc mem 0x900012b0 0x43a0cf7a mem 0x900012b4 0x43a22086 mem 0x900012b8 0x43b157c7 mem 0x90001284 0x43d8c2b4 mem 0x90001288 0x43cdba5c mem 0x9000128c 0x43f791a1 mem 0x90001290 0x4407e1a3 mem 0x90001294 0x441d3e02 mem 0x90001298 0x4401edca mem 0x9000129c 0x43bf5f6f mem 0x900012a0 0x43b4357b mem 0x900012a4 0x44008a86 mem 0x900012a8 0x4407a4f2 mem 0x900012ac 0x440141bc mem 0x900012b0 0x43a0cf7a mem 0x900012b4 0x43a22086 mem 0x900012b8 0x43b157c7 mem 0x90001284 0x43d8c2b4 mem 0x90001288 0x43cdba5c mem 0x9000128c 0x43f791a1 mem 0x90001290 0x4407e1a3
core   0: 0x8000026c (0xfcc12083) lw      x1, -52(x2)
core   0: 3 0x8000026c (0xfcc12083) x1  0x800000a0 mem 0x70000000
core   0: 0x80000270 (0x0090200b) regext  x0, x0,  0 0 1 1 
core   0: 3 0x80000270 (0x0090200b)
core   0: 0x80000274 (0x7fc020ab) vlw.v   v1, x0, -4
core   0: 3 0x80000274 (0x7fc020ab) e32 m1 l32 v33 ffffffff 0x00000000 00000000 00000000 00000000 00000000 00000000 00000000 00000000 00000000 00000000 00000000 00000000 00000000 00000000 00000000 00000000 00000000 00000000 00000000 00000000 00000000 00000000 00000000 00000000 00000000 00000000 00000000 00000000 00000000 00000000 00000000 00000000  c8_vstart 0x00000000 mem 0x90003000 mem 0x90003004 mem 0x90003008 mem 0x9000300c mem 0x90003010 mem 0x90003014 mem 0x90003018 mem 0x9000301c mem 0x90003020 mem 0x90003024 mem 0x90003028 mem 0x9000302c mem 0x90003030 mem 0x90003034 mem 0x90003038 mem 0x9000303c mem 0x90003040 mem 0x90003044 mem 0x90003048 mem 0x9000304c mem 0x90003050 mem 0x90003054 mem 0x90003058 mem 0x9000305c mem 0x90003060 mem 0x90003064 mem 0x90003068 mem 0x9000306c mem 0x90003070 mem 0x90003074 mem 0x90003078 mem 0x9000307c
core   0: 0x80000278 (0xfcc10113) addi    x2, x2, -52
core   0: 3 0x80000278 (0xfcc10113) x2  0x70000000
core   0: 0x8000027c (0xffc20213) addi    x4, x4, -4
core   0: 3 0x8000027c (0xffc20213) x4  0x00000000
core   0: 0x80000280 (0x0010200b) regext  x0, x0,  0 0 0 1 
core   0: 3 0x80000280 (0x0010200b)
core   0: 0x80000284 (0x5e024057) vmv.v.x v0, x4
core   0: 3 0x80000284 (0x5e024057) c8_vstart 0x00000000 e32 m1 l32 v32 ffffffff 0x00000000 00000000 00000000 00000000 00000000 00000000 00000000 00000000 00000000 00000000 00000000 00000000 00000000 00000000 00000000 00000000 00000000 00000000 00000000 00000000 00000000 00000000 00000000 00000000 00000000 00000000 00000000 00000000 00000000 00000000 00000000 00000000 
core   0: 0x80000288 (0x00008067) ret
core   0: 3 0x80000288 (0x00008067)
core   0: 0x800000a0 (0x0000400b) endprg  x0, x0, x0
core   0: 3 0x800000a0 (0x0000400b)
core   0: 0x800000a4 (0x0040006f) j       pc + 0x4
core   0: 3 0x800000a4 (0x0040006f)
core   0: 0x800000a8 (0x00100313) li      x6, 1
core   0: 3 0x800000a8 (0x00100313) x6  0x00000001
core   0: 0x800000ac (0x00001297) auipc   x5, 0x1
core   0: 3 0x800000ac (0x00001297) x5  0x800010ac
core   0: 0x800000b0 (0xf5428293) addi    x5, x5, -172
core   0: 3 0x800000b0 (0xf5428293) x5  0x80001000
core   0: 0x800000b4 (0x0062a023) sw      x6, 0(x5)
core   0: 3 0x800000b4 (0x0062a023) mem 0x80001000 0x00000001
core   0: 0x00001000 (0x00000297) auipc   x5, 0x0
core   0: 3 0x00001000 (0x00000297) x5  0x00001000
core   0: 0x00001004 (0x02028593) addi    x11, x5, 32
core   0: 3 0x00001004 (0x02028593) x11 0x00001020
core   0: 0x00001008 (0xf1402573) csrr    x10, mhartid
core   0: 3 0x00001008 (0xf1402573) x10 0x00000000
core   0: 0x0000100c (0x0182a283) lw      x5, 24(x5)
core   0: 3 0x0000100c (0x0182a283) x5  0x80000000 mem 0x00001018
core   0: 0x00001010 (0x00028067) jr      x5
core   0: 3 0x00001010 (0x00028067)
core   0: 0x80000000 (0x00004197) auipc   x3, 0x4
core   0: 3 0x80000000 (0x00004197) x3  0x80004000
core   0: 0x80000004 (0x80818193) addi    x3, x3, -2040
core   0: 3 0x80000004 (0x80818193) x3  0x80003808
core   0: 0x80000008 (0x02000e93) li      x29, 32
core   0: 3 0x80000008 (0x02000e93) x29 0x00000020
core   0: 0x8000000c (0x0d0efed7) vsetvli x29, x29, e32, m1, ta, ma
core   0: 3 0x8000000c (0x0d0efed7) x29 0x00000020 c8_vstart 0x00000000 c3104_vl 0x00000020 c3105_vtype 0x000000d0 c768_mstatus 0x80000600
core   0: 0x80000010 (0x00002eb7) lui     x29, 0x2
core   0: 3 0x80000010 (0x00002eb7) x29 0x00002000
core   0: 0x80000014 (0x300eaef3) csrrs   x29, mstatus, x29
core   0: 3 0x80000014 (0x300eaef3) x29 0x80000600 c768_mstatus 0x80006600
core   0: 0x80000018 (0x00000e93) li      x29, 0
core   0: 3 0x80000018 (0x00000e93) x29 0x00000000
core   0: 0x8000001c (0x80502373) csrr    x6, wid
core   0: 3 0x8000001c (0x80502373) x6  0x00000000
core   0: 0x80000020 (0x806023f3) csrr    x7, lds
core   0: 3 0x80000020 (0x806023f3) x7  0x70000000
core   0: 0x80000024 (0x40000e13) li      x28, 1024
core   0: 3 0x80000024 (0x40000e13) x28 0x00000400
core   0: 0x80000028 (0x03c30333) mul     x6, x6, x28
core   0: 3 0x80000028 (0x03c30333) x6  0x00000000
core   0: 0x8000002c (0x00730133) add     x2, x6, x7
core   0: 3 0x8000002c (0x00730133) x2  0x70000000
core   0: 0x80000030 (0x00000213) li      x4, 0
core   0: 3 0x80000030 (0x00000213) x4  0x00000000
core   0: 0x80000034 (0x80102f73) csrr    x30, numw
core   0: 3 0x80000034 (0x80102f73) x30 0x00000001
core   0: 0x80000038 (0x40000e13) li      x28, 1024
core   0: 3 0x80000038 (0x40000e13) x28 0x00000400
core   0: 0x8000003c (0x03cf0f33) mul     x30, x30, x28
core   0: 3 0x8000003c (0x03cf0f33) x30 0x00000400
core   0: 0x80000040 (0x01e38433) add     x8, x7, x30
core   0: 3 0x80000040 (0x01e38433) x8  0x70000400
core   0: 0x80000044 (0x00003517) auipc   x10, 0x3
core   0: 3 0x80000044 (0x00003517) x10 0x80003044
core   0: 0x80000048 (0xfc450513) addi    x10, x10, -60
core   0: 3 0x80000048 (0xfc450513) x10 0x80003008
core   0: 0x8000004c (0x00003617) auipc   x12, 0x3
core   0: 3 0x8000004c (0x00003617) x12 0x8000304c
core   0: 0x80000050 (0xfbc60613) addi    x12, x12, -68
core   0: 3 0x80000050 (0xfbc60613) x12 0x80003008
core   0: 0x80000054 (0x00c50863) beq     x10, x12, pc + 16
core   0: 3 0x80000054 (0x00c50863)
core   0: 0x80000064 (0x803022f3) csrr    x5, knl
core   0: 3 0x80000064 (0x803022f3) x5  0x901c3000
core   0: 0x80000068 (0x0002a303) lw      x6, 0(x5)
core   0: 3 0x80000068 (0x0002a303) x6  0x800000b8 mem 0x901c3000
core   0: 0x8000006c (0x0042a503) lw      x10, 4(x5)
core   0: 3 0x8000006c (0x0042a503) x10 0x90002000 mem 0x901c3004
core   0: 0x80000070 (0x0302a383) lw      x7, 48(x5)
core   0: 3 0x80000070 (0x0302a383) x7  0x00000000 mem 0x901c3030
core   0: 0x80000074 (0x0342ae03) lw      x28, 52(x5)
core   0: 3 0x80000074 (0x0342ae03) x28 0x00000000 mem 0x901c3034
core   0: 0x80000078 (0x00003e97) auipc   x29, 0x3
core   0: 3 0x80000078 (0x00003e97) x29 0x80003078
core   0: 0x8000007c (0xf88e8e93) addi    x29, x29, -120
core   0: 3 0x8000007c (0xf88e8e93) x29 0x80003000
core   0: 0x80000080 (0x00003f17) auipc   x30, 0x3
core   0: 3 0x80000080 (0x00003f17) x30 0x80003080
core   0: 0x80000084 (0xf84f0f13) addi    x30, x30, -124
core   0: 3 0x80000084 (0xf84f0f13) x30 0x80003004
core   0: 0x80000088 (0x007ea023) sw      x7, 0(x29)
core   0: 3 0x80000088 (0x007ea023) mem 0x80003000 0x00000000
core   0: 0x8000008c (0x01cf2023) sw      x28, 0(x30)
core   0: 3 0x8000008c (0x01cf2023) mem 0x80003004 0x00000000
core   0: 0x80000090 (0x00000f97) auipc   x31, 0x0
core   0: 3 0x80000090 (0x00000f97) x31 0x80000090
core   0: 0x80000094 (0x018f8f93) addi    x31, x31, 24
core   0: 3 0x80000094 (0x018f8f93) x31 0x800000a8
core   0: 0x80000098 (0x305f9073) csrw    mtvec, x31
core   0: 3 0x80000098 (0x305f9073) c773_mtvec 0x800000a8
core   0: 0x8000009c (0x000300e7) jalr    x6
core   0: 3 0x8000009c (0x000300e7) x1  0x800000a0
core   0: 0x800000b8 (0x03410113) addi    x2, x2, 52
core   0: 3 0x800000b8 (0x03410113) x2  0x70000034
core   0: 0x800000bc (0x00420213) addi    x4, x4, 4
core   0: 3 0x800000bc (0x00420213) x4  0x00000004
core   0: 0x800000c0 (0x0010200b) regext  x0, x0,  0 0 0 1 
core   0: 3 0x800000c0 (0x0010200b)
core   0: 0x800000c4 (0x5e024057) vmv.v.x v0, x4
core   0: 3 0x800000c4 (0x5e024057) c8_vstart 0x00000000 e32 m1 l32 v32 ffffffff 0x00000004 00000004 00000004 00000004 00000004 00000004 00000004 00000004 00000004 00000004 00000004 00000004 00000004 00000004 00000004 00000004 00000004 00000004 00000004 00000004 00000004 00000004 00000004 00000004 00000004 00000004 00000004 00000004 00000004 00000004 00000004 00000004 
core   0: 0x800000c8 (0xfc112623) sw      x1, -52(x2)
core   0: 3 0x800000c8 (0xfc112623) mem 0x70000000 0x800000a0
core   0: 0x800000cc (0x0480200b) regext  x0, x0,  0 1 1 0 
core   0: 3 0x800000cc (0x0480200b)
core   0: 0x800000d0 (0xfe102e2b) vsw.v   v1, x0, -4
core   0: 3 0x800000d0 (0xfe102e2b) c8_vstart 0x00000000 mem 0x90003000 0x00000000 mem 0x90003004 0x00000000 mem 0x90003008 0x00000000 mem 0x9000300c 0x00000000 mem 0x90003010 0x00000000 mem 0x90003014 0x00000000 mem 0x90003018 0x00000000 mem 0x9000301c 0x00000000 mem 0x90003020 0x00000000 mem 0x90003024 0x00000000 mem 0x90003028 0x00000000 mem 0x9000302c 0x00000000 mem 0x90003030 0x00000000 mem 0x90003034 0x00000000 mem 0x90003038 0x00000000 mem 0x9000303c 0x00000000 mem 0x90003040 0x00000000 mem 0x90003044 0x00000000 mem 0x90003048 0x00000000 mem 0x9000304c 0x00000000 mem 0x90003050 0x00000000 mem 0x90003054 0x00000000 mem 0x90003058 0x00000000 mem 0x9000305c 0x00000000 mem 0x90003060 0x00000000 mem 0x90003064 0x00000000 mem 0x90003068 0x00000000 mem 0x9000306c 0x00000000 mem 0x90003070 0x00000000 mem 0x90003074 0x00000000 mem 0x90003078 0x00000000 mem 0x9000307c 0x00000000
core   0: 0x800000d4 (0x00452283) lw      x5, 4(x10)
core   0: 3 0x800000d4 (0x00452283) x5  0x90001000 mem 0x90002004
core   0: 0x800000d8 (0xfe512e23) sw      x5, -4(x2)
core   0: 3 0x800000d8 (0xfe512e23) mem 0x70000030 0x90001000
core   0: 0x800000dc (0x03052283) lw      x5, 48(x10)
core   0: 3 0x800000dc (0x03052283) x5  0x3f800000 mem 0x90002030
core   0: 0x800000e0 (0xfe512c23) sw      x5, -8(x2)
core   0: 3 0x800000e0 (0xfe512c23) mem 0x7000002c 0x3f800000
core   0: 0x800000e4 (0x02c52283) lw      x5, 44(x10)
core   0: 3 0x800000e4 (0x02c52283) x5  0x3f800000 mem 0x9000202c
core   0: 0x800000e8 (0xfe512a23) sw      x5, -12(x2)
core   0: 3 0x800000e8 (0xfe512a23) mem 0x70000028 0x3f800000
core   0: 0x800000ec (0x02852283) lw      x5, 40(x10)
core   0: 3 0x800000ec (0x02852283) x5  0x3f800000 mem 0x90002028
core   0: 0x800000f0 (0xfe512823) sw      x5, -16(x2)
core   0: 3 0x800000f0 (0xfe512823) mem 0x70000024 0x3f800000
core   0: 0x800000f4 (0x02452283) lw      x5, 36(x10)
core   0: 3 0x800000f4 (0x02452283) x5  0x3f800000 mem 0x90002024
core   0: 0x800000f8 (0xfe512623) sw      x5, -20(x2)
core   0: 3 0x800000f8 (0xfe512623) mem 0x70000020 0x3f800000
core   0: 0x800000fc (0x02052283) lw      x5, 32(x10)
core   0: 3 0x800000fc (0x02052283) x5  0x3f800000 mem 0x90002020
core   0: 0x80000100 (0xfe512423) sw      x5, -24(x2)
core   0: 3 0x80000100 (0xfe512423) mem 0x7000001c 0x3f800000
core   0: 0x80000104 (0x01c52283) lw      x5, 28(x10)
core   0: 3 0x80000104 (0x01c52283) x5  0x3f800000 mem 0x9000201c
core   0: 0x80000108 (0xfe512223) sw      x5, -28(x2)
core   0: 3 0x80000108 (0xfe512223) mem 0x70000018 0x3f800000
core   0: 0x8000010c (0x01852283) lw      x5, 24(x10)
core   0: 3 0x8000010c (0x01852283) x5  0x3f800000 mem 0x90002018
core   0: 0x80000110 (0xfe512023) sw      x5, -32(x2)
core   0: 3 0x80000110 (0xfe512023) mem 0x70000014 0x3f800000
core   0: 0x80000114 (0x01052283) lw      x5, 16(x10)
core   0: 3 0x80000114 (0x01052283) x5  0x3f800000 mem 0x90002010
core   0: 0x80000118 (0xfc512e23) sw      x5, -36(x2)
core   0: 3 0x80000118 (0xfc512e23) mem 0x70000010 0x3f800000
core   0: 0x8000011c (0x01452283) lw      x5, 20(x10)
core   0: 3 0x8000011c (0x01452283) x5  0x3f800000 mem 0x90002014
core   0: 0x80000120 (0xfc512c23) sw      x5, -40(x2)
core   0: 3 0x80000120 (0xfc512c23) mem 0x7000000c 0x3f800000
core   0: 0x80000124 (0x00052283) lw      x5, 0(x10)
core   0: 3 0x80000124 (0x00052283) x5  0x90000000 mem 0x90002000
core   0: 0x80000128 (0xfc512a23) sw      x5, -44(x2)
core   0: 3 0x80000128 (0xfc512a23) mem 0x70000008 0x90000000
core   0: 0x8000012c (0x00852283) lw      x5, 8(x10)
core   0: 3 0x8000012c (0x00852283) x5  0x00000010 mem 0x90002008
core   0: 0x80000130 (0xfc512823) sw      x5, -48(x2)
core   0: 3 0x80000130 (0xfc512823) mem 0x70000004 0x00000010
core   0: 0x80000134 (0x5e004057) vmv.v.x v0, x0
core   0: 3 0x80000134 (0x5e004057) c8_vstart 0x00000000 e32 m1 l32 v0  ffffffff 0x00000000 00000000 00000000 00000000 00000000 00000000 00000000 00000000 00000000 00000000 00000000 00000000 00000000 00000000 00000000 00000000 00000000 00000000 00000000 00000000 00000000 00000000 00000000 00000000 00000000 00000000 00000000 00000000 00000000 00000000 00000000 00000000 
core   0: 0x80000138 (0x154000ef) jal     pc + 0x154
core   0: 3 0x80000138 (0x154000ef) x1  0x8000013c
core   0: 0x8000028c (0x00410113) addi    x2, x2, 4
core   0: 3 0x8000028c (0x00410113) x2  0x70000038
core   0: 0x80000290 (0xfe112e23) sw      x1, -4(x2)
core   0: 3 0x80000290 (0xfe112e23) mem 0x70000034 0x8000013c
core   0: 0x80000294 (0x00200293) li      x5, 2
core   0: 3 0x80000294 (0x00200293) x5  0x00000002
core   0: 0x80000298 (0x5e02c0d7) vmv.v.x v1, x5
core   0: 3 0x80000298 (0x5e02c0d7) c8_vstart 0x00000000 e32 m1 l32 v1  ffffffff 0x00000002 00000002 00000002 00000002 00000002 00000002 00000002 00000002 00000002 00000002 00000002 00000002 00000002 00000002 00000002 00000002 00000002 00000002 00000002 00000002 00000002 00000002 00000002 00000002 00000002 00000002 00000002 00000002 00000002 00000002 00000002 00000002 
core   0: 0x8000029c (0x00000317) auipc   x6, 0x0
core   0: 3 0x8000029c (0x00000317) x6  0x8000029c
core   0: 0x800002a0 (0x04c3305b) setrpc  x0, x6, 76
core   0: 3 0x800002a0 (0x04c3305b) c2060_rpc 0x800002e8 current mask:	ffffffff current npc:	00000000 stack size: 0
core   0: 0x800002a4 (0x0200885b) vbeq    v0, v1, pc + 48
core   0: 3 0x800002a4 (0x0200885b) c8_vstart 0x00000000 e32 m1 l32 current mask:	ffffffff current npc:	800002a8 stack size: 0
core   0: 0x800002a8 (0x00100293) li      x5, 1
core   0: 3 0x800002a8 (0x00100293) x5  0x00000001
core   0: 0x800002ac (0x5e02c0d7) vmv.v.x v1, x5
core   0: 3 0x800002ac (0x5e02c0d7) c8_vstart 0x00000000 e32 m1 l32 v1  ffffffff 0x00000001 00000001 00000001 00000001 00000001 00000001 00000001 00000001 00000001 00000001 00000001 00000001 00000001 00000001 00000001 00000001 00000001 00000001 00000001 00000001 00000001 00000001 00000001 00000001 00000001 00000001 00000001 00000001 00000001 00000001 00000001 00000001 
core   0: 0x800002b0 (0x00000317) auipc   x6, 0x0
core   0: 3 0x800002b0 (0x00000317) x6  0x800002b0
core   0: 0x800002b4 (0x0383305b) setrpc  x0, x6, 56
core   0: 3 0x800002b4 (0x0383305b) c2060_rpc 0x800002e8 current mask:	ffffffff current npc:	800002a8 stack size: 0
core   0: 0x800002b8 (0x0200825b) vbeq    v0, v1, pc + 36
core   0: 3 0x800002b8 (0x0200825b) c8_vstart 0x00000000 e32 m1 l32 current mask:	ffffffff current npc:	800002bc stack size: 0
core   0: 0x800002bc (0x5e0040d7) vmv.v.x v1, x0
core   0: 3 0x800002bc (0x5e0040d7) c8_vstart 0x00000000 e32 m1 l32 v1  ffffffff 0x00000000 00000000 00000000 00000000 00000000 00000000 00000000 00000000 00000000 00000000 00000000 00000000 00000000 00000000 00000000 00000000 00000000 00000000 00000000 00000000 00000000 00000000 00000000 00000000 00000000 00000000 00000000 00000000 00000000 00000000 00000000 00000000 
core   0: 0x800002c0 (0x00000317) auipc   x6, 0x0
core   0: 3 0x800002c0 (0x00000317) x6  0x800002c0
core   0: 0x800002c4 (0x0283305b) setrpc  x0, x6, 40
core   0: 3 0x800002c4 (0x0283305b) c2060_rpc 0x800002e8 current mask:	ffffffff current npc:	800002bc stack size: 0
core   0: 0x800002c8 (0x00009e5b) vbne    v0, v1, pc + 28
core   0: 3 0x800002c8 (0x00009e5b) c8_vstart 0x00000000 e32 m1 l32 current mask:	ffffffff current npc:	800002cc stack size: 0
core   0: 0x800002cc (0x1a0000ef) jal     pc + 0x1a0
core   0: 3 0x800002cc (0x1a0000ef) x1  0x800002d0
core   0: 0x8000046c (0x00410113) addi    x2, x2, 4
core   0: 3 0x8000046c (0x00410113) x2  0x7000003c
core   0: 0x80000470 (0xfe112e23) sw      x1, -4(x2)
core   0: 3 0x80000470 (0xfe112e23) mem 0x70000038 0x800002d0
core   0: 0x80000474 (0xf1dff0ef) jal     pc - 0xe4
core   0: 3 0x80000474 (0xf1dff0ef) x1  0x80000478
core   0: 0x80000390 (0x00410113) addi    x2, x2, 4
core   0: 3 0x80000390 (0x00410113) x2  0x70000040
core   0: 0x80000394 (0xfe112e23) sw      x1, -4(x2)
core   0: 3 0x80000394 (0xfe112e23) mem 0x7000003c 0x80000478
core   0: 0x80000398 (0x80302573) csrr    x10, knl
core   0: 3 0x80000398 (0x80302573) x10 0x901c3000
core   0: 0x8000039c (0x00852283) lw      x5, 8(x10)
core   0: 3 0x8000039c (0x00852283) x5  0x00000002 mem 0x901c3008
core   0: 0x800003a0 (0x80002373) csrr    x6, tid
core   0: 3 0x800003a0 (0x80002373) x6  0x00000000
core   0: 0x800003a4 (0x5208a157) vid.v   v2
core   0: 3 0x800003a4 (0x5208a157) c8_vstart 0x00000000 e32 m1 l32 v2  ffffffff 0x0000001f 0000001e 0000001d 0000001c 0000001b 0000001a 00000019 00000018 00000017 00000016 00000015 00000014 00000013 00000012 00000011 00000010 0000000f 0000000e 0000000d 0000000c 0000000b 0000000a 00000009 00000008 00000007 00000006 00000005 00000004 00000003 00000002 00000001 00000000 
core   0: 0x800003a8 (0x02234057) vadd.vx v0, v2, x6
core   0: 3 0x800003a8 (0x02234057) c8_vstart 0x00000000 e32 m1 l32 v0  ffffffff 0x0000001f 0000001e 0000001d 0000001c 0000001b 0000001a 00000019 00000018 00000017 00000016 00000015 00000014 00000013 00000012 00000011 00000010 0000000f 0000000e 0000000d 0000000c 0000000b 0000000a 00000009 00000008 00000007 00000006 00000005 00000004 00000003 00000002 00000001 00000000 
core   0: 0x800003ac (0x01852e03) lw      x28, 24(x10)
core   0: 3 0x800003ac (0x01852e03) x28 0x0000000e mem 0x901c3018
core   0: 0x800003b0 (0x8a0e6057) vremu.vx v0, v0, x28
core   0: 3 0x800003b0 (0x8a0e6057) c8_vstart 0x00000000 e32 m1 l32 v0  ffffffff 0x00000003 00000002 00000001 00000000 0000000d 0000000c 0000000b 0000000a 00000009 00000008 00000007 00000006 00000005 00000004 00000003 00000002 00000001 00000000 0000000d 0000000c 0000000b 0000000a 00000009 00000008 00000007 00000006 00000005 00000004 00000003 00000002 00000001 00000000 
core   0: 0x800003b4 (0xffc12083) lw      x1, -4(x2)
core   0: 3 0x800003b4 (0xffc12083) x1  0x80000478 mem 0x7000003c
core   0: 0x800003b8 (0xffc10113) addi    x2, x2, -4
core   0: 3 0x800003b8 (0xffc10113) x2  0x7000003c
core   0: 0x800003bc (0x00008067) ret
core   0: 3 0x800003bc (0x00008067)
core   0: 0x80000478 (0x80302573) csrr    x10, knl
core   0: 3 0x80000478 (0x80302573) x10 0x901c3000
core   0: 0x8000047c (0x80802373) csrr    x6, gidx
core   0: 3 0x8000047c (0x80802373) x6  0x00000000
core   0: 0x80000480 (0x01852e03) lw      x28, 24(x10)
core   0: 3 0x80000480 (0x01852e03) x28 0x0000000e mem 0x901c3018
core   0: 0x80000484 (0x02452e83) lw      x29, 36(x10)
core   0: 3 0x80000484 (0x02452e83) x29 0x00000001 mem 0x901c3024
core   0: 0x80000488 (0x03c30fb3) mul     x31, x6, x28
core   0: 3 0x80000488 (0x03c30fb3) x31 0x00000000
core   0: 0x8000048c (0x01df8fb3) add     x31, x31, x29
core   0: 3 0x8000048c (0x01df8fb3) x31 0x00000001
core   0: 0x80000490 (0x020fc057) vadd.vx v0, v0, x31
core   0: 3 0x80000490 (0x020fc057) c8_vstart 0x00000000 e32 m1 l32 v0  ffffffff 0x00000004 00000003 00000002 00000001 0000000e 0000000d 0000000c 0000000b 0000000a 00000009 00000008 00000007 00000006 00000005 00000004 00000003 00000002 00000001 0000000e 0000000d 0000000c 0000000b 0000000a 00000009 00000008 00000007 00000006 00000005 00000004 00000003 00000002 00000001 
core   0: 0x80000494 (0xffc12083) lw      x1, -4(x2)
core   0: 3 0x80000494 (0xffc12083) x1  0x800002d0 mem 0x70000038
core   0: 0x80000498 (0xffc10113) addi    x2, x2, -4
core   0: 3 0x80000498 (0xffc10113) x2  0x70000038
core   0: 0x8000049c (0x00008067) ret
core   0: 3 0x8000049c (0x00008067)
core   0: 0x800002d0 (0x0180006f) j       pc + 0x18
core   0: 3 0x800002d0 (0x0180006f)
core   0: 0x800002e8 (0x0000205b) join    v0, v0, pc + 0
core   0: 3 0x800002e8 (0x0000205b) current mask:	ffffffff current npc:	800002cc stack size: 0
core   0: 0x800002ec (0xffc12083) lw      x1, -4(x2)
core   0: 3 0x800002ec (0xffc12083) x1  0x8000013c mem 0x70000034
core   0: 0x800002f0 (0xffc10113) addi    x2, x2, -4
core   0: 3 0x800002f0 (0xffc10113) x2  0x70000034
core   0: 0x800002f4 (0x00008067) ret
core   0: 3 0x800002f4 (0x00008067)
core   0: 0x8000013c (0x0010200b) regext  x0, x0,  0 0 0 1 
core   0: 3 0x8000013c (0x0010200b)
core   0: 0x80000140 (0x020040d7) vadd.vx v1, v0, x0
core   0: 3 0x80000140 (0x020040d7) c8_vstart 0x00000000 e32 m1 l32 v33 ffffffff 0x00000004 00000003 00000002 00000001 0000000e 0000000d 0000000c 0000000b 0000000a 00000009 00000008 00000007 00000006 00000005 00000004 00000003 00000002 00000001 0000000e 0000000d 0000000c 0000000b 0000000a 00000009 00000008 00000007 00000006 00000005 00000004 00000003 00000002 00000001 
core   0: 0x80000144 (0x00100293) li      x5, 1
core   0: 3 0x80000144 (0x00100293) x5  0x00000001
core   0: 0x80000148 (0x5e02c057) vmv.v.x v0, x5
core   0: 3 0x80000148 (0x5e02c057) c8_vstart 0x00000000 e32 m1 l32 v0  ffffffff 0x00000001 00000001 00000001 00000001 00000001 00000001 00000001 00000001 00000001 00000001 00000001 00000001 00000001 00000001 00000001 00000001 00000001 00000001 00000001 00000001 00000001 00000001 00000001 00000001 00000001 00000001 00000001 00000001 00000001 00000001 00000001 00000001 
core   0: 0x8000014c (0x140000ef) jal     pc + 0x140
core   0: 3 0x8000014c (0x140000ef) x1  0x80000150
core   0: 0x8000028c (0x00410113) addi    x2, x2, 4
core   0: 3 0x8000028c (0x00410113) x2  0x70000038
core   0: 0x80000290 (0xfe112e23) sw      x1, -4(x2)
core   0: 3 0x80000290 (0xfe112e23) mem 0x70000034 0x80000150
core   0: 0x80000294 (0x00200293) li      x5, 2
core   0: 3 0x80000294 (0x00200293) x5  0x00000002
core   0: 0x80000298 (0x5e02c0d7) vmv.v.x v1, x5
core   0: 3 0x80000298 (0x5e02c0d7) c8_vstart 0x00000000 e32 m1 l32 v1  ffffffff 0x00000002 00000002 00000002 00000002 00000002 00000002 00000002 00000002 00000002 00000002 00000002 00000002 00000002 00000002 00000002 00000002 00000002 00000002 00000002 00000002 00000002 00000002 00000002 00000002 00000002 00000002 00000002 00000002 00000002 00000002 00000002 00000002 
core   0: 0x8000029c (0x00000317) auipc   x6, 0x0
core   0: 3 0x8000029c (0x00000317) x6  0x8000029c
core   0: 0x800002a0 (0x04c3305b) setrpc  x0, x6, 76
core   0: 3 0x800002a0 (0x04c3305b) c2060_rpc 0x800002e8 current mask:	ffffffff current npc:	800002cc stack size: 0
core   0: 0x800002a4 (0x0200885b) vbeq    v0, v1, pc + 48
core   0: 3 0x800002a4 (0x0200885b) c8_vstart 0x00000000 e32 m1 l32 current mask:	ffffffff current npc:	800002a8 stack size: 0
core   0: 0x800002a8 (0x00100293) li      x5, 1
core   0: 3 0x800002a8 (0x00100293) x5  0x00000001
core   0: 0x800002ac (0x5e02c0d7) vmv.v.x v1, x5
core   0: 3 0x800002ac (0x5e02c0d7) c8_vstart 0x00000000 e32 m1 l32 v1  ffffffff 0x00000001 00000001 00000001 00000001 00000001 00000001 00000001 00000001 00000001 00000001 00000001 00000001 00000001 00000001 00000001 00000001 00000001 00000001 00000001 00000001 00000001 00000001 00000001 00000001 00000001 00000001 00000001 00000001 00000001 00000001 00000001 00000001 
core   0: 0x800002b0 (0x00000317) auipc   x6, 0x0
core   0: 3 0x800002b0 (0x00000317) x6  0x800002b0
core   0: 0x800002b4 (0x0383305b) setrpc  x0, x6, 56
core   0: 3 0x800002b4 (0x0383305b) c2060_rpc 0x800002e8 current mask:	ffffffff current npc:	800002a8 stack size: 0
core   0: 0x800002b8 (0x0200825b) vbeq    v0, v1, pc + 36
core   0: 3 0x800002b8 (0x0200825b) c8_vstart 0x00000000 e32 m1 l32 current mask:	ffffffff current npc:	800002dc stack size: 0
core   0: 0x800002dc (0x1c4000ef) jal     pc + 0x1c4
core   0: 3 0x800002dc (0x1c4000ef) x1  0x800002e0
core   0: 0x800004a0 (0x00410113) addi    x2, x2, 4
core   0: 3 0x800004a0 (0x00410113) x2  0x7000003c
core   0: 0x800004a4 (0xfe112e23) sw      x1, -4(x2)
core   0: 3 0x800004a4 (0xfe112e23) mem 0x70000038 0x800002e0
core   0: 0x800004a8 (0xf19ff0ef) jal     pc - 0xe8
core   0: 3 0x800004a8 (0xf19ff0ef) x1  0x800004ac
core   0: 0x800003c0 (0x00410113) addi    x2, x2, 4
core   0: 3 0x800003c0 (0x00410113) x2  0x70000040
core   0: 0x800003c4 (0xfe112e23) sw      x1, -4(x2)
core   0: 3 0x800003c4 (0xfe112e23) mem 0x7000003c 0x800004ac
core   0: 0x800003c8 (0x80302573) csrr    x10, knl
core   0: 3 0x800003c8 (0x80302573) x10 0x901c3000
core   0: 0x800003cc (0x00852283) lw      x5, 8(x10)
core   0: 3 0x800003cc (0x00852283) x5  0x00000002 mem 0x901c3008
core   0: 0x800003d0 (0x80002373) csrr    x6, tid
core   0: 3 0x800003d0 (0x80002373) x6  0x00000000
core   0: 0x800003d4 (0x5208a157) vid.v   v2
core   0: 3 0x800003d4 (0x5208a157) c8_vstart 0x00000000 e32 m1 l32 v2  ffffffff 0x0000001f 0000001e 0000001d 0000001c 0000001b 0000001a 00000019 00000018 00000017 00000016 00000015 00000014 00000013 00000012 00000011 00000010 0000000f 0000000e 0000000d 0000000c 0000000b 0000000a 00000009 00000008 00000007 00000006 00000005 00000004 00000003 00000002 00000001 00000000 
core   0: 0x800003d8 (0x02234057) vadd.vx v0, v2, x6
core   0: 3 0x800003d8 (0x02234057) c8_vstart 0x00000000 e32 m1 l32 v0  ffffffff 0x0000001f 0000001e 0000001d 0000001c 0000001b 0000001a 00000019 00000018 00000017 00000016 00000015 00000014 00000013 00000012 00000011 00000010 0000000f 0000000e 0000000d 0000000c 0000000b 0000000a 00000009 00000008 00000007 00000006 00000005 00000004 00000003 00000002 00000001 00000000 
core   0: 0x800003dc (0x01852e03) lw      x28, 24(x10)
core   0: 3 0x800003dc (0x01852e03) x28 0x0000000e mem 0x901c3018
core   0: 0x800003e0 (0x01c52e83) lw      x29, 28(x10)
core   0: 3 0x800003e0 (0x01c52e83) x29 0x00000001 mem 0x901c301c
core   0: 0x800003e4 (0x03ce8f33) mul     x30, x29, x28
core   0: 3 0x800003e4 (0x03ce8f33) x30 0x0000000e
core   0: 0x800003e8 (0x8a0f6057) vremu.vx v0, v0, x30
core   0: 3 0x800003e8 (0x8a0f6057) c8_vstart 0x00000000 e32 m1 l32 v0  ffffffff 0x00000003 00000002 00000001 00000000 0000000d 0000000c 0000000b 0000000a 00000009 00000008 00000007 00000006 00000005 00000004 00000003 00000002 00000001 00000000 0000000d 0000000c 0000000b 0000000a 00000009 00000008 00000007 00000006 00000005 00000004 00000003 00000002 00000001 00000000 
core   0: 0x800003ec (0x820e6057) vdivu.vx v0, v0, x28
core   0: 3 0x800003ec (0x820e6057) c8_vstart 0x00000000 e32 m1 l32 v0  ffffffff 0x00000000 00000000 00000000 00000000 00000000 00000000 00000000 00000000 00000000 00000000 00000000 00000000 00000000 00000000 00000000 00000000 00000000 00000000 00000000 00000000 00000000 00000000 00000000 00000000 00000000 00000000 00000000 00000000 00000000 00000000 00000000 00000000 
core   0: 0x800003f0 (0x5e0ec0d7) vmv.v.x v1, x29
core   0: 3 0x800003f0 (0x5e0ec0d7) c8_vstart 0x00000000 e32 m1 l32 v1  ffffffff 0x00000001 00000001 00000001 00000001 00000001 00000001 00000001 00000001 00000001 00000001 00000001 00000001 00000001 00000001 00000001 00000001 00000001 00000001 00000001 00000001 00000001 00000001 00000001 00000001 00000001 00000001 00000001 00000001 00000001 00000001 00000001 00000001 
core   0: 0x800003f4 (0x00000317) auipc   x6, 0x0
core   0: 3 0x800003f4 (0x00000317) x6  0x800003f4
core   0: 0x800003f8 (0x0143305b) setrpc  x0, x6, 20
core   0: 3 0x800003f8 (0x0143305b) c2060_rpc 0x80000408 current mask:	ffffffff current npc:	800002dc stack size: 0
core   0: 0x800003fc (0x0000c65b) vblt    v0, v1, pc + 12
core   0: 3 0x800003fc (0x0000c65b) c8_vstart 0x00000000 e32 m1 l32 current mask:	ffffffff current npc:	80000408 stack size: 0
core   0: 0x80000408 (0x0000205b) join    v0, v0, pc + 0
core   0: 3 0x80000408 (0x0000205b) current mask:	ffffffff current npc:	80000408 stack size: 0
core   0: 0x8000040c (0xffc12083) lw      x1, -4(x2)
core   0: 3 0x8000040c (0xffc12083) x1  0x800004ac mem 0x7000003c
core   0: 0x80000410 (0xffc10113) addi    x2, x2, -4
core   0: 3 0x80000410 (0xffc10113) x2  0x7000003c
core   0: 0x80000414 (0x00008067) ret
core   0: 3 0x80000414 (0x00008067)
core   0: 0x800004ac (0x80902373) csrr    x6, gidy
core   0: 3 0x800004ac (0x80902373) x6  0x0000000a
core   0: 0x800004b0 (0x01c52383) lw      x7, 28(x10)
core   0: 3 0x800004b0 (0x01c52383) x7  0x00000001 mem 0x901c301c
core   0: 0x800004b4 (0x02852e83) lw      x29, 40(x10)
core   0: 3 0x800004b4 (0x02852e83) x29 0x00000001 mem 0x901c3028
core   0: 0x800004b8 (0x02730e33) mul     x28, x6, x7
core   0: 3 0x800004b8 (0x02730e33) x28 0x0000000a
core   0: 0x800004bc (0x01de0e33) add     x28, x28, x29
core   0: 3 0x800004bc (0x01de0e33) x28 0x0000000b
core   0: 0x800004c0 (0x020e4057) vadd.vx v0, v0, x28
core   0: 3 0x800004c0 (0x020e4057) c8_vstart 0x00000000 e32 m1 l32 v0  ffffffff 0x0000000b 0000000b 0000000b 0000000b 0000000b 0000000b 0000000b 0000000b 0000000b 0000000b 0000000b 0000000b 0000000b 0000000b 0000000b 0000000b 0000000b 0000000b 0000000b 0000000b 0000000b 0000000b 0000000b 0000000b 0000000b 0000000b 0000000b 0000000b 0000000b 0000000b 0000000b 0000000b 
core   0: 0x800004c4 (0xffc12083) lw      x1, -4(x2)
core   0: 3 0x800004c4 (0xffc12083) x1  0x800002e0 mem 0x70000038
core   0: 0x800004c8 (0xffc10113) addi    x2, x2, -4
core   0: 3 0x800004c8 (0xffc10113) x2  0x70000038
core   0: 0x800004cc (0x00008067) ret
core   0: 3 0x800004cc (0x00008067)
core   0: 0x800002e0 (0x0080006f) j       pc + 0x8
core   0: 3 0x800002e0 (0x0080006f)
core   0: 0x800002e8 (0x0000205b) join    v0, v0, pc + 0
core   0: 3 0x800002e8 (0x0000205b) current mask:	ffffffff current npc:	80000408 stack size: 0
core   0: 0x800002ec (0xffc12083) lw      x1, -4(x2)
core   0: 3 0x800002ec (0xffc12083) x1  0x80000150 mem 0x70000034
core   0: 0x800002f0 (0xffc10113) addi    x2, x2, -4
core   0: 3 0x800002f0 (0xffc10113) x2  0x70000034
core   0: 0x800002f4 (0x00008067) ret
core   0: 3 0x800002f4 (0x00008067)
core   0: 0x80000150 (0xfd012283) lw      x5, -48(x2)
core   0: 3 0x80000150 (0xfd012283) x5  0x00000010 mem 0x70000004
core   0: 0x80000154 (0x5e02c0d7) vmv.v.x v1, x5
core   0: 3 0x80000154 (0x5e02c0d7) c8_vstart 0x00000000 e32 m1 l32 v1  ffffffff 0x00000010 00000010 00000010 00000010 00000010 00000010 00000010 00000010 00000010 00000010 00000010 00000010 00000010 00000010 00000010 00000010 00000010 00000010 00000010 00000010 00000010 00000010 00000010 00000010 00000010 00000010 00000010 00000010 00000010 00000010 00000010 00000010 
core   0: 0x80000158 (0x0400200b) regext  x0, x0,  0 1 0 0 
core   0: 3 0x80000158 (0x0400200b)
core   0: 0x8000015c (0xa612e057) vmadd.vx v0, v1, x5
core   0: 3 0x8000015c (0xa612e057) c8_vstart 0x00000000 e32 m1 l32 v0  ffffffff 0x000000b4 000000b3 000000b2 000000b1 000000be 000000bd 000000bc 000000bb 000000ba 000000b9 000000b8 000000b7 000000b6 000000b5 000000b4 000000b3 000000b2 000000b1 000000be 000000bd 000000bc 000000bb 000000ba 000000b9 000000b8 000000b7 000000b6 000000b5 000000b4 000000b3 000000b2 000000b1 
core   0: 0x80000160 (0x0010110b) vsub12.vi v2, v0, 1
core   0: 3 0x80000160 (0x0010110b) c8_vstart 0x00000000 e32 m1 l32 v2  ffffffff 0x000000b3 000000b2 000000b1 000000b0 000000bd 000000bc 000000bb 000000ba 000000b9 000000b8 000000b7 000000b6 000000b5 000000b4 000000b3 000000b2 000000b1 000000b0 000000bd 000000bc 000000bb 000000ba 000000b9 000000b8 000000b7 000000b6 000000b5 000000b4 000000b3 000000b2 000000b1 000000b0 
core   0: 0x80000164 (0x0a2081d7) vsub.vv v3, v2, v1
core   0: 3 0x80000164 (0x0a2081d7) c8_vstart 0x00000000 e32 m1 l32 v3  ffffffff 0x000000a3 000000a2 000000a1 000000a0 000000ad 000000ac 000000ab 000000aa 000000a9 000000a8 000000a7 000000a6 000000a5 000000a4 000000a3 000000a2 000000a1 000000a0 000000ad 000000ac 000000ab 000000aa 000000a9 000000a8 000000a7 000000a6 000000a5 000000a4 000000a3 000000a2 000000a1 000000a0 
core   0: 0x80000168 (0x963131d7) vsll.vi v3, v3, 2
core   0: 3 0x80000168 (0x963131d7) c8_vstart 0x00000000 e32 m1 l32 v3  ffffffff 0x0000028c 00000288 00000284 00000280 000002b4 000002b0 000002ac 000002a8 000002a4 000002a0 0000029c 00000298 00000294 00000290 0000028c 00000288 00000284 00000280 000002b4 000002b0 000002ac 000002a8 000002a4 000002a0 0000029c 00000298 00000294 00000290 0000028c 00000288 00000284 00000280 
core   0: 0x8000016c (0xfd412283) lw      x5, -44(x2)
core   0: 3 0x8000016c (0xfd412283) x5  0x90000000 mem 0x70000008
core   0: 0x80000170 (0x5e02c257) vmv.v.x v4, x5
core   0: 3 0x80000170 (0x5e02c257) c8_vstart 0x00000000 e32 m1 l32 v4  ffffffff 0x90000000 90000000 90000000 90000000 90000000 90000000 90000000 90000000 90000000 90000000 90000000 90000000 90000000 90000000 90000000 90000000 90000000 90000000 90000000 90000000 90000000 90000000 90000000 90000000 90000000 90000000 90000000 90000000 90000000 90000000 90000000 90000000 
core   0: 0x80000174 (0x0232c1d7) vadd.vx v3, v3, x5
core   0: 3 0x80000174 (0x0232c1d7) c8_vstart 0x00000000 e32 m1 l32 v3  ffffffff 0x9000028c 90000288 90000284 90000280 900002b4 900002b0 900002ac 900002a8 900002a4 900002a0 9000029c 90000298 90000294 90000290 9000028c 90000288 90000284 90000280 900002b4 900002b0 900002ac 900002a8 900002a4 900002a0 9000029c 90000298 90000294 90000290 9000028c 90000288 90000284 90000280 
core   0: 0x80000178 (0x0a0082d7) vsub.vv v5, v0, v1
core   0: 3 0x80000178 (0x0a0082d7) c8_vstart 0x00000000 e32 m1 l32 v5  ffffffff 0x000000a4 000000a3 000000a2 000000a1 000000ae 000000ad 000000ac 000000ab 000000aa 000000a9 000000a8 000000a7 000000a6 000000a5 000000a4 000000a3 000000a2 000000a1 000000ae 000000ad 000000ac 000000ab 000000aa 000000a9 000000a8 000000a7 000000a6 000000a5 000000a4 000000a3 000000a2 000000a1 
core   0: 0x8000017c (0x965132d7) vsll.vi v5, v5, 2
core   0: 3 0x8000017c (0x965132d7) c8_vstart 0x00000000 e32 m1 l32 v5  ffffffff 0x00000290 0000028c 00000288 00000284 000002b8 000002b4 000002b0 000002ac 000002a8 000002a4 000002a0 0000029c 00000298 00000294 00000290 0000028c 00000288 00000284 000002b8 000002b4 000002b0 000002ac 000002a8 000002a4 000002a0 0000029c 00000298 00000294 00000290 0000028c 00000288 00000284 
core   0: 0x80000180 (0x024282d7) vadd.vv v5, v4, v5
core   0: 3 0x80000180 (0x024282d7) c8_vstart 0x00000000 e32 m1 l32 v5  ffffffff 0x90000290 9000028c 90000288 90000284 900002b8 900002b4 900002b0 900002ac 900002a8 900002a4 900002a0 9000029c 90000298 90000294 90000290 9000028c 90000288 90000284 900002b8 900002b4 900002b0 900002ac 900002a8 900002a4 900002a0 9000029c 90000298 90000294 90000290 9000028c 90000288 90000284 
core   0: 0x80000184 (0x0002a2fb) vlw12.v v5, v5, 0
core   0: 3 0x80000184 (0x0002a2fb) e32 m1 l32 v5  ffffffff 0x41c9a6fe 41de98e8 427272d5 42012ec4 4089774a 41b545e3 41c5dabb 42a71bd4 42a4b152 429c8105 42070da8 41bd0c3c 4287e191 42b805e6 41c9a6fe 41de98e8 427272d5 42012ec4 4089774a 41b545e3 41c5dabb 42a71bd4 42a4b152 429c8105 42070da8 41bd0c3c 4287e191 42b805e6 41c9a6fe 41de98e8 427272d5 42012ec4  c8_vstart 0x00000000 mem 0x90000284 mem 0x90000288 mem 0x9000028c mem 0x90000290 mem 0x90000294 mem 0x90000298 mem 0x9000029c mem 0x900002a0 mem 0x900002a4 mem 0x900002a8 mem 0x900002ac mem 0x900002b0 mem 0x900002b4 mem 0x900002b8 mem 0x90000284 mem 0x90000288 mem 0x9000028c mem 0x90000290 mem 0x90000294 mem 0x90000298 mem 0x9000029c mem 0x900002a0 mem 0x900002a4 mem 0x900002a8 mem 0x900002ac mem 0x900002b0 mem 0x900002b4 mem 0x900002b8 mem 0x90000284 mem 0x90000288 mem 0x9000028c mem 0x90000290
core   0: 0x80000188 (0x0001a1fb) vlw12.v v3, v3, 0
core   0: 3 0x80000188 (0x0001a1fb) e32 m1 l32 v3  ffffffff 0x41de98e8 427272d5 42012ec4 418e9e93 41b545e3 41c5dabb 42a71bd4 42a4b152 429c8105 42070da8 41bd0c3c 4287e191 42b805e6 41c9a6fe 41de98e8 427272d5 42012ec4 418e9e93 41b545e3 41c5dabb 42a71bd4 42a4b152 429c8105 42070da8 41bd0c3c 4287e191 42b805e6 41c9a6fe 41de98e8 427272d5 42012ec4 418e9e93  c8_vstart 0x00000000 mem 0x90000280 mem 0x90000284 mem 0x90000288 mem 0x9000028c mem 0x90000290 mem 0x90000294 mem 0x90000298 mem 0x9000029c mem 0x900002a0 mem 0x900002a4 mem 0x900002a8 mem 0x900002ac mem 0x900002b0 mem 0x900002b4 mem 0x90000280 mem 0x90000284 mem 0x90000288 mem 0x9000028c mem 0x90000290 mem 0x90000294 mem 0x90000298 mem 0x9000029c mem 0x900002a0 mem 0x900002a4 mem 0x900002a8 mem 0x900002ac mem 0x900002b0 mem 0x900002b4 mem 0x90000280 mem 0x90000284 mem 0x90000288 mem 0x9000028c
core   0: 0x8000018c (0xfd812283) lw      x5, -40(x2)
core   0: 3 0x8000018c (0xfd812283) x5  0x3f800000 mem 0x7000000c
core   0: 0x80000190 (0x5e02c357) vmv.v.x v6, x5
core   0: 3 0x80000190 (0x5e02c357) c8_vstart 0x00000000 e32 m1 l32 v6  ffffffff 0x3f800000 3f800000 3f800000 3f800000 3f800000 3f800000 3f800000 3f800000 3f800000 3f800000 3f800000 3f800000 3f800000 3f800000 3f800000 3f800000 3f800000 3f800000 3f800000 3f800000 3f800000 3f800000 3f800000 3f800000 3f800000 3f800000 3f800000 3f800000 3f800000 3f800000 3f800000 3f800000 
core   0: 0x80000194 (0x925312d7) vfmul.vv v5, v5, v6
core   0: 3 0x80000194 (0x925312d7) c8_vstart 0x00000000 e32 m1 l32 v5  ffffffff 0x41c9a6fe 41de98e8 427272d5 42012ec4 4089774a 41b545e3 41c5dabb 42a71bd4 42a4b152 429c8105 42070da8 41bd0c3c 4287e191 42b805e6 41c9a6fe 41de98e8 427272d5 42012ec4 4089774a 41b545e3 41c5dabb 42a71bd4 42a4b152 429c8105 42070da8 41bd0c3c 4287e191 42b805e6 41c9a6fe 41de98e8 427272d5 42012ec4 
core   0: 0x80000198 (0x0200b357) vadd.vi v6, v0, 1
core   0: 3 0x80000198 (0x0200b357) c8_vstart 0x00000000 e32 m1 l32 v6  ffffffff 0x000000b5 000000b4 000000b3 000000b2 000000bf 000000be 000000bd 000000bc 000000bb 000000ba 000000b9 000000b8 000000b7 000000b6 000000b5 000000b4 000000b3 000000b2 000000bf 000000be 000000bd 000000bc 000000bb 000000ba 000000b9 000000b8 000000b7 000000b6 000000b5 000000b4 000000b3 000000b2 
core   0: 0x8000019c (0x0a6083d7) vsub.vv v7, v6, v1
core   0: 3 0x8000019c (0x0a6083d7) c8_vstart 0x00000000 e32 m1 l32 v7  ffffffff 0x000000a5 000000a4 000000a3 000000a2 000000af 000000ae 000000ad 000000ac 000000ab 000000aa 000000a9 000000a8 000000a7 000000a6 000000a5 000000a4 000000a3 000000a2 000000af 000000ae 000000ad 000000ac 000000ab 000000aa 000000a9 000000a8 000000a7 000000a6 000000a5 000000a4 000000a3 000000a2 
core   0: 0x800001a0 (0x967133d7) vsll.vi v7, v7, 2
core   0: 3 0x800001a0 (0x967133d7) c8_vstart 0x00000000 e32 m1 l32 v7  ffffffff 0x00000294 00000290 0000028c 00000288 000002bc 000002b8 000002b4 000002b0 000002ac 000002a8 000002a4 000002a0 0000029c 00000298 00000294 00000290 0000028c 00000288 000002bc 000002b8 000002b4 000002b0 000002ac 000002a8 000002a4 000002a0 0000029c 00000298 00000294 00000290 0000028c 00000288 
core   0: 0x800001a4 (0x024383d7) vadd.vv v7, v4, v7
core   0: 3 0x800001a4 (0x024383d7) c8_vstart 0x00000000 e32 m1 l32 v7  ffffffff 0x90000294 90000290 9000028c 90000288 900002bc 900002b8 900002b4 900002b0 900002ac 900002a8 900002a4 900002a0 9000029c 90000298 90000294 90000290 9000028c 90000288 900002bc 900002b8 900002b4 900002b0 900002ac 900002a8 900002a4 900002a0 9000029c 90000298 90000294 90000290 9000028c 90000288 
core   0: 0x800001a8 (0x0003a3fb) vlw12.v v7, v7, 0
core   0: 3 0x800001a8 (0x0003a3fb) e32 m1 l32 v7  ffffffff 0x42b805e6 41c9a6fe 41de98e8 427272d5 42327518 4089774a 41b545e3 41c5dabb 42a71bd4 42a4b152 429c8105 42070da8 41bd0c3c 4287e191 42b805e6 41c9a6fe 41de98e8 427272d5 42327518 4089774a 41b545e3 41c5dabb 42a71bd4 42a4b152 429c8105 42070da8 41bd0c3c 4287e191 42b805e6 41c9a6fe 41de98e8 427272d5  c8_vstart 0x00000000 mem 0x90000288 mem 0x9000028c mem 0x90000290 mem 0x90000294 mem 0x90000298 mem 0x9000029c mem 0x900002a0 mem 0x900002a4 mem 0x900002a8 mem 0x900002ac mem 0x900002b0 mem 0x900002b4 mem 0x900002b8 mem 0x900002bc mem 0x90000288 mem 0x9000028c mem 0x90000290 mem 0x90000294 mem 0x90000298 mem 0x9000029c mem 0x900002a0 mem 0x900002a4 mem 0x900002a8 mem 0x900002ac mem 0x900002b0 mem 0x900002b4 mem 0x900002b8 mem 0x900002bc mem 0x90000288 mem 0x9000028c mem 0x90000290 mem 0x90000294
core   0: 0x800001ac (0x96213457) vsll.vi v8, v2, 2
core   0: 3 0x800001ac (0x96213457) c8_vstart 0x00000000 e32 m1 l32 v8  ffffffff 0x000002cc 000002c8 000002c4 000002c0 000002f4 000002f0 000002ec 000002e8 000002e4 000002e0 000002dc 000002d8 000002d4 000002d0 000002cc 000002c8 000002c4 000002c0 000002f4 000002f0 000002ec 000002e8 000002e4 000002e0 000002dc 000002d8 000002d4 000002d0 000002cc 000002c8 000002c4 000002c0 
core   0: 0x800001b0 (0x02440457) vadd.vv v8, v4, v8
core   0: 3 0x800001b0 (0x02440457) c8_vstart 0x00000000 e32 m1 l32 v8  ffffffff 0x900002cc 900002c8 900002c4 900002c0 900002f4 900002f0 900002ec 900002e8 900002e4 900002e0 900002dc 900002d8 900002d4 900002d0 900002cc 900002c8 900002c4 900002c0 900002f4 900002f0 900002ec 900002e8 900002e4 900002e0 900002dc 900002d8 900002d4 900002d0 900002cc 900002c8 900002c4 900002c0 
core   0: 0x800001b4 (0x0004247b) vlw12.v v8, v8, 0
core   0: 3 0x800001b4 (0x0004247b) e32 m1 l32 v8  ffffffff 0x429bd0aa 4235eeec 3f9d94a2 42b5e9aa 412312b0 429563a9 424a2af2 4263fcd8 4291e7ed 40b9a889 4240ed3d 42a4982f 42ae947f 4292b23d 429bd0aa 4235eeec 3f9d94a2 42b5e9aa 412312b0 429563a9 424a2af2 4263fcd8 4291e7ed 40b9a889 4240ed3d 42a4982f 42ae947f 4292b23d 429bd0aa 4235eeec 3f9d94a2 42b5e9aa  c8_vstart 0x00000000 mem 0x900002c0 mem 0x900002c4 mem 0x900002c8 mem 0x900002cc mem 0x900002d0 mem 0x900002d4 mem 0x900002d8 mem 0x900002dc mem 0x900002e0 mem 0x900002e4 mem 0x900002e8 mem 0x900002ec mem 0x900002f0 mem 0x900002f4 mem 0x900002c0 mem 0x900002c4 mem 0x900002c8 mem 0x900002cc mem 0x900002d0 mem 0x900002d4 mem 0x900002d8 mem 0x900002dc mem 0x900002e0 mem 0x900002e4 mem 0x900002e8 mem 0x900002ec mem 0x900002f0 mem 0x900002f4 mem 0x900002c0 mem 0x900002c4 mem 0x900002c8 mem 0x900002cc
core   0: 0x800001b8 (0x960134d7) vsll.vi v9, v0, 2
core   0: 3 0x800001b8 (0x960134d7) c8_vstart 0x00000000 e32 m1 l32 v9  ffffffff 0x000002d0 000002cc 000002c8 000002c4 000002f8 000002f4 000002f0 000002ec 000002e8 000002e4 000002e0 000002dc 000002d8 000002d4 000002d0 000002cc 000002c8 000002c4 000002f8 000002f4 000002f0 000002ec 000002e8 000002e4 000002e0 000002dc 000002d8 000002d4 000002d0 000002cc 000002c8 000002c4 
core   0: 0x800001bc (0x02448557) vadd.vv v10, v4, v9
core   0: 3 0x800001bc (0x02448557) c8_vstart 0x00000000 e32 m1 l32 v10 ffffffff 0x900002d0 900002cc 900002c8 900002c4 900002f8 900002f4 900002f0 900002ec 900002e8 900002e4 900002e0 900002dc 900002d8 900002d4 900002d0 900002cc 900002c8 900002c4 900002f8 900002f4 900002f0 900002ec 900002e8 900002e4 900002e0 900002dc 900002d8 900002d4 900002d0 900002cc 900002c8 900002c4 
core   0: 0x800001c0 (0x0005257b) vlw12.v v10, v10, 0
core   0: 3 0x800001c0 (0x0005257b) e32 m1 l32 v10 ffffffff 0x4292b23d 429bd0aa 4235eeec 3f9d94a2 42b001e7 412312b0 429563a9 424a2af2 4263fcd8 4291e7ed 40b9a889 4240ed3d 42a4982f 42ae947f 4292b23d 429bd0aa 4235eeec 3f9d94a2 42b001e7 412312b0 429563a9 424a2af2 4263fcd8 4291e7ed 40b9a889 4240ed3d 42a4982f 42ae947f 4292b23d 429bd0aa 4235eeec 3f9d94a2  c8_vstart 0x00000000 mem 0x900002c4 mem 0x900002c8 mem 0x900002cc mem 0x900002d0 mem 0x900002d4 mem 0x900002d8 mem 0x900002dc mem 0x900002e0 mem 0x900002e4 mem 0x900002e8 mem 0x900002ec mem 0x900002f0 mem 0x900002f4 mem 0x900002f8 mem 0x900002c4 mem 0x900002c8 mem 0x900002cc mem 0x900002d0 mem 0x900002d4 mem 0x900002d8 mem 0x900002dc mem 0x900002e0 mem 0x900002e4 mem 0x900002e8 mem 0x900002ec mem 0x900002f0 mem 0x900002f4 mem 0x900002f8 mem 0x900002c4 mem 0x900002c8 mem 0x900002cc mem 0x900002d0
core   0: 0x800001c4 (0x966135d7) vsll.vi v11, v6, 2
core   0: 3 0x800001c4 (0x966135d7) c8_vstart 0x00000000 e32 m1 l32 v11 ffffffff 0x000002d4 000002d0 000002cc 000002c8 000002fc 000002f8 000002f4 000002f0 000002ec 000002e8 000002e4 000002e0 000002dc 000002d8 000002d4 000002d0 000002cc 000002c8 000002fc 000002f8 000002f4 000002f0 000002ec 000002e8 000002e4 000002e0 000002dc 000002d8 000002d4 000002d0 000002cc 000002c8 
core   0: 0x800001c8 (0x024585d7) vadd.vv v11, v4, v11
core   0: 3 0x800001c8 (0x024585d7) c8_vstart 0x00000000 e32 m1 l32 v11 ffffffff 0x900002d4 900002d0 900002cc 900002c8 900002fc 900002f8 900002f4 900002f0 900002ec 900002e8 900002e4 900002e0 900002dc 900002d8 900002d4 900002d0 900002cc 900002c8 900002fc 900002f8 900002f4 900002f0 900002ec 900002e8 900002e4 900002e0 900002dc 900002d8 900002d4 900002d0 900002cc 900002c8 
core   0: 0x800001cc (0x0005a5fb) vlw12.v v11, v11, 0
core   0: 3 0x800001cc (0x0005a5fb) e32 m1 l32 v11 ffffffff 0x42ae947f 4292b23d 429bd0aa 4235eeec 42b90b4f 42b001e7 412312b0 429563a9 424a2af2 4263fcd8 4291e7ed 40b9a889 4240ed3d 42a4982f 42ae947f 4292b23d 429bd0aa 4235eeec 42b90b4f 42b001e7 412312b0 429563a9 424a2af2 4263fcd8 4291e7ed 40b9a889 4240ed3d 42a4982f 42ae947f 4292b23d 429bd0aa 4235eeec  c8_vstart 0x00000000 mem 0x900002c8 mem 0x900002cc mem 0x900002d0 mem 0x900002d4 mem 0x900002d8 mem 0x900002dc mem 0x900002e0 mem 0x900002e4 mem 0x900002e8 mem 0x900002ec mem 0x900002f0 mem 0x900002f4 mem 0x900002f8 mem 0x900002fc mem 0x900002c8 mem 0x900002cc mem 0x900002d0 mem 0x900002d4 mem 0x900002d8 mem 0x900002dc mem 0x900002e0 mem 0x900002e4 mem 0x900002e8 mem 0x900002ec mem 0x900002f0 mem 0x900002f4 mem 0x900002f8 mem 0x900002fc mem 0x900002c8 mem 0x900002cc mem 0x900002d0 mem 0x900002d4
core   0: 0x800001d0 (0x02208157) vadd.vv v2, v2, v1
core   0: 3 0x800001d0 (0x02208157) c8_vstart 0x00000000 e32 m1 l32 v2  ffffffff 0x000000c3 000000c2 000000c1 000000c0 000000cd 000000cc 000000cb 000000ca 000000c9 000000c8 000000c7 000000c6 000000c5 000000c4 000000c3 000000c2 000000c1 000000c0 000000cd 000000cc 000000cb 000000ca 000000c9 000000c8 000000c7 000000c6 000000c5 000000c4 000000c3 000000c2 000000c1 000000c0 
core   0: 0x800001d4 (0x96213157) vsll.vi v2, v2, 2
core   0: 3 0x800001d4 (0x96213157) c8_vstart 0x00000000 e32 m1 l32 v2  ffffffff 0x0000030c 00000308 00000304 00000300 00000334 00000330 0000032c 00000328 00000324 00000320 0000031c 00000318 00000314 00000310 0000030c 00000308 00000304 00000300 00000334 00000330 0000032c 00000328 00000324 00000320 0000031c 00000318 00000314 00000310 0000030c 00000308 00000304 00000300 
core   0: 0x800001d8 (0x02410157) vadd.vv v2, v4, v2
core   0: 3 0x800001d8 (0x02410157) c8_vstart 0x00000000 e32 m1 l32 v2  ffffffff 0x9000030c 90000308 90000304 90000300 90000334 90000330 9000032c 90000328 90000324 90000320 9000031c 90000318 90000314 90000310 9000030c 90000308 90000304 90000300 90000334 90000330 9000032c 90000328 90000324 90000320 9000031c 90000318 90000314 90000310 9000030c 90000308 90000304 90000300 
core   0: 0x800001dc (0x0001217b) vlw12.v v2, v2, 0
core   0: 3 0x800001dc (0x0001217b) e32 m1 l32 v2  ffffffff 0x42876377 41a2c621 424276a3 4229f36f 4278f6a9 42c0a952 42b68ace 4267c7c1 429357d8 4285141f 4294c80c 42b6a686 42b0931a 4222826f 42876377 41a2c621 424276a3 4229f36f 4278f6a9 42c0a952 42b68ace 4267c7c1 429357d8 4285141f 4294c80c 42b6a686 42b0931a 4222826f 42876377 41a2c621 424276a3 4229f36f  c8_vstart 0x00000000 mem 0x90000300 mem 0x90000304 mem 0x90000308 mem 0x9000030c mem 0x90000310 mem 0x90000314 mem 0x90000318 mem 0x9000031c mem 0x90000320 mem 0x90000324 mem 0x90000328 mem 0x9000032c mem 0x90000330 mem 0x90000334 mem 0x90000300 mem 0x90000304 mem 0x90000308 mem 0x9000030c mem 0x90000310 mem 0x90000314 mem 0x90000318 mem 0x9000031c mem 0x90000320 mem 0x90000324 mem 0x90000328 mem 0x9000032c mem 0x90000330 mem 0x90000334 mem 0x90000300 mem 0x90000304 mem 0x90000308 mem 0x9000030c
core   0: 0x800001e0 (0x02008057) vadd.vv v0, v0, v1
core   0: 3 0x800001e0 (0x02008057) c8_vstart 0x00000000 e32 m1 l32 v0  ffffffff 0x000000c4 000000c3 000000c2 000000c1 000000ce 000000cd 000000cc 000000cb 000000ca 000000c9 000000c8 000000c7 000000c6 000000c5 000000c4 000000c3 000000c2 000000c1 000000ce 000000cd 000000cc 000000cb 000000ca 000000c9 000000c8 000000c7 000000c6 000000c5 000000c4 000000c3 000000c2 000000c1 
core   0: 0x800001e4 (0x96013057) vsll.vi v0, v0, 2
core   0: 3 0x800001e4 (0x96013057) c8_vstart 0x00000000 e32 m1 l32 v0  ffffffff 0x00000310 0000030c 00000308 00000304 00000338 00000334 00000330 0000032c 00000328 00000324 00000320 0000031c 00000318 00000314 00000310 0000030c 00000308 00000304 00000338 00000334 00000330 0000032c 00000328 00000324 00000320 0000031c 00000318 00000314 00000310 0000030c 00000308 00000304 
core   0: 0x800001e8 (0x02400057) vadd.vv v0, v4, v0
core   0: 3 0x800001e8 (0x02400057) c8_vstart 0x00000000 e32 m1 l32 v0  ffffffff 0x90000310 9000030c 90000308 90000304 90000338 90000334 90000330 9000032c 90000328 90000324 90000320 9000031c 90000318 90000314 90000310 9000030c 90000308 90000304 90000338 90000334 90000330 9000032c 90000328 90000324 90000320 9000031c 90000318 90000314 90000310 9000030c 90000308 90000304 
core   0: 0x800001ec (0x0000207b) vlw12.v v0, v0, 0
core   0: 3 0x800001ec (0x0000207b) e32 m1 l32 v0  ffffffff 0x4222826f 42876377 41a2c621 424276a3 420f8ab4 4278f6a9 42c0a952 42b68ace 4267c7c1 429357d8 4285141f 4294c80c 42b6a686 42b0931a 4222826f 42876377 41a2c621 424276a3 420f8ab4 4278f6a9 42c0a952 42b68ace 4267c7c1 429357d8 4285141f 4294c80c 42b6a686 42b0931a 4222826f 42876377 41a2c621 424276a3  c8_vstart 0x00000000 mem 0x90000304 mem 0x90000308 mem 0x9000030c mem 0x90000310 mem 0x90000314 mem 0x90000318 mem 0x9000031c mem 0x90000320 mem 0x90000324 mem 0x90000328 mem 0x9000032c mem 0x90000330 mem 0x90000334 mem 0x90000338 mem 0x90000304 mem 0x90000308 mem 0x9000030c mem 0x90000310 mem 0x90000314 mem 0x90000318 mem 0x9000031c mem 0x90000320 mem 0x90000324 mem 0x90000328 mem 0x9000032c mem 0x90000330 mem 0x90000334 mem 0x90000338 mem 0x90000304 mem 0x90000308 mem 0x9000030c mem 0x90000310
core   0: 0x800001f0 (0x026080d7) vadd.vv v1, v6, v1
core   0: 3 0x800001f0 (0x026080d7) c8_vstart 0x00000000 e32 m1 l32 v1  ffffffff 0x000000c5 000000c4 000000c3 000000c2 000000cf 000000ce 000000cd 000000cc 000000cb 000000ca 000000c9 000000c8 000000c7 000000c6 000000c5 000000c4 000000c3 000000c2 000000cf 000000ce 000000cd 000000cc 000000cb 000000ca 000000c9 000000c8 000000c7 000000c6 000000c5 000000c4 000000c3 000000c2 
core   0: 0x800001f4 (0x961130d7) vsll.vi v1, v1, 2
core   0: 3 0x800001f4 (0x961130d7) c8_vstart 0x00000000 e32 m1 l32 v1  ffffffff 0x00000314 00000310 0000030c 00000308 0000033c 00000338 00000334 00000330 0000032c 00000328 00000324 00000320 0000031c 00000318 00000314 00000310 0000030c 00000308 0000033c 00000338 00000334 00000330 0000032c 00000328 00000324 00000320 0000031c 00000318 00000314 00000310 0000030c 00000308 
core   0: 0x800001f8 (0x024080d7) vadd.vv v1, v4, v1
core   0: 3 0x800001f8 (0x024080d7) c8_vstart 0x00000000 e32 m1 l32 v1  ffffffff 0x90000314 90000310 9000030c 90000308 9000033c 90000338 90000334 90000330 9000032c 90000328 90000324 90000320 9000031c 90000318 90000314 90000310 9000030c 90000308 9000033c 90000338 90000334 90000330 9000032c 90000328 90000324 90000320 9000031c 90000318 90000314 90000310 9000030c 90000308 
core   0: 0x800001fc (0x0000a0fb) vlw12.v v1, v1, 0
core   0: 3 0x800001fc (0x0000a0fb) e32 m1 l32 v1  ffffffff 0x42b0931a 4222826f 42876377 41a2c621 42ae92fb 420f8ab4 4278f6a9 42c0a952 42b68ace 4267c7c1 429357d8 4285141f 4294c80c 42b6a686 42b0931a 4222826f 42876377 41a2c621 42ae92fb 420f8ab4 4278f6a9 42c0a952 42b68ace 4267c7c1 429357d8 4285141f 4294c80c 42b6a686 42b0931a 4222826f 42876377 41a2c621  c8_vstart 0x00000000 mem 0x90000308 mem 0x9000030c mem 0x90000310 mem 0x90000314 mem 0x90000318 mem 0x9000031c mem 0x90000320 mem 0x90000324 mem 0x90000328 mem 0x9000032c mem 0x90000330 mem 0x90000334 mem 0x90000338 mem 0x9000033c mem 0x90000308 mem 0x9000030c mem 0x90000310 mem 0x90000314 mem 0x90000318 mem 0x9000031c mem 0x90000320 mem 0x90000324 mem 0x90000328 mem 0x9000032c mem 0x90000330 mem 0x90000334 mem 0x90000338 mem 0x9000033c mem 0x90000308 mem 0x9000030c mem 0x90000310 mem 0x90000314
core   0: 0x80000200 (0xfdc12283) lw      x5, -36(x2)
core   0: 3 0x80000200 (0xfdc12283) x5  0x3f800000 mem 0x70000010
core   0: 0x80000204 (0x5e02c257) vmv.v.x v4, x5
core   0: 3 0x80000204 (0x5e02c257) c8_vstart 0x00000000 e32 m1 l32 v4  ffffffff 0x3f800000 3f800000 3f800000 3f800000 3f800000 3f800000 3f800000 3f800000 3f800000 3f800000 3f800000 3f800000 3f800000 3f800000 3f800000 3f800000 3f800000 3f800000 3f800000 3f800000 3f800000 3f800000 3f800000 3f800000 3f800000 3f800000 3f800000 3f800000 3f800000 3f800000 3f800000 3f800000 
core   0: 0x80000208 (0xa25211d7) vfmadd.vv v3, v5, v4
core   0: 3 0x80000208 (0xa25211d7) c8_vstart 0x00000000 c1_fflags 0x00000001 e32 m1 l32 v3  ffffffff 0x42541ff3 42b0dfa4 42b9d0cc 42487e0e 41d7a3b6 423d904f 42d89283 4325e693 4320992c 42e007d9 426593c6 42b724a0 431ff3bc 42ea6fa6 42541ff3 42b0dfa4 42b9d0cc 42487e0e 41d7a3b6 423d904f 42d89283 4325e693 4320992c 42e007d9 426593c6 42b724a0 431ff3bc 42ea6fa6 42541ff3 42b0dfa4 42b9d0cc 42487e0e 
core   0: 0x8000020c (0xfe012283) lw      x5, -32(x2)
core   0: 3 0x8000020c (0xfe012283) x5  0x3f800000 mem 0x70000014
core   0: 0x80000210 (0x5e02c257) vmv.v.x v4, x5
core   0: 3 0x80000210 (0x5e02c257) c8_vstart 0x00000000 e32 m1 l32 v4  ffffffff 0x3f800000 3f800000 3f800000 3f800000 3f800000 3f800000 3f800000 3f800000 3f800000 3f800000 3f800000 3f800000 3f800000 3f800000 3f800000 3f800000 3f800000 3f800000 3f800000 3f800000 3f800000 3f800000 3f800000 3f800000 3f800000 3f800000 3f800000 3f800000 3f800000 3f800000 3f800000 3f800000 
core   0: 0x80000214 (0xa23213d7) vfmadd.vv v7, v3, v4
core   0: 3 0x80000214 (0xa23213d7) c8_vstart 0x00000000 c1_fflags 0x00000001 e32 m1 l32 v7  ffffffff 0x43110af0 42e34964 42f17706 42dd7872 428f237a 424ebf38 4302f1fe 433ea1ea 43742716 43425c96 4307a574 42faab74 43379544 4339289c 43110af0 42e34964 42f17706 42dd7872 428f237a 424ebf38 4302f1fe 433ea1ea 43742716 43425c96 4307a574 42faab74 43379544 4339289c 43110af0 42e34964 42f17706 42dd7872 
core   0: 0x80000218 (0xfe412283) lw      x5, -28(x2)
core   0: 3 0x80000218 (0xfe412283) x5  0x3f800000 mem 0x70000018
core   0: 0x8000021c (0x5e02c1d7) vmv.v.x v3, x5
core   0: 3 0x8000021c (0x5e02c1d7) c8_vstart 0x00000000 e32 m1 l32 v3  ffffffff 0x3f800000 3f800000 3f800000 3f800000 3f800000 3f800000 3f800000 3f800000 3f800000 3f800000 3f800000 3f800000 3f800000 3f800000 3f800000 3f800000 3f800000 3f800000 3f800000 3f800000 3f800000 3f800000 3f800000 3f800000 3f800000 3f800000 3f800000 3f800000 3f800000 3f800000 3f800000 3f800000 
core   0: 0x80000220 (0xa2719457) vfmadd.vv v8, v7, v3
core   0: 3 0x80000220 (0xa2719457) c8_vstart 0x00000000 c1_fflags 0x00000001 e32 m1 l32 v8  ffffffff 0x435ef345 431f206d 42f3ed59 4349b10e 42a385d0 42fcc345 43357cba 4377a120 439e8d86 434829da 4337e0c3 434fa1d2 43876fc2 438140dd 435ef345 431f206d 42f3ed59 4349b10e 42a385d0 42fcc345 43357cba 4377a120 439e8d86 434829da 4337e0c3 434fa1d2 43876fc2 438140dd 435ef345 431f206d 42f3ed59 4349b10e 
core   0: 0x80000224 (0xfe812283) lw      x5, -24(x2)
core   0: 3 0x80000224 (0xfe812283) x5  0x3f800000 mem 0x7000001c
core   0: 0x80000228 (0x5e02c1d7) vmv.v.x v3, x5
core   0: 3 0x80000228 (0x5e02c1d7) c8_vstart 0x00000000 e32 m1 l32 v3  ffffffff 0x3f800000 3f800000 3f800000 3f800000 3f800000 3f800000 3f800000 3f800000 3f800000 3f800000 3f800000 3f800000 3f800000 3f800000 3f800000 3f800000 3f800000 3f800000 3f800000 3f800000 3f800000 3f800000 3f800000 3f800000 3f800000 3f800000 3f800000 3f800000 3f800000 3f800000 3f800000 3f800000 
core   0: 0x8000022c (0xa2819557) vfmadd.vv v10, v8, v3
core   0: 3 0x8000022c (0xa2819557) c8_vstart 0x00000000 c1_fflags 0x00000001 e32 m1 l32 v10 ffffffff 0x43942632 436d08c2 43277268 434aec37 4329c3dc 430892ce 43801747 439515ee 43bb0d21 43888ee8 433dae07 437fdd21 43b095ce 43ace5fd 43942632 436d08c2 43277268 434aec37 4329c3dc 430892ce 43801747 439515ee 43bb0d21 43888ee8 433dae07 437fdd21 43b095ce 43ace5fd 43942632 436d08c2 43277268 434aec37 
core   0: 0x80000230 (0xfec12283) lw      x5, -20(x2)
core   0: 3 0x80000230 (0xfec12283) x5  0x3f800000 mem 0x70000020
core   0: 0x80000234 (0x5e02c1d7) vmv.v.x v3, x5
core   0: 3 0x80000234 (0x5e02c1d7) c8_vstart 0x00000000 e32 m1 l32 v3  ffffffff 0x3f800000 3f800000 3f800000 3f800000 3f800000 3f800000 3f800000 3f800000 3f800000 3f800000 3f800000 3f800000 3f800000 3f800000 3f800000 3f800000 3f800000 3f800000 3f800000 3f800000 3f800000 3f800000 3f800000 3f800000 3f800000 3f800000 3f800000 3f800000 3f800000 3f800000 3f800000 3f800000 
core   0: 0x80000238 (0xa2a195d7) vfmadd.vv v11, v10, v3
core   0: 3 0x80000238 (0xa2a195d7) c8_vstart 0x00000000 c1_fflags 0x00000001 e32 m1 l32 v11 ffffffff 0x43bfcb52 439b30f0 43755abd 437867f2 438324c2 436093c2 43852fdc 43ba6ed8 43d4527f 43a50e83 438350ff 4382d533 43c8b376 43d60c09 43bfcb52 439b30f0 43755abd 437867f2 438324c2 436093c2 43852fdc 43ba6ed8 43d4527f 43a50e83 438350ff 4382d533 43c8b376 43d60c09 43bfcb52 439b30f0 43755abd 437867f2 
core   0: 0x8000023c (0xff012283) lw      x5, -16(x2)
core   0: 3 0x8000023c (0xff012283) x5  0x3f800000 mem 0x70000024
core   0: 0x80000240 (0x5e02c1d7) vmv.v.x v3, x5
core   0: 3 0x80000240 (0x5e02c1d7) c8_vstart 0x00000000 e32 m1 l32 v3  ffffffff 0x3f800000 3f800000 3f800000 3f800000 3f800000 3f800000 3f800000 3f800000 3f800000 3f800000 3f800000 3f800000 3f800000 3f800000 3f800000 3f800000 3f800000 3f800000 3f800000 3f800000 3f800000 3f800000 3f800000 3f800000 3f800000 3f800000 3f800000 3f800000 3f800000 3f800000 3f800000 3f800000 
core   0: 0x80000244 (0xa2b19157) vfmadd.vv v2, v11, v3
core   0: 3 0x80000244 (0xa2b19157) c8_vstart 0x00000000 c1_fflags 0x00000001 e32 m1 l32 v2  ffffffff 0x43e1a430 43a55d52 4392fc33 43917267 43a24397 43a07436 43b2d290 43d767d0 43f92875 43c6538b 43a88302 43b07ed4 43f4d83c 43ea5c57 43e1a430 43a55d52 4392fc33 43917267 43a24397 43a07436 43b2d290 43d767d0 43f92875 43c6538b 43a88302 43b07ed4 43f4d83c 43ea5c57 43e1a430 43a55d52 4392fc33 43917267 
core   0: 0x80000248 (0xff412283) lw      x5, -12(x2)
core   0: 3 0x80000248 (0xff412283) x5  0x3f800000 mem 0x70000028
core   0: 0x8000024c (0x5e02c1d7) vmv.v.x v3, x5
core   0: 3 0x8000024c (0x5e02c1d7) c8_vstart 0x00000000 e32 m1 l32 v3  ffffffff 0x3f800000 3f800000 3f800000 3f800000 3f800000 3f800000 3f800000 3f800000 3f800000 3f800000 3f800000 3f800000 3f800000 3f800000 3f800000 3f800000 3f800000 3f800000 3f800000 3f800000 3f800000 3f800000 3f800000 3f800000 3f800000 3f800000 3f800000 3f800000 3f800000 3f800000 3f800000 3f800000 
core   0: 0x80000250 (0xa2219057) vfmadd.vv v0, v2, v3
core   0: 3 0x80000250 (0xa2219057) c8_vstart 0x00000000 c1_fflags 0x00000001 e32 m1 l32 v0  ffffffff 0x43f5f47e 43c73630 439d2895 43a9c13b 43b434ee 43bf930b 43e2fce4 44028542 440b10b7 43eb2981 43c9c80a 43d5b0d7 441140ef 440b408f 43f5f47e 43c73630 439d2895 43a9c13b 43b434ee 43bf930b 43e2fce4 44028542 440b10b7 43eb2981 43c9c80a 43d5b0d7 441140ef 440b408f 43f5f47e 43c73630 439d2895 43a9c13b 
core   0: 0x80000254 (0xff812283) lw      x5, -8(x2)
core   0: 3 0x80000254 (0xff812283) x5  0x3f800000 mem 0x7000002c
core   0: 0x80000258 (0x5e02c157) vmv.v.x v2, x5
core   0: 3 0x80000258 (0x5e02c157) c8_vstart 0x00000000 e32 m1 l32 v2  ffffffff 0x3f800000 3f800000 3f800000 3f800000 3f800000 3f800000 3f800000 3f800000 3f800000 3f800000 3f800000 3f800000 3f800000 3f800000 3f800000 3f800000 3f800000 3f800000 3f800000 3f800000 3f800000 3f800000 3f800000 3f800000 3f800000 3f800000 3f800000 3f800000 3f800000 3f800000 3f800000 3f800000 
core   0: 0x8000025c (0xa20110d7) vfmadd.vv v1, v0, v2
core   0: 3 0x8000025c (0xa20110d7) c8_vstart 0x00000000 c1_fflags 0x00000001 e32 m1 l32 v1  ffffffff 0x44110ca2 43db867e 43bf0173 43b3ed9d 43dfd9ad 43d18462 44010ddd 441a9a6c 4421e211 4404113d 43ee9e00 43f6f5df 4423d9f0 44221560 44110ca2 43db867e 43bf0173 43b3ed9d 43dfd9ad 43d18462 44010ddd 441a9a6c 4421e211 4404113d 43ee9e00 43f6f5df 4423d9f0 44221560 44110ca2 43db867e 43bf0173 43b3ed9d 
core   0: 0x80000260 (0xffc12283) lw      x5, -4(x2)
core   0: 3 0x80000260 (0xffc12283) x5  0x90001000 mem 0x70000030
core   0: 0x80000264 (0x0292c057) vadd.vx v0, v9, x5
core   0: 3 0x80000264 (0x0292c057) c8_vstart 0x00000000 e32 m1 l32 v0  ffffffff 0x900012d0 900012cc 900012c8 900012c4 900012f8 900012f4 900012f0 900012ec 900012e8 900012e4 900012e0 900012dc 900012d8 900012d4 900012d0 900012cc 900012c8 900012c4 900012f8 900012f4 900012f0 900012ec 900012e8 900012e4 900012e0 900012dc 900012d8 900012d4 900012d0 900012cc 900012c8 900012c4 
core   0: 0x80000268 (0x0010607b) vsw12.v v1, v0, 0
core   0: 3 0x80000268 (0x0010607b) c8_vstart 0x00000000 e32 m1 l32 mem 0x900012c4 0x43b3ed9d mem 0x900012c8 0x43bf0173 mem 0x900012cc 0x43db867e mem 0x900012d0 0x44110ca2 mem 0x900012d4 0x44221560 mem 0x900012d8 0x4423d9f0 mem 0x900012dc 0x43f6f5df mem 0x900012e0 0x43ee9e00 mem 0x900012e4 0x4404113d mem 0x900012e8 0x4421e211 mem 0x900012ec 0x441a9a6c mem 0x900012f0 0x44010ddd mem 0x900012f4 0x43d18462 mem 0x900012f8 0x43dfd9ad mem 0x900012c4 0x43b3ed9d mem 0x900012c8 0x43bf0173 mem 0x900012cc 0x43db867e mem 0x900012d0 0x44110ca2 mem 0x900012d4 0x44221560 mem 0x900012d8 0x4423d9f0 mem 0x900012dc 0x43f6f5df mem 0x900012e0 0x43ee9e00 mem 0x900012e4 0x4404113d mem 0x900012e8 0x4421e211 mem 0x900012ec 0x441a9a6c mem 0x900012f0 0x44010ddd mem 0x900012f4 0x43d18462 mem 0x900012f8 0x43dfd9ad mem 0x900012c4 0x43b3ed9d mem 0x900012c8 0x43bf0173 mem 0x900012cc 0x43db867e mem 0x900012d0 0x44110ca2
core   0: 0x8000026c (0xfcc12083) lw      x1, -52(x2)
core   0: 3 0x8000026c (0xfcc12083) x1  0x800000a0 mem 0x70000000
core   0: 0x80000270 (0x0090200b) regext  x0, x0,  0 0 1 1 
core   0: 3 0x80000270 (0x0090200b)
core   0: 0x80000274 (0x7fc020ab) vlw.v   v1, x0, -4
core   0: 3 0x80000274 (0x7fc020ab) e32 m1 l32 v33 ffffffff 0x00000000 00000000 00000000 00000000 00000000 00000000 00000000 00000000 00000000 00000000 00000000 00000000 00000000 00000000 00000000 00000000 00000000 00000000 00000000 00000000 00000000 00000000 00000000 00000000 00000000 00000000 00000000 00000000 00000000 00000000 00000000 00000000  c8_vstart 0x00000000 mem 0x90003000 mem 0x90003004 mem 0x90003008 mem 0x9000300c mem 0x90003010 mem 0x90003014 mem 0x90003018 mem 0x9000301c mem 0x90003020 mem 0x90003024 mem 0x90003028 mem 0x9000302c mem 0x90003030 mem 0x90003034 mem 0x90003038 mem 0x9000303c mem 0x90003040 mem 0x90003044 mem 0x90003048 mem 0x9000304c mem 0x90003050 mem 0x90003054 mem 0x90003058 mem 0x9000305c mem 0x90003060 mem 0x90003064 mem 0x90003068 mem 0x9000306c mem 0x90003070 mem 0x90003074 mem 0x90003078 mem 0x9000307c
core   0: 0x80000278 (0xfcc10113) addi    x2, x2, -52
core   0: 3 0x80000278 (0xfcc10113) x2  0x70000000
core   0: 0x8000027c (0xffc20213) addi    x4, x4, -4
core   0: 3 0x8000027c (0xffc20213) x4  0x00000000
core   0: 0x80000280 (0x0010200b) regext  x0, x0,  0 0 0 1 
core   0: 3 0x80000280 (0x0010200b)
core   0: 0x80000284 (0x5e024057) vmv.v.x v0, x4
core   0: 3 0x80000284 (0x5e024057) c8_vstart 0x00000000 e32 m1 l32 v32 ffffffff 0x00000000 00000000 00000000 00000000 00000000 00000000 00000000 00000000 00000000 00000000 00000000 00000000 00000000 00000000 00000000 00000000 00000000 00000000 00000000 00000000 00000000 00000000 00000000 00000000 00000000 00000000 00000000 00000000 00000000 00000000 00000000 00000000 
core   0: 0x80000288 (0x00008067) ret
core   0: 3 0x80000288 (0x00008067)
core   0: 0x800000a0 (0x0000400b) endprg  x0, x0, x0
core   0: 3 0x800000a0 (0x0000400b)
core   0: 0x800000a4 (0x0040006f) j       pc + 0x4
core   0: 3 0x800000a4 (0x0040006f)
core   0: 0x800000a8 (0x00100313) li      x6, 1
core   0: 3 0x800000a8 (0x00100313) x6  0x00000001
core   0: 0x800000ac (0x00001297) auipc   x5, 0x1
core   0: 3 0x800000ac (0x00001297) x5  0x800010ac
core   0: 0x800000b0 (0xf5428293) addi    x5, x5, -172
core   0: 3 0x800000b0 (0xf5428293) x5  0x80001000
core   0: 0x800000b4 (0x0062a023) sw      x6, 0(x5)
core   0: 3 0x800000b4 (0x0062a023) mem 0x80001000 0x00000001
core   0: 0x00001000 (0x00000297) auipc   x5, 0x0
core   0: 3 0x00001000 (0x00000297) x5  0x00001000
core   0: 0x00001004 (0x02028593) addi    x11, x5, 32
core   0: 3 0x00001004 (0x02028593) x11 0x00001020
core   0: 0x00001008 (0xf1402573) csrr    x10, mhartid
core   0: 3 0x00001008 (0xf1402573) x10 0x00000000
core   0: 0x0000100c (0x0182a283) lw      x5, 24(x5)
core   0: 3 0x0000100c (0x0182a283) x5  0x80000000 mem 0x00001018
core   0: 0x00001010 (0x00028067) jr      x5
core   0: 3 0x00001010 (0x00028067)
core   0: 0x80000000 (0x00004197) auipc   x3, 0x4
core   0: 3 0x80000000 (0x00004197) x3  0x80004000
core   0: 0x80000004 (0x80818193) addi    x3, x3, -2040
core   0: 3 0x80000004 (0x80818193) x3  0x80003808
core   0: 0x80000008 (0x02000e93) li      x29, 32
core   0: 3 0x80000008 (0x02000e93) x29 0x00000020
core   0: 0x8000000c (0x0d0efed7) vsetvli x29, x29, e32, m1, ta, ma
core   0: 3 0x8000000c (0x0d0efed7) x29 0x00000020 c8_vstart 0x00000000 c3104_vl 0x00000020 c3105_vtype 0x000000d0 c768_mstatus 0x80000600
core   0: 0x80000010 (0x00002eb7) lui     x29, 0x2
core   0: 3 0x80000010 (0x00002eb7) x29 0x00002000
core   0: 0x80000014 (0x300eaef3) csrrs   x29, mstatus, x29
core   0: 3 0x80000014 (0x300eaef3) x29 0x80000600 c768_mstatus 0x80006600
core   0: 0x80000018 (0x00000e93) li      x29, 0
core   0: 3 0x80000018 (0x00000e93) x29 0x00000000
core   0: 0x8000001c (0x80502373) csrr    x6, wid
core   0: 3 0x8000001c (0x80502373) x6  0x00000000
core   0: 0x80000020 (0x806023f3) csrr    x7, lds
core   0: 3 0x80000020 (0x806023f3) x7  0x70000000
core   0: 0x80000024 (0x40000e13) li      x28, 1024
core   0: 3 0x80000024 (0x40000e13) x28 0x00000400
core   0: 0x80000028 (0x03c30333) mul     x6, x6, x28
core   0: 3 0x80000028 (0x03c30333) x6  0x00000000
core   0: 0x8000002c (0x00730133) add     x2, x6, x7
core   0: 3 0x8000002c (0x00730133) x2  0x70000000
core   0: 0x80000030 (0x00000213) li      x4, 0
core   0: 3 0x80000030 (0x00000213) x4  0x00000000
core   0: 0x80000034 (0x80102f73) csrr    x30, numw
core   0: 3 0x80000034 (0x80102f73) x30 0x00000001
core   0: 0x80000038 (0x40000e13) li      x28, 1024
core   0: 3 0x80000038 (0x40000e13) x28 0x00000400
core   0: 0x8000003c (0x03cf0f33) mul     x30, x30, x28
core   0: 3 0x8000003c (0x03cf0f33) x30 0x00000400
core   0: 0x80000040 (0x01e38433) add     x8, x7, x30
core   0: 3 0x80000040 (0x01e38433) x8  0x70000400
core   0: 0x80000044 (0x00003517) auipc   x10, 0x3
core   0: 3 0x80000044 (0x00003517) x10 0x80003044
core   0: 0x80000048 (0xfc450513) addi    x10, x10, -60
core   0: 3 0x80000048 (0xfc450513) x10 0x80003008
core   0: 0x8000004c (0x00003617) auipc   x12, 0x3
core   0: 3 0x8000004c (0x00003617) x12 0x8000304c
core   0: 0x80000050 (0xfbc60613) addi    x12, x12, -68
core   0: 3 0x80000050 (0xfbc60613) x12 0x80003008
core   0: 0x80000054 (0x00c50863) beq     x10, x12, pc + 16
core   0: 3 0x80000054 (0x00c50863)
core   0: 0x80000064 (0x803022f3) csrr    x5, knl
core   0: 3 0x80000064 (0x803022f3) x5  0x901c3000
core   0: 0x80000068 (0x0002a303) lw      x6, 0(x5)
core   0: 3 0x80000068 (0x0002a303) x6  0x800000b8 mem 0x901c3000
core   0: 0x8000006c (0x0042a503) lw      x10, 4(x5)
core   0: 3 0x8000006c (0x0042a503) x10 0x90002000 mem 0x901c3004
core   0: 0x80000070 (0x0302a383) lw      x7, 48(x5)
core   0: 3 0x80000070 (0x0302a383) x7  0x00000000 mem 0x901c3030
core   0: 0x80000074 (0x0342ae03) lw      x28, 52(x5)
core   0: 3 0x80000074 (0x0342ae03) x28 0x00000000 mem 0x901c3034
core   0: 0x80000078 (0x00003e97) auipc   x29, 0x3
core   0: 3 0x80000078 (0x00003e97) x29 0x80003078
core   0: 0x8000007c (0xf88e8e93) addi    x29, x29, -120
core   0: 3 0x8000007c (0xf88e8e93) x29 0x80003000
core   0: 0x80000080 (0x00003f17) auipc   x30, 0x3
core   0: 3 0x80000080 (0x00003f17) x30 0x80003080
core   0: 0x80000084 (0xf84f0f13) addi    x30, x30, -124
core   0: 3 0x80000084 (0xf84f0f13) x30 0x80003004
core   0: 0x80000088 (0x007ea023) sw      x7, 0(x29)
core   0: 3 0x80000088 (0x007ea023) mem 0x80003000 0x00000000
core   0: 0x8000008c (0x01cf2023) sw      x28, 0(x30)
core   0: 3 0x8000008c (0x01cf2023) mem 0x80003004 0x00000000
core   0: 0x80000090 (0x00000f97) auipc   x31, 0x0
core   0: 3 0x80000090 (0x00000f97) x31 0x80000090
core   0: 0x80000094 (0x018f8f93) addi    x31, x31, 24
core   0: 3 0x80000094 (0x018f8f93) x31 0x800000a8
core   0: 0x80000098 (0x305f9073) csrw    mtvec, x31
core   0: 3 0x80000098 (0x305f9073) c773_mtvec 0x800000a8
core   0: 0x8000009c (0x000300e7) jalr    x6
core   0: 3 0x8000009c (0x000300e7) x1  0x800000a0
core   0: 0x800000b8 (0x03410113) addi    x2, x2, 52
core   0: 3 0x800000b8 (0x03410113) x2  0x70000034
core   0: 0x800000bc (0x00420213) addi    x4, x4, 4
core   0: 3 0x800000bc (0x00420213) x4  0x00000004
core   0: 0x800000c0 (0x0010200b) regext  x0, x0,  0 0 0 1 
core   0: 3 0x800000c0 (0x0010200b)
core   0: 0x800000c4 (0x5e024057) vmv.v.x v0, x4
core   0: 3 0x800000c4 (0x5e024057) c8_vstart 0x00000000 e32 m1 l32 v32 ffffffff 0x00000004 00000004 00000004 00000004 00000004 00000004 00000004 00000004 00000004 00000004 00000004 00000004 00000004 00000004 00000004 00000004 00000004 00000004 00000004 00000004 00000004 00000004 00000004 00000004 00000004 00000004 00000004 00000004 00000004 00000004 00000004 00000004 
core   0: 0x800000c8 (0xfc112623) sw      x1, -52(x2)
core   0: 3 0x800000c8 (0xfc112623) mem 0x70000000 0x800000a0
core   0: 0x800000cc (0x0480200b) regext  x0, x0,  0 1 1 0 
core   0: 3 0x800000cc (0x0480200b)
core   0: 0x800000d0 (0xfe102e2b) vsw.v   v1, x0, -4
core   0: 3 0x800000d0 (0xfe102e2b) c8_vstart 0x00000000 mem 0x90003000 0x00000000 mem 0x90003004 0x00000000 mem 0x90003008 0x00000000 mem 0x9000300c 0x00000000 mem 0x90003010 0x00000000 mem 0x90003014 0x00000000 mem 0x90003018 0x00000000 mem 0x9000301c 0x00000000 mem 0x90003020 0x00000000 mem 0x90003024 0x00000000 mem 0x90003028 0x00000000 mem 0x9000302c 0x00000000 mem 0x90003030 0x00000000 mem 0x90003034 0x00000000 mem 0x90003038 0x00000000 mem 0x9000303c 0x00000000 mem 0x90003040 0x00000000 mem 0x90003044 0x00000000 mem 0x90003048 0x00000000 mem 0x9000304c 0x00000000 mem 0x90003050 0x00000000 mem 0x90003054 0x00000000 mem 0x90003058 0x00000000 mem 0x9000305c 0x00000000 mem 0x90003060 0x00000000 mem 0x90003064 0x00000000 mem 0x90003068 0x00000000 mem 0x9000306c 0x00000000 mem 0x90003070 0x00000000 mem 0x90003074 0x00000000 mem 0x90003078 0x00000000 mem 0x9000307c 0x00000000
core   0: 0x800000d4 (0x00452283) lw      x5, 4(x10)
core   0: 3 0x800000d4 (0x00452283) x5  0x90001000 mem 0x90002004
core   0: 0x800000d8 (0xfe512e23) sw      x5, -4(x2)
core   0: 3 0x800000d8 (0xfe512e23) mem 0x70000030 0x90001000
core   0: 0x800000dc (0x03052283) lw      x5, 48(x10)
core   0: 3 0x800000dc (0x03052283) x5  0x3f800000 mem 0x90002030
core   0: 0x800000e0 (0xfe512c23) sw      x5, -8(x2)
core   0: 3 0x800000e0 (0xfe512c23) mem 0x7000002c 0x3f800000
core   0: 0x800000e4 (0x02c52283) lw      x5, 44(x10)
core   0: 3 0x800000e4 (0x02c52283) x5  0x3f800000 mem 0x9000202c
core   0: 0x800000e8 (0xfe512a23) sw      x5, -12(x2)
core   0: 3 0x800000e8 (0xfe512a23) mem 0x70000028 0x3f800000
core   0: 0x800000ec (0x02852283) lw      x5, 40(x10)
core   0: 3 0x800000ec (0x02852283) x5  0x3f800000 mem 0x90002028
core   0: 0x800000f0 (0xfe512823) sw      x5, -16(x2)
core   0: 3 0x800000f0 (0xfe512823) mem 0x70000024 0x3f800000
core   0: 0x800000f4 (0x02452283) lw      x5, 36(x10)
core   0: 3 0x800000f4 (0x02452283) x5  0x3f800000 mem 0x90002024
core   0: 0x800000f8 (0xfe512623) sw      x5, -20(x2)
core   0: 3 0x800000f8 (0xfe512623) mem 0x70000020 0x3f800000
core   0: 0x800000fc (0x02052283) lw      x5, 32(x10)
core   0: 3 0x800000fc (0x02052283) x5  0x3f800000 mem 0x90002020
core   0: 0x80000100 (0xfe512423) sw      x5, -24(x2)
core   0: 3 0x80000100 (0xfe512423) mem 0x7000001c 0x3f800000
core   0: 0x80000104 (0x01c52283) lw      x5, 28(x10)
core   0: 3 0x80000104 (0x01c52283) x5  0x3f800000 mem 0x9000201c
core   0: 0x80000108 (0xfe512223) sw      x5, -28(x2)
core   0: 3 0x80000108 (0xfe512223) mem 0x70000018 0x3f800000
core   0: 0x8000010c (0x01852283) lw      x5, 24(x10)
core   0: 3 0x8000010c (0x01852283) x5  0x3f800000 mem 0x90002018
core   0: 0x80000110 (0xfe512023) sw      x5, -32(x2)
core   0: 3 0x80000110 (0xfe512023) mem 0x70000014 0x3f800000
core   0: 0x80000114 (0x01052283) lw      x5, 16(x10)
core   0: 3 0x80000114 (0x01052283) x5  0x3f800000 mem 0x90002010
core   0: 0x80000118 (0xfc512e23) sw      x5, -36(x2)
core   0: 3 0x80000118 (0xfc512e23) mem 0x70000010 0x3f800000
core   0: 0x8000011c (0x01452283) lw      x5, 20(x10)
core   0: 3 0x8000011c (0x01452283) x5  0x3f800000 mem 0x90002014
core   0: 0x80000120 (0xfc512c23) sw      x5, -40(x2)
core   0: 3 0x80000120 (0xfc512c23) mem 0x7000000c 0x3f800000
core   0: 0x80000124 (0x00052283) lw      x5, 0(x10)
core   0: 3 0x80000124 (0x00052283) x5  0x90000000 mem 0x90002000
core   0: 0x80000128 (0xfc512a23) sw      x5, -44(x2)
core   0: 3 0x80000128 (0xfc512a23) mem 0x70000008 0x90000000
core   0: 0x8000012c (0x00852283) lw      x5, 8(x10)
core   0: 3 0x8000012c (0x00852283) x5  0x00000010 mem 0x90002008
core   0: 0x80000130 (0xfc512823) sw      x5, -48(x2)
core   0: 3 0x80000130 (0xfc512823) mem 0x70000004 0x00000010
core   0: 0x80000134 (0x5e004057) vmv.v.x v0, x0
core   0: 3 0x80000134 (0x5e004057) c8_vstart 0x00000000 e32 m1 l32 v0  ffffffff 0x00000000 00000000 00000000 00000000 00000000 00000000 00000000 00000000 00000000 00000000 00000000 00000000 00000000 00000000 00000000 00000000 00000000 00000000 00000000 00000000 00000000 00000000 00000000 00000000 00000000 00000000 00000000 00000000 00000000 00000000 00000000 00000000 
core   0: 0x80000138 (0x154000ef) jal     pc + 0x154
core   0: 3 0x80000138 (0x154000ef) x1  0x8000013c
core   0: 0x8000028c (0x00410113) addi    x2, x2, 4
core   0: 3 0x8000028c (0x00410113) x2  0x70000038
core   0: 0x80000290 (0xfe112e23) sw      x1, -4(x2)
core   0: 3 0x80000290 (0xfe112e23) mem 0x70000034 0x8000013c
core   0: 0x80000294 (0x00200293) li      x5, 2
core   0: 3 0x80000294 (0x00200293) x5  0x00000002
core   0: 0x80000298 (0x5e02c0d7) vmv.v.x v1, x5
core   0: 3 0x80000298 (0x5e02c0d7) c8_vstart 0x00000000 e32 m1 l32 v1  ffffffff 0x00000002 00000002 00000002 00000002 00000002 00000002 00000002 00000002 00000002 00000002 00000002 00000002 00000002 00000002 00000002 00000002 00000002 00000002 00000002 00000002 00000002 00000002 00000002 00000002 00000002 00000002 00000002 00000002 00000002 00000002 00000002 00000002 
core   0: 0x8000029c (0x00000317) auipc   x6, 0x0
core   0: 3 0x8000029c (0x00000317) x6  0x8000029c
core   0: 0x800002a0 (0x04c3305b) setrpc  x0, x6, 76
core   0: 3 0x800002a0 (0x04c3305b) c2060_rpc 0x800002e8 current mask:	ffffffff current npc:	00000000 stack size: 0
core   0: 0x800002a4 (0x0200885b) vbeq    v0, v1, pc + 48
core   0: 3 0x800002a4 (0x0200885b) c8_vstart 0x00000000 e32 m1 l32 current mask:	ffffffff current npc:	800002a8 stack size: 0
core   0: 0x800002a8 (0x00100293) li      x5, 1
core   0: 3 0x800002a8 (0x00100293) x5  0x00000001
core   0: 0x800002ac (0x5e02c0d7) vmv.v.x v1, x5
core   0: 3 0x800002ac (0x5e02c0d7) c8_vstart 0x00000000 e32 m1 l32 v1  ffffffff 0x00000001 00000001 00000001 00000001 00000001 00000001 00000001 00000001 00000001 00000001 00000001 00000001 00000001 00000001 00000001 00000001 00000001 00000001 00000001 00000001 00000001 00000001 00000001 00000001 00000001 00000001 00000001 00000001 00000001 00000001 00000001 00000001 
core   0: 0x800002b0 (0x00000317) auipc   x6, 0x0
core   0: 3 0x800002b0 (0x00000317) x6  0x800002b0
core   0: 0x800002b4 (0x0383305b) setrpc  x0, x6, 56
core   0: 3 0x800002b4 (0x0383305b) c2060_rpc 0x800002e8 current mask:	ffffffff current npc:	800002a8 stack size: 0
core   0: 0x800002b8 (0x0200825b) vbeq    v0, v1, pc + 36
core   0: 3 0x800002b8 (0x0200825b) c8_vstart 0x00000000 e32 m1 l32 current mask:	ffffffff current npc:	800002bc stack size: 0
core   0: 0x800002bc (0x5e0040d7) vmv.v.x v1, x0
core   0: 3 0x800002bc (0x5e0040d7) c8_vstart 0x00000000 e32 m1 l32 v1  ffffffff 0x00000000 00000000 00000000 00000000 00000000 00000000 00000000 00000000 00000000 00000000 00000000 00000000 00000000 00000000 00000000 00000000 00000000 00000000 00000000 00000000 00000000 00000000 00000000 00000000 00000000 00000000 00000000 00000000 00000000 00000000 00000000 00000000 
core   0: 0x800002c0 (0x00000317) auipc   x6, 0x0
core   0: 3 0x800002c0 (0x00000317) x6  0x800002c0
core   0: 0x800002c4 (0x0283305b) setrpc  x0, x6, 40
core   0: 3 0x800002c4 (0x0283305b) c2060_rpc 0x800002e8 current mask:	ffffffff current npc:	800002bc stack size: 0
core   0: 0x800002c8 (0x00009e5b) vbne    v0, v1, pc + 28
core   0: 3 0x800002c8 (0x00009e5b) c8_vstart 0x00000000 e32 m1 l32 current mask:	ffffffff current npc:	800002cc stack size: 0
core   0: 0x800002cc (0x1a0000ef) jal     pc + 0x1a0
core   0: 3 0x800002cc (0x1a0000ef) x1  0x800002d0
core   0: 0x8000046c (0x00410113) addi    x2, x2, 4
core   0: 3 0x8000046c (0x00410113) x2  0x7000003c
core   0: 0x80000470 (0xfe112e23) sw      x1, -4(x2)
core   0: 3 0x80000470 (0xfe112e23) mem 0x70000038 0x800002d0
core   0: 0x80000474 (0xf1dff0ef) jal     pc - 0xe4
core   0: 3 0x80000474 (0xf1dff0ef) x1  0x80000478
core   0: 0x80000390 (0x00410113) addi    x2, x2, 4
core   0: 3 0x80000390 (0x00410113) x2  0x70000040
core   0: 0x80000394 (0xfe112e23) sw      x1, -4(x2)
core   0: 3 0x80000394 (0xfe112e23) mem 0x7000003c 0x80000478
core   0: 0x80000398 (0x80302573) csrr    x10, knl
core   0: 3 0x80000398 (0x80302573) x10 0x901c3000
core   0: 0x8000039c (0x00852283) lw      x5, 8(x10)
core   0: 3 0x8000039c (0x00852283) x5  0x00000002 mem 0x901c3008
core   0: 0x800003a0 (0x80002373) csrr    x6, tid
core   0: 3 0x800003a0 (0x80002373) x6  0x00000000
core   0: 0x800003a4 (0x5208a157) vid.v   v2
core   0: 3 0x800003a4 (0x5208a157) c8_vstart 0x00000000 e32 m1 l32 v2  ffffffff 0x0000001f 0000001e 0000001d 0000001c 0000001b 0000001a 00000019 00000018 00000017 00000016 00000015 00000014 00000013 00000012 00000011 00000010 0000000f 0000000e 0000000d 0000000c 0000000b 0000000a 00000009 00000008 00000007 00000006 00000005 00000004 00000003 00000002 00000001 00000000 
core   0: 0x800003a8 (0x02234057) vadd.vx v0, v2, x6
core   0: 3 0x800003a8 (0x02234057) c8_vstart 0x00000000 e32 m1 l32 v0  ffffffff 0x0000001f 0000001e 0000001d 0000001c 0000001b 0000001a 00000019 00000018 00000017 00000016 00000015 00000014 00000013 00000012 00000011 00000010 0000000f 0000000e 0000000d 0000000c 0000000b 0000000a 00000009 00000008 00000007 00000006 00000005 00000004 00000003 00000002 00000001 00000000 
core   0: 0x800003ac (0x01852e03) lw      x28, 24(x10)
core   0: 3 0x800003ac (0x01852e03) x28 0x0000000e mem 0x901c3018
core   0: 0x800003b0 (0x8a0e6057) vremu.vx v0, v0, x28
core   0: 3 0x800003b0 (0x8a0e6057) c8_vstart 0x00000000 e32 m1 l32 v0  ffffffff 0x00000003 00000002 00000001 00000000 0000000d 0000000c 0000000b 0000000a 00000009 00000008 00000007 00000006 00000005 00000004 00000003 00000002 00000001 00000000 0000000d 0000000c 0000000b 0000000a 00000009 00000008 00000007 00000006 00000005 00000004 00000003 00000002 00000001 00000000 
core   0: 0x800003b4 (0xffc12083) lw      x1, -4(x2)
core   0: 3 0x800003b4 (0xffc12083) x1  0x80000478 mem 0x7000003c
core   0: 0x800003b8 (0xffc10113) addi    x2, x2, -4
core   0: 3 0x800003b8 (0xffc10113) x2  0x7000003c
core   0: 0x800003bc (0x00008067) ret
core   0: 3 0x800003bc (0x00008067)
core   0: 0x80000478 (0x80302573) csrr    x10, knl
core   0: 3 0x80000478 (0x80302573) x10 0x901c3000
core   0: 0x8000047c (0x80802373) csrr    x6, gidx
core   0: 3 0x8000047c (0x80802373) x6  0x00000000
core   0: 0x80000480 (0x01852e03) lw      x28, 24(x10)
core   0: 3 0x80000480 (0x01852e03) x28 0x0000000e mem 0x901c3018
core   0: 0x80000484 (0x02452e83) lw      x29, 36(x10)
core   0: 3 0x80000484 (0x02452e83) x29 0x00000001 mem 0x901c3024
core   0: 0x80000488 (0x03c30fb3) mul     x31, x6, x28
core   0: 3 0x80000488 (0x03c30fb3) x31 0x00000000
core   0: 0x8000048c (0x01df8fb3) add     x31, x31, x29
core   0: 3 0x8000048c (0x01df8fb3) x31 0x00000001
core   0: 0x80000490 (0x020fc057) vadd.vx v0, v0, x31
core   0: 3 0x80000490 (0x020fc057) c8_vstart 0x00000000 e32 m1 l32 v0  ffffffff 0x00000004 00000003 00000002 00000001 0000000e 0000000d 0000000c 0000000b 0000000a 00000009 00000008 00000007 00000006 00000005 00000004 00000003 00000002 00000001 0000000e 0000000d 0000000c 0000000b 0000000a 00000009 00000008 00000007 00000006 00000005 00000004 00000003 00000002 00000001 
core   0: 0x80000494 (0xffc12083) lw      x1, -4(x2)
core   0: 3 0x80000494 (0xffc12083) x1  0x800002d0 mem 0x70000038
core   0: 0x80000498 (0xffc10113) addi    x2, x2, -4
core   0: 3 0x80000498 (0xffc10113) x2  0x70000038
core   0: 0x8000049c (0x00008067) ret
core   0: 3 0x8000049c (0x00008067)
core   0: 0x800002d0 (0x0180006f) j       pc + 0x18
core   0: 3 0x800002d0 (0x0180006f)
core   0: 0x800002e8 (0x0000205b) join    v0, v0, pc + 0
core   0: 3 0x800002e8 (0x0000205b) current mask:	ffffffff current npc:	800002cc stack size: 0
core   0: 0x800002ec (0xffc12083) lw      x1, -4(x2)
core   0: 3 0x800002ec (0xffc12083) x1  0x8000013c mem 0x70000034
core   0: 0x800002f0 (0xffc10113) addi    x2, x2, -4
core   0: 3 0x800002f0 (0xffc10113) x2  0x70000034
core   0: 0x800002f4 (0x00008067) ret
core   0: 3 0x800002f4 (0x00008067)
core   0: 0x8000013c (0x0010200b) regext  x0, x0,  0 0 0 1 
core   0: 3 0x8000013c (0x0010200b)
core   0: 0x80000140 (0x020040d7) vadd.vx v1, v0, x0
core   0: 3 0x80000140 (0x020040d7) c8_vstart 0x00000000 e32 m1 l32 v33 ffffffff 0x00000004 00000003 00000002 00000001 0000000e 0000000d 0000000c 0000000b 0000000a 00000009 00000008 00000007 00000006 00000005 00000004 00000003 00000002 00000001 0000000e 0000000d 0000000c 0000000b 0000000a 00000009 00000008 00000007 00000006 00000005 00000004 00000003 00000002 00000001 
core   0: 0x80000144 (0x00100293) li      x5, 1
core   0: 3 0x80000144 (0x00100293) x5  0x00000001
core   0: 0x80000148 (0x5e02c057) vmv.v.x v0, x5
core   0: 3 0x80000148 (0x5e02c057) c8_vstart 0x00000000 e32 m1 l32 v0  ffffffff 0x00000001 00000001 00000001 00000001 00000001 00000001 00000001 00000001 00000001 00000001 00000001 00000001 00000001 00000001 00000001 00000001 00000001 00000001 00000001 00000001 00000001 00000001 00000001 00000001 00000001 00000001 00000001 00000001 00000001 00000001 00000001 00000001 
core   0: 0x8000014c (0x140000ef) jal     pc + 0x140
core   0: 3 0x8000014c (0x140000ef) x1  0x80000150
core   0: 0x8000028c (0x00410113) addi    x2, x2, 4
core   0: 3 0x8000028c (0x00410113) x2  0x70000038
core   0: 0x80000290 (0xfe112e23) sw      x1, -4(x2)
core   0: 3 0x80000290 (0xfe112e23) mem 0x70000034 0x80000150
core   0: 0x80000294 (0x00200293) li      x5, 2
core   0: 3 0x80000294 (0x00200293) x5  0x00000002
core   0: 0x80000298 (0x5e02c0d7) vmv.v.x v1, x5
core   0: 3 0x80000298 (0x5e02c0d7) c8_vstart 0x00000000 e32 m1 l32 v1  ffffffff 0x00000002 00000002 00000002 00000002 00000002 00000002 00000002 00000002 00000002 00000002 00000002 00000002 00000002 00000002 00000002 00000002 00000002 00000002 00000002 00000002 00000002 00000002 00000002 00000002 00000002 00000002 00000002 00000002 00000002 00000002 00000002 00000002 
core   0: 0x8000029c (0x00000317) auipc   x6, 0x0
core   0: 3 0x8000029c (0x00000317) x6  0x8000029c
core   0: 0x800002a0 (0x04c3305b) setrpc  x0, x6, 76
core   0: 3 0x800002a0 (0x04c3305b) c2060_rpc 0x800002e8 current mask:	ffffffff current npc:	800002cc stack size: 0
core   0: 0x800002a4 (0x0200885b) vbeq    v0, v1, pc + 48
core   0: 3 0x800002a4 (0x0200885b) c8_vstart 0x00000000 e32 m1 l32 current mask:	ffffffff current npc:	800002a8 stack size: 0
core   0: 0x800002a8 (0x00100293) li      x5, 1
core   0: 3 0x800002a8 (0x00100293) x5  0x00000001
core   0: 0x800002ac (0x5e02c0d7) vmv.v.x v1, x5
core   0: 3 0x800002ac (0x5e02c0d7) c8_vstart 0x00000000 e32 m1 l32 v1  ffffffff 0x00000001 00000001 00000001 00000001 00000001 00000001 00000001 00000001 00000001 00000001 00000001 00000001 00000001 00000001 00000001 00000001 00000001 00000001 00000001 00000001 00000001 00000001 00000001 00000001 00000001 00000001 00000001 00000001 00000001 00000001 00000001 00000001 
core   0: 0x800002b0 (0x00000317) auipc   x6, 0x0
core   0: 3 0x800002b0 (0x00000317) x6  0x800002b0
core   0: 0x800002b4 (0x0383305b) setrpc  x0, x6, 56
core   0: 3 0x800002b4 (0x0383305b) c2060_rpc 0x800002e8 current mask:	ffffffff current npc:	800002a8 stack size: 0
core   0: 0x800002b8 (0x0200825b) vbeq    v0, v1, pc + 36
core   0: 3 0x800002b8 (0x0200825b) c8_vstart 0x00000000 e32 m1 l32 current mask:	ffffffff current npc:	800002dc stack size: 0
core   0: 0x800002dc (0x1c4000ef) jal     pc + 0x1c4
core   0: 3 0x800002dc (0x1c4000ef) x1  0x800002e0
core   0: 0x800004a0 (0x00410113) addi    x2, x2, 4
core   0: 3 0x800004a0 (0x00410113) x2  0x7000003c
core   0: 0x800004a4 (0xfe112e23) sw      x1, -4(x2)
core   0: 3 0x800004a4 (0xfe112e23) mem 0x70000038 0x800002e0
core   0: 0x800004a8 (0xf19ff0ef) jal     pc - 0xe8
core   0: 3 0x800004a8 (0xf19ff0ef) x1  0x800004ac
core   0: 0x800003c0 (0x00410113) addi    x2, x2, 4
core   0: 3 0x800003c0 (0x00410113) x2  0x70000040
core   0: 0x800003c4 (0xfe112e23) sw      x1, -4(x2)
core   0: 3 0x800003c4 (0xfe112e23) mem 0x7000003c 0x800004ac
core   0: 0x800003c8 (0x80302573) csrr    x10, knl
core   0: 3 0x800003c8 (0x80302573) x10 0x901c3000
core   0: 0x800003cc (0x00852283) lw      x5, 8(x10)
core   0: 3 0x800003cc (0x00852283) x5  0x00000002 mem 0x901c3008
core   0: 0x800003d0 (0x80002373) csrr    x6, tid
core   0: 3 0x800003d0 (0x80002373) x6  0x00000000
core   0: 0x800003d4 (0x5208a157) vid.v   v2
core   0: 3 0x800003d4 (0x5208a157) c8_vstart 0x00000000 e32 m1 l32 v2  ffffffff 0x0000001f 0000001e 0000001d 0000001c 0000001b 0000001a 00000019 00000018 00000017 00000016 00000015 00000014 00000013 00000012 00000011 00000010 0000000f 0000000e 0000000d 0000000c 0000000b 0000000a 00000009 00000008 00000007 00000006 00000005 00000004 00000003 00000002 00000001 00000000 
core   0: 0x800003d8 (0x02234057) vadd.vx v0, v2, x6
core   0: 3 0x800003d8 (0x02234057) c8_vstart 0x00000000 e32 m1 l32 v0  ffffffff 0x0000001f 0000001e 0000001d 0000001c 0000001b 0000001a 00000019 00000018 00000017 00000016 00000015 00000014 00000013 00000012 00000011 00000010 0000000f 0000000e 0000000d 0000000c 0000000b 0000000a 00000009 00000008 00000007 00000006 00000005 00000004 00000003 00000002 00000001 00000000 
core   0: 0x800003dc (0x01852e03) lw      x28, 24(x10)
core   0: 3 0x800003dc (0x01852e03) x28 0x0000000e mem 0x901c3018
core   0: 0x800003e0 (0x01c52e83) lw      x29, 28(x10)
core   0: 3 0x800003e0 (0x01c52e83) x29 0x00000001 mem 0x901c301c
core   0: 0x800003e4 (0x03ce8f33) mul     x30, x29, x28
core   0: 3 0x800003e4 (0x03ce8f33) x30 0x0000000e
core   0: 0x800003e8 (0x8a0f6057) vremu.vx v0, v0, x30
core   0: 3 0x800003e8 (0x8a0f6057) c8_vstart 0x00000000 e32 m1 l32 v0  ffffffff 0x00000003 00000002 00000001 00000000 0000000d 0000000c 0000000b 0000000a 00000009 00000008 00000007 00000006 00000005 00000004 00000003 00000002 00000001 00000000 0000000d 0000000c 0000000b 0000000a 00000009 00000008 00000007 00000006 00000005 00000004 00000003 00000002 00000001 00000000 
core   0: 0x800003ec (0x820e6057) vdivu.vx v0, v0, x28
core   0: 3 0x800003ec (0x820e6057) c8_vstart 0x00000000 e32 m1 l32 v0  ffffffff 0x00000000 00000000 00000000 00000000 00000000 00000000 00000000 00000000 00000000 00000000 00000000 00000000 00000000 00000000 00000000 00000000 00000000 00000000 00000000 00000000 00000000 00000000 00000000 00000000 00000000 00000000 00000000 00000000 00000000 00000000 00000000 00000000 
core   0: 0x800003f0 (0x5e0ec0d7) vmv.v.x v1, x29
core   0: 3 0x800003f0 (0x5e0ec0d7) c8_vstart 0x00000000 e32 m1 l32 v1  ffffffff 0x00000001 00000001 00000001 00000001 00000001 00000001 00000001 00000001 00000001 00000001 00000001 00000001 00000001 00000001 00000001 00000001 00000001 00000001 00000001 00000001 00000001 00000001 00000001 00000001 00000001 00000001 00000001 00000001 00000001 00000001 00000001 00000001 
core   0: 0x800003f4 (0x00000317) auipc   x6, 0x0
core   0: 3 0x800003f4 (0x00000317) x6  0x800003f4
core   0: 0x800003f8 (0x0143305b) setrpc  x0, x6, 20
core   0: 3 0x800003f8 (0x0143305b) c2060_rpc 0x80000408 current mask:	ffffffff current npc:	800002dc stack size: 0
core   0: 0x800003fc (0x0000c65b) vblt    v0, v1, pc + 12
core   0: 3 0x800003fc (0x0000c65b) c8_vstart 0x00000000 e32 m1 l32 current mask:	ffffffff current npc:	80000408 stack size: 0
core   0: 0x80000408 (0x0000205b) join    v0, v0, pc + 0
core   0: 3 0x80000408 (0x0000205b) current mask:	ffffffff current npc:	80000408 stack size: 0
core   0: 0x8000040c (0xffc12083) lw      x1, -4(x2)
core   0: 3 0x8000040c (0xffc12083) x1  0x800004ac mem 0x7000003c
core   0: 0x80000410 (0xffc10113) addi    x2, x2, -4
core   0: 3 0x80000410 (0xffc10113) x2  0x7000003c
core   0: 0x80000414 (0x00008067) ret
core   0: 3 0x80000414 (0x00008067)
core   0: 0x800004ac (0x80902373) csrr    x6, gidy
core   0: 3 0x800004ac (0x80902373) x6  0x0000000b
core   0: 0x800004b0 (0x01c52383) lw      x7, 28(x10)
core   0: 3 0x800004b0 (0x01c52383) x7  0x00000001 mem 0x901c301c
core   0: 0x800004b4 (0x02852e83) lw      x29, 40(x10)
core   0: 3 0x800004b4 (0x02852e83) x29 0x00000001 mem 0x901c3028
core   0: 0x800004b8 (0x02730e33) mul     x28, x6, x7
core   0: 3 0x800004b8 (0x02730e33) x28 0x0000000b
core   0: 0x800004bc (0x01de0e33) add     x28, x28, x29
core   0: 3 0x800004bc (0x01de0e33) x28 0x0000000c
core   0: 0x800004c0 (0x020e4057) vadd.vx v0, v0, x28
core   0: 3 0x800004c0 (0x020e4057) c8_vstart 0x00000000 e32 m1 l32 v0  ffffffff 0x0000000c 0000000c 0000000c 0000000c 0000000c 0000000c 0000000c 0000000c 0000000c 0000000c 0000000c 0000000c 0000000c 0000000c 0000000c 0000000c 0000000c 0000000c 0000000c 0000000c 0000000c 0000000c 0000000c 0000000c 0000000c 0000000c 0000000c 0000000c 0000000c 0000000c 0000000c 0000000c 
core   0: 0x800004c4 (0xffc12083) lw      x1, -4(x2)
core   0: 3 0x800004c4 (0xffc12083) x1  0x800002e0 mem 0x70000038
core   0: 0x800004c8 (0xffc10113) addi    x2, x2, -4
core   0: 3 0x800004c8 (0xffc10113) x2  0x70000038
core   0: 0x800004cc (0x00008067) ret
core   0: 3 0x800004cc (0x00008067)
core   0: 0x800002e0 (0x0080006f) j       pc + 0x8
core   0: 3 0x800002e0 (0x0080006f)
core   0: 0x800002e8 (0x0000205b) join    v0, v0, pc + 0
core   0: 3 0x800002e8 (0x0000205b) current mask:	ffffffff current npc:	80000408 stack size: 0
core   0: 0x800002ec (0xffc12083) lw      x1, -4(x2)
core   0: 3 0x800002ec (0xffc12083) x1  0x80000150 mem 0x70000034
core   0: 0x800002f0 (0xffc10113) addi    x2, x2, -4
core   0: 3 0x800002f0 (0xffc10113) x2  0x70000034
core   0: 0x800002f4 (0x00008067) ret
core   0: 3 0x800002f4 (0x00008067)
core   0: 0x80000150 (0xfd012283) lw      x5, -48(x2)
core   0: 3 0x80000150 (0xfd012283) x5  0x00000010 mem 0x70000004
core   0: 0x80000154 (0x5e02c0d7) vmv.v.x v1, x5
core   0: 3 0x80000154 (0x5e02c0d7) c8_vstart 0x00000000 e32 m1 l32 v1  ffffffff 0x00000010 00000010 00000010 00000010 00000010 00000010 00000010 00000010 00000010 00000010 00000010 00000010 00000010 00000010 00000010 00000010 00000010 00000010 00000010 00000010 00000010 00000010 00000010 00000010 00000010 00000010 00000010 00000010 00000010 00000010 00000010 00000010 
core   0: 0x80000158 (0x0400200b) regext  x0, x0,  0 1 0 0 
core   0: 3 0x80000158 (0x0400200b)
core   0: 0x8000015c (0xa612e057) vmadd.vx v0, v1, x5
core   0: 3 0x8000015c (0xa612e057) c8_vstart 0x00000000 e32 m1 l32 v0  ffffffff 0x000000c4 000000c3 000000c2 000000c1 000000ce 000000cd 000000cc 000000cb 000000ca 000000c9 000000c8 000000c7 000000c6 000000c5 000000c4 000000c3 000000c2 000000c1 000000ce 000000cd 000000cc 000000cb 000000ca 000000c9 000000c8 000000c7 000000c6 000000c5 000000c4 000000c3 000000c2 000000c1 
core   0: 0x80000160 (0x0010110b) vsub12.vi v2, v0, 1
core   0: 3 0x80000160 (0x0010110b) c8_vstart 0x00000000 e32 m1 l32 v2  ffffffff 0x000000c3 000000c2 000000c1 000000c0 000000cd 000000cc 000000cb 000000ca 000000c9 000000c8 000000c7 000000c6 000000c5 000000c4 000000c3 000000c2 000000c1 000000c0 000000cd 000000cc 000000cb 000000ca 000000c9 000000c8 000000c7 000000c6 000000c5 000000c4 000000c3 000000c2 000000c1 000000c0 
core   0: 0x80000164 (0x0a2081d7) vsub.vv v3, v2, v1
core   0: 3 0x80000164 (0x0a2081d7) c8_vstart 0x00000000 e32 m1 l32 v3  ffffffff 0x000000b3 000000b2 000000b1 000000b0 000000bd 000000bc 000000bb 000000ba 000000b9 000000b8 000000b7 000000b6 000000b5 000000b4 000000b3 000000b2 000000b1 000000b0 000000bd 000000bc 000000bb 000000ba 000000b9 000000b8 000000b7 000000b6 000000b5 000000b4 000000b3 000000b2 000000b1 000000b0 
core   0: 0x80000168 (0x963131d7) vsll.vi v3, v3, 2
core   0: 3 0x80000168 (0x963131d7) c8_vstart 0x00000000 e32 m1 l32 v3  ffffffff 0x000002cc 000002c8 000002c4 000002c0 000002f4 000002f0 000002ec 000002e8 000002e4 000002e0 000002dc 000002d8 000002d4 000002d0 000002cc 000002c8 000002c4 000002c0 000002f4 000002f0 000002ec 000002e8 000002e4 000002e0 000002dc 000002d8 000002d4 000002d0 000002cc 000002c8 000002c4 000002c0 
core   0: 0x8000016c (0xfd412283) lw      x5, -44(x2)
core   0: 3 0x8000016c (0xfd412283) x5  0x90000000 mem 0x70000008
core   0: 0x80000170 (0x5e02c257) vmv.v.x v4, x5
core   0: 3 0x80000170 (0x5e02c257) c8_vstart 0x00000000 e32 m1 l32 v4  ffffffff 0x90000000 90000000 90000000 90000000 90000000 90000000 90000000 90000000 90000000 90000000 90000000 90000000 90000000 90000000 90000000 90000000 90000000 90000000 90000000 90000000 90000000 90000000 90000000 90000000 90000000 90000000 90000000 90000000 90000000 90000000 90000000 90000000 
core   0: 0x80000174 (0x0232c1d7) vadd.vx v3, v3, x5
core   0: 3 0x80000174 (0x0232c1d7) c8_vstart 0x00000000 e32 m1 l32 v3  ffffffff 0x900002cc 900002c8 900002c4 900002c0 900002f4 900002f0 900002ec 900002e8 900002e4 900002e0 900002dc 900002d8 900002d4 900002d0 900002cc 900002c8 900002c4 900002c0 900002f4 900002f0 900002ec 900002e8 900002e4 900002e0 900002dc 900002d8 900002d4 900002d0 900002cc 900002c8 900002c4 900002c0 
core   0: 0x80000178 (0x0a0082d7) vsub.vv v5, v0, v1
core   0: 3 0x80000178 (0x0a0082d7) c8_vstart 0x00000000 e32 m1 l32 v5  ffffffff 0x000000b4 000000b3 000000b2 000000b1 000000be 000000bd 000000bc 000000bb 000000ba 000000b9 000000b8 000000b7 000000b6 000000b5 000000b4 000000b3 000000b2 000000b1 000000be 000000bd 000000bc 000000bb 000000ba 000000b9 000000b8 000000b7 000000b6 000000b5 000000b4 000000b3 000000b2 000000b1 
core   0: 0x8000017c (0x965132d7) vsll.vi v5, v5, 2
core   0: 3 0x8000017c (0x965132d7) c8_vstart 0x00000000 e32 m1 l32 v5  ffffffff 0x000002d0 000002cc 000002c8 000002c4 000002f8 000002f4 000002f0 000002ec 000002e8 000002e4 000002e0 000002dc 000002d8 000002d4 000002d0 000002cc 000002c8 000002c4 000002f8 000002f4 000002f0 000002ec 000002e8 000002e4 000002e0 000002dc 000002d8 000002d4 000002d0 000002cc 000002c8 000002c4 
core   0: 0x80000180 (0x024282d7) vadd.vv v5, v4, v5
core   0: 3 0x80000180 (0x024282d7) c8_vstart 0x00000000 e32 m1 l32 v5  ffffffff 0x900002d0 900002cc 900002c8 900002c4 900002f8 900002f4 900002f0 900002ec 900002e8 900002e4 900002e0 900002dc 900002d8 900002d4 900002d0 900002cc 900002c8 900002c4 900002f8 900002f4 900002f0 900002ec 900002e8 900002e4 900002e0 900002dc 900002d8 900002d4 900002d0 900002cc 900002c8 900002c4 
core   0: 0x80000184 (0x0002a2fb) vlw12.v v5, v5, 0
core   0: 3 0x80000184 (0x0002a2fb) e32 m1 l32 v5  ffffffff 0x4292b23d 429bd0aa 4235eeec 3f9d94a2 42b001e7 412312b0 429563a9 424a2af2 4263fcd8 4291e7ed 40b9a889 4240ed3d 42a4982f 42ae947f 4292b23d 429bd0aa 4235eeec 3f9d94a2 42b001e7 412312b0 429563a9 424a2af2 4263fcd8 4291e7ed 40b9a889 4240ed3d 42a4982f 42ae947f 4292b23d 429bd0aa 4235eeec 3f9d94a2  c8_vstart 0x00000000 mem 0x900002c4 mem 0x900002c8 mem 0x900002cc mem 0x900002d0 mem 0x900002d4 mem 0x900002d8 mem 0x900002dc mem 0x900002e0 mem 0x900002e4 mem 0x900002e8 mem 0x900002ec mem 0x900002f0 mem 0x900002f4 mem 0x900002f8 mem 0x900002c4 mem 0x900002c8 mem 0x900002cc mem 0x900002d0 mem 0x900002d4 mem 0x900002d8 mem 0x900002dc mem 0x900002e0 mem 0x900002e4 mem 0x900002e8 mem 0x900002ec mem 0x900002f0 mem 0x900002f4 mem 0x900002f8 mem 0x900002c4 mem 0x900002c8 mem 0x900002cc mem 0x900002d0
core   0: 0x80000188 (0x0001a1fb) vlw12.v v3, v3, 0
core   0: 3 0x80000188 (0x0001a1fb) e32 m1 l32 v3  ffffffff 0x429bd0aa 4235eeec 3f9d94a2 42b5e9aa 412312b0 429563a9 424a2af2 4263fcd8 4291e7ed 40b9a889 4240ed3d 42a4982f 42ae947f 4292b23d 429bd0aa 4235eeec 3f9d94a2 42b5e9aa 412312b0 429563a9 424a2af2 4263fcd8 4291e7ed 40b9a889 4240ed3d 42a4982f 42ae947f 4292b23d 429bd0aa 4235eeec 3f9d94a2 42b5e9aa  c8_vstart 0x00000000 mem 0x900002c0 mem 0x900002c4 mem 0x900002c8 mem 0x900002cc mem 0x900002d0 mem 0x900002d4 mem 0x900002d8 mem 0x900002dc mem 0x900002e0 mem 0x900002e4 mem 0x900002e8 mem 0x900002ec mem 0x900002f0 mem 0x900002f4 mem 0x900002c0 mem 0x900002c4 mem 0x900002c8 mem 0x900002cc mem 0x900002d0 mem 0x900002d4 mem 0x900002d8 mem 0x900002dc mem 0x900002e0 mem 0x900002e4 mem 0x900002e8 mem 0x900002ec mem 0x900002f0 mem 0x900002f4 mem 0x900002c0 mem 0x900002c4 mem 0x900002c8 mem 0x900002cc
core   0: 0x8000018c (0xfd812283) lw      x5, -40(x2)
core   0: 3 0x8000018c (0xfd812283) x5  0x3f800000 mem 0x7000000c
core   0: 0x80000190 (0x5e02c357) vmv.v.x v6, x5
core   0: 3 0x80000190 (0x5e02c357) c8_vstart 0x00000000 e32 m1 l32 v6  ffffffff 0x3f800000 3f800000 3f800000 3f800000 3f800000 3f800000 3f800000 3f800000 3f800000 3f800000 3f800000 3f800000 3f800000 3f800000 3f800000 3f800000 3f800000 3f800000 3f800000 3f800000 3f800000 3f800000 3f800000 3f800000 3f800000 3f800000 3f800000 3f800000 3f800000 3f800000 3f800000 3f800000 
core   0: 0x80000194 (0x925312d7) vfmul.vv v5, v5, v6
core   0: 3 0x80000194 (0x925312d7) c8_vstart 0x00000000 e32 m1 l32 v5  ffffffff 0x4292b23d 429bd0aa 4235eeec 3f9d94a2 42b001e7 412312b0 429563a9 424a2af2 4263fcd8 4291e7ed 40b9a889 4240ed3d 42a4982f 42ae947f 4292b23d 429bd0aa 4235eeec 3f9d94a2 42b001e7 412312b0 429563a9 424a2af2 4263fcd8 4291e7ed 40b9a889 4240ed3d 42a4982f 42ae947f 4292b23d 429bd0aa 4235eeec 3f9d94a2 
core   0: 0x80000198 (0x0200b357) vadd.vi v6, v0, 1
core   0: 3 0x80000198 (0x0200b357) c8_vstart 0x00000000 e32 m1 l32 v6  ffffffff 0x000000c5 000000c4 000000c3 000000c2 000000cf 000000ce 000000cd 000000cc 000000cb 000000ca 000000c9 000000c8 000000c7 000000c6 000000c5 000000c4 000000c3 000000c2 000000cf 000000ce 000000cd 000000cc 000000cb 000000ca 000000c9 000000c8 000000c7 000000c6 000000c5 000000c4 000000c3 000000c2 
core   0: 0x8000019c (0x0a6083d7) vsub.vv v7, v6, v1
core   0: 3 0x8000019c (0x0a6083d7) c8_vstart 0x00000000 e32 m1 l32 v7  ffffffff 0x000000b5 000000b4 000000b3 000000b2 000000bf 000000be 000000bd 000000bc 000000bb 000000ba 000000b9 000000b8 000000b7 000000b6 000000b5 000000b4 000000b3 000000b2 000000bf 000000be 000000bd 000000bc 000000bb 000000ba 000000b9 000000b8 000000b7 000000b6 000000b5 000000b4 000000b3 000000b2 
core   0: 0x800001a0 (0x967133d7) vsll.vi v7, v7, 2
core   0: 3 0x800001a0 (0x967133d7) c8_vstart 0x00000000 e32 m1 l32 v7  ffffffff 0x000002d4 000002d0 000002cc 000002c8 000002fc 000002f8 000002f4 000002f0 000002ec 000002e8 000002e4 000002e0 000002dc 000002d8 000002d4 000002d0 000002cc 000002c8 000002fc 000002f8 000002f4 000002f0 000002ec 000002e8 000002e4 000002e0 000002dc 000002d8 000002d4 000002d0 000002cc 000002c8 
core   0: 0x800001a4 (0x024383d7) vadd.vv v7, v4, v7
core   0: 3 0x800001a4 (0x024383d7) c8_vstart 0x00000000 e32 m1 l32 v7  ffffffff 0x900002d4 900002d0 900002cc 900002c8 900002fc 900002f8 900002f4 900002f0 900002ec 900002e8 900002e4 900002e0 900002dc 900002d8 900002d4 900002d0 900002cc 900002c8 900002fc 900002f8 900002f4 900002f0 900002ec 900002e8 900002e4 900002e0 900002dc 900002d8 900002d4 900002d0 900002cc 900002c8 
core   0: 0x800001a8 (0x0003a3fb) vlw12.v v7, v7, 0
core   0: 3 0x800001a8 (0x0003a3fb) e32 m1 l32 v7  ffffffff 0x42ae947f 4292b23d 429bd0aa 4235eeec 42b90b4f 42b001e7 412312b0 429563a9 424a2af2 4263fcd8 4291e7ed 40b9a889 4240ed3d 42a4982f 42ae947f 4292b23d 429bd0aa 4235eeec 42b90b4f 42b001e7 412312b0 429563a9 424a2af2 4263fcd8 4291e7ed 40b9a889 4240ed3d 42a4982f 42ae947f 4292b23d 429bd0aa 4235eeec  c8_vstart 0x00000000 mem 0x900002c8 mem 0x900002cc mem 0x900002d0 mem 0x900002d4 mem 0x900002d8 mem 0x900002dc mem 0x900002e0 mem 0x900002e4 mem 0x900002e8 mem 0x900002ec mem 0x900002f0 mem 0x900002f4 mem 0x900002f8 mem 0x900002fc mem 0x900002c8 mem 0x900002cc mem 0x900002d0 mem 0x900002d4 mem 0x900002d8 mem 0x900002dc mem 0x900002e0 mem 0x900002e4 mem 0x900002e8 mem 0x900002ec mem 0x900002f0 mem 0x900002f4 mem 0x900002f8 mem 0x900002fc mem 0x900002c8 mem 0x900002cc mem 0x900002d0 mem 0x900002d4
core   0: 0x800001ac (0x96213457) vsll.vi v8, v2, 2
core   0: 3 0x800001ac (0x96213457) c8_vstart 0x00000000 e32 m1 l32 v8  ffffffff 0x0000030c 00000308 00000304 00000300 00000334 00000330 0000032c 00000328 00000324 00000320 0000031c 00000318 00000314 00000310 0000030c 00000308 00000304 00000300 00000334 00000330 0000032c 00000328 00000324 00000320 0000031c 00000318 00000314 00000310 0000030c 00000308 00000304 00000300 
core   0: 0x800001b0 (0x02440457) vadd.vv v8, v4, v8
core   0: 3 0x800001b0 (0x02440457) c8_vstart 0x00000000 e32 m1 l32 v8  ffffffff 0x9000030c 90000308 90000304 90000300 90000334 90000330 9000032c 90000328 90000324 90000320 9000031c 90000318 90000314 90000310 9000030c 90000308 90000304 90000300 90000334 90000330 9000032c 90000328 90000324 90000320 9000031c 90000318 90000314 90000310 9000030c 90000308 90000304 90000300 
core   0: 0x800001b4 (0x0004247b) vlw12.v v8, v8, 0
core   0: 3 0x800001b4 (0x0004247b) e32 m1 l32 v8  ffffffff 0x42876377 41a2c621 424276a3 4229f36f 4278f6a9 42c0a952 42b68ace 4267c7c1 429357d8 4285141f 4294c80c 42b6a686 42b0931a 4222826f 42876377 41a2c621 424276a3 4229f36f 4278f6a9 42c0a952 42b68ace 4267c7c1 429357d8 4285141f 4294c80c 42b6a686 42b0931a 4222826f 42876377 41a2c621 424276a3 4229f36f  c8_vstart 0x00000000 mem 0x90000300 mem 0x90000304 mem 0x90000308 mem 0x9000030c mem 0x90000310 mem 0x90000314 mem 0x90000318 mem 0x9000031c mem 0x90000320 mem 0x90000324 mem 0x90000328 mem 0x9000032c mem 0x90000330 mem 0x90000334 mem 0x90000300 mem 0x90000304 mem 0x90000308 mem 0x9000030c mem 0x90000310 mem 0x90000314 mem 0x90000318 mem 0x9000031c mem 0x90000320 mem 0x90000324 mem 0x90000328 mem 0x9000032c mem 0x90000330 mem 0x90000334 mem 0x90000300 mem 0x90000304 mem 0x90000308 mem 0x9000030c
core   0: 0x800001b8 (0x960134d7) vsll.vi v9, v0, 2
core   0: 3 0x800001b8 (0x960134d7) c8_vstart 0x00000000 e32 m1 l32 v9  ffffffff 0x00000310 0000030c 00000308 00000304 00000338 00000334 00000330 0000032c 00000328 00000324 00000320 0000031c 00000318 00000314 00000310 0000030c 00000308 00000304 00000338 00000334 00000330 0000032c 00000328 00000324 00000320 0000031c 00000318 00000314 00000310 0000030c 00000308 00000304 
core   0: 0x800001bc (0x02448557) vadd.vv v10, v4, v9
core   0: 3 0x800001bc (0x02448557) c8_vstart 0x00000000 e32 m1 l32 v10 ffffffff 0x90000310 9000030c 90000308 90000304 90000338 90000334 90000330 9000032c 90000328 90000324 90000320 9000031c 90000318 90000314 90000310 9000030c 90000308 90000304 90000338 90000334 90000330 9000032c 90000328 90000324 90000320 9000031c 90000318 90000314 90000310 9000030c 90000308 90000304 
core   0: 0x800001c0 (0x0005257b) vlw12.v v10, v10, 0
core   0: 3 0x800001c0 (0x0005257b) e32 m1 l32 v10 ffffffff 0x4222826f 42876377 41a2c621 424276a3 420f8ab4 4278f6a9 42c0a952 42b68ace 4267c7c1 429357d8 4285141f 4294c80c 42b6a686 42b0931a 4222826f 42876377 41a2c621 424276a3 420f8ab4 4278f6a9 42c0a952 42b68ace 4267c7c1 429357d8 4285141f 4294c80c 42b6a686 42b0931a 4222826f 42876377 41a2c621 424276a3  c8_vstart 0x00000000 mem 0x90000304 mem 0x90000308 mem 0x9000030c mem 0x90000310 mem 0x90000314 mem 0x90000318 mem 0x9000031c mem 0x90000320 mem 0x90000324 mem 0x90000328 mem 0x9000032c mem 0x90000330 mem 0x90000334 mem 0x90000338 mem 0x90000304 mem 0x90000308 mem 0x9000030c mem 0x90000310 mem 0x90000314 mem 0x90000318 mem 0x9000031c mem 0x90000320 mem 0x90000324 mem 0x90000328 mem 0x9000032c mem 0x90000330 mem 0x90000334 mem 0x90000338 mem 0x90000304 mem 0x90000308 mem 0x9000030c mem 0x90000310
core   0: 0x800001c4 (0x966135d7) vsll.vi v11, v6, 2
core   0: 3 0x800001c4 (0x966135d7) c8_vstart 0x00000000 e32 m1 l32 v11 ffffffff 0x00000314 00000310 0000030c 00000308 0000033c 00000338 00000334 00000330 0000032c 00000328 00000324 00000320 0000031c 00000318 00000314 00000310 0000030c 00000308 0000033c 00000338 00000334 00000330 0000032c 00000328 00000324 00000320 0000031c 00000318 00000314 00000310 0000030c 00000308 
core   0: 0x800001c8 (0x024585d7) vadd.vv v11, v4, v11
core   0: 3 0x800001c8 (0x024585d7) c8_vstart 0x00000000 e32 m1 l32 v11 ffffffff 0x90000314 90000310 9000030c 90000308 9000033c 90000338 90000334 90000330 9000032c 90000328 90000324 90000320 9000031c 90000318 90000314 90000310 9000030c 90000308 9000033c 90000338 90000334 90000330 9000032c 90000328 90000324 90000320 9000031c 90000318 90000314 90000310 9000030c 90000308 
core   0: 0x800001cc (0x0005a5fb) vlw12.v v11, v11, 0
core   0: 3 0x800001cc (0x0005a5fb) e32 m1 l32 v11 ffffffff 0x42b0931a 4222826f 42876377 41a2c621 42ae92fb 420f8ab4 4278f6a9 42c0a952 42b68ace 4267c7c1 429357d8 4285141f 4294c80c 42b6a686 42b0931a 4222826f 42876377 41a2c621 42ae92fb 420f8ab4 4278f6a9 42c0a952 42b68ace 4267c7c1 429357d8 4285141f 4294c80c 42b6a686 42b0931a 4222826f 42876377 41a2c621  c8_vstart 0x00000000 mem 0x90000308 mem 0x9000030c mem 0x90000310 mem 0x90000314 mem 0x90000318 mem 0x9000031c mem 0x90000320 mem 0x90000324 mem 0x90000328 mem 0x9000032c mem 0x90000330 mem 0x90000334 mem 0x90000338 mem 0x9000033c mem 0x90000308 mem 0x9000030c mem 0x90000310 mem 0x90000314 mem 0x90000318 mem 0x9000031c mem 0x90000320 mem 0x90000324 mem 0x90000328 mem 0x9000032c mem 0x90000330 mem 0x90000334 mem 0x90000338 mem 0x9000033c mem 0x90000308 mem 0x9000030c mem 0x90000310 mem 0x90000314
core   0: 0x800001d0 (0x02208157) vadd.vv v2, v2, v1
core   0: 3 0x800001d0 (0x02208157) c8_vstart 0x00000000 e32 m1 l32 v2  ffffffff 0x000000d3 000000d2 000000d1 000000d0 000000dd 000000dc 000000db 000000da 000000d9 000000d8 000000d7 000000d6 000000d5 000000d4 000000d3 000000d2 000000d1 000000d0 000000dd 000000dc 000000db 000000da 000000d9 000000d8 000000d7 000000d6 000000d5 000000d4 000000d3 000000d2 000000d1 000000d0 
core   0: 0x800001d4 (0x96213157) vsll.vi v2, v2, 2
core   0: 3 0x800001d4 (0x96213157) c8_vstart 0x00000000 e32 m1 l32 v2  ffffffff 0x0000034c 00000348 00000344 00000340 00000374 00000370 0000036c 00000368 00000364 00000360 0000035c 00000358 00000354 00000350 0000034c 00000348 00000344 00000340 00000374 00000370 0000036c 00000368 00000364 00000360 0000035c 00000358 00000354 00000350 0000034c 00000348 00000344 00000340 
core   0: 0x800001d8 (0x02410157) vadd.vv v2, v4, v2
core   0: 3 0x800001d8 (0x02410157) c8_vstart 0x00000000 e32 m1 l32 v2  ffffffff 0x9000034c 90000348 90000344 90000340 90000374 90000370 9000036c 90000368 90000364 90000360 9000035c 90000358 90000354 90000350 9000034c 90000348 90000344 90000340 90000374 90000370 9000036c 90000368 90000364 90000360 9000035c 90000358 90000354 90000350 9000034c 90000348 90000344 90000340 
core   0: 0x800001dc (0x0001217b) vlw12.v v2, v2, 0
core   0: 3 0x800001dc (0x0001217b) e32 m1 l32 v2  ffffffff 0x421347ca 428263a5 42a2bcd1 427de34e 415019c3 4250f68a 42be476b 41c80544 422831dd 41a38f07 4294ebd8 42aa1a83 423df7a9 42895150 421347ca 428263a5 42a2bcd1 427de34e 415019c3 4250f68a 42be476b 41c80544 422831dd 41a38f07 4294ebd8 42aa1a83 423df7a9 42895150 421347ca 428263a5 42a2bcd1 427de34e  c8_vstart 0x00000000 mem 0x90000340 mem 0x90000344 mem 0x90000348 mem 0x9000034c mem 0x90000350 mem 0x90000354 mem 0x90000358 mem 0x9000035c mem 0x90000360 mem 0x90000364 mem 0x90000368 mem 0x9000036c mem 0x90000370 mem 0x90000374 mem 0x90000340 mem 0x90000344 mem 0x90000348 mem 0x9000034c mem 0x90000350 mem 0x90000354 mem 0x90000358 mem 0x9000035c mem 0x90000360 mem 0x90000364 mem 0x90000368 mem 0x9000036c mem 0x90000370 mem 0x90000374 mem 0x90000340 mem 0x90000344 mem 0x90000348 mem 0x9000034c
core   0: 0x800001e0 (0x02008057) vadd.vv v0, v0, v1
core   0: 3 0x800001e0 (0x02008057) c8_vstart 0x00000000 e32 m1 l32 v0  ffffffff 0x000000d4 000000d3 000000d2 000000d1 000000de 000000dd 000000dc 000000db 000000da 000000d9 000000d8 000000d7 000000d6 000000d5 000000d4 000000d3 000000d2 000000d1 000000de 000000dd 000000dc 000000db 000000da 000000d9 000000d8 000000d7 000000d6 000000d5 000000d4 000000d3 000000d2 000000d1 
core   0: 0x800001e4 (0x96013057) vsll.vi v0, v0, 2
core   0: 3 0x800001e4 (0x96013057) c8_vstart 0x00000000 e32 m1 l32 v0  ffffffff 0x00000350 0000034c 00000348 00000344 00000378 00000374 00000370 0000036c 00000368 00000364 00000360 0000035c 00000358 00000354 00000350 0000034c 00000348 00000344 00000378 00000374 00000370 0000036c 00000368 00000364 00000360 0000035c 00000358 00000354 00000350 0000034c 00000348 00000344 
core   0: 0x800001e8 (0x02400057) vadd.vv v0, v4, v0
core   0: 3 0x800001e8 (0x02400057) c8_vstart 0x00000000 e32 m1 l32 v0  ffffffff 0x90000350 9000034c 90000348 90000344 90000378 90000374 90000370 9000036c 90000368 90000364 90000360 9000035c 90000358 90000354 90000350 9000034c 90000348 90000344 90000378 90000374 90000370 9000036c 90000368 90000364 90000360 9000035c 90000358 90000354 90000350 9000034c 90000348 90000344 
core   0: 0x800001ec (0x0000207b) vlw12.v v0, v0, 0
core   0: 3 0x800001ec (0x0000207b) e32 m1 l32 v0  ffffffff 0x42895150 421347ca 428263a5 42a2bcd1 42af52ba 415019c3 4250f68a 42be476b 41c80544 422831dd 41a38f07 4294ebd8 42aa1a83 423df7a9 42895150 421347ca 428263a5 42a2bcd1 42af52ba 415019c3 4250f68a 42be476b 41c80544 422831dd 41a38f07 4294ebd8 42aa1a83 423df7a9 42895150 421347ca 428263a5 42a2bcd1  c8_vstart 0x00000000 mem 0x90000344 mem 0x90000348 mem 0x9000034c mem 0x90000350 mem 0x90000354 mem 0x90000358 mem 0x9000035c mem 0x90000360 mem 0x90000364 mem 0x90000368 mem 0x9000036c mem 0x90000370 mem 0x90000374 mem 0x90000378 mem 0x90000344 mem 0x90000348 mem 0x9000034c mem 0x90000350 mem 0x90000354 mem 0x90000358 mem 0x9000035c mem 0x90000360 mem 0x90000364 mem 0x90000368 mem 0x9000036c mem 0x90000370 mem 0x90000374 mem 0x90000378 mem 0x90000344 mem 0x90000348 mem 0x9000034c mem 0x90000350
core   0: 0x800001f0 (0x026080d7) vadd.vv v1, v6, v1
core   0: 3 0x800001f0 (0x026080d7) c8_vstart 0x00000000 e32 m1 l32 v1  ffffffff 0x000000d5 000000d4 000000d3 000000d2 000000df 000000de 000000dd 000000dc 000000db 000000da 000000d9 000000d8 000000d7 000000d6 000000d5 000000d4 000000d3 000000d2 000000df 000000de 000000dd 000000dc 000000db 000000da 000000d9 000000d8 000000d7 000000d6 000000d5 000000d4 000000d3 000000d2 
core   0: 0x800001f4 (0x961130d7) vsll.vi v1, v1, 2
core   0: 3 0x800001f4 (0x961130d7) c8_vstart 0x00000000 e32 m1 l32 v1  ffffffff 0x00000354 00000350 0000034c 00000348 0000037c 00000378 00000374 00000370 0000036c 00000368 00000364 00000360 0000035c 00000358 00000354 00000350 0000034c 00000348 0000037c 00000378 00000374 00000370 0000036c 00000368 00000364 00000360 0000035c 00000358 00000354 00000350 0000034c 00000348 
core   0: 0x800001f8 (0x024080d7) vadd.vv v1, v4, v1
core   0: 3 0x800001f8 (0x024080d7) c8_vstart 0x00000000 e32 m1 l32 v1  ffffffff 0x90000354 90000350 9000034c 90000348 9000037c 90000378 90000374 90000370 9000036c 90000368 90000364 90000360 9000035c 90000358 90000354 90000350 9000034c 90000348 9000037c 90000378 90000374 90000370 9000036c 90000368 90000364 90000360 9000035c 90000358 90000354 90000350 9000034c 90000348 
core   0: 0x800001fc (0x0000a0fb) vlw12.v v1, v1, 0
core   0: 3 0x800001fc (0x0000a0fb) e32 m1 l32 v1  ffffffff 0x423df7a9 42895150 421347ca 428263a5 42bd74fc 42af52ba 415019c3 4250f68a 42be476b 41c80544 422831dd 41a38f07 4294ebd8 42aa1a83 423df7a9 42895150 421347ca 428263a5 42bd74fc 42af52ba 415019c3 4250f68a 42be476b 41c80544 422831dd 41a38f07 4294ebd8 42aa1a83 423df7a9 42895150 421347ca 428263a5  c8_vstart 0x00000000 mem 0x90000348 mem 0x9000034c mem 0x90000350 mem 0x90000354 mem 0x90000358 mem 0x9000035c mem 0x90000360 mem 0x90000364 mem 0x90000368 mem 0x9000036c mem 0x90000370 mem 0x90000374 mem 0x90000378 mem 0x9000037c mem 0x90000348 mem 0x9000034c mem 0x90000350 mem 0x90000354 mem 0x90000358 mem 0x9000035c mem 0x90000360 mem 0x90000364 mem 0x90000368 mem 0x9000036c mem 0x90000370 mem 0x90000374 mem 0x90000378 mem 0x9000037c mem 0x90000348 mem 0x9000034c mem 0x90000350 mem 0x90000354
core   0: 0x80000200 (0xfdc12283) lw      x5, -36(x2)
core   0: 3 0x80000200 (0xfdc12283) x5  0x3f800000 mem 0x70000010
core   0: 0x80000204 (0x5e02c257) vmv.v.x v4, x5
core   0: 3 0x80000204 (0x5e02c257) c8_vstart 0x00000000 e32 m1 l32 v4  ffffffff 0x3f800000 3f800000 3f800000 3f800000 3f800000 3f800000 3f800000 3f800000 3f800000 3f800000 3f800000 3f800000 3f800000 3f800000 3f800000 3f800000 3f800000 3f800000 3f800000 3f800000 3f800000 3f800000 3f800000 3f800000 3f800000 3f800000 3f800000 3f800000 3f800000 3f800000 3f800000 3f800000 
core   0: 0x80000208 (0xa25211d7) vfmadd.vv v3, v5, v4
core   0: 3 0x80000208 (0xa25211d7) c8_vstart 0x00000000 c1_fflags 0x00000001 e32 m1 l32 v3  ffffffff 0x43174174 42f6c820 423adb91 42b85ffd 42c4643d 42a9c5ff 42fa7922 42d713e5 4301f32c 429d8276 4258224e 43028767 43299657 4320a35e 43174174 42f6c820 423adb91 42b85ffd 42c4643d 42a9c5ff 42fa7922 42d713e5 4301f32c 429d8276 4258224e 43028767 43299657 4320a35e 43174174 42f6c820 423adb91 42b85ffd 
core   0: 0x8000020c (0xfe012283) lw      x5, -32(x2)
core   0: 3 0x8000020c (0xfe012283) x5  0x3f800000 mem 0x70000014
core   0: 0x80000210 (0x5e02c257) vmv.v.x v4, x5
core   0: 3 0x80000210 (0x5e02c257) c8_vstart 0x00000000 e32 m1 l32 v4  ffffffff 0x3f800000 3f800000 3f800000 3f800000 3f800000 3f800000 3f800000 3f800000 3f800000 3f800000 3f800000 3f800000 3f800000 3f800000 3f800000 3f800000 3f800000 3f800000 3f800000 3f800000 3f800000 3f800000 3f800000 3f800000 3f800000 3f800000 3f800000 3f800000 3f800000 3f800000 3f800000 3f800000 
core   0: 0x80000214 (0xa23213d7) vfmadd.vv v7, v3, v4
core   0: 3 0x80000214 (0xa23213d7) c8_vstart 0x00000000 c1_fflags 0x00000001 e32 m1 l32 v7  ffffffff 0x436e8bb4 4344bd2e 42f93e72 4309abba 433eb7c6 432ce3f3 43076dbc 43363bc7 43347de8 4307c071 42fdf914 430854ab 4359d1a6 4372ef76 436e8bb4 4344bd2e 42f93e72 4309abba 433eb7c6 432ce3f3 43076dbc 43363bc7 43347de8 4307c071 42fdf914 430854ab 4359d1a6 4372ef76 436e8bb4 4344bd2e 42f93e72 4309abba 
core   0: 0x80000218 (0xfe412283) lw      x5, -28(x2)
core   0: 3 0x80000218 (0xfe412283) x5  0x3f800000 mem 0x70000018
core   0: 0x8000021c (0x5e02c1d7) vmv.v.x v3, x5
core   0: 3 0x8000021c (0x5e02c1d7) c8_vstart 0x00000000 e32 m1 l32 v3  ffffffff 0x3f800000 3f800000 3f800000 3f800000 3f800000 3f800000 3f800000 3f800000 3f800000 3f800000 3f800000 3f800000 3f800000 3f800000 3f800000 3f800000 3f800000 3f800000 3f800000 3f800000 3f800000 3f800000 3f800000 3f800000 3f800000 3f800000 3f800000 3f800000 3f800000 3f800000 3f800000 3f800000 
core   0: 0x80000220 (0xa2719457) vfmadd.vv v8, v7, v3
core   0: 3 0x80000220 (0xa2719457) c8_vstart 0x00000000 c1_fflags 0x00000001 e32 m1 l32 v8  ffffffff 0x43991eb8 435915f2 432d3ce2 43342896 437cf570 43869c4e 4362b323 43702db7 437e29d4 434a4a80 43496090 4363a7ee 43990d9a 438dc809 43991eb8 435915f2 432d3ce2 43342896 437cf570 43869c4e 4362b323 43702db7 437e29d4 434a4a80 43496090 4363a7ee 43990d9a 438dc809 43991eb8 435915f2 432d3ce2 43342896 
core   0: 0x80000224 (0xfe812283) lw      x5, -24(x2)
core   0: 3 0x80000224 (0xfe812283) x5  0x3f800000 mem 0x7000001c
core   0: 0x80000228 (0x5e02c1d7) vmv.v.x v3, x5
core   0: 3 0x80000228 (0x5e02c1d7) c8_vstart 0x00000000 e32 m1 l32 v3  ffffffff 0x3f800000 3f800000 3f800000 3f800000 3f800000 3f800000 3f800000 3f800000 3f800000 3f800000 3f800000 3f800000 3f800000 3f800000 3f800000 3f800000 3f800000 3f800000 3f800000 3f800000 3f800000 3f800000 3f800000 3f800000 3f800000 3f800000 3f800000 3f800000 3f800000 3f800000 3f800000 3f800000 
core   0: 0x8000022c (0xa2819557) vfmadd.vv v10, v8, v3
core   0: 3 0x8000022c (0xa2819557) c8_vstart 0x00000000 c1_fflags 0x00000001 e32 m1 l32 v10 ffffffff 0x43ad6f06 438e63d7 434195a6 4364c63f 43906c0e 43a5bb23 43a183e6 43a5b98f 439c0de2 4389fb36 4385f550 439705fa 43c6b73c 43b9ecd0 43ad6f06 438e63d7 434195a6 4364c63f 43906c0e 43a5bb23 43a183e6 43a5b98f 439c0de2 4389fb36 4385f550 439705fa 43c6b73c 43b9ecd0 43ad6f06 438e63d7 434195a6 4364c63f 
core   0: 0x80000230 (0xfec12283) lw      x5, -20(x2)
core   0: 3 0x80000230 (0xfec12283) x5  0x3f800000 mem 0x70000020
core   0: 0x80000234 (0x5e02c1d7) vmv.v.x v3, x5
core   0: 3 0x80000234 (0x5e02c1d7) c8_vstart 0x00000000 e32 m1 l32 v3  ffffffff 0x3f800000 3f800000 3f800000 3f800000 3f800000 3f800000 3f800000 3f800000 3f800000 3f800000 3f800000 3f800000 3f800000 3f800000 3f800000 3f800000 3f800000 3f800000 3f800000 3f800000 3f800000 3f800000 3f800000 3f800000 3f800000 3f800000 3f800000 3f800000 3f800000 3f800000 3f800000 3f800000 
core   0: 0x80000238 (0xa2a195d7) vfmadd.vv v11, v10, v3
core   0: 3 0x80000238 (0xa2a195d7) c8_vstart 0x00000000 c1_fflags 0x00000001 e32 m1 l32 v11 ffffffff 0x43d993cc 43a2b425 4382a3b1 43791f03 43bc10cd 43b7ac7a 43c0a2bb 43d5e3e4 43c9b096 43a6f42e 43aacb46 43b84b02 43ebe93f 43e79672 43d993cc 43a2b425 4382a3b1 43791f03 43bc10cd 43b7ac7a 43c0a2bb 43d5e3e4 43c9b096 43a6f42e 43aacb46 43b84b02 43ebe93f 43e79672 43d993cc 43a2b425 4382a3b1 43791f03 
core   0: 0x8000023c (0xff012283) lw      x5, -16(x2)
core   0: 3 0x8000023c (0xff012283) x5  0x3f800000 mem 0x70000024
core   0: 0x80000240 (0x5e02c1d7) vmv.v.x v3, x5
core   0: 3 0x80000240 (0x5e02c1d7) c8_vstart 0x00000000 e32 m1 l32 v3  ffffffff 0x3f800000 3f800000 3f800000 3f800000 3f800000 3f800000 3f800000 3f800000 3f800000 3f800000 3f800000 3f800000 3f800000 3f800000 3f800000 3f800000 3f800000 3f800000 3f800000 3f800000 3f800000 3f800000 3f800000 3f800000 3f800000 3f800000 3f800000 3f800000 3f800000 3f800000 3f800000 3f800000 
core   0: 0x80000244 (0xa2b19157) vfmadd.vv v2, v11, v3
core   0: 3 0x80000244 (0xa2b19157) c8_vstart 0x00000000 c1_fflags 0x00000001 e32 m1 l32 v2  ffffffff 0x43ebfcc5 43c34d0e 43ab52e5 439c4beb 43c2919b 43d1cb4b 43f03496 43e26438 43deb6d2 43b12d1e 43d0063c 43e2d1a3 4401d41a 4404f563 43ebfcc5 43c34d0e 43ab52e5 439c4beb 43c2919b 43d1cb4b 43f03496 43e26438 43deb6d2 43b12d1e 43d0063c 43e2d1a3 4401d41a 4404f563 43ebfcc5 43c34d0e 43ab52e5 439c4beb 
core   0: 0x80000248 (0xff412283) lw      x5, -12(x2)
core   0: 3 0x80000248 (0xff412283) x5  0x3f800000 mem 0x70000028
core   0: 0x8000024c (0x5e02c1d7) vmv.v.x v3, x5
core   0: 3 0x8000024c (0x5e02c1d7) c8_vstart 0x00000000 e32 m1 l32 v3  ffffffff 0x3f800000 3f800000 3f800000 3f800000 3f800000 3f800000 3f800000 3f800000 3f800000 3f800000 3f800000 3f800000 3f800000 3f800000 3f800000 3f800000 3f800000 3f800000 3f800000 3f800000 3f800000 3f800000 3f800000 3f800000 3f800000 3f800000 3f800000 3f800000 3f800000 3f800000 3f800000 3f800000 
core   0: 0x80000250 (0xa2219057) vfmadd.vv v0, v2, v3
core   0: 3 0x80000250 (0xa2219057) c8_vstart 0x00000000 c1_fflags 0x00000001 e32 m1 l32 v0  ffffffff 0x4407288c 43d5b607 43cbebce 43c4fb1f 43ee664a 43d84c19 440529b4 4408fb09 43eb3726 43c6335a 43da3f2c 4404064c 4417176a 4410d4de 4407288c 43d5b607 43cbebce 43c4fb1f 43ee664a 43d84c19 440529b4 4408fb09 43eb3726 43c6335a 43da3f2c 4404064c 4417176a 4410d4de 4407288c 43d5b607 43cbebce 43c4fb1f 
core   0: 0x80000254 (0xff812283) lw      x5, -8(x2)
core   0: 3 0x80000254 (0xff812283) x5  0x3f800000 mem 0x7000002c
core   0: 0x80000258 (0x5e02c157) vmv.v.x v2, x5
core   0: 3 0x80000258 (0x5e02c157) c8_vstart 0x00000000 e32 m1 l32 v2  ffffffff 0x3f800000 3f800000 3f800000 3f800000 3f800000 3f800000 3f800000 3f800000 3f800000 3f800000 3f800000 3f800000 3f800000 3f800000 3f800000 3f800000 3f800000 3f800000 3f800000 3f800000 3f800000 3f800000 3f800000 3f800000 3f800000 3f800000 3f800000 3f800000 3f800000 3f800000 3f800000 3f800000 
core   0: 0x8000025c (0xa20110d7) vfmadd.vv v1, v0, v2
core   0: 3 0x8000025c (0xa20110d7) c8_vstart 0x00000000 c1_fflags 0x00000001 e32 m1 l32 v1  ffffffff 0x44130807 43f80a5b 43de54c7 43e59408 440ee1c4 44021064 44086a1b 44160a72 440d6480 43d2b3ae 43ef4568 440922c4 4429b4e5 4426182e 44130807 43f80a5b 43de54c7 43e59408 440ee1c4 44021064 44086a1b 44160a72 440d6480 43d2b3ae 43ef4568 440922c4 4429b4e5 4426182e 44130807 43f80a5b 43de54c7 43e59408 
core   0: 0x80000260 (0xffc12283) lw      x5, -4(x2)
core   0: 3 0x80000260 (0xffc12283) x5  0x90001000 mem 0x70000030
core   0: 0x80000264 (0x0292c057) vadd.vx v0, v9, x5
core   0: 3 0x80000264 (0x0292c057) c8_vstart 0x00000000 e32 m1 l32 v0  ffffffff 0x90001310 9000130c 90001308 90001304 90001338 90001334 90001330 9000132c 90001328 90001324 90001320 9000131c 90001318 90001314 90001310 9000130c 90001308 90001304 90001338 90001334 90001330 9000132c 90001328 90001324 90001320 9000131c 90001318 90001314 90001310 9000130c 90001308 90001304 
core   0: 0x80000268 (0x0010607b) vsw12.v v1, v0, 0
core   0: 3 0x80000268 (0x0010607b) c8_vstart 0x00000000 e32 m1 l32 mem 0x90001304 0x43e59408 mem 0x90001308 0x43de54c7 mem 0x9000130c 0x43f80a5b mem 0x90001310 0x44130807 mem 0x90001314 0x4426182e mem 0x90001318 0x4429b4e5 mem 0x9000131c 0x440922c4 mem 0x90001320 0x43ef4568 mem 0x90001324 0x43d2b3ae mem 0x90001328 0x440d6480 mem 0x9000132c 0x44160a72 mem 0x90001330 0x44086a1b mem 0x90001334 0x44021064 mem 0x90001338 0x440ee1c4 mem 0x90001304 0x43e59408 mem 0x90001308 0x43de54c7 mem 0x9000130c 0x43f80a5b mem 0x90001310 0x44130807 mem 0x90001314 0x4426182e mem 0x90001318 0x4429b4e5 mem 0x9000131c 0x440922c4 mem 0x90001320 0x43ef4568 mem 0x90001324 0x43d2b3ae mem 0x90001328 0x440d6480 mem 0x9000132c 0x44160a72 mem 0x90001330 0x44086a1b mem 0x90001334 0x44021064 mem 0x90001338 0x440ee1c4 mem 0x90001304 0x43e59408 mem 0x90001308 0x43de54c7 mem 0x9000130c 0x43f80a5b mem 0x90001310 0x44130807
core   0: 0x8000026c (0xfcc12083) lw      x1, -52(x2)
core   0: 3 0x8000026c (0xfcc12083) x1  0x800000a0 mem 0x70000000
core   0: 0x80000270 (0x0090200b) regext  x0, x0,  0 0 1 1 
core   0: 3 0x80000270 (0x0090200b)
core   0: 0x80000274 (0x7fc020ab) vlw.v   v1, x0, -4
core   0: 3 0x80000274 (0x7fc020ab) e32 m1 l32 v33 ffffffff 0x00000000 00000000 00000000 00000000 00000000 00000000 00000000 00000000 00000000 00000000 00000000 00000000 00000000 00000000 00000000 00000000 00000000 00000000 00000000 00000000 00000000 00000000 00000000 00000000 00000000 00000000 00000000 00000000 00000000 00000000 00000000 00000000  c8_vstart 0x00000000 mem 0x90003000 mem 0x90003004 mem 0x90003008 mem 0x9000300c mem 0x90003010 mem 0x90003014 mem 0x90003018 mem 0x9000301c mem 0x90003020 mem 0x90003024 mem 0x90003028 mem 0x9000302c mem 0x90003030 mem 0x90003034 mem 0x90003038 mem 0x9000303c mem 0x90003040 mem 0x90003044 mem 0x90003048 mem 0x9000304c mem 0x90003050 mem 0x90003054 mem 0x90003058 mem 0x9000305c mem 0x90003060 mem 0x90003064 mem 0x90003068 mem 0x9000306c mem 0x90003070 mem 0x90003074 mem 0x90003078 mem 0x9000307c
core   0: 0x80000278 (0xfcc10113) addi    x2, x2, -52
core   0: 3 0x80000278 (0xfcc10113) x2  0x70000000
core   0: 0x8000027c (0xffc20213) addi    x4, x4, -4
core   0: 3 0x8000027c (0xffc20213) x4  0x00000000
core   0: 0x80000280 (0x0010200b) regext  x0, x0,  0 0 0 1 
core   0: 3 0x80000280 (0x0010200b)
core   0: 0x80000284 (0x5e024057) vmv.v.x v0, x4
core   0: 3 0x80000284 (0x5e024057) c8_vstart 0x00000000 e32 m1 l32 v32 ffffffff 0x00000000 00000000 00000000 00000000 00000000 00000000 00000000 00000000 00000000 00000000 00000000 00000000 00000000 00000000 00000000 00000000 00000000 00000000 00000000 00000000 00000000 00000000 00000000 00000000 00000000 00000000 00000000 00000000 00000000 00000000 00000000 00000000 
core   0: 0x80000288 (0x00008067) ret
core   0: 3 0x80000288 (0x00008067)
core   0: 0x800000a0 (0x0000400b) endprg  x0, x0, x0
core   0: 3 0x800000a0 (0x0000400b)
core   0: 0x800000a4 (0x0040006f) j       pc + 0x4
core   0: 3 0x800000a4 (0x0040006f)
core   0: 0x800000a8 (0x00100313) li      x6, 1
core   0: 3 0x800000a8 (0x00100313) x6  0x00000001
core   0: 0x800000ac (0x00001297) auipc   x5, 0x1
core   0: 3 0x800000ac (0x00001297) x5  0x800010ac
core   0: 0x800000b0 (0xf5428293) addi    x5, x5, -172
core   0: 3 0x800000b0 (0xf5428293) x5  0x80001000
core   0: 0x800000b4 (0x0062a023) sw      x6, 0(x5)
core   0: 3 0x800000b4 (0x0062a023) mem 0x80001000 0x00000001
core   0: 0x00001000 (0x00000297) auipc   x5, 0x0
core   0: 3 0x00001000 (0x00000297) x5  0x00001000
core   0: 0x00001004 (0x02028593) addi    x11, x5, 32
core   0: 3 0x00001004 (0x02028593) x11 0x00001020
core   0: 0x00001008 (0xf1402573) csrr    x10, mhartid
core   0: 3 0x00001008 (0xf1402573) x10 0x00000000
core   0: 0x0000100c (0x0182a283) lw      x5, 24(x5)
core   0: 3 0x0000100c (0x0182a283) x5  0x80000000 mem 0x00001018
core   0: 0x00001010 (0x00028067) jr      x5
core   0: 3 0x00001010 (0x00028067)
core   0: 0x80000000 (0x00004197) auipc   x3, 0x4
core   0: 3 0x80000000 (0x00004197) x3  0x80004000
core   0: 0x80000004 (0x80818193) addi    x3, x3, -2040
core   0: 3 0x80000004 (0x80818193) x3  0x80003808
core   0: 0x80000008 (0x02000e93) li      x29, 32
core   0: 3 0x80000008 (0x02000e93) x29 0x00000020
core   0: 0x8000000c (0x0d0efed7) vsetvli x29, x29, e32, m1, ta, ma
core   0: 3 0x8000000c (0x0d0efed7) x29 0x00000020 c8_vstart 0x00000000 c3104_vl 0x00000020 c3105_vtype 0x000000d0 c768_mstatus 0x80000600
core   0: 0x80000010 (0x00002eb7) lui     x29, 0x2
core   0: 3 0x80000010 (0x00002eb7) x29 0x00002000
core   0: 0x80000014 (0x300eaef3) csrrs   x29, mstatus, x29
core   0: 3 0x80000014 (0x300eaef3) x29 0x80000600 c768_mstatus 0x80006600
core   0: 0x80000018 (0x00000e93) li      x29, 0
core   0: 3 0x80000018 (0x00000e93) x29 0x00000000
core   0: 0x8000001c (0x80502373) csrr    x6, wid
core   0: 3 0x8000001c (0x80502373) x6  0x00000000
core   0: 0x80000020 (0x806023f3) csrr    x7, lds
core   0: 3 0x80000020 (0x806023f3) x7  0x70000000
core   0: 0x80000024 (0x40000e13) li      x28, 1024
core   0: 3 0x80000024 (0x40000e13) x28 0x00000400
core   0: 0x80000028 (0x03c30333) mul     x6, x6, x28
core   0: 3 0x80000028 (0x03c30333) x6  0x00000000
core   0: 0x8000002c (0x00730133) add     x2, x6, x7
core   0: 3 0x8000002c (0x00730133) x2  0x70000000
core   0: 0x80000030 (0x00000213) li      x4, 0
core   0: 3 0x80000030 (0x00000213) x4  0x00000000
core   0: 0x80000034 (0x80102f73) csrr    x30, numw
core   0: 3 0x80000034 (0x80102f73) x30 0x00000001
core   0: 0x80000038 (0x40000e13) li      x28, 1024
core   0: 3 0x80000038 (0x40000e13) x28 0x00000400
core   0: 0x8000003c (0x03cf0f33) mul     x30, x30, x28
core   0: 3 0x8000003c (0x03cf0f33) x30 0x00000400
core   0: 0x80000040 (0x01e38433) add     x8, x7, x30
core   0: 3 0x80000040 (0x01e38433) x8  0x70000400
core   0: 0x80000044 (0x00003517) auipc   x10, 0x3
core   0: 3 0x80000044 (0x00003517) x10 0x80003044
core   0: 0x80000048 (0xfc450513) addi    x10, x10, -60
core   0: 3 0x80000048 (0xfc450513) x10 0x80003008
core   0: 0x8000004c (0x00003617) auipc   x12, 0x3
core   0: 3 0x8000004c (0x00003617) x12 0x8000304c
core   0: 0x80000050 (0xfbc60613) addi    x12, x12, -68
core   0: 3 0x80000050 (0xfbc60613) x12 0x80003008
core   0: 0x80000054 (0x00c50863) beq     x10, x12, pc + 16
core   0: 3 0x80000054 (0x00c50863)
core   0: 0x80000064 (0x803022f3) csrr    x5, knl
core   0: 3 0x80000064 (0x803022f3) x5  0x901c3000
core   0: 0x80000068 (0x0002a303) lw      x6, 0(x5)
core   0: 3 0x80000068 (0x0002a303) x6  0x800000b8 mem 0x901c3000
core   0: 0x8000006c (0x0042a503) lw      x10, 4(x5)
core   0: 3 0x8000006c (0x0042a503) x10 0x90002000 mem 0x901c3004
core   0: 0x80000070 (0x0302a383) lw      x7, 48(x5)
core   0: 3 0x80000070 (0x0302a383) x7  0x00000000 mem 0x901c3030
core   0: 0x80000074 (0x0342ae03) lw      x28, 52(x5)
core   0: 3 0x80000074 (0x0342ae03) x28 0x00000000 mem 0x901c3034
core   0: 0x80000078 (0x00003e97) auipc   x29, 0x3
core   0: 3 0x80000078 (0x00003e97) x29 0x80003078
core   0: 0x8000007c (0xf88e8e93) addi    x29, x29, -120
core   0: 3 0x8000007c (0xf88e8e93) x29 0x80003000
core   0: 0x80000080 (0x00003f17) auipc   x30, 0x3
core   0: 3 0x80000080 (0x00003f17) x30 0x80003080
core   0: 0x80000084 (0xf84f0f13) addi    x30, x30, -124
core   0: 3 0x80000084 (0xf84f0f13) x30 0x80003004
core   0: 0x80000088 (0x007ea023) sw      x7, 0(x29)
core   0: 3 0x80000088 (0x007ea023) mem 0x80003000 0x00000000
core   0: 0x8000008c (0x01cf2023) sw      x28, 0(x30)
core   0: 3 0x8000008c (0x01cf2023) mem 0x80003004 0x00000000
core   0: 0x80000090 (0x00000f97) auipc   x31, 0x0
core   0: 3 0x80000090 (0x00000f97) x31 0x80000090
core   0: 0x80000094 (0x018f8f93) addi    x31, x31, 24
core   0: 3 0x80000094 (0x018f8f93) x31 0x800000a8
core   0: 0x80000098 (0x305f9073) csrw    mtvec, x31
core   0: 3 0x80000098 (0x305f9073) c773_mtvec 0x800000a8
core   0: 0x8000009c (0x000300e7) jalr    x6
core   0: 3 0x8000009c (0x000300e7) x1  0x800000a0
core   0: 0x800000b8 (0x03410113) addi    x2, x2, 52
core   0: 3 0x800000b8 (0x03410113) x2  0x70000034
core   0: 0x800000bc (0x00420213) addi    x4, x4, 4
core   0: 3 0x800000bc (0x00420213) x4  0x00000004
core   0: 0x800000c0 (0x0010200b) regext  x0, x0,  0 0 0 1 
core   0: 3 0x800000c0 (0x0010200b)
core   0: 0x800000c4 (0x5e024057) vmv.v.x v0, x4
core   0: 3 0x800000c4 (0x5e024057) c8_vstart 0x00000000 e32 m1 l32 v32 ffffffff 0x00000004 00000004 00000004 00000004 00000004 00000004 00000004 00000004 00000004 00000004 00000004 00000004 00000004 00000004 00000004 00000004 00000004 00000004 00000004 00000004 00000004 00000004 00000004 00000004 00000004 00000004 00000004 00000004 00000004 00000004 00000004 00000004 
core   0: 0x800000c8 (0xfc112623) sw      x1, -52(x2)
core   0: 3 0x800000c8 (0xfc112623) mem 0x70000000 0x800000a0
core   0: 0x800000cc (0x0480200b) regext  x0, x0,  0 1 1 0 
core   0: 3 0x800000cc (0x0480200b)
core   0: 0x800000d0 (0xfe102e2b) vsw.v   v1, x0, -4
core   0: 3 0x800000d0 (0xfe102e2b) c8_vstart 0x00000000 mem 0x90003000 0x00000000 mem 0x90003004 0x00000000 mem 0x90003008 0x00000000 mem 0x9000300c 0x00000000 mem 0x90003010 0x00000000 mem 0x90003014 0x00000000 mem 0x90003018 0x00000000 mem 0x9000301c 0x00000000 mem 0x90003020 0x00000000 mem 0x90003024 0x00000000 mem 0x90003028 0x00000000 mem 0x9000302c 0x00000000 mem 0x90003030 0x00000000 mem 0x90003034 0x00000000 mem 0x90003038 0x00000000 mem 0x9000303c 0x00000000 mem 0x90003040 0x00000000 mem 0x90003044 0x00000000 mem 0x90003048 0x00000000 mem 0x9000304c 0x00000000 mem 0x90003050 0x00000000 mem 0x90003054 0x00000000 mem 0x90003058 0x00000000 mem 0x9000305c 0x00000000 mem 0x90003060 0x00000000 mem 0x90003064 0x00000000 mem 0x90003068 0x00000000 mem 0x9000306c 0x00000000 mem 0x90003070 0x00000000 mem 0x90003074 0x00000000 mem 0x90003078 0x00000000 mem 0x9000307c 0x00000000
core   0: 0x800000d4 (0x00452283) lw      x5, 4(x10)
core   0: 3 0x800000d4 (0x00452283) x5  0x90001000 mem 0x90002004
core   0: 0x800000d8 (0xfe512e23) sw      x5, -4(x2)
core   0: 3 0x800000d8 (0xfe512e23) mem 0x70000030 0x90001000
core   0: 0x800000dc (0x03052283) lw      x5, 48(x10)
core   0: 3 0x800000dc (0x03052283) x5  0x3f800000 mem 0x90002030
core   0: 0x800000e0 (0xfe512c23) sw      x5, -8(x2)
core   0: 3 0x800000e0 (0xfe512c23) mem 0x7000002c 0x3f800000
core   0: 0x800000e4 (0x02c52283) lw      x5, 44(x10)
core   0: 3 0x800000e4 (0x02c52283) x5  0x3f800000 mem 0x9000202c
core   0: 0x800000e8 (0xfe512a23) sw      x5, -12(x2)
core   0: 3 0x800000e8 (0xfe512a23) mem 0x70000028 0x3f800000
core   0: 0x800000ec (0x02852283) lw      x5, 40(x10)
core   0: 3 0x800000ec (0x02852283) x5  0x3f800000 mem 0x90002028
core   0: 0x800000f0 (0xfe512823) sw      x5, -16(x2)
core   0: 3 0x800000f0 (0xfe512823) mem 0x70000024 0x3f800000
core   0: 0x800000f4 (0x02452283) lw      x5, 36(x10)
core   0: 3 0x800000f4 (0x02452283) x5  0x3f800000 mem 0x90002024
core   0: 0x800000f8 (0xfe512623) sw      x5, -20(x2)
core   0: 3 0x800000f8 (0xfe512623) mem 0x70000020 0x3f800000
core   0: 0x800000fc (0x02052283) lw      x5, 32(x10)
core   0: 3 0x800000fc (0x02052283) x5  0x3f800000 mem 0x90002020
core   0: 0x80000100 (0xfe512423) sw      x5, -24(x2)
core   0: 3 0x80000100 (0xfe512423) mem 0x7000001c 0x3f800000
core   0: 0x80000104 (0x01c52283) lw      x5, 28(x10)
core   0: 3 0x80000104 (0x01c52283) x5  0x3f800000 mem 0x9000201c
core   0: 0x80000108 (0xfe512223) sw      x5, -28(x2)
core   0: 3 0x80000108 (0xfe512223) mem 0x70000018 0x3f800000
core   0: 0x8000010c (0x01852283) lw      x5, 24(x10)
core   0: 3 0x8000010c (0x01852283) x5  0x3f800000 mem 0x90002018
core   0: 0x80000110 (0xfe512023) sw      x5, -32(x2)
core   0: 3 0x80000110 (0xfe512023) mem 0x70000014 0x3f800000
core   0: 0x80000114 (0x01052283) lw      x5, 16(x10)
core   0: 3 0x80000114 (0x01052283) x5  0x3f800000 mem 0x90002010
core   0: 0x80000118 (0xfc512e23) sw      x5, -36(x2)
core   0: 3 0x80000118 (0xfc512e23) mem 0x70000010 0x3f800000
core   0: 0x8000011c (0x01452283) lw      x5, 20(x10)
core   0: 3 0x8000011c (0x01452283) x5  0x3f800000 mem 0x90002014
core   0: 0x80000120 (0xfc512c23) sw      x5, -40(x2)
core   0: 3 0x80000120 (0xfc512c23) mem 0x7000000c 0x3f800000
core   0: 0x80000124 (0x00052283) lw      x5, 0(x10)
core   0: 3 0x80000124 (0x00052283) x5  0x90000000 mem 0x90002000
core   0: 0x80000128 (0xfc512a23) sw      x5, -44(x2)
core   0: 3 0x80000128 (0xfc512a23) mem 0x70000008 0x90000000
core   0: 0x8000012c (0x00852283) lw      x5, 8(x10)
core   0: 3 0x8000012c (0x00852283) x5  0x00000010 mem 0x90002008
core   0: 0x80000130 (0xfc512823) sw      x5, -48(x2)
core   0: 3 0x80000130 (0xfc512823) mem 0x70000004 0x00000010
core   0: 0x80000134 (0x5e004057) vmv.v.x v0, x0
core   0: 3 0x80000134 (0x5e004057) c8_vstart 0x00000000 e32 m1 l32 v0  ffffffff 0x00000000 00000000 00000000 00000000 00000000 00000000 00000000 00000000 00000000 00000000 00000000 00000000 00000000 00000000 00000000 00000000 00000000 00000000 00000000 00000000 00000000 00000000 00000000 00000000 00000000 00000000 00000000 00000000 00000000 00000000 00000000 00000000 
core   0: 0x80000138 (0x154000ef) jal     pc + 0x154
core   0: 3 0x80000138 (0x154000ef) x1  0x8000013c
core   0: 0x8000028c (0x00410113) addi    x2, x2, 4
core   0: 3 0x8000028c (0x00410113) x2  0x70000038
core   0: 0x80000290 (0xfe112e23) sw      x1, -4(x2)
core   0: 3 0x80000290 (0xfe112e23) mem 0x70000034 0x8000013c
core   0: 0x80000294 (0x00200293) li      x5, 2
core   0: 3 0x80000294 (0x00200293) x5  0x00000002
core   0: 0x80000298 (0x5e02c0d7) vmv.v.x v1, x5
core   0: 3 0x80000298 (0x5e02c0d7) c8_vstart 0x00000000 e32 m1 l32 v1  ffffffff 0x00000002 00000002 00000002 00000002 00000002 00000002 00000002 00000002 00000002 00000002 00000002 00000002 00000002 00000002 00000002 00000002 00000002 00000002 00000002 00000002 00000002 00000002 00000002 00000002 00000002 00000002 00000002 00000002 00000002 00000002 00000002 00000002 
core   0: 0x8000029c (0x00000317) auipc   x6, 0x0
core   0: 3 0x8000029c (0x00000317) x6  0x8000029c
core   0: 0x800002a0 (0x04c3305b) setrpc  x0, x6, 76
core   0: 3 0x800002a0 (0x04c3305b) c2060_rpc 0x800002e8 current mask:	ffffffff current npc:	00000000 stack size: 0
core   0: 0x800002a4 (0x0200885b) vbeq    v0, v1, pc + 48
core   0: 3 0x800002a4 (0x0200885b) c8_vstart 0x00000000 e32 m1 l32 current mask:	ffffffff current npc:	800002a8 stack size: 0
core   0: 0x800002a8 (0x00100293) li      x5, 1
core   0: 3 0x800002a8 (0x00100293) x5  0x00000001
core   0: 0x800002ac (0x5e02c0d7) vmv.v.x v1, x5
core   0: 3 0x800002ac (0x5e02c0d7) c8_vstart 0x00000000 e32 m1 l32 v1  ffffffff 0x00000001 00000001 00000001 00000001 00000001 00000001 00000001 00000001 00000001 00000001 00000001 00000001 00000001 00000001 00000001 00000001 00000001 00000001 00000001 00000001 00000001 00000001 00000001 00000001 00000001 00000001 00000001 00000001 00000001 00000001 00000001 00000001 
core   0: 0x800002b0 (0x00000317) auipc   x6, 0x0
core   0: 3 0x800002b0 (0x00000317) x6  0x800002b0
core   0: 0x800002b4 (0x0383305b) setrpc  x0, x6, 56
core   0: 3 0x800002b4 (0x0383305b) c2060_rpc 0x800002e8 current mask:	ffffffff current npc:	800002a8 stack size: 0
core   0: 0x800002b8 (0x0200825b) vbeq    v0, v1, pc + 36
core   0: 3 0x800002b8 (0x0200825b) c8_vstart 0x00000000 e32 m1 l32 current mask:	ffffffff current npc:	800002bc stack size: 0
core   0: 0x800002bc (0x5e0040d7) vmv.v.x v1, x0
core   0: 3 0x800002bc (0x5e0040d7) c8_vstart 0x00000000 e32 m1 l32 v1  ffffffff 0x00000000 00000000 00000000 00000000 00000000 00000000 00000000 00000000 00000000 00000000 00000000 00000000 00000000 00000000 00000000 00000000 00000000 00000000 00000000 00000000 00000000 00000000 00000000 00000000 00000000 00000000 00000000 00000000 00000000 00000000 00000000 00000000 
core   0: 0x800002c0 (0x00000317) auipc   x6, 0x0
core   0: 3 0x800002c0 (0x00000317) x6  0x800002c0
core   0: 0x800002c4 (0x0283305b) setrpc  x0, x6, 40
core   0: 3 0x800002c4 (0x0283305b) c2060_rpc 0x800002e8 current mask:	ffffffff current npc:	800002bc stack size: 0
core   0: 0x800002c8 (0x00009e5b) vbne    v0, v1, pc + 28
core   0: 3 0x800002c8 (0x00009e5b) c8_vstart 0x00000000 e32 m1 l32 current mask:	ffffffff current npc:	800002cc stack size: 0
core   0: 0x800002cc (0x1a0000ef) jal     pc + 0x1a0
core   0: 3 0x800002cc (0x1a0000ef) x1  0x800002d0
core   0: 0x8000046c (0x00410113) addi    x2, x2, 4
core   0: 3 0x8000046c (0x00410113) x2  0x7000003c
core   0: 0x80000470 (0xfe112e23) sw      x1, -4(x2)
core   0: 3 0x80000470 (0xfe112e23) mem 0x70000038 0x800002d0
core   0: 0x80000474 (0xf1dff0ef) jal     pc - 0xe4
core   0: 3 0x80000474 (0xf1dff0ef) x1  0x80000478
core   0: 0x80000390 (0x00410113) addi    x2, x2, 4
core   0: 3 0x80000390 (0x00410113) x2  0x70000040
core   0: 0x80000394 (0xfe112e23) sw      x1, -4(x2)
core   0: 3 0x80000394 (0xfe112e23) mem 0x7000003c 0x80000478
core   0: 0x80000398 (0x80302573) csrr    x10, knl
core   0: 3 0x80000398 (0x80302573) x10 0x901c3000
core   0: 0x8000039c (0x00852283) lw      x5, 8(x10)
core   0: 3 0x8000039c (0x00852283) x5  0x00000002 mem 0x901c3008
core   0: 0x800003a0 (0x80002373) csrr    x6, tid
core   0: 3 0x800003a0 (0x80002373) x6  0x00000000
core   0: 0x800003a4 (0x5208a157) vid.v   v2
core   0: 3 0x800003a4 (0x5208a157) c8_vstart 0x00000000 e32 m1 l32 v2  ffffffff 0x0000001f 0000001e 0000001d 0000001c 0000001b 0000001a 00000019 00000018 00000017 00000016 00000015 00000014 00000013 00000012 00000011 00000010 0000000f 0000000e 0000000d 0000000c 0000000b 0000000a 00000009 00000008 00000007 00000006 00000005 00000004 00000003 00000002 00000001 00000000 
core   0: 0x800003a8 (0x02234057) vadd.vx v0, v2, x6
core   0: 3 0x800003a8 (0x02234057) c8_vstart 0x00000000 e32 m1 l32 v0  ffffffff 0x0000001f 0000001e 0000001d 0000001c 0000001b 0000001a 00000019 00000018 00000017 00000016 00000015 00000014 00000013 00000012 00000011 00000010 0000000f 0000000e 0000000d 0000000c 0000000b 0000000a 00000009 00000008 00000007 00000006 00000005 00000004 00000003 00000002 00000001 00000000 
core   0: 0x800003ac (0x01852e03) lw      x28, 24(x10)
core   0: 3 0x800003ac (0x01852e03) x28 0x0000000e mem 0x901c3018
core   0: 0x800003b0 (0x8a0e6057) vremu.vx v0, v0, x28
core   0: 3 0x800003b0 (0x8a0e6057) c8_vstart 0x00000000 e32 m1 l32 v0  ffffffff 0x00000003 00000002 00000001 00000000 0000000d 0000000c 0000000b 0000000a 00000009 00000008 00000007 00000006 00000005 00000004 00000003 00000002 00000001 00000000 0000000d 0000000c 0000000b 0000000a 00000009 00000008 00000007 00000006 00000005 00000004 00000003 00000002 00000001 00000000 
core   0: 0x800003b4 (0xffc12083) lw      x1, -4(x2)
core   0: 3 0x800003b4 (0xffc12083) x1  0x80000478 mem 0x7000003c
core   0: 0x800003b8 (0xffc10113) addi    x2, x2, -4
core   0: 3 0x800003b8 (0xffc10113) x2  0x7000003c
core   0: 0x800003bc (0x00008067) ret
core   0: 3 0x800003bc (0x00008067)
core   0: 0x80000478 (0x80302573) csrr    x10, knl
core   0: 3 0x80000478 (0x80302573) x10 0x901c3000
core   0: 0x8000047c (0x80802373) csrr    x6, gidx
core   0: 3 0x8000047c (0x80802373) x6  0x00000000
core   0: 0x80000480 (0x01852e03) lw      x28, 24(x10)
core   0: 3 0x80000480 (0x01852e03) x28 0x0000000e mem 0x901c3018
core   0: 0x80000484 (0x02452e83) lw      x29, 36(x10)
core   0: 3 0x80000484 (0x02452e83) x29 0x00000001 mem 0x901c3024
core   0: 0x80000488 (0x03c30fb3) mul     x31, x6, x28
core   0: 3 0x80000488 (0x03c30fb3) x31 0x00000000
core   0: 0x8000048c (0x01df8fb3) add     x31, x31, x29
core   0: 3 0x8000048c (0x01df8fb3) x31 0x00000001
core   0: 0x80000490 (0x020fc057) vadd.vx v0, v0, x31
core   0: 3 0x80000490 (0x020fc057) c8_vstart 0x00000000 e32 m1 l32 v0  ffffffff 0x00000004 00000003 00000002 00000001 0000000e 0000000d 0000000c 0000000b 0000000a 00000009 00000008 00000007 00000006 00000005 00000004 00000003 00000002 00000001 0000000e 0000000d 0000000c 0000000b 0000000a 00000009 00000008 00000007 00000006 00000005 00000004 00000003 00000002 00000001 
core   0: 0x80000494 (0xffc12083) lw      x1, -4(x2)
core   0: 3 0x80000494 (0xffc12083) x1  0x800002d0 mem 0x70000038
core   0: 0x80000498 (0xffc10113) addi    x2, x2, -4
core   0: 3 0x80000498 (0xffc10113) x2  0x70000038
core   0: 0x8000049c (0x00008067) ret
core   0: 3 0x8000049c (0x00008067)
core   0: 0x800002d0 (0x0180006f) j       pc + 0x18
core   0: 3 0x800002d0 (0x0180006f)
core   0: 0x800002e8 (0x0000205b) join    v0, v0, pc + 0
core   0: 3 0x800002e8 (0x0000205b) current mask:	ffffffff current npc:	800002cc stack size: 0
core   0: 0x800002ec (0xffc12083) lw      x1, -4(x2)
core   0: 3 0x800002ec (0xffc12083) x1  0x8000013c mem 0x70000034
core   0: 0x800002f0 (0xffc10113) addi    x2, x2, -4
core   0: 3 0x800002f0 (0xffc10113) x2  0x70000034
core   0: 0x800002f4 (0x00008067) ret
core   0: 3 0x800002f4 (0x00008067)
core   0: 0x8000013c (0x0010200b) regext  x0, x0,  0 0 0 1 
core   0: 3 0x8000013c (0x0010200b)
core   0: 0x80000140 (0x020040d7) vadd.vx v1, v0, x0
core   0: 3 0x80000140 (0x020040d7) c8_vstart 0x00000000 e32 m1 l32 v33 ffffffff 0x00000004 00000003 00000002 00000001 0000000e 0000000d 0000000c 0000000b 0000000a 00000009 00000008 00000007 00000006 00000005 00000004 00000003 00000002 00000001 0000000e 0000000d 0000000c 0000000b 0000000a 00000009 00000008 00000007 00000006 00000005 00000004 00000003 00000002 00000001 
core   0: 0x80000144 (0x00100293) li      x5, 1
core   0: 3 0x80000144 (0x00100293) x5  0x00000001
core   0: 0x80000148 (0x5e02c057) vmv.v.x v0, x5
core   0: 3 0x80000148 (0x5e02c057) c8_vstart 0x00000000 e32 m1 l32 v0  ffffffff 0x00000001 00000001 00000001 00000001 00000001 00000001 00000001 00000001 00000001 00000001 00000001 00000001 00000001 00000001 00000001 00000001 00000001 00000001 00000001 00000001 00000001 00000001 00000001 00000001 00000001 00000001 00000001 00000001 00000001 00000001 00000001 00000001 
core   0: 0x8000014c (0x140000ef) jal     pc + 0x140
core   0: 3 0x8000014c (0x140000ef) x1  0x80000150
core   0: 0x8000028c (0x00410113) addi    x2, x2, 4
core   0: 3 0x8000028c (0x00410113) x2  0x70000038
core   0: 0x80000290 (0xfe112e23) sw      x1, -4(x2)
core   0: 3 0x80000290 (0xfe112e23) mem 0x70000034 0x80000150
core   0: 0x80000294 (0x00200293) li      x5, 2
core   0: 3 0x80000294 (0x00200293) x5  0x00000002
core   0: 0x80000298 (0x5e02c0d7) vmv.v.x v1, x5
core   0: 3 0x80000298 (0x5e02c0d7) c8_vstart 0x00000000 e32 m1 l32 v1  ffffffff 0x00000002 00000002 00000002 00000002 00000002 00000002 00000002 00000002 00000002 00000002 00000002 00000002 00000002 00000002 00000002 00000002 00000002 00000002 00000002 00000002 00000002 00000002 00000002 00000002 00000002 00000002 00000002 00000002 00000002 00000002 00000002 00000002 
core   0: 0x8000029c (0x00000317) auipc   x6, 0x0
core   0: 3 0x8000029c (0x00000317) x6  0x8000029c
core   0: 0x800002a0 (0x04c3305b) setrpc  x0, x6, 76
core   0: 3 0x800002a0 (0x04c3305b) c2060_rpc 0x800002e8 current mask:	ffffffff current npc:	800002cc stack size: 0
core   0: 0x800002a4 (0x0200885b) vbeq    v0, v1, pc + 48
core   0: 3 0x800002a4 (0x0200885b) c8_vstart 0x00000000 e32 m1 l32 current mask:	ffffffff current npc:	800002a8 stack size: 0
core   0: 0x800002a8 (0x00100293) li      x5, 1
core   0: 3 0x800002a8 (0x00100293) x5  0x00000001
core   0: 0x800002ac (0x5e02c0d7) vmv.v.x v1, x5
core   0: 3 0x800002ac (0x5e02c0d7) c8_vstart 0x00000000 e32 m1 l32 v1  ffffffff 0x00000001 00000001 00000001 00000001 00000001 00000001 00000001 00000001 00000001 00000001 00000001 00000001 00000001 00000001 00000001 00000001 00000001 00000001 00000001 00000001 00000001 00000001 00000001 00000001 00000001 00000001 00000001 00000001 00000001 00000001 00000001 00000001 
core   0: 0x800002b0 (0x00000317) auipc   x6, 0x0
core   0: 3 0x800002b0 (0x00000317) x6  0x800002b0
core   0: 0x800002b4 (0x0383305b) setrpc  x0, x6, 56
core   0: 3 0x800002b4 (0x0383305b) c2060_rpc 0x800002e8 current mask:	ffffffff current npc:	800002a8 stack size: 0
core   0: 0x800002b8 (0x0200825b) vbeq    v0, v1, pc + 36
core   0: 3 0x800002b8 (0x0200825b) c8_vstart 0x00000000 e32 m1 l32 current mask:	ffffffff current npc:	800002dc stack size: 0
core   0: 0x800002dc (0x1c4000ef) jal     pc + 0x1c4
core   0: 3 0x800002dc (0x1c4000ef) x1  0x800002e0
core   0: 0x800004a0 (0x00410113) addi    x2, x2, 4
core   0: 3 0x800004a0 (0x00410113) x2  0x7000003c
core   0: 0x800004a4 (0xfe112e23) sw      x1, -4(x2)
core   0: 3 0x800004a4 (0xfe112e23) mem 0x70000038 0x800002e0
core   0: 0x800004a8 (0xf19ff0ef) jal     pc - 0xe8
core   0: 3 0x800004a8 (0xf19ff0ef) x1  0x800004ac
core   0: 0x800003c0 (0x00410113) addi    x2, x2, 4
core   0: 3 0x800003c0 (0x00410113) x2  0x70000040
core   0: 0x800003c4 (0xfe112e23) sw      x1, -4(x2)
core   0: 3 0x800003c4 (0xfe112e23) mem 0x7000003c 0x800004ac
core   0: 0x800003c8 (0x80302573) csrr    x10, knl
core   0: 3 0x800003c8 (0x80302573) x10 0x901c3000
core   0: 0x800003cc (0x00852283) lw      x5, 8(x10)
core   0: 3 0x800003cc (0x00852283) x5  0x00000002 mem 0x901c3008
core   0: 0x800003d0 (0x80002373) csrr    x6, tid
core   0: 3 0x800003d0 (0x80002373) x6  0x00000000
core   0: 0x800003d4 (0x5208a157) vid.v   v2
core   0: 3 0x800003d4 (0x5208a157) c8_vstart 0x00000000 e32 m1 l32 v2  ffffffff 0x0000001f 0000001e 0000001d 0000001c 0000001b 0000001a 00000019 00000018 00000017 00000016 00000015 00000014 00000013 00000012 00000011 00000010 0000000f 0000000e 0000000d 0000000c 0000000b 0000000a 00000009 00000008 00000007 00000006 00000005 00000004 00000003 00000002 00000001 00000000 
core   0: 0x800003d8 (0x02234057) vadd.vx v0, v2, x6
core   0: 3 0x800003d8 (0x02234057) c8_vstart 0x00000000 e32 m1 l32 v0  ffffffff 0x0000001f 0000001e 0000001d 0000001c 0000001b 0000001a 00000019 00000018 00000017 00000016 00000015 00000014 00000013 00000012 00000011 00000010 0000000f 0000000e 0000000d 0000000c 0000000b 0000000a 00000009 00000008 00000007 00000006 00000005 00000004 00000003 00000002 00000001 00000000 
core   0: 0x800003dc (0x01852e03) lw      x28, 24(x10)
core   0: 3 0x800003dc (0x01852e03) x28 0x0000000e mem 0x901c3018
core   0: 0x800003e0 (0x01c52e83) lw      x29, 28(x10)
core   0: 3 0x800003e0 (0x01c52e83) x29 0x00000001 mem 0x901c301c
core   0: 0x800003e4 (0x03ce8f33) mul     x30, x29, x28
core   0: 3 0x800003e4 (0x03ce8f33) x30 0x0000000e
core   0: 0x800003e8 (0x8a0f6057) vremu.vx v0, v0, x30
core   0: 3 0x800003e8 (0x8a0f6057) c8_vstart 0x00000000 e32 m1 l32 v0  ffffffff 0x00000003 00000002 00000001 00000000 0000000d 0000000c 0000000b 0000000a 00000009 00000008 00000007 00000006 00000005 00000004 00000003 00000002 00000001 00000000 0000000d 0000000c 0000000b 0000000a 00000009 00000008 00000007 00000006 00000005 00000004 00000003 00000002 00000001 00000000 
core   0: 0x800003ec (0x820e6057) vdivu.vx v0, v0, x28
core   0: 3 0x800003ec (0x820e6057) c8_vstart 0x00000000 e32 m1 l32 v0  ffffffff 0x00000000 00000000 00000000 00000000 00000000 00000000 00000000 00000000 00000000 00000000 00000000 00000000 00000000 00000000 00000000 00000000 00000000 00000000 00000000 00000000 00000000 00000000 00000000 00000000 00000000 00000000 00000000 00000000 00000000 00000000 00000000 00000000 
core   0: 0x800003f0 (0x5e0ec0d7) vmv.v.x v1, x29
core   0: 3 0x800003f0 (0x5e0ec0d7) c8_vstart 0x00000000 e32 m1 l32 v1  ffffffff 0x00000001 00000001 00000001 00000001 00000001 00000001 00000001 00000001 00000001 00000001 00000001 00000001 00000001 00000001 00000001 00000001 00000001 00000001 00000001 00000001 00000001 00000001 00000001 00000001 00000001 00000001 00000001 00000001 00000001 00000001 00000001 00000001 
core   0: 0x800003f4 (0x00000317) auipc   x6, 0x0
core   0: 3 0x800003f4 (0x00000317) x6  0x800003f4
core   0: 0x800003f8 (0x0143305b) setrpc  x0, x6, 20
core   0: 3 0x800003f8 (0x0143305b) c2060_rpc 0x80000408 current mask:	ffffffff current npc:	800002dc stack size: 0
core   0: 0x800003fc (0x0000c65b) vblt    v0, v1, pc + 12
core   0: 3 0x800003fc (0x0000c65b) c8_vstart 0x00000000 e32 m1 l32 current mask:	ffffffff current npc:	80000408 stack size: 0
core   0: 0x80000408 (0x0000205b) join    v0, v0, pc + 0
core   0: 3 0x80000408 (0x0000205b) current mask:	ffffffff current npc:	80000408 stack size: 0
core   0: 0x8000040c (0xffc12083) lw      x1, -4(x2)
core   0: 3 0x8000040c (0xffc12083) x1  0x800004ac mem 0x7000003c
core   0: 0x80000410 (0xffc10113) addi    x2, x2, -4
core   0: 3 0x80000410 (0xffc10113) x2  0x7000003c
core   0: 0x80000414 (0x00008067) ret
core   0: 3 0x80000414 (0x00008067)
core   0: 0x800004ac (0x80902373) csrr    x6, gidy
core   0: 3 0x800004ac (0x80902373) x6  0x0000000c
core   0: 0x800004b0 (0x01c52383) lw      x7, 28(x10)
core   0: 3 0x800004b0 (0x01c52383) x7  0x00000001 mem 0x901c301c
core   0: 0x800004b4 (0x02852e83) lw      x29, 40(x10)
core   0: 3 0x800004b4 (0x02852e83) x29 0x00000001 mem 0x901c3028
core   0: 0x800004b8 (0x02730e33) mul     x28, x6, x7
core   0: 3 0x800004b8 (0x02730e33) x28 0x0000000c
core   0: 0x800004bc (0x01de0e33) add     x28, x28, x29
core   0: 3 0x800004bc (0x01de0e33) x28 0x0000000d
core   0: 0x800004c0 (0x020e4057) vadd.vx v0, v0, x28
core   0: 3 0x800004c0 (0x020e4057) c8_vstart 0x00000000 e32 m1 l32 v0  ffffffff 0x0000000d 0000000d 0000000d 0000000d 0000000d 0000000d 0000000d 0000000d 0000000d 0000000d 0000000d 0000000d 0000000d 0000000d 0000000d 0000000d 0000000d 0000000d 0000000d 0000000d 0000000d 0000000d 0000000d 0000000d 0000000d 0000000d 0000000d 0000000d 0000000d 0000000d 0000000d 0000000d 
core   0: 0x800004c4 (0xffc12083) lw      x1, -4(x2)
core   0: 3 0x800004c4 (0xffc12083) x1  0x800002e0 mem 0x70000038
core   0: 0x800004c8 (0xffc10113) addi    x2, x2, -4
core   0: 3 0x800004c8 (0xffc10113) x2  0x70000038
core   0: 0x800004cc (0x00008067) ret
core   0: 3 0x800004cc (0x00008067)
core   0: 0x800002e0 (0x0080006f) j       pc + 0x8
core   0: 3 0x800002e0 (0x0080006f)
core   0: 0x800002e8 (0x0000205b) join    v0, v0, pc + 0
core   0: 3 0x800002e8 (0x0000205b) current mask:	ffffffff current npc:	80000408 stack size: 0
core   0: 0x800002ec (0xffc12083) lw      x1, -4(x2)
core   0: 3 0x800002ec (0xffc12083) x1  0x80000150 mem 0x70000034
core   0: 0x800002f0 (0xffc10113) addi    x2, x2, -4
core   0: 3 0x800002f0 (0xffc10113) x2  0x70000034
core   0: 0x800002f4 (0x00008067) ret
core   0: 3 0x800002f4 (0x00008067)
core   0: 0x80000150 (0xfd012283) lw      x5, -48(x2)
core   0: 3 0x80000150 (0xfd012283) x5  0x00000010 mem 0x70000004
core   0: 0x80000154 (0x5e02c0d7) vmv.v.x v1, x5
core   0: 3 0x80000154 (0x5e02c0d7) c8_vstart 0x00000000 e32 m1 l32 v1  ffffffff 0x00000010 00000010 00000010 00000010 00000010 00000010 00000010 00000010 00000010 00000010 00000010 00000010 00000010 00000010 00000010 00000010 00000010 00000010 00000010 00000010 00000010 00000010 00000010 00000010 00000010 00000010 00000010 00000010 00000010 00000010 00000010 00000010 
core   0: 0x80000158 (0x0400200b) regext  x0, x0,  0 1 0 0 
core   0: 3 0x80000158 (0x0400200b)
core   0: 0x8000015c (0xa612e057) vmadd.vx v0, v1, x5
core   0: 3 0x8000015c (0xa612e057) c8_vstart 0x00000000 e32 m1 l32 v0  ffffffff 0x000000d4 000000d3 000000d2 000000d1 000000de 000000dd 000000dc 000000db 000000da 000000d9 000000d8 000000d7 000000d6 000000d5 000000d4 000000d3 000000d2 000000d1 000000de 000000dd 000000dc 000000db 000000da 000000d9 000000d8 000000d7 000000d6 000000d5 000000d4 000000d3 000000d2 000000d1 
core   0: 0x80000160 (0x0010110b) vsub12.vi v2, v0, 1
core   0: 3 0x80000160 (0x0010110b) c8_vstart 0x00000000 e32 m1 l32 v2  ffffffff 0x000000d3 000000d2 000000d1 000000d0 000000dd 000000dc 000000db 000000da 000000d9 000000d8 000000d7 000000d6 000000d5 000000d4 000000d3 000000d2 000000d1 000000d0 000000dd 000000dc 000000db 000000da 000000d9 000000d8 000000d7 000000d6 000000d5 000000d4 000000d3 000000d2 000000d1 000000d0 
core   0: 0x80000164 (0x0a2081d7) vsub.vv v3, v2, v1
core   0: 3 0x80000164 (0x0a2081d7) c8_vstart 0x00000000 e32 m1 l32 v3  ffffffff 0x000000c3 000000c2 000000c1 000000c0 000000cd 000000cc 000000cb 000000ca 000000c9 000000c8 000000c7 000000c6 000000c5 000000c4 000000c3 000000c2 000000c1 000000c0 000000cd 000000cc 000000cb 000000ca 000000c9 000000c8 000000c7 000000c6 000000c5 000000c4 000000c3 000000c2 000000c1 000000c0 
core   0: 0x80000168 (0x963131d7) vsll.vi v3, v3, 2
core   0: 3 0x80000168 (0x963131d7) c8_vstart 0x00000000 e32 m1 l32 v3  ffffffff 0x0000030c 00000308 00000304 00000300 00000334 00000330 0000032c 00000328 00000324 00000320 0000031c 00000318 00000314 00000310 0000030c 00000308 00000304 00000300 00000334 00000330 0000032c 00000328 00000324 00000320 0000031c 00000318 00000314 00000310 0000030c 00000308 00000304 00000300 
core   0: 0x8000016c (0xfd412283) lw      x5, -44(x2)
core   0: 3 0x8000016c (0xfd412283) x5  0x90000000 mem 0x70000008
core   0: 0x80000170 (0x5e02c257) vmv.v.x v4, x5
core   0: 3 0x80000170 (0x5e02c257) c8_vstart 0x00000000 e32 m1 l32 v4  ffffffff 0x90000000 90000000 90000000 90000000 90000000 90000000 90000000 90000000 90000000 90000000 90000000 90000000 90000000 90000000 90000000 90000000 90000000 90000000 90000000 90000000 90000000 90000000 90000000 90000000 90000000 90000000 90000000 90000000 90000000 90000000 90000000 90000000 
core   0: 0x80000174 (0x0232c1d7) vadd.vx v3, v3, x5
core   0: 3 0x80000174 (0x0232c1d7) c8_vstart 0x00000000 e32 m1 l32 v3  ffffffff 0x9000030c 90000308 90000304 90000300 90000334 90000330 9000032c 90000328 90000324 90000320 9000031c 90000318 90000314 90000310 9000030c 90000308 90000304 90000300 90000334 90000330 9000032c 90000328 90000324 90000320 9000031c 90000318 90000314 90000310 9000030c 90000308 90000304 90000300 
core   0: 0x80000178 (0x0a0082d7) vsub.vv v5, v0, v1
core   0: 3 0x80000178 (0x0a0082d7) c8_vstart 0x00000000 e32 m1 l32 v5  ffffffff 0x000000c4 000000c3 000000c2 000000c1 000000ce 000000cd 000000cc 000000cb 000000ca 000000c9 000000c8 000000c7 000000c6 000000c5 000000c4 000000c3 000000c2 000000c1 000000ce 000000cd 000000cc 000000cb 000000ca 000000c9 000000c8 000000c7 000000c6 000000c5 000000c4 000000c3 000000c2 000000c1 
core   0: 0x8000017c (0x965132d7) vsll.vi v5, v5, 2
core   0: 3 0x8000017c (0x965132d7) c8_vstart 0x00000000 e32 m1 l32 v5  ffffffff 0x00000310 0000030c 00000308 00000304 00000338 00000334 00000330 0000032c 00000328 00000324 00000320 0000031c 00000318 00000314 00000310 0000030c 00000308 00000304 00000338 00000334 00000330 0000032c 00000328 00000324 00000320 0000031c 00000318 00000314 00000310 0000030c 00000308 00000304 
core   0: 0x80000180 (0x024282d7) vadd.vv v5, v4, v5
core   0: 3 0x80000180 (0x024282d7) c8_vstart 0x00000000 e32 m1 l32 v5  ffffffff 0x90000310 9000030c 90000308 90000304 90000338 90000334 90000330 9000032c 90000328 90000324 90000320 9000031c 90000318 90000314 90000310 9000030c 90000308 90000304 90000338 90000334 90000330 9000032c 90000328 90000324 90000320 9000031c 90000318 90000314 90000310 9000030c 90000308 90000304 
core   0: 0x80000184 (0x0002a2fb) vlw12.v v5, v5, 0
core   0: 3 0x80000184 (0x0002a2fb) e32 m1 l32 v5  ffffffff 0x4222826f 42876377 41a2c621 424276a3 420f8ab4 4278f6a9 42c0a952 42b68ace 4267c7c1 429357d8 4285141f 4294c80c 42b6a686 42b0931a 4222826f 42876377 41a2c621 424276a3 420f8ab4 4278f6a9 42c0a952 42b68ace 4267c7c1 429357d8 4285141f 4294c80c 42b6a686 42b0931a 4222826f 42876377 41a2c621 424276a3  c8_vstart 0x00000000 mem 0x90000304 mem 0x90000308 mem 0x9000030c mem 0x90000310 mem 0x90000314 mem 0x90000318 mem 0x9000031c mem 0x90000320 mem 0x90000324 mem 0x90000328 mem 0x9000032c mem 0x90000330 mem 0x90000334 mem 0x90000338 mem 0x90000304 mem 0x90000308 mem 0x9000030c mem 0x90000310 mem 0x90000314 mem 0x90000318 mem 0x9000031c mem 0x90000320 mem 0x90000324 mem 0x90000328 mem 0x9000032c mem 0x90000330 mem 0x90000334 mem 0x90000338 mem 0x90000304 mem 0x90000308 mem 0x9000030c mem 0x90000310
core   0: 0x80000188 (0x0001a1fb) vlw12.v v3, v3, 0
core   0: 3 0x80000188 (0x0001a1fb) e32 m1 l32 v3  ffffffff 0x42876377 41a2c621 424276a3 4229f36f 4278f6a9 42c0a952 42b68ace 4267c7c1 429357d8 4285141f 4294c80c 42b6a686 42b0931a 4222826f 42876377 41a2c621 424276a3 4229f36f 4278f6a9 42c0a952 42b68ace 4267c7c1 429357d8 4285141f 4294c80c 42b6a686 42b0931a 4222826f 42876377 41a2c621 424276a3 4229f36f  c8_vstart 0x00000000 mem 0x90000300 mem 0x90000304 mem 0x90000308 mem 0x9000030c mem 0x90000310 mem 0x90000314 mem 0x90000318 mem 0x9000031c mem 0x90000320 mem 0x90000324 mem 0x90000328 mem 0x9000032c mem 0x90000330 mem 0x90000334 mem 0x90000300 mem 0x90000304 mem 0x90000308 mem 0x9000030c mem 0x90000310 mem 0x90000314 mem 0x90000318 mem 0x9000031c mem 0x90000320 mem 0x90000324 mem 0x90000328 mem 0x9000032c mem 0x90000330 mem 0x90000334 mem 0x90000300 mem 0x90000304 mem 0x90000308 mem 0x9000030c
core   0: 0x8000018c (0xfd812283) lw      x5, -40(x2)
core   0: 3 0x8000018c (0xfd812283) x5  0x3f800000 mem 0x7000000c
core   0: 0x80000190 (0x5e02c357) vmv.v.x v6, x5
core   0: 3 0x80000190 (0x5e02c357) c8_vstart 0x00000000 e32 m1 l32 v6  ffffffff 0x3f800000 3f800000 3f800000 3f800000 3f800000 3f800000 3f800000 3f800000 3f800000 3f800000 3f800000 3f800000 3f800000 3f800000 3f800000 3f800000 3f800000 3f800000 3f800000 3f800000 3f800000 3f800000 3f800000 3f800000 3f800000 3f800000 3f800000 3f800000 3f800000 3f800000 3f800000 3f800000 
core   0: 0x80000194 (0x925312d7) vfmul.vv v5, v5, v6
core   0: 3 0x80000194 (0x925312d7) c8_vstart 0x00000000 e32 m1 l32 v5  ffffffff 0x4222826f 42876377 41a2c621 424276a3 420f8ab4 4278f6a9 42c0a952 42b68ace 4267c7c1 429357d8 4285141f 4294c80c 42b6a686 42b0931a 4222826f 42876377 41a2c621 424276a3 420f8ab4 4278f6a9 42c0a952 42b68ace 4267c7c1 429357d8 4285141f 4294c80c 42b6a686 42b0931a 4222826f 42876377 41a2c621 424276a3 
core   0: 0x80000198 (0x0200b357) vadd.vi v6, v0, 1
core   0: 3 0x80000198 (0x0200b357) c8_vstart 0x00000000 e32 m1 l32 v6  ffffffff 0x000000d5 000000d4 000000d3 000000d2 000000df 000000de 000000dd 000000dc 000000db 000000da 000000d9 000000d8 000000d7 000000d6 000000d5 000000d4 000000d3 000000d2 000000df 000000de 000000dd 000000dc 000000db 000000da 000000d9 000000d8 000000d7 000000d6 000000d5 000000d4 000000d3 000000d2 
core   0: 0x8000019c (0x0a6083d7) vsub.vv v7, v6, v1
core   0: 3 0x8000019c (0x0a6083d7) c8_vstart 0x00000000 e32 m1 l32 v7  ffffffff 0x000000c5 000000c4 000000c3 000000c2 000000cf 000000ce 000000cd 000000cc 000000cb 000000ca 000000c9 000000c8 000000c7 000000c6 000000c5 000000c4 000000c3 000000c2 000000cf 000000ce 000000cd 000000cc 000000cb 000000ca 000000c9 000000c8 000000c7 000000c6 000000c5 000000c4 000000c3 000000c2 
core   0: 0x800001a0 (0x967133d7) vsll.vi v7, v7, 2
core   0: 3 0x800001a0 (0x967133d7) c8_vstart 0x00000000 e32 m1 l32 v7  ffffffff 0x00000314 00000310 0000030c 00000308 0000033c 00000338 00000334 00000330 0000032c 00000328 00000324 00000320 0000031c 00000318 00000314 00000310 0000030c 00000308 0000033c 00000338 00000334 00000330 0000032c 00000328 00000324 00000320 0000031c 00000318 00000314 00000310 0000030c 00000308 
core   0: 0x800001a4 (0x024383d7) vadd.vv v7, v4, v7
core   0: 3 0x800001a4 (0x024383d7) c8_vstart 0x00000000 e32 m1 l32 v7  ffffffff 0x90000314 90000310 9000030c 90000308 9000033c 90000338 90000334 90000330 9000032c 90000328 90000324 90000320 9000031c 90000318 90000314 90000310 9000030c 90000308 9000033c 90000338 90000334 90000330 9000032c 90000328 90000324 90000320 9000031c 90000318 90000314 90000310 9000030c 90000308 
core   0: 0x800001a8 (0x0003a3fb) vlw12.v v7, v7, 0
core   0: 3 0x800001a8 (0x0003a3fb) e32 m1 l32 v7  ffffffff 0x42b0931a 4222826f 42876377 41a2c621 42ae92fb 420f8ab4 4278f6a9 42c0a952 42b68ace 4267c7c1 429357d8 4285141f 4294c80c 42b6a686 42b0931a 4222826f 42876377 41a2c621 42ae92fb 420f8ab4 4278f6a9 42c0a952 42b68ace 4267c7c1 429357d8 4285141f 4294c80c 42b6a686 42b0931a 4222826f 42876377 41a2c621  c8_vstart 0x00000000 mem 0x90000308 mem 0x9000030c mem 0x90000310 mem 0x90000314 mem 0x90000318 mem 0x9000031c mem 0x90000320 mem 0x90000324 mem 0x90000328 mem 0x9000032c mem 0x90000330 mem 0x90000334 mem 0x90000338 mem 0x9000033c mem 0x90000308 mem 0x9000030c mem 0x90000310 mem 0x90000314 mem 0x90000318 mem 0x9000031c mem 0x90000320 mem 0x90000324 mem 0x90000328 mem 0x9000032c mem 0x90000330 mem 0x90000334 mem 0x90000338 mem 0x9000033c mem 0x90000308 mem 0x9000030c mem 0x90000310 mem 0x90000314
core   0: 0x800001ac (0x96213457) vsll.vi v8, v2, 2
core   0: 3 0x800001ac (0x96213457) c8_vstart 0x00000000 e32 m1 l32 v8  ffffffff 0x0000034c 00000348 00000344 00000340 00000374 00000370 0000036c 00000368 00000364 00000360 0000035c 00000358 00000354 00000350 0000034c 00000348 00000344 00000340 00000374 00000370 0000036c 00000368 00000364 00000360 0000035c 00000358 00000354 00000350 0000034c 00000348 00000344 00000340 
core   0: 0x800001b0 (0x02440457) vadd.vv v8, v4, v8
core   0: 3 0x800001b0 (0x02440457) c8_vstart 0x00000000 e32 m1 l32 v8  ffffffff 0x9000034c 90000348 90000344 90000340 90000374 90000370 9000036c 90000368 90000364 90000360 9000035c 90000358 90000354 90000350 9000034c 90000348 90000344 90000340 90000374 90000370 9000036c 90000368 90000364 90000360 9000035c 90000358 90000354 90000350 9000034c 90000348 90000344 90000340 
core   0: 0x800001b4 (0x0004247b) vlw12.v v8, v8, 0
core   0: 3 0x800001b4 (0x0004247b) e32 m1 l32 v8  ffffffff 0x421347ca 428263a5 42a2bcd1 427de34e 415019c3 4250f68a 42be476b 41c80544 422831dd 41a38f07 4294ebd8 42aa1a83 423df7a9 42895150 421347ca 428263a5 42a2bcd1 427de34e 415019c3 4250f68a 42be476b 41c80544 422831dd 41a38f07 4294ebd8 42aa1a83 423df7a9 42895150 421347ca 428263a5 42a2bcd1 427de34e  c8_vstart 0x00000000 mem 0x90000340 mem 0x90000344 mem 0x90000348 mem 0x9000034c mem 0x90000350 mem 0x90000354 mem 0x90000358 mem 0x9000035c mem 0x90000360 mem 0x90000364 mem 0x90000368 mem 0x9000036c mem 0x90000370 mem 0x90000374 mem 0x90000340 mem 0x90000344 mem 0x90000348 mem 0x9000034c mem 0x90000350 mem 0x90000354 mem 0x90000358 mem 0x9000035c mem 0x90000360 mem 0x90000364 mem 0x90000368 mem 0x9000036c mem 0x90000370 mem 0x90000374 mem 0x90000340 mem 0x90000344 mem 0x90000348 mem 0x9000034c
core   0: 0x800001b8 (0x960134d7) vsll.vi v9, v0, 2
core   0: 3 0x800001b8 (0x960134d7) c8_vstart 0x00000000 e32 m1 l32 v9  ffffffff 0x00000350 0000034c 00000348 00000344 00000378 00000374 00000370 0000036c 00000368 00000364 00000360 0000035c 00000358 00000354 00000350 0000034c 00000348 00000344 00000378 00000374 00000370 0000036c 00000368 00000364 00000360 0000035c 00000358 00000354 00000350 0000034c 00000348 00000344 
core   0: 0x800001bc (0x02448557) vadd.vv v10, v4, v9
core   0: 3 0x800001bc (0x02448557) c8_vstart 0x00000000 e32 m1 l32 v10 ffffffff 0x90000350 9000034c 90000348 90000344 90000378 90000374 90000370 9000036c 90000368 90000364 90000360 9000035c 90000358 90000354 90000350 9000034c 90000348 90000344 90000378 90000374 90000370 9000036c 90000368 90000364 90000360 9000035c 90000358 90000354 90000350 9000034c 90000348 90000344 
core   0: 0x800001c0 (0x0005257b) vlw12.v v10, v10, 0
core   0: 3 0x800001c0 (0x0005257b) e32 m1 l32 v10 ffffffff 0x42895150 421347ca 428263a5 42a2bcd1 42af52ba 415019c3 4250f68a 42be476b 41c80544 422831dd 41a38f07 4294ebd8 42aa1a83 423df7a9 42895150 421347ca 428263a5 42a2bcd1 42af52ba 415019c3 4250f68a 42be476b 41c80544 422831dd 41a38f07 4294ebd8 42aa1a83 423df7a9 42895150 421347ca 428263a5 42a2bcd1  c8_vstart 0x00000000 mem 0x90000344 mem 0x90000348 mem 0x9000034c mem 0x90000350 mem 0x90000354 mem 0x90000358 mem 0x9000035c mem 0x90000360 mem 0x90000364 mem 0x90000368 mem 0x9000036c mem 0x90000370 mem 0x90000374 mem 0x90000378 mem 0x90000344 mem 0x90000348 mem 0x9000034c mem 0x90000350 mem 0x90000354 mem 0x90000358 mem 0x9000035c mem 0x90000360 mem 0x90000364 mem 0x90000368 mem 0x9000036c mem 0x90000370 mem 0x90000374 mem 0x90000378 mem 0x90000344 mem 0x90000348 mem 0x9000034c mem 0x90000350
core   0: 0x800001c4 (0x966135d7) vsll.vi v11, v6, 2
core   0: 3 0x800001c4 (0x966135d7) c8_vstart 0x00000000 e32 m1 l32 v11 ffffffff 0x00000354 00000350 0000034c 00000348 0000037c 00000378 00000374 00000370 0000036c 00000368 00000364 00000360 0000035c 00000358 00000354 00000350 0000034c 00000348 0000037c 00000378 00000374 00000370 0000036c 00000368 00000364 00000360 0000035c 00000358 00000354 00000350 0000034c 00000348 
core   0: 0x800001c8 (0x024585d7) vadd.vv v11, v4, v11
core   0: 3 0x800001c8 (0x024585d7) c8_vstart 0x00000000 e32 m1 l32 v11 ffffffff 0x90000354 90000350 9000034c 90000348 9000037c 90000378 90000374 90000370 9000036c 90000368 90000364 90000360 9000035c 90000358 90000354 90000350 9000034c 90000348 9000037c 90000378 90000374 90000370 9000036c 90000368 90000364 90000360 9000035c 90000358 90000354 90000350 9000034c 90000348 
core   0: 0x800001cc (0x0005a5fb) vlw12.v v11, v11, 0
core   0: 3 0x800001cc (0x0005a5fb) e32 m1 l32 v11 ffffffff 0x423df7a9 42895150 421347ca 428263a5 42bd74fc 42af52ba 415019c3 4250f68a 42be476b 41c80544 422831dd 41a38f07 4294ebd8 42aa1a83 423df7a9 42895150 421347ca 428263a5 42bd74fc 42af52ba 415019c3 4250f68a 42be476b 41c80544 422831dd 41a38f07 4294ebd8 42aa1a83 423df7a9 42895150 421347ca 428263a5  c8_vstart 0x00000000 mem 0x90000348 mem 0x9000034c mem 0x90000350 mem 0x90000354 mem 0x90000358 mem 0x9000035c mem 0x90000360 mem 0x90000364 mem 0x90000368 mem 0x9000036c mem 0x90000370 mem 0x90000374 mem 0x90000378 mem 0x9000037c mem 0x90000348 mem 0x9000034c mem 0x90000350 mem 0x90000354 mem 0x90000358 mem 0x9000035c mem 0x90000360 mem 0x90000364 mem 0x90000368 mem 0x9000036c mem 0x90000370 mem 0x90000374 mem 0x90000378 mem 0x9000037c mem 0x90000348 mem 0x9000034c mem 0x90000350 mem 0x90000354
core   0: 0x800001d0 (0x02208157) vadd.vv v2, v2, v1
core   0: 3 0x800001d0 (0x02208157) c8_vstart 0x00000000 e32 m1 l32 v2  ffffffff 0x000000e3 000000e2 000000e1 000000e0 000000ed 000000ec 000000eb 000000ea 000000e9 000000e8 000000e7 000000e6 000000e5 000000e4 000000e3 000000e2 000000e1 000000e0 000000ed 000000ec 000000eb 000000ea 000000e9 000000e8 000000e7 000000e6 000000e5 000000e4 000000e3 000000e2 000000e1 000000e0 
core   0: 0x800001d4 (0x96213157) vsll.vi v2, v2, 2
core   0: 3 0x800001d4 (0x96213157) c8_vstart 0x00000000 e32 m1 l32 v2  ffffffff 0x0000038c 00000388 00000384 00000380 000003b4 000003b0 000003ac 000003a8 000003a4 000003a0 0000039c 00000398 00000394 00000390 0000038c 00000388 00000384 00000380 000003b4 000003b0 000003ac 000003a8 000003a4 000003a0 0000039c 00000398 00000394 00000390 0000038c 00000388 00000384 00000380 
core   0: 0x800001d8 (0x02410157) vadd.vv v2, v4, v2
core   0: 3 0x800001d8 (0x02410157) c8_vstart 0x00000000 e32 m1 l32 v2  ffffffff 0x9000038c 90000388 90000384 90000380 900003b4 900003b0 900003ac 900003a8 900003a4 900003a0 9000039c 90000398 90000394 90000390 9000038c 90000388 90000384 90000380 900003b4 900003b0 900003ac 900003a8 900003a4 900003a0 9000039c 90000398 90000394 90000390 9000038c 90000388 90000384 90000380 
core   0: 0x800001dc (0x0001217b) vlw12.v v2, v2, 0
core   0: 3 0x800001dc (0x0001217b) e32 m1 l32 v2  ffffffff 0x400ff837 4279b0e8 41002212 42767d13 42b3fba4 42c1a703 41be0090 42586c92 420a575c 41db5b49 427b56f6 429947ce 4256fdf4 42c0975c 400ff837 4279b0e8 41002212 42767d13 42b3fba4 42c1a703 41be0090 42586c92 420a575c 41db5b49 427b56f6 429947ce 4256fdf4 42c0975c 400ff837 4279b0e8 41002212 42767d13  c8_vstart 0x00000000 mem 0x90000380 mem 0x90000384 mem 0x90000388 mem 0x9000038c mem 0x90000390 mem 0x90000394 mem 0x90000398 mem 0x9000039c mem 0x900003a0 mem 0x900003a4 mem 0x900003a8 mem 0x900003ac mem 0x900003b0 mem 0x900003b4 mem 0x90000380 mem 0x90000384 mem 0x90000388 mem 0x9000038c mem 0x90000390 mem 0x90000394 mem 0x90000398 mem 0x9000039c mem 0x900003a0 mem 0x900003a4 mem 0x900003a8 mem 0x900003ac mem 0x900003b0 mem 0x900003b4 mem 0x90000380 mem 0x90000384 mem 0x90000388 mem 0x9000038c
core   0: 0x800001e0 (0x02008057) vadd.vv v0, v0, v1
core   0: 3 0x800001e0 (0x02008057) c8_vstart 0x00000000 e32 m1 l32 v0  ffffffff 0x000000e4 000000e3 000000e2 000000e1 000000ee 000000ed 000000ec 000000eb 000000ea 000000e9 000000e8 000000e7 000000e6 000000e5 000000e4 000000e3 000000e2 000000e1 000000ee 000000ed 000000ec 000000eb 000000ea 000000e9 000000e8 000000e7 000000e6 000000e5 000000e4 000000e3 000000e2 000000e1 
core   0: 0x800001e4 (0x96013057) vsll.vi v0, v0, 2
core   0: 3 0x800001e4 (0x96013057) c8_vstart 0x00000000 e32 m1 l32 v0  ffffffff 0x00000390 0000038c 00000388 00000384 000003b8 000003b4 000003b0 000003ac 000003a8 000003a4 000003a0 0000039c 00000398 00000394 00000390 0000038c 00000388 00000384 000003b8 000003b4 000003b0 000003ac 000003a8 000003a4 000003a0 0000039c 00000398 00000394 00000390 0000038c 00000388 00000384 
core   0: 0x800001e8 (0x02400057) vadd.vv v0, v4, v0
core   0: 3 0x800001e8 (0x02400057) c8_vstart 0x00000000 e32 m1 l32 v0  ffffffff 0x90000390 9000038c 90000388 90000384 900003b8 900003b4 900003b0 900003ac 900003a8 900003a4 900003a0 9000039c 90000398 90000394 90000390 9000038c 90000388 90000384 900003b8 900003b4 900003b0 900003ac 900003a8 900003a4 900003a0 9000039c 90000398 90000394 90000390 9000038c 90000388 90000384 
core   0: 0x800001ec (0x0000207b) vlw12.v v0, v0, 0
core   0: 3 0x800001ec (0x0000207b) e32 m1 l32 v0  ffffffff 0x42c0975c 400ff837 4279b0e8 41002212 413098fc 42b3fba4 42c1a703 41be0090 42586c92 420a575c 41db5b49 427b56f6 429947ce 4256fdf4 42c0975c 400ff837 4279b0e8 41002212 413098fc 42b3fba4 42c1a703 41be0090 42586c92 420a575c 41db5b49 427b56f6 429947ce 4256fdf4 42c0975c 400ff837 4279b0e8 41002212  c8_vstart 0x00000000 mem 0x90000384 mem 0x90000388 mem 0x9000038c mem 0x90000390 mem 0x90000394 mem 0x90000398 mem 0x9000039c mem 0x900003a0 mem 0x900003a4 mem 0x900003a8 mem 0x900003ac mem 0x900003b0 mem 0x900003b4 mem 0x900003b8 mem 0x90000384 mem 0x90000388 mem 0x9000038c mem 0x90000390 mem 0x90000394 mem 0x90000398 mem 0x9000039c mem 0x900003a0 mem 0x900003a4 mem 0x900003a8 mem 0x900003ac mem 0x900003b0 mem 0x900003b4 mem 0x900003b8 mem 0x90000384 mem 0x90000388 mem 0x9000038c mem 0x90000390
core   0: 0x800001f0 (0x026080d7) vadd.vv v1, v6, v1
core   0: 3 0x800001f0 (0x026080d7) c8_vstart 0x00000000 e32 m1 l32 v1  ffffffff 0x000000e5 000000e4 000000e3 000000e2 000000ef 000000ee 000000ed 000000ec 000000eb 000000ea 000000e9 000000e8 000000e7 000000e6 000000e5 000000e4 000000e3 000000e2 000000ef 000000ee 000000ed 000000ec 000000eb 000000ea 000000e9 000000e8 000000e7 000000e6 000000e5 000000e4 000000e3 000000e2 
core   0: 0x800001f4 (0x961130d7) vsll.vi v1, v1, 2
core   0: 3 0x800001f4 (0x961130d7) c8_vstart 0x00000000 e32 m1 l32 v1  ffffffff 0x00000394 00000390 0000038c 00000388 000003bc 000003b8 000003b4 000003b0 000003ac 000003a8 000003a4 000003a0 0000039c 00000398 00000394 00000390 0000038c 00000388 000003bc 000003b8 000003b4 000003b0 000003ac 000003a8 000003a4 000003a0 0000039c 00000398 00000394 00000390 0000038c 00000388 
core   0: 0x800001f8 (0x024080d7) vadd.vv v1, v4, v1
core   0: 3 0x800001f8 (0x024080d7) c8_vstart 0x00000000 e32 m1 l32 v1  ffffffff 0x90000394 90000390 9000038c 90000388 900003bc 900003b8 900003b4 900003b0 900003ac 900003a8 900003a4 900003a0 9000039c 90000398 90000394 90000390 9000038c 90000388 900003bc 900003b8 900003b4 900003b0 900003ac 900003a8 900003a4 900003a0 9000039c 90000398 90000394 90000390 9000038c 90000388 
core   0: 0x800001fc (0x0000a0fb) vlw12.v v1, v1, 0
core   0: 3 0x800001fc (0x0000a0fb) e32 m1 l32 v1  ffffffff 0x4256fdf4 42c0975c 400ff837 4279b0e8 42713155 413098fc 42b3fba4 42c1a703 41be0090 42586c92 420a575c 41db5b49 427b56f6 429947ce 4256fdf4 42c0975c 400ff837 4279b0e8 42713155 413098fc 42b3fba4 42c1a703 41be0090 42586c92 420a575c 41db5b49 427b56f6 429947ce 4256fdf4 42c0975c 400ff837 4279b0e8  c8_vstart 0x00000000 mem 0x90000388 mem 0x9000038c mem 0x90000390 mem 0x90000394 mem 0x90000398 mem 0x9000039c mem 0x900003a0 mem 0x900003a4 mem 0x900003a8 mem 0x900003ac mem 0x900003b0 mem 0x900003b4 mem 0x900003b8 mem 0x900003bc mem 0x90000388 mem 0x9000038c mem 0x90000390 mem 0x90000394 mem 0x90000398 mem 0x9000039c mem 0x900003a0 mem 0x900003a4 mem 0x900003a8 mem 0x900003ac mem 0x900003b0 mem 0x900003b4 mem 0x900003b8 mem 0x900003bc mem 0x90000388 mem 0x9000038c mem 0x90000390 mem 0x90000394
core   0: 0x80000200 (0xfdc12283) lw      x5, -36(x2)
core   0: 3 0x80000200 (0xfdc12283) x5  0x3f800000 mem 0x70000010
core   0: 0x80000204 (0x5e02c257) vmv.v.x v4, x5
core   0: 3 0x80000204 (0x5e02c257) c8_vstart 0x00000000 e32 m1 l32 v4  ffffffff 0x3f800000 3f800000 3f800000 3f800000 3f800000 3f800000 3f800000 3f800000 3f800000 3f800000 3f800000 3f800000 3f800000 3f800000 3f800000 3f800000 3f800000 3f800000 3f800000 3f800000 3f800000 3f800000 3f800000 3f800000 3f800000 3f800000 3f800000 3f800000 3f800000 3f800000 3f800000 3f800000 
core   0: 0x80000208 (0xa25211d7) vfmadd.vv v3, v5, v4
core   0: 3 0x80000208 (0xa25211d7) c8_vstart 0x00000000 c1_fflags 0x00000001 e32 m1 l32 v3  ffffffff 0x42d8a4ae 42b014ff 4289ecda 42b63509 42c440ae 431e9253 433b9a10 43153757 43039ddc 430c35fc 430cee16 4325b749 43339cd0 4300ea29 42d8a4ae 42b014ff 4289ecda 42b63509 42c440ae 431e9253 433b9a10 43153757 43039ddc 430c35fc 430cee16 4325b749 43339cd0 4300ea29 42d8a4ae 42b014ff 4289ecda 42b63509 
core   0: 0x8000020c (0xfe012283) lw      x5, -32(x2)
core   0: 3 0x8000020c (0xfe012283) x5  0x3f800000 mem 0x70000014
core   0: 0x80000210 (0x5e02c257) vmv.v.x v4, x5
core   0: 3 0x80000210 (0x5e02c257) c8_vstart 0x00000000 e32 m1 l32 v4  ffffffff 0x3f800000 3f800000 3f800000 3f800000 3f800000 3f800000 3f800000 3f800000 3f800000 3f800000 3f800000 3f800000 3f800000 3f800000 3f800000 3f800000 3f800000 3f800000 3f800000 3f800000 3f800000 3f800000 3f800000 3f800000 3f800000 3f800000 3f800000 3f800000 3f800000 3f800000 3f800000 3f800000 
core   0: 0x80000214 (0xa23213d7) vfmadd.vv v7, v3, v4
core   0: 3 0x80000214 (0xa23213d7) c8_vstart 0x00000000 c1_fflags 0x00000001 e32 m1 l32 v7  ffffffff 0x43449be4 4300ab1b 4308a828 42dee691 433969d4 43427500 4379d7ba 43758c00 435ee343 434627ec 43569a02 43684158 437e00d6 435c3d6c 43449be4 4300ab1b 4308a828 42dee691 433969d4 43427500 4379d7ba 43758c00 435ee343 434627ec 43569a02 43684158 437e00d6 435c3d6c 43449be4 4300ab1b 4308a828 42dee691 
core   0: 0x80000218 (0xfe412283) lw      x5, -28(x2)
core   0: 3 0x80000218 (0xfe412283) x5  0x3f800000 mem 0x70000018
core   0: 0x8000021c (0x5e02c1d7) vmv.v.x v3, x5
core   0: 3 0x8000021c (0x5e02c1d7) c8_vstart 0x00000000 e32 m1 l32 v3  ffffffff 0x3f800000 3f800000 3f800000 3f800000 3f800000 3f800000 3f800000 3f800000 3f800000 3f800000 3f800000 3f800000 3f800000 3f800000 3f800000 3f800000 3f800000 3f800000 3f800000 3f800000 3f800000 3f800000 3f800000 3f800000 3f800000 3f800000 3f800000 3f800000 3f800000 3f800000 3f800000 3f800000 
core   0: 0x80000220 (0xa2719457) vfmadd.vv v8, v7, v3
core   0: 3 0x80000220 (0xa2719457) c8_vstart 0x00000000 c1_fflags 0x00000001 e32 m1 l32 v8  ffffffff 0x43696dd6 4341dcee 435a0690 432eec1c 43466b70 4376b2a2 43ac7db8 43874654 438477dd 435a99cd 439087f7 439ea74d 4396bf60 4390730a 43696dd6 4341dcee 435a0690 432eec1c 43466b70 4376b2a2 43ac7db8 43874654 438477dd 435a99cd 439087f7 439ea74d 4396bf60 4390730a 43696dd6 4341dcee 435a0690 432eec1c 
core   0: 0x80000224 (0xfe812283) lw      x5, -24(x2)
core   0: 3 0x80000224 (0xfe812283) x5  0x3f800000 mem 0x7000001c
core   0: 0x80000228 (0x5e02c1d7) vmv.v.x v3, x5
core   0: 3 0x80000228 (0x5e02c1d7) c8_vstart 0x00000000 e32 m1 l32 v3  ffffffff 0x3f800000 3f800000 3f800000 3f800000 3f800000 3f800000 3f800000 3f800000 3f800000 3f800000 3f800000 3f800000 3f800000 3f800000 3f800000 3f800000 3f800000 3f800000 3f800000 3f800000 3f800000 3f800000 3f800000 3f800000 3f800000 3f800000 3f800000 3f800000 3f800000 3f800000 3f800000 3f800000 
core   0: 0x8000022c (0xa2819557) vfmadd.vv v10, v8, v3
core   0: 3 0x8000022c (0xa2819557) c8_vstart 0x00000000 c1_fflags 0x00000001 e32 m1 l32 v10 ffffffff 0x43970b3f 4366aee0 438d9c31 43802542 438f0a66 4381da1f 43c69c89 43b6d82f 4390f831 43825322 439ac0e7 43c3e243 43c14601 43a831ff 43970b3f 4366aee0 438d9c31 43802542 438f0a66 4381da1f 43c69c89 43b6d82f 4390f831 43825322 439ac0e7 43c3e243 43c14601 43a831ff 43970b3f 4366aee0 438d9c31 43802542 
core   0: 0x80000230 (0xfec12283) lw      x5, -20(x2)
core   0: 3 0x80000230 (0xfec12283) x5  0x3f800000 mem 0x70000020
core   0: 0x80000234 (0x5e02c1d7) vmv.v.x v3, x5
core   0: 3 0x80000234 (0x5e02c1d7) c8_vstart 0x00000000 e32 m1 l32 v3  ffffffff 0x3f800000 3f800000 3f800000 3f800000 3f800000 3f800000 3f800000 3f800000 3f800000 3f800000 3f800000 3f800000 3f800000 3f800000 3f800000 3f800000 3f800000 3f800000 3f800000 3f800000 3f800000 3f800000 3f800000 3f800000 3f800000 3f800000 3f800000 3f800000 3f800000 3f800000 3f800000 3f800000 
core   0: 0x80000238 (0xa2a195d7) vfmadd.vv v11, v10, v3
core   0: 3 0x80000238 (0xa2a195d7) c8_vstart 0x00000000 c1_fflags 0x00000001 e32 m1 l32 v11 ffffffff 0x43aeca34 4395abc4 43a0052a 43a0be2b 43be67a5 43adaece 43cd1d57 43d0f700 43c08a0c 438ed376 43afc723 43ce1b33 43e680f7 43d2b8a0 43aeca34 4395abc4 43a0052a 43a0be2b 43be67a5 43adaece 43cd1d57 43d0f700 43c08a0c 438ed376 43afc723 43ce1b33 43e680f7 43d2b8a0 43aeca34 4395abc4 43a0052a 43a0be2b 
core   0: 0x8000023c (0xff012283) lw      x5, -16(x2)
core   0: 3 0x8000023c (0xff012283) x5  0x3f800000 mem 0x70000024
core   0: 0x80000240 (0x5e02c1d7) vmv.v.x v3, x5
core   0: 3 0x80000240 (0x5e02c1d7) c8_vstart 0x00000000 e32 m1 l32 v3  ffffffff 0x3f800000 3f800000 3f800000 3f800000 3f800000 3f800000 3f800000 3f800000 3f800000 3f800000 3f800000 3f800000 3f800000 3f800000 3f800000 3f800000 3f800000 3f800000 3f800000 3f800000 3f800000 3f800000 3f800000 3f800000 3f800000 3f800000 3f800000 3f800000 3f800000 3f800000 3f800000 3f800000 
core   0: 0x80000244 (0xa2b19157) vfmadd.vv v2, v11, v3
core   0: 3 0x80000244 (0xa2b19157) c8_vstart 0x00000000 c1_fflags 0x00000001 e32 m1 l32 v2  ffffffff 0x43afea24 43b4e1e1 43a4063b 43bf8dcd 43eb668e 43de188f 43d8fd60 43ec0492 43d1d4f8 439c892b 43cf3202 43f46d26 4400b05b 44016f3c 43afea24 43b4e1e1 43a4063b 43bf8dcd 43eb668e 43de188f 43d8fd60 43ec0492 43d1d4f8 439c892b 43cf3202 43f46d26 4400b05b 44016f3c 43afea24 43b4e1e1 43a4063b 43bf8dcd 
core   0: 0x80000248 (0xff412283) lw      x5, -12(x2)
core   0: 3 0x80000248 (0xff412283) x5  0x3f800000 mem 0x70000028
core   0: 0x8000024c (0x5e02c1d7) vmv.v.x v3, x5
core   0: 3 0x8000024c (0x5e02c1d7) c8_vstart 0x00000000 e32 m1 l32 v3  ffffffff 0x3f800000 3f800000 3f800000 3f800000 3f800000 3f800000 3f800000 3f800000 3f800000 3f800000 3f800000 3f800000 3f800000 3f800000 3f800000 3f800000 3f800000 3f800000 3f800000 3f800000 3f800000 3f800000 3f800000 3f800000 3f800000 3f800000 3f800000 3f800000 3f800000 3f800000 3f800000 3f800000 
core   0: 0x80000250 (0xa2219057) vfmadd.vv v0, v2, v3
core   0: 3 0x80000250 (0xa2219057) c8_vstart 0x00000000 c1_fflags 0x00000001 e32 m1 l32 v0  ffffffff 0x43e00ffb 43b601d1 43c33c58 43c38ede 43f0eb56 44058bbc 4404b390 43f7e49b 43ece28a 43add416 43dce7b7 4409ec02 4413d955 440edf1b 43e00ffb 43b601d1 43c33c58 43c38ede 43f0eb56 44058bbc 4404b390 43f7e49b 43ece28a 43add416 43dce7b7 4409ec02 4413d955 440edf1b 43e00ffb 43b601d1 43c33c58 43c38ede 
core   0: 0x80000254 (0xff812283) lw      x5, -8(x2)
core   0: 3 0x80000254 (0xff812283) x5  0x3f800000 mem 0x7000002c
core   0: 0x80000258 (0x5e02c157) vmv.v.x v2, x5
core   0: 3 0x80000258 (0x5e02c157) c8_vstart 0x00000000 e32 m1 l32 v2  ffffffff 0x3f800000 3f800000 3f800000 3f800000 3f800000 3f800000 3f800000 3f800000 3f800000 3f800000 3f800000 3f800000 3f800000 3f800000 3f800000 3f800000 3f800000 3f800000 3f800000 3f800000 3f800000 3f800000 3f800000 3f800000 3f800000 3f800000 3f800000 3f800000 3f800000 3f800000 3f800000 3f800000 
core   0: 0x8000025c (0xa20110d7) vfmadd.vv v1, v0, v2
core   0: 3 0x8000025c (0xa20110d7) c8_vstart 0x00000000 c1_fflags 0x00000001 e32 m1 l32 v1  ffffffff 0x43faefba 43e627a8 43c45c48 43e2c4fb 440788c0 44084e20 441b3304 4414272e 43f8c293 43c8e1a8 43ee32a2 4410c6dc 44238ec4 44220815 43faefba 43e627a8 43c45c48 43e2c4fb 440788c0 44084e20 441b3304 4414272e 43f8c293 43c8e1a8 43ee32a2 4410c6dc 44238ec4 44220815 43faefba 43e627a8 43c45c48 43e2c4fb 
core   0: 0x80000260 (0xffc12283) lw      x5, -4(x2)
core   0: 3 0x80000260 (0xffc12283) x5  0x90001000 mem 0x70000030
core   0: 0x80000264 (0x0292c057) vadd.vx v0, v9, x5
core   0: 3 0x80000264 (0x0292c057) c8_vstart 0x00000000 e32 m1 l32 v0  ffffffff 0x90001350 9000134c 90001348 90001344 90001378 90001374 90001370 9000136c 90001368 90001364 90001360 9000135c 90001358 90001354 90001350 9000134c 90001348 90001344 90001378 90001374 90001370 9000136c 90001368 90001364 90001360 9000135c 90001358 90001354 90001350 9000134c 90001348 90001344 
core   0: 0x80000268 (0x0010607b) vsw12.v v1, v0, 0
core   0: 3 0x80000268 (0x0010607b) c8_vstart 0x00000000 e32 m1 l32 mem 0x90001344 0x43e2c4fb mem 0x90001348 0x43c45c48 mem 0x9000134c 0x43e627a8 mem 0x90001350 0x43faefba mem 0x90001354 0x44220815 mem 0x90001358 0x44238ec4 mem 0x9000135c 0x4410c6dc mem 0x90001360 0x43ee32a2 mem 0x90001364 0x43c8e1a8 mem 0x90001368 0x43f8c293 mem 0x9000136c 0x4414272e mem 0x90001370 0x441b3304 mem 0x90001374 0x44084e20 mem 0x90001378 0x440788c0 mem 0x90001344 0x43e2c4fb mem 0x90001348 0x43c45c48 mem 0x9000134c 0x43e627a8 mem 0x90001350 0x43faefba mem 0x90001354 0x44220815 mem 0x90001358 0x44238ec4 mem 0x9000135c 0x4410c6dc mem 0x90001360 0x43ee32a2 mem 0x90001364 0x43c8e1a8 mem 0x90001368 0x43f8c293 mem 0x9000136c 0x4414272e mem 0x90001370 0x441b3304 mem 0x90001374 0x44084e20 mem 0x90001378 0x440788c0 mem 0x90001344 0x43e2c4fb mem 0x90001348 0x43c45c48 mem 0x9000134c 0x43e627a8 mem 0x90001350 0x43faefba
core   0: 0x8000026c (0xfcc12083) lw      x1, -52(x2)
core   0: 3 0x8000026c (0xfcc12083) x1  0x800000a0 mem 0x70000000
core   0: 0x80000270 (0x0090200b) regext  x0, x0,  0 0 1 1 
core   0: 3 0x80000270 (0x0090200b)
core   0: 0x80000274 (0x7fc020ab) vlw.v   v1, x0, -4
core   0: 3 0x80000274 (0x7fc020ab) e32 m1 l32 v33 ffffffff 0x00000000 00000000 00000000 00000000 00000000 00000000 00000000 00000000 00000000 00000000 00000000 00000000 00000000 00000000 00000000 00000000 00000000 00000000 00000000 00000000 00000000 00000000 00000000 00000000 00000000 00000000 00000000 00000000 00000000 00000000 00000000 00000000  c8_vstart 0x00000000 mem 0x90003000 mem 0x90003004 mem 0x90003008 mem 0x9000300c mem 0x90003010 mem 0x90003014 mem 0x90003018 mem 0x9000301c mem 0x90003020 mem 0x90003024 mem 0x90003028 mem 0x9000302c mem 0x90003030 mem 0x90003034 mem 0x90003038 mem 0x9000303c mem 0x90003040 mem 0x90003044 mem 0x90003048 mem 0x9000304c mem 0x90003050 mem 0x90003054 mem 0x90003058 mem 0x9000305c mem 0x90003060 mem 0x90003064 mem 0x90003068 mem 0x9000306c mem 0x90003070 mem 0x90003074 mem 0x90003078 mem 0x9000307c
core   0: 0x80000278 (0xfcc10113) addi    x2, x2, -52
core   0: 3 0x80000278 (0xfcc10113) x2  0x70000000
core   0: 0x8000027c (0xffc20213) addi    x4, x4, -4
core   0: 3 0x8000027c (0xffc20213) x4  0x00000000
core   0: 0x80000280 (0x0010200b) regext  x0, x0,  0 0 0 1 
core   0: 3 0x80000280 (0x0010200b)
core   0: 0x80000284 (0x5e024057) vmv.v.x v0, x4
core   0: 3 0x80000284 (0x5e024057) c8_vstart 0x00000000 e32 m1 l32 v32 ffffffff 0x00000000 00000000 00000000 00000000 00000000 00000000 00000000 00000000 00000000 00000000 00000000 00000000 00000000 00000000 00000000 00000000 00000000 00000000 00000000 00000000 00000000 00000000 00000000 00000000 00000000 00000000 00000000 00000000 00000000 00000000 00000000 00000000 
core   0: 0x80000288 (0x00008067) ret
core   0: 3 0x80000288 (0x00008067)
core   0: 0x800000a0 (0x0000400b) endprg  x0, x0, x0
core   0: 3 0x800000a0 (0x0000400b)
core   0: 0x800000a4 (0x0040006f) j       pc + 0x4
core   0: 3 0x800000a4 (0x0040006f)
core   0: 0x800000a8 (0x00100313) li      x6, 1
core   0: 3 0x800000a8 (0x00100313) x6  0x00000001
core   0: 0x800000ac (0x00001297) auipc   x5, 0x1
core   0: 3 0x800000ac (0x00001297) x5  0x800010ac
core   0: 0x800000b0 (0xf5428293) addi    x5, x5, -172
core   0: 3 0x800000b0 (0xf5428293) x5  0x80001000
core   0: 0x800000b4 (0x0062a023) sw      x6, 0(x5)
core   0: 3 0x800000b4 (0x0062a023) mem 0x80001000 0x00000001
core   0: 0x00001000 (0x00000297) auipc   x5, 0x0
core   0: 3 0x00001000 (0x00000297) x5  0x00001000
core   0: 0x00001004 (0x02028593) addi    x11, x5, 32
core   0: 3 0x00001004 (0x02028593) x11 0x00001020
core   0: 0x00001008 (0xf1402573) csrr    x10, mhartid
core   0: 3 0x00001008 (0xf1402573) x10 0x00000000
core   0: 0x0000100c (0x0182a283) lw      x5, 24(x5)
core   0: 3 0x0000100c (0x0182a283) x5  0x80000000 mem 0x00001018
core   0: 0x00001010 (0x00028067) jr      x5
core   0: 3 0x00001010 (0x00028067)
core   0: 0x80000000 (0x00004197) auipc   x3, 0x4
core   0: 3 0x80000000 (0x00004197) x3  0x80004000
core   0: 0x80000004 (0x80818193) addi    x3, x3, -2040
core   0: 3 0x80000004 (0x80818193) x3  0x80003808
core   0: 0x80000008 (0x02000e93) li      x29, 32
core   0: 3 0x80000008 (0x02000e93) x29 0x00000020
core   0: 0x8000000c (0x0d0efed7) vsetvli x29, x29, e32, m1, ta, ma
core   0: 3 0x8000000c (0x0d0efed7) x29 0x00000020 c8_vstart 0x00000000 c3104_vl 0x00000020 c3105_vtype 0x000000d0 c768_mstatus 0x80000600
core   0: 0x80000010 (0x00002eb7) lui     x29, 0x2
core   0: 3 0x80000010 (0x00002eb7) x29 0x00002000
core   0: 0x80000014 (0x300eaef3) csrrs   x29, mstatus, x29
core   0: 3 0x80000014 (0x300eaef3) x29 0x80000600 c768_mstatus 0x80006600
core   0: 0x80000018 (0x00000e93) li      x29, 0
core   0: 3 0x80000018 (0x00000e93) x29 0x00000000
core   0: 0x8000001c (0x80502373) csrr    x6, wid
core   0: 3 0x8000001c (0x80502373) x6  0x00000000
core   0: 0x80000020 (0x806023f3) csrr    x7, lds
core   0: 3 0x80000020 (0x806023f3) x7  0x70000000
core   0: 0x80000024 (0x40000e13) li      x28, 1024
core   0: 3 0x80000024 (0x40000e13) x28 0x00000400
core   0: 0x80000028 (0x03c30333) mul     x6, x6, x28
core   0: 3 0x80000028 (0x03c30333) x6  0x00000000
core   0: 0x8000002c (0x00730133) add     x2, x6, x7
core   0: 3 0x8000002c (0x00730133) x2  0x70000000
core   0: 0x80000030 (0x00000213) li      x4, 0
core   0: 3 0x80000030 (0x00000213) x4  0x00000000
core   0: 0x80000034 (0x80102f73) csrr    x30, numw
core   0: 3 0x80000034 (0x80102f73) x30 0x00000001
core   0: 0x80000038 (0x40000e13) li      x28, 1024
core   0: 3 0x80000038 (0x40000e13) x28 0x00000400
core   0: 0x8000003c (0x03cf0f33) mul     x30, x30, x28
core   0: 3 0x8000003c (0x03cf0f33) x30 0x00000400
core   0: 0x80000040 (0x01e38433) add     x8, x7, x30
core   0: 3 0x80000040 (0x01e38433) x8  0x70000400
core   0: 0x80000044 (0x00003517) auipc   x10, 0x3
core   0: 3 0x80000044 (0x00003517) x10 0x80003044
core   0: 0x80000048 (0xfc450513) addi    x10, x10, -60
core   0: 3 0x80000048 (0xfc450513) x10 0x80003008
core   0: 0x8000004c (0x00003617) auipc   x12, 0x3
core   0: 3 0x8000004c (0x00003617) x12 0x8000304c
core   0: 0x80000050 (0xfbc60613) addi    x12, x12, -68
core   0: 3 0x80000050 (0xfbc60613) x12 0x80003008
core   0: 0x80000054 (0x00c50863) beq     x10, x12, pc + 16
core   0: 3 0x80000054 (0x00c50863)
core   0: 0x80000064 (0x803022f3) csrr    x5, knl
core   0: 3 0x80000064 (0x803022f3) x5  0x901c3000
core   0: 0x80000068 (0x0002a303) lw      x6, 0(x5)
core   0: 3 0x80000068 (0x0002a303) x6  0x800000b8 mem 0x901c3000
core   0: 0x8000006c (0x0042a503) lw      x10, 4(x5)
core   0: 3 0x8000006c (0x0042a503) x10 0x90002000 mem 0x901c3004
core   0: 0x80000070 (0x0302a383) lw      x7, 48(x5)
core   0: 3 0x80000070 (0x0302a383) x7  0x00000000 mem 0x901c3030
core   0: 0x80000074 (0x0342ae03) lw      x28, 52(x5)
core   0: 3 0x80000074 (0x0342ae03) x28 0x00000000 mem 0x901c3034
core   0: 0x80000078 (0x00003e97) auipc   x29, 0x3
core   0: 3 0x80000078 (0x00003e97) x29 0x80003078
core   0: 0x8000007c (0xf88e8e93) addi    x29, x29, -120
core   0: 3 0x8000007c (0xf88e8e93) x29 0x80003000
core   0: 0x80000080 (0x00003f17) auipc   x30, 0x3
core   0: 3 0x80000080 (0x00003f17) x30 0x80003080
core   0: 0x80000084 (0xf84f0f13) addi    x30, x30, -124
core   0: 3 0x80000084 (0xf84f0f13) x30 0x80003004
core   0: 0x80000088 (0x007ea023) sw      x7, 0(x29)
core   0: 3 0x80000088 (0x007ea023) mem 0x80003000 0x00000000
core   0: 0x8000008c (0x01cf2023) sw      x28, 0(x30)
core   0: 3 0x8000008c (0x01cf2023) mem 0x80003004 0x00000000
core   0: 0x80000090 (0x00000f97) auipc   x31, 0x0
core   0: 3 0x80000090 (0x00000f97) x31 0x80000090
core   0: 0x80000094 (0x018f8f93) addi    x31, x31, 24
core   0: 3 0x80000094 (0x018f8f93) x31 0x800000a8
core   0: 0x80000098 (0x305f9073) csrw    mtvec, x31
core   0: 3 0x80000098 (0x305f9073) c773_mtvec 0x800000a8
core   0: 0x8000009c (0x000300e7) jalr    x6
core   0: 3 0x8000009c (0x000300e7) x1  0x800000a0
core   0: 0x800000b8 (0x03410113) addi    x2, x2, 52
core   0: 3 0x800000b8 (0x03410113) x2  0x70000034
core   0: 0x800000bc (0x00420213) addi    x4, x4, 4
core   0: 3 0x800000bc (0x00420213) x4  0x00000004
core   0: 0x800000c0 (0x0010200b) regext  x0, x0,  0 0 0 1 
core   0: 3 0x800000c0 (0x0010200b)
core   0: 0x800000c4 (0x5e024057) vmv.v.x v0, x4
core   0: 3 0x800000c4 (0x5e024057) c8_vstart 0x00000000 e32 m1 l32 v32 ffffffff 0x00000004 00000004 00000004 00000004 00000004 00000004 00000004 00000004 00000004 00000004 00000004 00000004 00000004 00000004 00000004 00000004 00000004 00000004 00000004 00000004 00000004 00000004 00000004 00000004 00000004 00000004 00000004 00000004 00000004 00000004 00000004 00000004 
core   0: 0x800000c8 (0xfc112623) sw      x1, -52(x2)
core   0: 3 0x800000c8 (0xfc112623) mem 0x70000000 0x800000a0
core   0: 0x800000cc (0x0480200b) regext  x0, x0,  0 1 1 0 
core   0: 3 0x800000cc (0x0480200b)
core   0: 0x800000d0 (0xfe102e2b) vsw.v   v1, x0, -4
core   0: 3 0x800000d0 (0xfe102e2b) c8_vstart 0x00000000 mem 0x90003000 0x00000000 mem 0x90003004 0x00000000 mem 0x90003008 0x00000000 mem 0x9000300c 0x00000000 mem 0x90003010 0x00000000 mem 0x90003014 0x00000000 mem 0x90003018 0x00000000 mem 0x9000301c 0x00000000 mem 0x90003020 0x00000000 mem 0x90003024 0x00000000 mem 0x90003028 0x00000000 mem 0x9000302c 0x00000000 mem 0x90003030 0x00000000 mem 0x90003034 0x00000000 mem 0x90003038 0x00000000 mem 0x9000303c 0x00000000 mem 0x90003040 0x00000000 mem 0x90003044 0x00000000 mem 0x90003048 0x00000000 mem 0x9000304c 0x00000000 mem 0x90003050 0x00000000 mem 0x90003054 0x00000000 mem 0x90003058 0x00000000 mem 0x9000305c 0x00000000 mem 0x90003060 0x00000000 mem 0x90003064 0x00000000 mem 0x90003068 0x00000000 mem 0x9000306c 0x00000000 mem 0x90003070 0x00000000 mem 0x90003074 0x00000000 mem 0x90003078 0x00000000 mem 0x9000307c 0x00000000
core   0: 0x800000d4 (0x00452283) lw      x5, 4(x10)
core   0: 3 0x800000d4 (0x00452283) x5  0x90001000 mem 0x90002004
core   0: 0x800000d8 (0xfe512e23) sw      x5, -4(x2)
core   0: 3 0x800000d8 (0xfe512e23) mem 0x70000030 0x90001000
core   0: 0x800000dc (0x03052283) lw      x5, 48(x10)
core   0: 3 0x800000dc (0x03052283) x5  0x3f800000 mem 0x90002030
core   0: 0x800000e0 (0xfe512c23) sw      x5, -8(x2)
core   0: 3 0x800000e0 (0xfe512c23) mem 0x7000002c 0x3f800000
core   0: 0x800000e4 (0x02c52283) lw      x5, 44(x10)
core   0: 3 0x800000e4 (0x02c52283) x5  0x3f800000 mem 0x9000202c
core   0: 0x800000e8 (0xfe512a23) sw      x5, -12(x2)
core   0: 3 0x800000e8 (0xfe512a23) mem 0x70000028 0x3f800000
core   0: 0x800000ec (0x02852283) lw      x5, 40(x10)
core   0: 3 0x800000ec (0x02852283) x5  0x3f800000 mem 0x90002028
core   0: 0x800000f0 (0xfe512823) sw      x5, -16(x2)
core   0: 3 0x800000f0 (0xfe512823) mem 0x70000024 0x3f800000
core   0: 0x800000f4 (0x02452283) lw      x5, 36(x10)
core   0: 3 0x800000f4 (0x02452283) x5  0x3f800000 mem 0x90002024
core   0: 0x800000f8 (0xfe512623) sw      x5, -20(x2)
core   0: 3 0x800000f8 (0xfe512623) mem 0x70000020 0x3f800000
core   0: 0x800000fc (0x02052283) lw      x5, 32(x10)
core   0: 3 0x800000fc (0x02052283) x5  0x3f800000 mem 0x90002020
core   0: 0x80000100 (0xfe512423) sw      x5, -24(x2)
core   0: 3 0x80000100 (0xfe512423) mem 0x7000001c 0x3f800000
core   0: 0x80000104 (0x01c52283) lw      x5, 28(x10)
core   0: 3 0x80000104 (0x01c52283) x5  0x3f800000 mem 0x9000201c
core   0: 0x80000108 (0xfe512223) sw      x5, -28(x2)
core   0: 3 0x80000108 (0xfe512223) mem 0x70000018 0x3f800000
core   0: 0x8000010c (0x01852283) lw      x5, 24(x10)
core   0: 3 0x8000010c (0x01852283) x5  0x3f800000 mem 0x90002018
core   0: 0x80000110 (0xfe512023) sw      x5, -32(x2)
core   0: 3 0x80000110 (0xfe512023) mem 0x70000014 0x3f800000
core   0: 0x80000114 (0x01052283) lw      x5, 16(x10)
core   0: 3 0x80000114 (0x01052283) x5  0x3f800000 mem 0x90002010
core   0: 0x80000118 (0xfc512e23) sw      x5, -36(x2)
core   0: 3 0x80000118 (0xfc512e23) mem 0x70000010 0x3f800000
core   0: 0x8000011c (0x01452283) lw      x5, 20(x10)
core   0: 3 0x8000011c (0x01452283) x5  0x3f800000 mem 0x90002014
core   0: 0x80000120 (0xfc512c23) sw      x5, -40(x2)
core   0: 3 0x80000120 (0xfc512c23) mem 0x7000000c 0x3f800000
core   0: 0x80000124 (0x00052283) lw      x5, 0(x10)
core   0: 3 0x80000124 (0x00052283) x5  0x90000000 mem 0x90002000
core   0: 0x80000128 (0xfc512a23) sw      x5, -44(x2)
core   0: 3 0x80000128 (0xfc512a23) mem 0x70000008 0x90000000
core   0: 0x8000012c (0x00852283) lw      x5, 8(x10)
core   0: 3 0x8000012c (0x00852283) x5  0x00000010 mem 0x90002008
core   0: 0x80000130 (0xfc512823) sw      x5, -48(x2)
core   0: 3 0x80000130 (0xfc512823) mem 0x70000004 0x00000010
core   0: 0x80000134 (0x5e004057) vmv.v.x v0, x0
core   0: 3 0x80000134 (0x5e004057) c8_vstart 0x00000000 e32 m1 l32 v0  ffffffff 0x00000000 00000000 00000000 00000000 00000000 00000000 00000000 00000000 00000000 00000000 00000000 00000000 00000000 00000000 00000000 00000000 00000000 00000000 00000000 00000000 00000000 00000000 00000000 00000000 00000000 00000000 00000000 00000000 00000000 00000000 00000000 00000000 
core   0: 0x80000138 (0x154000ef) jal     pc + 0x154
core   0: 3 0x80000138 (0x154000ef) x1  0x8000013c
core   0: 0x8000028c (0x00410113) addi    x2, x2, 4
core   0: 3 0x8000028c (0x00410113) x2  0x70000038
core   0: 0x80000290 (0xfe112e23) sw      x1, -4(x2)
core   0: 3 0x80000290 (0xfe112e23) mem 0x70000034 0x8000013c
core   0: 0x80000294 (0x00200293) li      x5, 2
core   0: 3 0x80000294 (0x00200293) x5  0x00000002
core   0: 0x80000298 (0x5e02c0d7) vmv.v.x v1, x5
core   0: 3 0x80000298 (0x5e02c0d7) c8_vstart 0x00000000 e32 m1 l32 v1  ffffffff 0x00000002 00000002 00000002 00000002 00000002 00000002 00000002 00000002 00000002 00000002 00000002 00000002 00000002 00000002 00000002 00000002 00000002 00000002 00000002 00000002 00000002 00000002 00000002 00000002 00000002 00000002 00000002 00000002 00000002 00000002 00000002 00000002 
core   0: 0x8000029c (0x00000317) auipc   x6, 0x0
core   0: 3 0x8000029c (0x00000317) x6  0x8000029c
core   0: 0x800002a0 (0x04c3305b) setrpc  x0, x6, 76
core   0: 3 0x800002a0 (0x04c3305b) c2060_rpc 0x800002e8 current mask:	ffffffff current npc:	00000000 stack size: 0
core   0: 0x800002a4 (0x0200885b) vbeq    v0, v1, pc + 48
core   0: 3 0x800002a4 (0x0200885b) c8_vstart 0x00000000 e32 m1 l32 current mask:	ffffffff current npc:	800002a8 stack size: 0
core   0: 0x800002a8 (0x00100293) li      x5, 1
core   0: 3 0x800002a8 (0x00100293) x5  0x00000001
core   0: 0x800002ac (0x5e02c0d7) vmv.v.x v1, x5
core   0: 3 0x800002ac (0x5e02c0d7) c8_vstart 0x00000000 e32 m1 l32 v1  ffffffff 0x00000001 00000001 00000001 00000001 00000001 00000001 00000001 00000001 00000001 00000001 00000001 00000001 00000001 00000001 00000001 00000001 00000001 00000001 00000001 00000001 00000001 00000001 00000001 00000001 00000001 00000001 00000001 00000001 00000001 00000001 00000001 00000001 
core   0: 0x800002b0 (0x00000317) auipc   x6, 0x0
core   0: 3 0x800002b0 (0x00000317) x6  0x800002b0
core   0: 0x800002b4 (0x0383305b) setrpc  x0, x6, 56
core   0: 3 0x800002b4 (0x0383305b) c2060_rpc 0x800002e8 current mask:	ffffffff current npc:	800002a8 stack size: 0
core   0: 0x800002b8 (0x0200825b) vbeq    v0, v1, pc + 36
core   0: 3 0x800002b8 (0x0200825b) c8_vstart 0x00000000 e32 m1 l32 current mask:	ffffffff current npc:	800002bc stack size: 0
core   0: 0x800002bc (0x5e0040d7) vmv.v.x v1, x0
core   0: 3 0x800002bc (0x5e0040d7) c8_vstart 0x00000000 e32 m1 l32 v1  ffffffff 0x00000000 00000000 00000000 00000000 00000000 00000000 00000000 00000000 00000000 00000000 00000000 00000000 00000000 00000000 00000000 00000000 00000000 00000000 00000000 00000000 00000000 00000000 00000000 00000000 00000000 00000000 00000000 00000000 00000000 00000000 00000000 00000000 
core   0: 0x800002c0 (0x00000317) auipc   x6, 0x0
core   0: 3 0x800002c0 (0x00000317) x6  0x800002c0
core   0: 0x800002c4 (0x0283305b) setrpc  x0, x6, 40
core   0: 3 0x800002c4 (0x0283305b) c2060_rpc 0x800002e8 current mask:	ffffffff current npc:	800002bc stack size: 0
core   0: 0x800002c8 (0x00009e5b) vbne    v0, v1, pc + 28
core   0: 3 0x800002c8 (0x00009e5b) c8_vstart 0x00000000 e32 m1 l32 current mask:	ffffffff current npc:	800002cc stack size: 0
core   0: 0x800002cc (0x1a0000ef) jal     pc + 0x1a0
core   0: 3 0x800002cc (0x1a0000ef) x1  0x800002d0
core   0: 0x8000046c (0x00410113) addi    x2, x2, 4
core   0: 3 0x8000046c (0x00410113) x2  0x7000003c
core   0: 0x80000470 (0xfe112e23) sw      x1, -4(x2)
core   0: 3 0x80000470 (0xfe112e23) mem 0x70000038 0x800002d0
core   0: 0x80000474 (0xf1dff0ef) jal     pc - 0xe4
core   0: 3 0x80000474 (0xf1dff0ef) x1  0x80000478
core   0: 0x80000390 (0x00410113) addi    x2, x2, 4
core   0: 3 0x80000390 (0x00410113) x2  0x70000040
core   0: 0x80000394 (0xfe112e23) sw      x1, -4(x2)
core   0: 3 0x80000394 (0xfe112e23) mem 0x7000003c 0x80000478
core   0: 0x80000398 (0x80302573) csrr    x10, knl
core   0: 3 0x80000398 (0x80302573) x10 0x901c3000
core   0: 0x8000039c (0x00852283) lw      x5, 8(x10)
core   0: 3 0x8000039c (0x00852283) x5  0x00000002 mem 0x901c3008
core   0: 0x800003a0 (0x80002373) csrr    x6, tid
core   0: 3 0x800003a0 (0x80002373) x6  0x00000000
core   0: 0x800003a4 (0x5208a157) vid.v   v2
core   0: 3 0x800003a4 (0x5208a157) c8_vstart 0x00000000 e32 m1 l32 v2  ffffffff 0x0000001f 0000001e 0000001d 0000001c 0000001b 0000001a 00000019 00000018 00000017 00000016 00000015 00000014 00000013 00000012 00000011 00000010 0000000f 0000000e 0000000d 0000000c 0000000b 0000000a 00000009 00000008 00000007 00000006 00000005 00000004 00000003 00000002 00000001 00000000 
core   0: 0x800003a8 (0x02234057) vadd.vx v0, v2, x6
core   0: 3 0x800003a8 (0x02234057) c8_vstart 0x00000000 e32 m1 l32 v0  ffffffff 0x0000001f 0000001e 0000001d 0000001c 0000001b 0000001a 00000019 00000018 00000017 00000016 00000015 00000014 00000013 00000012 00000011 00000010 0000000f 0000000e 0000000d 0000000c 0000000b 0000000a 00000009 00000008 00000007 00000006 00000005 00000004 00000003 00000002 00000001 00000000 
core   0: 0x800003ac (0x01852e03) lw      x28, 24(x10)
core   0: 3 0x800003ac (0x01852e03) x28 0x0000000e mem 0x901c3018
core   0: 0x800003b0 (0x8a0e6057) vremu.vx v0, v0, x28
core   0: 3 0x800003b0 (0x8a0e6057) c8_vstart 0x00000000 e32 m1 l32 v0  ffffffff 0x00000003 00000002 00000001 00000000 0000000d 0000000c 0000000b 0000000a 00000009 00000008 00000007 00000006 00000005 00000004 00000003 00000002 00000001 00000000 0000000d 0000000c 0000000b 0000000a 00000009 00000008 00000007 00000006 00000005 00000004 00000003 00000002 00000001 00000000 
core   0: 0x800003b4 (0xffc12083) lw      x1, -4(x2)
core   0: 3 0x800003b4 (0xffc12083) x1  0x80000478 mem 0x7000003c
core   0: 0x800003b8 (0xffc10113) addi    x2, x2, -4
core   0: 3 0x800003b8 (0xffc10113) x2  0x7000003c
core   0: 0x800003bc (0x00008067) ret
core   0: 3 0x800003bc (0x00008067)
core   0: 0x80000478 (0x80302573) csrr    x10, knl
core   0: 3 0x80000478 (0x80302573) x10 0x901c3000
core   0: 0x8000047c (0x80802373) csrr    x6, gidx
core   0: 3 0x8000047c (0x80802373) x6  0x00000000
core   0: 0x80000480 (0x01852e03) lw      x28, 24(x10)
core   0: 3 0x80000480 (0x01852e03) x28 0x0000000e mem 0x901c3018
core   0: 0x80000484 (0x02452e83) lw      x29, 36(x10)
core   0: 3 0x80000484 (0x02452e83) x29 0x00000001 mem 0x901c3024
core   0: 0x80000488 (0x03c30fb3) mul     x31, x6, x28
core   0: 3 0x80000488 (0x03c30fb3) x31 0x00000000
core   0: 0x8000048c (0x01df8fb3) add     x31, x31, x29
core   0: 3 0x8000048c (0x01df8fb3) x31 0x00000001
core   0: 0x80000490 (0x020fc057) vadd.vx v0, v0, x31
core   0: 3 0x80000490 (0x020fc057) c8_vstart 0x00000000 e32 m1 l32 v0  ffffffff 0x00000004 00000003 00000002 00000001 0000000e 0000000d 0000000c 0000000b 0000000a 00000009 00000008 00000007 00000006 00000005 00000004 00000003 00000002 00000001 0000000e 0000000d 0000000c 0000000b 0000000a 00000009 00000008 00000007 00000006 00000005 00000004 00000003 00000002 00000001 
core   0: 0x80000494 (0xffc12083) lw      x1, -4(x2)
core   0: 3 0x80000494 (0xffc12083) x1  0x800002d0 mem 0x70000038
core   0: 0x80000498 (0xffc10113) addi    x2, x2, -4
core   0: 3 0x80000498 (0xffc10113) x2  0x70000038
core   0: 0x8000049c (0x00008067) ret
core   0: 3 0x8000049c (0x00008067)
core   0: 0x800002d0 (0x0180006f) j       pc + 0x18
core   0: 3 0x800002d0 (0x0180006f)
core   0: 0x800002e8 (0x0000205b) join    v0, v0, pc + 0
core   0: 3 0x800002e8 (0x0000205b) current mask:	ffffffff current npc:	800002cc stack size: 0
core   0: 0x800002ec (0xffc12083) lw      x1, -4(x2)
core   0: 3 0x800002ec (0xffc12083) x1  0x8000013c mem 0x70000034
core   0: 0x800002f0 (0xffc10113) addi    x2, x2, -4
core   0: 3 0x800002f0 (0xffc10113) x2  0x70000034
core   0: 0x800002f4 (0x00008067) ret
core   0: 3 0x800002f4 (0x00008067)
core   0: 0x8000013c (0x0010200b) regext  x0, x0,  0 0 0 1 
core   0: 3 0x8000013c (0x0010200b)
core   0: 0x80000140 (0x020040d7) vadd.vx v1, v0, x0
core   0: 3 0x80000140 (0x020040d7) c8_vstart 0x00000000 e32 m1 l32 v33 ffffffff 0x00000004 00000003 00000002 00000001 0000000e 0000000d 0000000c 0000000b 0000000a 00000009 00000008 00000007 00000006 00000005 00000004 00000003 00000002 00000001 0000000e 0000000d 0000000c 0000000b 0000000a 00000009 00000008 00000007 00000006 00000005 00000004 00000003 00000002 00000001 
core   0: 0x80000144 (0x00100293) li      x5, 1
core   0: 3 0x80000144 (0x00100293) x5  0x00000001
core   0: 0x80000148 (0x5e02c057) vmv.v.x v0, x5
core   0: 3 0x80000148 (0x5e02c057) c8_vstart 0x00000000 e32 m1 l32 v0  ffffffff 0x00000001 00000001 00000001 00000001 00000001 00000001 00000001 00000001 00000001 00000001 00000001 00000001 00000001 00000001 00000001 00000001 00000001 00000001 00000001 00000001 00000001 00000001 00000001 00000001 00000001 00000001 00000001 00000001 00000001 00000001 00000001 00000001 
core   0: 0x8000014c (0x140000ef) jal     pc + 0x140
core   0: 3 0x8000014c (0x140000ef) x1  0x80000150
core   0: 0x8000028c (0x00410113) addi    x2, x2, 4
core   0: 3 0x8000028c (0x00410113) x2  0x70000038
core   0: 0x80000290 (0xfe112e23) sw      x1, -4(x2)
core   0: 3 0x80000290 (0xfe112e23) mem 0x70000034 0x80000150
core   0: 0x80000294 (0x00200293) li      x5, 2
core   0: 3 0x80000294 (0x00200293) x5  0x00000002
core   0: 0x80000298 (0x5e02c0d7) vmv.v.x v1, x5
core   0: 3 0x80000298 (0x5e02c0d7) c8_vstart 0x00000000 e32 m1 l32 v1  ffffffff 0x00000002 00000002 00000002 00000002 00000002 00000002 00000002 00000002 00000002 00000002 00000002 00000002 00000002 00000002 00000002 00000002 00000002 00000002 00000002 00000002 00000002 00000002 00000002 00000002 00000002 00000002 00000002 00000002 00000002 00000002 00000002 00000002 
core   0: 0x8000029c (0x00000317) auipc   x6, 0x0
core   0: 3 0x8000029c (0x00000317) x6  0x8000029c
core   0: 0x800002a0 (0x04c3305b) setrpc  x0, x6, 76
core   0: 3 0x800002a0 (0x04c3305b) c2060_rpc 0x800002e8 current mask:	ffffffff current npc:	800002cc stack size: 0
core   0: 0x800002a4 (0x0200885b) vbeq    v0, v1, pc + 48
core   0: 3 0x800002a4 (0x0200885b) c8_vstart 0x00000000 e32 m1 l32 current mask:	ffffffff current npc:	800002a8 stack size: 0
core   0: 0x800002a8 (0x00100293) li      x5, 1
core   0: 3 0x800002a8 (0x00100293) x5  0x00000001
core   0: 0x800002ac (0x5e02c0d7) vmv.v.x v1, x5
core   0: 3 0x800002ac (0x5e02c0d7) c8_vstart 0x00000000 e32 m1 l32 v1  ffffffff 0x00000001 00000001 00000001 00000001 00000001 00000001 00000001 00000001 00000001 00000001 00000001 00000001 00000001 00000001 00000001 00000001 00000001 00000001 00000001 00000001 00000001 00000001 00000001 00000001 00000001 00000001 00000001 00000001 00000001 00000001 00000001 00000001 
core   0: 0x800002b0 (0x00000317) auipc   x6, 0x0
core   0: 3 0x800002b0 (0x00000317) x6  0x800002b0
core   0: 0x800002b4 (0x0383305b) setrpc  x0, x6, 56
core   0: 3 0x800002b4 (0x0383305b) c2060_rpc 0x800002e8 current mask:	ffffffff current npc:	800002a8 stack size: 0
core   0: 0x800002b8 (0x0200825b) vbeq    v0, v1, pc + 36
core   0: 3 0x800002b8 (0x0200825b) c8_vstart 0x00000000 e32 m1 l32 current mask:	ffffffff current npc:	800002dc stack size: 0
core   0: 0x800002dc (0x1c4000ef) jal     pc + 0x1c4
core   0: 3 0x800002dc (0x1c4000ef) x1  0x800002e0
core   0: 0x800004a0 (0x00410113) addi    x2, x2, 4
core   0: 3 0x800004a0 (0x00410113) x2  0x7000003c
core   0: 0x800004a4 (0xfe112e23) sw      x1, -4(x2)
core   0: 3 0x800004a4 (0xfe112e23) mem 0x70000038 0x800002e0
core   0: 0x800004a8 (0xf19ff0ef) jal     pc - 0xe8
core   0: 3 0x800004a8 (0xf19ff0ef) x1  0x800004ac
core   0: 0x800003c0 (0x00410113) addi    x2, x2, 4
core   0: 3 0x800003c0 (0x00410113) x2  0x70000040
core   0: 0x800003c4 (0xfe112e23) sw      x1, -4(x2)
core   0: 3 0x800003c4 (0xfe112e23) mem 0x7000003c 0x800004ac
core   0: 0x800003c8 (0x80302573) csrr    x10, knl
core   0: 3 0x800003c8 (0x80302573) x10 0x901c3000
core   0: 0x800003cc (0x00852283) lw      x5, 8(x10)
core   0: 3 0x800003cc (0x00852283) x5  0x00000002 mem 0x901c3008
core   0: 0x800003d0 (0x80002373) csrr    x6, tid
core   0: 3 0x800003d0 (0x80002373) x6  0x00000000
core   0: 0x800003d4 (0x5208a157) vid.v   v2
core   0: 3 0x800003d4 (0x5208a157) c8_vstart 0x00000000 e32 m1 l32 v2  ffffffff 0x0000001f 0000001e 0000001d 0000001c 0000001b 0000001a 00000019 00000018 00000017 00000016 00000015 00000014 00000013 00000012 00000011 00000010 0000000f 0000000e 0000000d 0000000c 0000000b 0000000a 00000009 00000008 00000007 00000006 00000005 00000004 00000003 00000002 00000001 00000000 
core   0: 0x800003d8 (0x02234057) vadd.vx v0, v2, x6
core   0: 3 0x800003d8 (0x02234057) c8_vstart 0x00000000 e32 m1 l32 v0  ffffffff 0x0000001f 0000001e 0000001d 0000001c 0000001b 0000001a 00000019 00000018 00000017 00000016 00000015 00000014 00000013 00000012 00000011 00000010 0000000f 0000000e 0000000d 0000000c 0000000b 0000000a 00000009 00000008 00000007 00000006 00000005 00000004 00000003 00000002 00000001 00000000 
core   0: 0x800003dc (0x01852e03) lw      x28, 24(x10)
core   0: 3 0x800003dc (0x01852e03) x28 0x0000000e mem 0x901c3018
core   0: 0x800003e0 (0x01c52e83) lw      x29, 28(x10)
core   0: 3 0x800003e0 (0x01c52e83) x29 0x00000001 mem 0x901c301c
core   0: 0x800003e4 (0x03ce8f33) mul     x30, x29, x28
core   0: 3 0x800003e4 (0x03ce8f33) x30 0x0000000e
core   0: 0x800003e8 (0x8a0f6057) vremu.vx v0, v0, x30
core   0: 3 0x800003e8 (0x8a0f6057) c8_vstart 0x00000000 e32 m1 l32 v0  ffffffff 0x00000003 00000002 00000001 00000000 0000000d 0000000c 0000000b 0000000a 00000009 00000008 00000007 00000006 00000005 00000004 00000003 00000002 00000001 00000000 0000000d 0000000c 0000000b 0000000a 00000009 00000008 00000007 00000006 00000005 00000004 00000003 00000002 00000001 00000000 
core   0: 0x800003ec (0x820e6057) vdivu.vx v0, v0, x28
core   0: 3 0x800003ec (0x820e6057) c8_vstart 0x00000000 e32 m1 l32 v0  ffffffff 0x00000000 00000000 00000000 00000000 00000000 00000000 00000000 00000000 00000000 00000000 00000000 00000000 00000000 00000000 00000000 00000000 00000000 00000000 00000000 00000000 00000000 00000000 00000000 00000000 00000000 00000000 00000000 00000000 00000000 00000000 00000000 00000000 
core   0: 0x800003f0 (0x5e0ec0d7) vmv.v.x v1, x29
core   0: 3 0x800003f0 (0x5e0ec0d7) c8_vstart 0x00000000 e32 m1 l32 v1  ffffffff 0x00000001 00000001 00000001 00000001 00000001 00000001 00000001 00000001 00000001 00000001 00000001 00000001 00000001 00000001 00000001 00000001 00000001 00000001 00000001 00000001 00000001 00000001 00000001 00000001 00000001 00000001 00000001 00000001 00000001 00000001 00000001 00000001 
core   0: 0x800003f4 (0x00000317) auipc   x6, 0x0
core   0: 3 0x800003f4 (0x00000317) x6  0x800003f4
core   0: 0x800003f8 (0x0143305b) setrpc  x0, x6, 20
core   0: 3 0x800003f8 (0x0143305b) c2060_rpc 0x80000408 current mask:	ffffffff current npc:	800002dc stack size: 0
core   0: 0x800003fc (0x0000c65b) vblt    v0, v1, pc + 12
core   0: 3 0x800003fc (0x0000c65b) c8_vstart 0x00000000 e32 m1 l32 current mask:	ffffffff current npc:	80000408 stack size: 0
core   0: 0x80000408 (0x0000205b) join    v0, v0, pc + 0
core   0: 3 0x80000408 (0x0000205b) current mask:	ffffffff current npc:	80000408 stack size: 0
core   0: 0x8000040c (0xffc12083) lw      x1, -4(x2)
core   0: 3 0x8000040c (0xffc12083) x1  0x800004ac mem 0x7000003c
core   0: 0x80000410 (0xffc10113) addi    x2, x2, -4
core   0: 3 0x80000410 (0xffc10113) x2  0x7000003c
core   0: 0x80000414 (0x00008067) ret
core   0: 3 0x80000414 (0x00008067)
core   0: 0x800004ac (0x80902373) csrr    x6, gidy
core   0: 3 0x800004ac (0x80902373) x6  0x0000000d
core   0: 0x800004b0 (0x01c52383) lw      x7, 28(x10)
core   0: 3 0x800004b0 (0x01c52383) x7  0x00000001 mem 0x901c301c
core   0: 0x800004b4 (0x02852e83) lw      x29, 40(x10)
core   0: 3 0x800004b4 (0x02852e83) x29 0x00000001 mem 0x901c3028
core   0: 0x800004b8 (0x02730e33) mul     x28, x6, x7
core   0: 3 0x800004b8 (0x02730e33) x28 0x0000000d
core   0: 0x800004bc (0x01de0e33) add     x28, x28, x29
core   0: 3 0x800004bc (0x01de0e33) x28 0x0000000e
core   0: 0x800004c0 (0x020e4057) vadd.vx v0, v0, x28
core   0: 3 0x800004c0 (0x020e4057) c8_vstart 0x00000000 e32 m1 l32 v0  ffffffff 0x0000000e 0000000e 0000000e 0000000e 0000000e 0000000e 0000000e 0000000e 0000000e 0000000e 0000000e 0000000e 0000000e 0000000e 0000000e 0000000e 0000000e 0000000e 0000000e 0000000e 0000000e 0000000e 0000000e 0000000e 0000000e 0000000e 0000000e 0000000e 0000000e 0000000e 0000000e 0000000e 
core   0: 0x800004c4 (0xffc12083) lw      x1, -4(x2)
core   0: 3 0x800004c4 (0xffc12083) x1  0x800002e0 mem 0x70000038
core   0: 0x800004c8 (0xffc10113) addi    x2, x2, -4
core   0: 3 0x800004c8 (0xffc10113) x2  0x70000038
core   0: 0x800004cc (0x00008067) ret
core   0: 3 0x800004cc (0x00008067)
core   0: 0x800002e0 (0x0080006f) j       pc + 0x8
core   0: 3 0x800002e0 (0x0080006f)
core   0: 0x800002e8 (0x0000205b) join    v0, v0, pc + 0
core   0: 3 0x800002e8 (0x0000205b) current mask:	ffffffff current npc:	80000408 stack size: 0
core   0: 0x800002ec (0xffc12083) lw      x1, -4(x2)
core   0: 3 0x800002ec (0xffc12083) x1  0x80000150 mem 0x70000034
core   0: 0x800002f0 (0xffc10113) addi    x2, x2, -4
core   0: 3 0x800002f0 (0xffc10113) x2  0x70000034
core   0: 0x800002f4 (0x00008067) ret
core   0: 3 0x800002f4 (0x00008067)
core   0: 0x80000150 (0xfd012283) lw      x5, -48(x2)
core   0: 3 0x80000150 (0xfd012283) x5  0x00000010 mem 0x70000004
core   0: 0x80000154 (0x5e02c0d7) vmv.v.x v1, x5
core   0: 3 0x80000154 (0x5e02c0d7) c8_vstart 0x00000000 e32 m1 l32 v1  ffffffff 0x00000010 00000010 00000010 00000010 00000010 00000010 00000010 00000010 00000010 00000010 00000010 00000010 00000010 00000010 00000010 00000010 00000010 00000010 00000010 00000010 00000010 00000010 00000010 00000010 00000010 00000010 00000010 00000010 00000010 00000010 00000010 00000010 
core   0: 0x80000158 (0x0400200b) regext  x0, x0,  0 1 0 0 
core   0: 3 0x80000158 (0x0400200b)
core   0: 0x8000015c (0xa612e057) vmadd.vx v0, v1, x5
core   0: 3 0x8000015c (0xa612e057) c8_vstart 0x00000000 e32 m1 l32 v0  ffffffff 0x000000e4 000000e3 000000e2 000000e1 000000ee 000000ed 000000ec 000000eb 000000ea 000000e9 000000e8 000000e7 000000e6 000000e5 000000e4 000000e3 000000e2 000000e1 000000ee 000000ed 000000ec 000000eb 000000ea 000000e9 000000e8 000000e7 000000e6 000000e5 000000e4 000000e3 000000e2 000000e1 
core   0: 0x80000160 (0x0010110b) vsub12.vi v2, v0, 1
core   0: 3 0x80000160 (0x0010110b) c8_vstart 0x00000000 e32 m1 l32 v2  ffffffff 0x000000e3 000000e2 000000e1 000000e0 000000ed 000000ec 000000eb 000000ea 000000e9 000000e8 000000e7 000000e6 000000e5 000000e4 000000e3 000000e2 000000e1 000000e0 000000ed 000000ec 000000eb 000000ea 000000e9 000000e8 000000e7 000000e6 000000e5 000000e4 000000e3 000000e2 000000e1 000000e0 
core   0: 0x80000164 (0x0a2081d7) vsub.vv v3, v2, v1
core   0: 3 0x80000164 (0x0a2081d7) c8_vstart 0x00000000 e32 m1 l32 v3  ffffffff 0x000000d3 000000d2 000000d1 000000d0 000000dd 000000dc 000000db 000000da 000000d9 000000d8 000000d7 000000d6 000000d5 000000d4 000000d3 000000d2 000000d1 000000d0 000000dd 000000dc 000000db 000000da 000000d9 000000d8 000000d7 000000d6 000000d5 000000d4 000000d3 000000d2 000000d1 000000d0 
core   0: 0x80000168 (0x963131d7) vsll.vi v3, v3, 2
core   0: 3 0x80000168 (0x963131d7) c8_vstart 0x00000000 e32 m1 l32 v3  ffffffff 0x0000034c 00000348 00000344 00000340 00000374 00000370 0000036c 00000368 00000364 00000360 0000035c 00000358 00000354 00000350 0000034c 00000348 00000344 00000340 00000374 00000370 0000036c 00000368 00000364 00000360 0000035c 00000358 00000354 00000350 0000034c 00000348 00000344 00000340 
core   0: 0x8000016c (0xfd412283) lw      x5, -44(x2)
core   0: 3 0x8000016c (0xfd412283) x5  0x90000000 mem 0x70000008
core   0: 0x80000170 (0x5e02c257) vmv.v.x v4, x5
core   0: 3 0x80000170 (0x5e02c257) c8_vstart 0x00000000 e32 m1 l32 v4  ffffffff 0x90000000 90000000 90000000 90000000 90000000 90000000 90000000 90000000 90000000 90000000 90000000 90000000 90000000 90000000 90000000 90000000 90000000 90000000 90000000 90000000 90000000 90000000 90000000 90000000 90000000 90000000 90000000 90000000 90000000 90000000 90000000 90000000 
core   0: 0x80000174 (0x0232c1d7) vadd.vx v3, v3, x5
core   0: 3 0x80000174 (0x0232c1d7) c8_vstart 0x00000000 e32 m1 l32 v3  ffffffff 0x9000034c 90000348 90000344 90000340 90000374 90000370 9000036c 90000368 90000364 90000360 9000035c 90000358 90000354 90000350 9000034c 90000348 90000344 90000340 90000374 90000370 9000036c 90000368 90000364 90000360 9000035c 90000358 90000354 90000350 9000034c 90000348 90000344 90000340 
core   0: 0x80000178 (0x0a0082d7) vsub.vv v5, v0, v1
core   0: 3 0x80000178 (0x0a0082d7) c8_vstart 0x00000000 e32 m1 l32 v5  ffffffff 0x000000d4 000000d3 000000d2 000000d1 000000de 000000dd 000000dc 000000db 000000da 000000d9 000000d8 000000d7 000000d6 000000d5 000000d4 000000d3 000000d2 000000d1 000000de 000000dd 000000dc 000000db 000000da 000000d9 000000d8 000000d7 000000d6 000000d5 000000d4 000000d3 000000d2 000000d1 
core   0: 0x8000017c (0x965132d7) vsll.vi v5, v5, 2
core   0: 3 0x8000017c (0x965132d7) c8_vstart 0x00000000 e32 m1 l32 v5  ffffffff 0x00000350 0000034c 00000348 00000344 00000378 00000374 00000370 0000036c 00000368 00000364 00000360 0000035c 00000358 00000354 00000350 0000034c 00000348 00000344 00000378 00000374 00000370 0000036c 00000368 00000364 00000360 0000035c 00000358 00000354 00000350 0000034c 00000348 00000344 
core   0: 0x80000180 (0x024282d7) vadd.vv v5, v4, v5
core   0: 3 0x80000180 (0x024282d7) c8_vstart 0x00000000 e32 m1 l32 v5  ffffffff 0x90000350 9000034c 90000348 90000344 90000378 90000374 90000370 9000036c 90000368 90000364 90000360 9000035c 90000358 90000354 90000350 9000034c 90000348 90000344 90000378 90000374 90000370 9000036c 90000368 90000364 90000360 9000035c 90000358 90000354 90000350 9000034c 90000348 90000344 
core   0: 0x80000184 (0x0002a2fb) vlw12.v v5, v5, 0
core   0: 3 0x80000184 (0x0002a2fb) e32 m1 l32 v5  ffffffff 0x42895150 421347ca 428263a5 42a2bcd1 42af52ba 415019c3 4250f68a 42be476b 41c80544 422831dd 41a38f07 4294ebd8 42aa1a83 423df7a9 42895150 421347ca 428263a5 42a2bcd1 42af52ba 415019c3 4250f68a 42be476b 41c80544 422831dd 41a38f07 4294ebd8 42aa1a83 423df7a9 42895150 421347ca 428263a5 42a2bcd1  c8_vstart 0x00000000 mem 0x90000344 mem 0x90000348 mem 0x9000034c mem 0x90000350 mem 0x90000354 mem 0x90000358 mem 0x9000035c mem 0x90000360 mem 0x90000364 mem 0x90000368 mem 0x9000036c mem 0x90000370 mem 0x90000374 mem 0x90000378 mem 0x90000344 mem 0x90000348 mem 0x9000034c mem 0x90000350 mem 0x90000354 mem 0x90000358 mem 0x9000035c mem 0x90000360 mem 0x90000364 mem 0x90000368 mem 0x9000036c mem 0x90000370 mem 0x90000374 mem 0x90000378 mem 0x90000344 mem 0x90000348 mem 0x9000034c mem 0x90000350
core   0: 0x80000188 (0x0001a1fb) vlw12.v v3, v3, 0
core   0: 3 0x80000188 (0x0001a1fb) e32 m1 l32 v3  ffffffff 0x421347ca 428263a5 42a2bcd1 427de34e 415019c3 4250f68a 42be476b 41c80544 422831dd 41a38f07 4294ebd8 42aa1a83 423df7a9 42895150 421347ca 428263a5 42a2bcd1 427de34e 415019c3 4250f68a 42be476b 41c80544 422831dd 41a38f07 4294ebd8 42aa1a83 423df7a9 42895150 421347ca 428263a5 42a2bcd1 427de34e  c8_vstart 0x00000000 mem 0x90000340 mem 0x90000344 mem 0x90000348 mem 0x9000034c mem 0x90000350 mem 0x90000354 mem 0x90000358 mem 0x9000035c mem 0x90000360 mem 0x90000364 mem 0x90000368 mem 0x9000036c mem 0x90000370 mem 0x90000374 mem 0x90000340 mem 0x90000344 mem 0x90000348 mem 0x9000034c mem 0x90000350 mem 0x90000354 mem 0x90000358 mem 0x9000035c mem 0x90000360 mem 0x90000364 mem 0x90000368 mem 0x9000036c mem 0x90000370 mem 0x90000374 mem 0x90000340 mem 0x90000344 mem 0x90000348 mem 0x9000034c
core   0: 0x8000018c (0xfd812283) lw      x5, -40(x2)
core   0: 3 0x8000018c (0xfd812283) x5  0x3f800000 mem 0x7000000c
core   0: 0x80000190 (0x5e02c357) vmv.v.x v6, x5
core   0: 3 0x80000190 (0x5e02c357) c8_vstart 0x00000000 e32 m1 l32 v6  ffffffff 0x3f800000 3f800000 3f800000 3f800000 3f800000 3f800000 3f800000 3f800000 3f800000 3f800000 3f800000 3f800000 3f800000 3f800000 3f800000 3f800000 3f800000 3f800000 3f800000 3f800000 3f800000 3f800000 3f800000 3f800000 3f800000 3f800000 3f800000 3f800000 3f800000 3f800000 3f800000 3f800000 
core   0: 0x80000194 (0x925312d7) vfmul.vv v5, v5, v6
core   0: 3 0x80000194 (0x925312d7) c8_vstart 0x00000000 e32 m1 l32 v5  ffffffff 0x42895150 421347ca 428263a5 42a2bcd1 42af52ba 415019c3 4250f68a 42be476b 41c80544 422831dd 41a38f07 4294ebd8 42aa1a83 423df7a9 42895150 421347ca 428263a5 42a2bcd1 42af52ba 415019c3 4250f68a 42be476b 41c80544 422831dd 41a38f07 4294ebd8 42aa1a83 423df7a9 42895150 421347ca 428263a5 42a2bcd1 
core   0: 0x80000198 (0x0200b357) vadd.vi v6, v0, 1
core   0: 3 0x80000198 (0x0200b357) c8_vstart 0x00000000 e32 m1 l32 v6  ffffffff 0x000000e5 000000e4 000000e3 000000e2 000000ef 000000ee 000000ed 000000ec 000000eb 000000ea 000000e9 000000e8 000000e7 000000e6 000000e5 000000e4 000000e3 000000e2 000000ef 000000ee 000000ed 000000ec 000000eb 000000ea 000000e9 000000e8 000000e7 000000e6 000000e5 000000e4 000000e3 000000e2 
core   0: 0x8000019c (0x0a6083d7) vsub.vv v7, v6, v1
core   0: 3 0x8000019c (0x0a6083d7) c8_vstart 0x00000000 e32 m1 l32 v7  ffffffff 0x000000d5 000000d4 000000d3 000000d2 000000df 000000de 000000dd 000000dc 000000db 000000da 000000d9 000000d8 000000d7 000000d6 000000d5 000000d4 000000d3 000000d2 000000df 000000de 000000dd 000000dc 000000db 000000da 000000d9 000000d8 000000d7 000000d6 000000d5 000000d4 000000d3 000000d2 
core   0: 0x800001a0 (0x967133d7) vsll.vi v7, v7, 2
core   0: 3 0x800001a0 (0x967133d7) c8_vstart 0x00000000 e32 m1 l32 v7  ffffffff 0x00000354 00000350 0000034c 00000348 0000037c 00000378 00000374 00000370 0000036c 00000368 00000364 00000360 0000035c 00000358 00000354 00000350 0000034c 00000348 0000037c 00000378 00000374 00000370 0000036c 00000368 00000364 00000360 0000035c 00000358 00000354 00000350 0000034c 00000348 
core   0: 0x800001a4 (0x024383d7) vadd.vv v7, v4, v7
core   0: 3 0x800001a4 (0x024383d7) c8_vstart 0x00000000 e32 m1 l32 v7  ffffffff 0x90000354 90000350 9000034c 90000348 9000037c 90000378 90000374 90000370 9000036c 90000368 90000364 90000360 9000035c 90000358 90000354 90000350 9000034c 90000348 9000037c 90000378 90000374 90000370 9000036c 90000368 90000364 90000360 9000035c 90000358 90000354 90000350 9000034c 90000348 
core   0: 0x800001a8 (0x0003a3fb) vlw12.v v7, v7, 0
core   0: 3 0x800001a8 (0x0003a3fb) e32 m1 l32 v7  ffffffff 0x423df7a9 42895150 421347ca 428263a5 42bd74fc 42af52ba 415019c3 4250f68a 42be476b 41c80544 422831dd 41a38f07 4294ebd8 42aa1a83 423df7a9 42895150 421347ca 428263a5 42bd74fc 42af52ba 415019c3 4250f68a 42be476b 41c80544 422831dd 41a38f07 4294ebd8 42aa1a83 423df7a9 42895150 421347ca 428263a5  c8_vstart 0x00000000 mem 0x90000348 mem 0x9000034c mem 0x90000350 mem 0x90000354 mem 0x90000358 mem 0x9000035c mem 0x90000360 mem 0x90000364 mem 0x90000368 mem 0x9000036c mem 0x90000370 mem 0x90000374 mem 0x90000378 mem 0x9000037c mem 0x90000348 mem 0x9000034c mem 0x90000350 mem 0x90000354 mem 0x90000358 mem 0x9000035c mem 0x90000360 mem 0x90000364 mem 0x90000368 mem 0x9000036c mem 0x90000370 mem 0x90000374 mem 0x90000378 mem 0x9000037c mem 0x90000348 mem 0x9000034c mem 0x90000350 mem 0x90000354
core   0: 0x800001ac (0x96213457) vsll.vi v8, v2, 2
core   0: 3 0x800001ac (0x96213457) c8_vstart 0x00000000 e32 m1 l32 v8  ffffffff 0x0000038c 00000388 00000384 00000380 000003b4 000003b0 000003ac 000003a8 000003a4 000003a0 0000039c 00000398 00000394 00000390 0000038c 00000388 00000384 00000380 000003b4 000003b0 000003ac 000003a8 000003a4 000003a0 0000039c 00000398 00000394 00000390 0000038c 00000388 00000384 00000380 
core   0: 0x800001b0 (0x02440457) vadd.vv v8, v4, v8
core   0: 3 0x800001b0 (0x02440457) c8_vstart 0x00000000 e32 m1 l32 v8  ffffffff 0x9000038c 90000388 90000384 90000380 900003b4 900003b0 900003ac 900003a8 900003a4 900003a0 9000039c 90000398 90000394 90000390 9000038c 90000388 90000384 90000380 900003b4 900003b0 900003ac 900003a8 900003a4 900003a0 9000039c 90000398 90000394 90000390 9000038c 90000388 90000384 90000380 
core   0: 0x800001b4 (0x0004247b) vlw12.v v8, v8, 0
core   0: 3 0x800001b4 (0x0004247b) e32 m1 l32 v8  ffffffff 0x400ff837 4279b0e8 41002212 42767d13 42b3fba4 42c1a703 41be0090 42586c92 420a575c 41db5b49 427b56f6 429947ce 4256fdf4 42c0975c 400ff837 4279b0e8 41002212 42767d13 42b3fba4 42c1a703 41be0090 42586c92 420a575c 41db5b49 427b56f6 429947ce 4256fdf4 42c0975c 400ff837 4279b0e8 41002212 42767d13  c8_vstart 0x00000000 mem 0x90000380 mem 0x90000384 mem 0x90000388 mem 0x9000038c mem 0x90000390 mem 0x90000394 mem 0x90000398 mem 0x9000039c mem 0x900003a0 mem 0x900003a4 mem 0x900003a8 mem 0x900003ac mem 0x900003b0 mem 0x900003b4 mem 0x90000380 mem 0x90000384 mem 0x90000388 mem 0x9000038c mem 0x90000390 mem 0x90000394 mem 0x90000398 mem 0x9000039c mem 0x900003a0 mem 0x900003a4 mem 0x900003a8 mem 0x900003ac mem 0x900003b0 mem 0x900003b4 mem 0x90000380 mem 0x90000384 mem 0x90000388 mem 0x9000038c
core   0: 0x800001b8 (0x960134d7) vsll.vi v9, v0, 2
core   0: 3 0x800001b8 (0x960134d7) c8_vstart 0x00000000 e32 m1 l32 v9  ffffffff 0x00000390 0000038c 00000388 00000384 000003b8 000003b4 000003b0 000003ac 000003a8 000003a4 000003a0 0000039c 00000398 00000394 00000390 0000038c 00000388 00000384 000003b8 000003b4 000003b0 000003ac 000003a8 000003a4 000003a0 0000039c 00000398 00000394 00000390 0000038c 00000388 00000384 
core   0: 0x800001bc (0x02448557) vadd.vv v10, v4, v9
core   0: 3 0x800001bc (0x02448557) c8_vstart 0x00000000 e32 m1 l32 v10 ffffffff 0x90000390 9000038c 90000388 90000384 900003b8 900003b4 900003b0 900003ac 900003a8 900003a4 900003a0 9000039c 90000398 90000394 90000390 9000038c 90000388 90000384 900003b8 900003b4 900003b0 900003ac 900003a8 900003a4 900003a0 9000039c 90000398 90000394 90000390 9000038c 90000388 90000384 
core   0: 0x800001c0 (0x0005257b) vlw12.v v10, v10, 0
core   0: 3 0x800001c0 (0x0005257b) e32 m1 l32 v10 ffffffff 0x42c0975c 400ff837 4279b0e8 41002212 413098fc 42b3fba4 42c1a703 41be0090 42586c92 420a575c 41db5b49 427b56f6 429947ce 4256fdf4 42c0975c 400ff837 4279b0e8 41002212 413098fc 42b3fba4 42c1a703 41be0090 42586c92 420a575c 41db5b49 427b56f6 429947ce 4256fdf4 42c0975c 400ff837 4279b0e8 41002212  c8_vstart 0x00000000 mem 0x90000384 mem 0x90000388 mem 0x9000038c mem 0x90000390 mem 0x90000394 mem 0x90000398 mem 0x9000039c mem 0x900003a0 mem 0x900003a4 mem 0x900003a8 mem 0x900003ac mem 0x900003b0 mem 0x900003b4 mem 0x900003b8 mem 0x90000384 mem 0x90000388 mem 0x9000038c mem 0x90000390 mem 0x90000394 mem 0x90000398 mem 0x9000039c mem 0x900003a0 mem 0x900003a4 mem 0x900003a8 mem 0x900003ac mem 0x900003b0 mem 0x900003b4 mem 0x900003b8 mem 0x90000384 mem 0x90000388 mem 0x9000038c mem 0x90000390
core   0: 0x800001c4 (0x966135d7) vsll.vi v11, v6, 2
core   0: 3 0x800001c4 (0x966135d7) c8_vstart 0x00000000 e32 m1 l32 v11 ffffffff 0x00000394 00000390 0000038c 00000388 000003bc 000003b8 000003b4 000003b0 000003ac 000003a8 000003a4 000003a0 0000039c 00000398 00000394 00000390 0000038c 00000388 000003bc 000003b8 000003b4 000003b0 000003ac 000003a8 000003a4 000003a0 0000039c 00000398 00000394 00000390 0000038c 00000388 
core   0: 0x800001c8 (0x024585d7) vadd.vv v11, v4, v11
core   0: 3 0x800001c8 (0x024585d7) c8_vstart 0x00000000 e32 m1 l32 v11 ffffffff 0x90000394 90000390 9000038c 90000388 900003bc 900003b8 900003b4 900003b0 900003ac 900003a8 900003a4 900003a0 9000039c 90000398 90000394 90000390 9000038c 90000388 900003bc 900003b8 900003b4 900003b0 900003ac 900003a8 900003a4 900003a0 9000039c 90000398 90000394 90000390 9000038c 90000388 
core   0: 0x800001cc (0x0005a5fb) vlw12.v v11, v11, 0
core   0: 3 0x800001cc (0x0005a5fb) e32 m1 l32 v11 ffffffff 0x4256fdf4 42c0975c 400ff837 4279b0e8 42713155 413098fc 42b3fba4 42c1a703 41be0090 42586c92 420a575c 41db5b49 427b56f6 429947ce 4256fdf4 42c0975c 400ff837 4279b0e8 42713155 413098fc 42b3fba4 42c1a703 41be0090 42586c92 420a575c 41db5b49 427b56f6 429947ce 4256fdf4 42c0975c 400ff837 4279b0e8  c8_vstart 0x00000000 mem 0x90000388 mem 0x9000038c mem 0x90000390 mem 0x90000394 mem 0x90000398 mem 0x9000039c mem 0x900003a0 mem 0x900003a4 mem 0x900003a8 mem 0x900003ac mem 0x900003b0 mem 0x900003b4 mem 0x900003b8 mem 0x900003bc mem 0x90000388 mem 0x9000038c mem 0x90000390 mem 0x90000394 mem 0x90000398 mem 0x9000039c mem 0x900003a0 mem 0x900003a4 mem 0x900003a8 mem 0x900003ac mem 0x900003b0 mem 0x900003b4 mem 0x900003b8 mem 0x900003bc mem 0x90000388 mem 0x9000038c mem 0x90000390 mem 0x90000394
core   0: 0x800001d0 (0x02208157) vadd.vv v2, v2, v1
core   0: 3 0x800001d0 (0x02208157) c8_vstart 0x00000000 e32 m1 l32 v2  ffffffff 0x000000f3 000000f2 000000f1 000000f0 000000fd 000000fc 000000fb 000000fa 000000f9 000000f8 000000f7 000000f6 000000f5 000000f4 000000f3 000000f2 000000f1 000000f0 000000fd 000000fc 000000fb 000000fa 000000f9 000000f8 000000f7 000000f6 000000f5 000000f4 000000f3 000000f2 000000f1 000000f0 
core   0: 0x800001d4 (0x96213157) vsll.vi v2, v2, 2
core   0: 3 0x800001d4 (0x96213157) c8_vstart 0x00000000 e32 m1 l32 v2  ffffffff 0x000003cc 000003c8 000003c4 000003c0 000003f4 000003f0 000003ec 000003e8 000003e4 000003e0 000003dc 000003d8 000003d4 000003d0 000003cc 000003c8 000003c4 000003c0 000003f4 000003f0 000003ec 000003e8 000003e4 000003e0 000003dc 000003d8 000003d4 000003d0 000003cc 000003c8 000003c4 000003c0 
core   0: 0x800001d8 (0x02410157) vadd.vv v2, v4, v2
core   0: 3 0x800001d8 (0x02410157) c8_vstart 0x00000000 e32 m1 l32 v2  ffffffff 0x900003cc 900003c8 900003c4 900003c0 900003f4 900003f0 900003ec 900003e8 900003e4 900003e0 900003dc 900003d8 900003d4 900003d0 900003cc 900003c8 900003c4 900003c0 900003f4 900003f0 900003ec 900003e8 900003e4 900003e0 900003dc 900003d8 900003d4 900003d0 900003cc 900003c8 900003c4 900003c0 
core   0: 0x800001dc (0x0001217b) vlw12.v v2, v2, 0
core   0: 3 0x800001dc (0x0001217b) e32 m1 l32 v2  ffffffff 0x42201387 42c23c90 429876c5 428eb874 41d7c1ff 4251f44a 4298eb46 421d3b8c 421dedda 41c1c004 4230acb5 4167ace0 42a45713 41bdca64 42201387 42c23c90 429876c5 428eb874 41d7c1ff 4251f44a 4298eb46 421d3b8c 421dedda 41c1c004 4230acb5 4167ace0 42a45713 41bdca64 42201387 42c23c90 429876c5 428eb874  c8_vstart 0x00000000 mem 0x900003c0 mem 0x900003c4 mem 0x900003c8 mem 0x900003cc mem 0x900003d0 mem 0x900003d4 mem 0x900003d8 mem 0x900003dc mem 0x900003e0 mem 0x900003e4 mem 0x900003e8 mem 0x900003ec mem 0x900003f0 mem 0x900003f4 mem 0x900003c0 mem 0x900003c4 mem 0x900003c8 mem 0x900003cc mem 0x900003d0 mem 0x900003d4 mem 0x900003d8 mem 0x900003dc mem 0x900003e0 mem 0x900003e4 mem 0x900003e8 mem 0x900003ec mem 0x900003f0 mem 0x900003f4 mem 0x900003c0 mem 0x900003c4 mem 0x900003c8 mem 0x900003cc
core   0: 0x800001e0 (0x02008057) vadd.vv v0, v0, v1
core   0: 3 0x800001e0 (0x02008057) c8_vstart 0x00000000 e32 m1 l32 v0  ffffffff 0x000000f4 000000f3 000000f2 000000f1 000000fe 000000fd 000000fc 000000fb 000000fa 000000f9 000000f8 000000f7 000000f6 000000f5 000000f4 000000f3 000000f2 000000f1 000000fe 000000fd 000000fc 000000fb 000000fa 000000f9 000000f8 000000f7 000000f6 000000f5 000000f4 000000f3 000000f2 000000f1 
core   0: 0x800001e4 (0x96013057) vsll.vi v0, v0, 2
core   0: 3 0x800001e4 (0x96013057) c8_vstart 0x00000000 e32 m1 l32 v0  ffffffff 0x000003d0 000003cc 000003c8 000003c4 000003f8 000003f4 000003f0 000003ec 000003e8 000003e4 000003e0 000003dc 000003d8 000003d4 000003d0 000003cc 000003c8 000003c4 000003f8 000003f4 000003f0 000003ec 000003e8 000003e4 000003e0 000003dc 000003d8 000003d4 000003d0 000003cc 000003c8 000003c4 
core   0: 0x800001e8 (0x02400057) vadd.vv v0, v4, v0
core   0: 3 0x800001e8 (0x02400057) c8_vstart 0x00000000 e32 m1 l32 v0  ffffffff 0x900003d0 900003cc 900003c8 900003c4 900003f8 900003f4 900003f0 900003ec 900003e8 900003e4 900003e0 900003dc 900003d8 900003d4 900003d0 900003cc 900003c8 900003c4 900003f8 900003f4 900003f0 900003ec 900003e8 900003e4 900003e0 900003dc 900003d8 900003d4 900003d0 900003cc 900003c8 900003c4 
core   0: 0x800001ec (0x0000207b) vlw12.v v0, v0, 0
core   0: 3 0x800001ec (0x0000207b) e32 m1 l32 v0  ffffffff 0x41bdca64 42201387 42c23c90 429876c5 428e6042 41d7c1ff 4251f44a 4298eb46 421d3b8c 421dedda 41c1c004 4230acb5 4167ace0 42a45713 41bdca64 42201387 42c23c90 429876c5 428e6042 41d7c1ff 4251f44a 4298eb46 421d3b8c 421dedda 41c1c004 4230acb5 4167ace0 42a45713 41bdca64 42201387 42c23c90 429876c5  c8_vstart 0x00000000 mem 0x900003c4 mem 0x900003c8 mem 0x900003cc mem 0x900003d0 mem 0x900003d4 mem 0x900003d8 mem 0x900003dc mem 0x900003e0 mem 0x900003e4 mem 0x900003e8 mem 0x900003ec mem 0x900003f0 mem 0x900003f4 mem 0x900003f8 mem 0x900003c4 mem 0x900003c8 mem 0x900003cc mem 0x900003d0 mem 0x900003d4 mem 0x900003d8 mem 0x900003dc mem 0x900003e0 mem 0x900003e4 mem 0x900003e8 mem 0x900003ec mem 0x900003f0 mem 0x900003f4 mem 0x900003f8 mem 0x900003c4 mem 0x900003c8 mem 0x900003cc mem 0x900003d0
core   0: 0x800001f0 (0x026080d7) vadd.vv v1, v6, v1
core   0: 3 0x800001f0 (0x026080d7) c8_vstart 0x00000000 e32 m1 l32 v1  ffffffff 0x000000f5 000000f4 000000f3 000000f2 000000ff 000000fe 000000fd 000000fc 000000fb 000000fa 000000f9 000000f8 000000f7 000000f6 000000f5 000000f4 000000f3 000000f2 000000ff 000000fe 000000fd 000000fc 000000fb 000000fa 000000f9 000000f8 000000f7 000000f6 000000f5 000000f4 000000f3 000000f2 
core   0: 0x800001f4 (0x961130d7) vsll.vi v1, v1, 2
core   0: 3 0x800001f4 (0x961130d7) c8_vstart 0x00000000 e32 m1 l32 v1  ffffffff 0x000003d4 000003d0 000003cc 000003c8 000003fc 000003f8 000003f4 000003f0 000003ec 000003e8 000003e4 000003e0 000003dc 000003d8 000003d4 000003d0 000003cc 000003c8 000003fc 000003f8 000003f4 000003f0 000003ec 000003e8 000003e4 000003e0 000003dc 000003d8 000003d4 000003d0 000003cc 000003c8 
core   0: 0x800001f8 (0x024080d7) vadd.vv v1, v4, v1
core   0: 3 0x800001f8 (0x024080d7) c8_vstart 0x00000000 e32 m1 l32 v1  ffffffff 0x900003d4 900003d0 900003cc 900003c8 900003fc 900003f8 900003f4 900003f0 900003ec 900003e8 900003e4 900003e0 900003dc 900003d8 900003d4 900003d0 900003cc 900003c8 900003fc 900003f8 900003f4 900003f0 900003ec 900003e8 900003e4 900003e0 900003dc 900003d8 900003d4 900003d0 900003cc 900003c8 
core   0: 0x800001fc (0x0000a0fb) vlw12.v v1, v1, 0
core   0: 3 0x800001fc (0x0000a0fb) e32 m1 l32 v1  ffffffff 0x42a45713 41bdca64 42201387 42c23c90 4161c579 428e6042 41d7c1ff 4251f44a 4298eb46 421d3b8c 421dedda 41c1c004 4230acb5 4167ace0 42a45713 41bdca64 42201387 42c23c90 4161c579 428e6042 41d7c1ff 4251f44a 4298eb46 421d3b8c 421dedda 41c1c004 4230acb5 4167ace0 42a45713 41bdca64 42201387 42c23c90  c8_vstart 0x00000000 mem 0x900003c8 mem 0x900003cc mem 0x900003d0 mem 0x900003d4 mem 0x900003d8 mem 0x900003dc mem 0x900003e0 mem 0x900003e4 mem 0x900003e8 mem 0x900003ec mem 0x900003f0 mem 0x900003f4 mem 0x900003f8 mem 0x900003fc mem 0x900003c8 mem 0x900003cc mem 0x900003d0 mem 0x900003d4 mem 0x900003d8 mem 0x900003dc mem 0x900003e0 mem 0x900003e4 mem 0x900003e8 mem 0x900003ec mem 0x900003f0 mem 0x900003f4 mem 0x900003f8 mem 0x900003fc mem 0x900003c8 mem 0x900003cc mem 0x900003d0 mem 0x900003d4
core   0: 0x80000200 (0xfdc12283) lw      x5, -36(x2)
core   0: 3 0x80000200 (0xfdc12283) x5  0x3f800000 mem 0x70000010
core   0: 0x80000204 (0x5e02c257) vmv.v.x v4, x5
core   0: 3 0x80000204 (0x5e02c257) c8_vstart 0x00000000 e32 m1 l32 v4  ffffffff 0x3f800000 3f800000 3f800000 3f800000 3f800000 3f800000 3f800000 3f800000 3f800000 3f800000 3f800000 3f800000 3f800000 3f800000 3f800000 3f800000 3f800000 3f800000 3f800000 3f800000 3f800000 3f800000 3f800000 3f800000 3f800000 3f800000 3f800000 3f800000 3f800000 3f800000 3f800000 3f800000 
core   0: 0x80000208 (0xa25211d7) vfmadd.vv v3, v5, v4
core   0: 3 0x80000208 (0xa25211d7) c8_vstart 0x00000000 c1_fflags 0x00000001 e32 m1 l32 v3  ffffffff 0x42d2f535 42cc078a 4312903b 4310d73c 42c955f2 42827e7d 43136158 42f048bc 42861a40 4279f960 42bdcf9a 431f832e 43048b2c 42e84d24 42d2f535 42cc078a 4312903b 4310d73c 42c955f2 42827e7d 43136158 42f048bc 42861a40 4279f960 42bdcf9a 431f832e 43048b2c 42e84d24 42d2f535 42cc078a 4312903b 4310d73c 
core   0: 0x8000020c (0xfe012283) lw      x5, -32(x2)
core   0: 3 0x8000020c (0xfe012283) x5  0x3f800000 mem 0x70000014
core   0: 0x80000210 (0x5e02c257) vmv.v.x v4, x5
core   0: 3 0x80000210 (0x5e02c257) c8_vstart 0x00000000 e32 m1 l32 v4  ffffffff 0x3f800000 3f800000 3f800000 3f800000 3f800000 3f800000 3f800000 3f800000 3f800000 3f800000 3f800000 3f800000 3f800000 3f800000 3f800000 3f800000 3f800000 3f800000 3f800000 3f800000 3f800000 3f800000 3f800000 3f800000 3f800000 3f800000 3f800000 3f800000 3f800000 3f800000 3f800000 3f800000 
core   0: 0x80000214 (0xa23213d7) vfmadd.vv v7, v3, v4
core   0: 3 0x80000214 (0xa23213d7) c8_vstart 0x00000000 c1_fflags 0x00000001 e32 m1 l32 v7  ffffffff 0x4318f885 432aac6d 4337622e 4352090e 43436577 4318e89c 432062f4 432c6200 432230d6 42aefe01 4308f444 4333f50f 434f0118 434933d4 4318f885 432aac6d 4337622e 4352090e 43436577 4318e89c 432062f4 432c6200 432230d6 42aefe01 4308f444 4333f50f 434f0118 434933d4 4318f885 432aac6d 4337622e 4352090e 
core   0: 0x80000218 (0xfe412283) lw      x5, -28(x2)
core   0: 3 0x80000218 (0xfe412283) x5  0x3f800000 mem 0x70000018
core   0: 0x8000021c (0x5e02c1d7) vmv.v.x v3, x5
core   0: 3 0x8000021c (0x5e02c1d7) c8_vstart 0x00000000 e32 m1 l32 v3  ffffffff 0x3f800000 3f800000 3f800000 3f800000 3f800000 3f800000 3f800000 3f800000 3f800000 3f800000 3f800000 3f800000 3f800000 3f800000 3f800000 3f800000 3f800000 3f800000 3f800000 3f800000 3f800000 3f800000 3f800000 3f800000 3f800000 3f800000 3f800000 3f800000 3f800000 3f800000 3f800000 3f800000 
core   0: 0x80000220 (0xa2719457) vfmadd.vv v8, v7, v3
core   0: 3 0x80000220 (0xa2719457) c8_vstart 0x00000000 c1_fflags 0x00000001 e32 m1 l32 v8  ffffffff 0x431b3866 436918a7 433f644f 4387d429 438eb1a4 4379bc1e 43382306 43627d24 4344c6ad 42e5d4d3 4347ca02 43804c7b 4382604a 4394bfc1 431b3866 436918a7 433f644f 4387d429 438eb1a4 4379bc1e 43382306 43627d24 4344c6ad 42e5d4d3 4347ca02 43804c7b 4382604a 4394bfc1 431b3866 436918a7 433f644f 4387d429 
core   0: 0x80000224 (0xfe812283) lw      x5, -24(x2)
core   0: 3 0x80000224 (0xfe812283) x5  0x3f800000 mem 0x7000001c
core   0: 0x80000228 (0x5e02c1d7) vmv.v.x v3, x5
core   0: 3 0x80000228 (0x5e02c1d7) c8_vstart 0x00000000 e32 m1 l32 v3  ffffffff 0x3f800000 3f800000 3f800000 3f800000 3f800000 3f800000 3f800000 3f800000 3f800000 3f800000 3f800000 3f800000 3f800000 3f800000 3f800000 3f800000 3f800000 3f800000 3f800000 3f800000 3f800000 3f800000 3f800000 3f800000 3f800000 3f800000 3f800000 3f800000 3f800000 3f800000 3f800000 3f800000 
core   0: 0x8000022c (0xa2819557) vfmadd.vv v10, v8, v3
core   0: 3 0x8000022c (0xa2819557) c8_vstart 0x00000000 c1_fflags 0x00000001 e32 m1 l32 v10 ffffffff 0x437b8414 436b5888 437dd089 438bd53a 4394366c 43a9dcf8 438c7b44 437a3d36 437ae1d2 43158040 4363356b 439fb75a 43a8b23e 43af9f80 437b8414 436b5888 437dd089 438bd53a 4394366c 43a9dcf8 438c7b44 437a3d36 437ae1d2 43158040 4363356b 439fb75a 43a8b23e 43af9f80 437b8414 436b5888 437dd089 438bd53a 
core   0: 0x80000230 (0xfec12283) lw      x5, -20(x2)
core   0: 3 0x80000230 (0xfec12283) x5  0x3f800000 mem 0x70000020
core   0: 0x80000234 (0x5e02c1d7) vmv.v.x v3, x5
core   0: 3 0x80000234 (0x5e02c1d7) c8_vstart 0x00000000 e32 m1 l32 v3  ffffffff 0x3f800000 3f800000 3f800000 3f800000 3f800000 3f800000 3f800000 3f800000 3f800000 3f800000 3f800000 3f800000 3f800000 3f800000 3f800000 3f800000 3f800000 3f800000 3f800000 3f800000 3f800000 3f800000 3f800000 3f800000 3f800000 3f800000 3f800000 3f800000 3f800000 3f800000 3f800000 3f800000 
core   0: 0x80000238 (0xa2a195d7) vfmadd.vv v11, v10, v3
core   0: 3 0x80000238 (0xa2a195d7) c8_vstart 0x00000000 c1_fflags 0x00000001 e32 m1 l32 v11 ffffffff 0x4398a1c8 43a5d21b 43800835 43ab0b57 43b25c97 43af61c0 43b97a2d 43ad885c 438950f2 434b9b64 4382e5a1 43ad6d0f 43c81d1d 43d5f174 4398a1c8 43a5d21b 43800835 43ab0b57 43b25c97 43af61c0 43b97a2d 43ad885c 438950f2 434b9b64 4382e5a1 43ad6d0f 43c81d1d 43d5f174 4398a1c8 43a5d21b 43800835 43ab0b57 
core   0: 0x8000023c (0xff012283) lw      x5, -16(x2)
core   0: 3 0x8000023c (0xff012283) x5  0x3f800000 mem 0x70000024
core   0: 0x80000240 (0x5e02c1d7) vmv.v.x v3, x5
core   0: 3 0x80000240 (0x5e02c1d7) c8_vstart 0x00000000 e32 m1 l32 v3  ffffffff 0x3f800000 3f800000 3f800000 3f800000 3f800000 3f800000 3f800000 3f800000 3f800000 3f800000 3f800000 3f800000 3f800000 3f800000 3f800000 3f800000 3f800000 3f800000 3f800000 3f800000 3f800000 3f800000 3f800000 3f800000 3f800000 3f800000 3f800000 3f800000 3f800000 3f800000 3f800000 3f800000 
core   0: 0x80000244 (0xa2b19157) vfmadd.vv v2, v11, v3
core   0: 3 0x80000244 (0xa2b19157) c8_vstart 0x00000000 c1_fflags 0x00000001 e32 m1 l32 v2  ffffffff 0x43aca439 43d6613f 43a625e6 43ceb974 43bfd8b7 43c9a049 43dfb4fe 43c12fce 439d0ead 4363d364 4398fb38 43b4aa76 43f132e2 43e1ce1a 43aca439 43d6613f 43a625e6 43ceb974 43bfd8b7 43c9a049 43dfb4fe 43c12fce 439d0ead 4363d364 4398fb38 43b4aa76 43f132e2 43e1ce1a 43aca439 43d6613f 43a625e6 43ceb974 
core   0: 0x80000248 (0xff412283) lw      x5, -12(x2)
core   0: 3 0x80000248 (0xff412283) x5  0x3f800000 mem 0x70000028
core   0: 0x8000024c (0x5e02c1d7) vmv.v.x v3, x5
core   0: 3 0x8000024c (0x5e02c1d7) c8_vstart 0x00000000 e32 m1 l32 v3  ffffffff 0x3f800000 3f800000 3f800000 3f800000 3f800000 3f800000 3f800000 3f800000 3f800000 3f800000 3f800000 3f800000 3f800000 3f800000 3f800000 3f800000 3f800000 3f800000 3f800000 3f800000 3f800000 3f800000 3f800000 3f800000 3f800000 3f800000 3f800000 3f800000 3f800000 3f800000 3f800000 3f800000 
core   0: 0x80000250 (0xa2219057) vfmadd.vv v0, v2, v3
core   0: 3 0x80000250 (0xa2219057) c8_vstart 0x00000000 c1_fflags 0x00000001 e32 m1 l32 v0  ffffffff 0x43b880df 43ea63b0 43d6b50a 43f4d725 43e370c8 43d71c69 43f9f387 43e76aa0 43b0b61e 4385a76d 43a51738 43cac00d 43f87049 440571ef 43b880df 43ea63b0 43d6b50a 43f4d725 43e370c8 43d71c69 43f9f387 43e76aa0 43b0b61e 4385a76d 43a51738 43cac00d 43f87049 440571ef 43b880df 43ea63b0 43d6b50a 43f4d725 
core   0: 0x80000254 (0xff812283) lw      x5, -8(x2)
core   0: 3 0x80000254 (0xff812283) x5  0x3f800000 mem 0x7000002c
core   0: 0x80000258 (0x5e02c157) vmv.v.x v2, x5
core   0: 3 0x80000258 (0x5e02c157) c8_vstart 0x00000000 e32 m1 l32 v2  ffffffff 0x3f800000 3f800000 3f800000 3f800000 3f800000 3f800000 3f800000 3f800000 3f800000 3f800000 3f800000 3f800000 3f800000 3f800000 3f800000 3f800000 3f800000 3f800000 3f800000 3f800000 3f800000 3f800000 3f800000 3f800000 3f800000 3f800000 3f800000 3f800000 3f800000 3f800000 3f800000 3f800000 
core   0: 0x8000025c (0xa20110d7) vfmadd.vv v1, v0, v2
core   0: 3 0x8000025c (0xa20110d7) c8_vstart 0x00000000 c1_fflags 0x00000001 e32 m1 l32 v1  ffffffff 0x43e196a4 43f64056 43eab77b 4412b324 43ea7ef4 43fab47a 4403b7d3 4400d495 43d6f0f0 43994ede 43b8d4f3 43d6dc0d 440742f0 440910a2 43e196a4 43f64056 43eab77b 4412b324 43ea7ef4 43fab47a 4403b7d3 4400d495 43d6f0f0 43994ede 43b8d4f3 43d6dc0d 440742f0 440910a2 43e196a4 43f64056 43eab77b 4412b324 
core   0: 0x80000260 (0xffc12283) lw      x5, -4(x2)
core   0: 3 0x80000260 (0xffc12283) x5  0x90001000 mem 0x70000030
core   0: 0x80000264 (0x0292c057) vadd.vx v0, v9, x5
core   0: 3 0x80000264 (0x0292c057) c8_vstart 0x00000000 e32 m1 l32 v0  ffffffff 0x90001390 9000138c 90001388 90001384 900013b8 900013b4 900013b0 900013ac 900013a8 900013a4 900013a0 9000139c 90001398 90001394 90001390 9000138c 90001388 90001384 900013b8 900013b4 900013b0 900013ac 900013a8 900013a4 900013a0 9000139c 90001398 90001394 90001390 9000138c 90001388 90001384 
core   0: 0x80000268 (0x0010607b) vsw12.v v1, v0, 0
core   0: 3 0x80000268 (0x0010607b) c8_vstart 0x00000000 e32 m1 l32 mem 0x90001384 0x4412b324 mem 0x90001388 0x43eab77b mem 0x9000138c 0x43f64056 mem 0x90001390 0x43e196a4 mem 0x90001394 0x440910a2 mem 0x90001398 0x440742f0 mem 0x9000139c 0x43d6dc0d mem 0x900013a0 0x43b8d4f3 mem 0x900013a4 0x43994ede mem 0x900013a8 0x43d6f0f0 mem 0x900013ac 0x4400d495 mem 0x900013b0 0x4403b7d3 mem 0x900013b4 0x43fab47a mem 0x900013b8 0x43ea7ef4 mem 0x90001384 0x4412b324 mem 0x90001388 0x43eab77b mem 0x9000138c 0x43f64056 mem 0x90001390 0x43e196a4 mem 0x90001394 0x440910a2 mem 0x90001398 0x440742f0 mem 0x9000139c 0x43d6dc0d mem 0x900013a0 0x43b8d4f3 mem 0x900013a4 0x43994ede mem 0x900013a8 0x43d6f0f0 mem 0x900013ac 0x4400d495 mem 0x900013b0 0x4403b7d3 mem 0x900013b4 0x43fab47a mem 0x900013b8 0x43ea7ef4 mem 0x90001384 0x4412b324 mem 0x90001388 0x43eab77b mem 0x9000138c 0x43f64056 mem 0x90001390 0x43e196a4
core   0: 0x8000026c (0xfcc12083) lw      x1, -52(x2)
core   0: 3 0x8000026c (0xfcc12083) x1  0x800000a0 mem 0x70000000
core   0: 0x80000270 (0x0090200b) regext  x0, x0,  0 0 1 1 
core   0: 3 0x80000270 (0x0090200b)
core   0: 0x80000274 (0x7fc020ab) vlw.v   v1, x0, -4
core   0: 3 0x80000274 (0x7fc020ab) e32 m1 l32 v33 ffffffff 0x00000000 00000000 00000000 00000000 00000000 00000000 00000000 00000000 00000000 00000000 00000000 00000000 00000000 00000000 00000000 00000000 00000000 00000000 00000000 00000000 00000000 00000000 00000000 00000000 00000000 00000000 00000000 00000000 00000000 00000000 00000000 00000000  c8_vstart 0x00000000 mem 0x90003000 mem 0x90003004 mem 0x90003008 mem 0x9000300c mem 0x90003010 mem 0x90003014 mem 0x90003018 mem 0x9000301c mem 0x90003020 mem 0x90003024 mem 0x90003028 mem 0x9000302c mem 0x90003030 mem 0x90003034 mem 0x90003038 mem 0x9000303c mem 0x90003040 mem 0x90003044 mem 0x90003048 mem 0x9000304c mem 0x90003050 mem 0x90003054 mem 0x90003058 mem 0x9000305c mem 0x90003060 mem 0x90003064 mem 0x90003068 mem 0x9000306c mem 0x90003070 mem 0x90003074 mem 0x90003078 mem 0x9000307c
core   0: 0x80000278 (0xfcc10113) addi    x2, x2, -52
core   0: 3 0x80000278 (0xfcc10113) x2  0x70000000
core   0: 0x8000027c (0xffc20213) addi    x4, x4, -4
core   0: 3 0x8000027c (0xffc20213) x4  0x00000000
core   0: 0x80000280 (0x0010200b) regext  x0, x0,  0 0 0 1 
core   0: 3 0x80000280 (0x0010200b)
core   0: 0x80000284 (0x5e024057) vmv.v.x v0, x4
core   0: 3 0x80000284 (0x5e024057) c8_vstart 0x00000000 e32 m1 l32 v32 ffffffff 0x00000000 00000000 00000000 00000000 00000000 00000000 00000000 00000000 00000000 00000000 00000000 00000000 00000000 00000000 00000000 00000000 00000000 00000000 00000000 00000000 00000000 00000000 00000000 00000000 00000000 00000000 00000000 00000000 00000000 00000000 00000000 00000000 
core   0: 0x80000288 (0x00008067) ret
core   0: 3 0x80000288 (0x00008067)
core   0: 0x800000a0 (0x0000400b) endprg  x0, x0, x0
core   0: 3 0x800000a0 (0x0000400b)
core   0: 0x800000a4 (0x0040006f) j       pc + 0x4
core   0: 3 0x800000a4 (0x0040006f)
core   0: 0x800000a8 (0x00100313) li      x6, 1
core   0: 3 0x800000a8 (0x00100313) x6  0x00000001
core   0: 0x800000ac (0x00001297) auipc   x5, 0x1
core   0: 3 0x800000ac (0x00001297) x5  0x800010ac
core   0: 0x800000b0 (0xf5428293) addi    x5, x5, -172
core   0: 3 0x800000b0 (0xf5428293) x5  0x80001000
core   0: 0x800000b4 (0x0062a023) sw      x6, 0(x5)
core   0: 3 0x800000b4 (0x0062a023) mem 0x80001000 0x00000001
